controller,seed,vtype,time_loss
green_wave,42,moto,17.8
green_wave,42,moto,18.78
green_wave,42,moto,20.74
green_wave,42,moto,1.87
green_wave,42,moto,7.4
green_wave,42,moto,16.85
green_wave,42,auto,8.65
green_wave,42,moto,5.81
green_wave,42,moto,5.01
green_wave,42,moto,5.14
green_wave,42,car,3.58
green_wave,42,car,3.83
green_wave,42,moto,9.92
green_wave,42,moto,22.02
green_wave,42,moto,9.38
green_wave,42,moto,5.78
green_wave,42,moto,23.76
green_wave,42,moto,23.3
green_wave,42,moto,18.78
green_wave,42,moto,10.78
green_wave,42,moto,3.97
green_wave,42,moto,17.23
green_wave,42,moto,23.82
green_wave,42,moto,11.65
green_wave,42,auto,15.44
green_wave,42,moto,11.55
green_wave,42,auto,5.8
green_wave,42,auto,20.95
green_wave,42,moto,5.53
green_wave,42,moto,8.32
green_wave,42,auto,15.5
green_wave,42,car,13.2
green_wave,42,moto,13.52
green_wave,42,auto,14.21
green_wave,42,moto,10.36
green_wave,42,moto,2.02
green_wave,42,auto,13.81
green_wave,42,moto,7.97
green_wave,42,auto,19.19
green_wave,42,auto,18.06
green_wave,42,moto,6.23
green_wave,42,moto,8.16
green_wave,42,moto,2.77
green_wave,42,moto,20.81
green_wave,42,moto,15.31
green_wave,42,auto,1.26
green_wave,42,moto,24.25
green_wave,42,auto,6.14
green_wave,42,auto,20.22
green_wave,42,auto,2.08
green_wave,42,car,9.42
green_wave,42,moto,5.48
green_wave,42,moto,6.57
green_wave,42,auto,2.99
green_wave,42,moto,13.34
green_wave,42,moto,2.49
green_wave,42,moto,1.95
green_wave,42,car,3.44
green_wave,42,moto,20.71
green_wave,42,moto,24.97
green_wave,42,moto,26.02
green_wave,42,moto,7.78
green_wave,42,car,22.45
green_wave,42,car,11.49
green_wave,42,moto,18.13
green_wave,42,auto,25.85
green_wave,42,moto,18.29
green_wave,42,moto,18.27
green_wave,42,moto,4.54
green_wave,42,moto,3.45
green_wave,42,moto,17.06
green_wave,42,car,3.73
green_wave,42,auto,16.0
green_wave,42,car,19.26
green_wave,42,moto,20.47
green_wave,42,moto,16.49
green_wave,42,moto,15.28
green_wave,42,auto,1.3
green_wave,42,auto,4.46
green_wave,42,moto,10.69
green_wave,42,moto,11.5
green_wave,42,car,11.91
green_wave,42,moto,10.23
green_wave,42,moto,3.3
green_wave,42,moto,6.05
green_wave,42,auto,10.23
green_wave,42,auto,25.94
green_wave,42,moto,15.21
green_wave,42,car,22.28
green_wave,42,auto,9.46
green_wave,42,moto,9.43
green_wave,42,auto,4.44
green_wave,42,auto,6.81
green_wave,42,auto,6.35
green_wave,42,moto,5.81
green_wave,42,moto,1.88
green_wave,42,moto,16.36
green_wave,42,car,20.79
green_wave,42,car,20.41
green_wave,42,car,15.31
green_wave,42,moto,11.13
green_wave,42,car,14.26
green_wave,42,moto,22.65
green_wave,42,auto,19.46
green_wave,42,auto,17.36
green_wave,42,moto,25.43
green_wave,42,auto,14.6
green_wave,42,car,17.23
green_wave,42,moto,11.32
green_wave,42,auto,15.14
green_wave,42,car,10.17
green_wave,42,moto,15.9
green_wave,42,moto,14.12
green_wave,42,moto,8.07
green_wave,42,auto,18.97
green_wave,42,moto,20.57
green_wave,42,moto,19.33
green_wave,42,moto,8.8
green_wave,42,moto,9.79
green_wave,42,moto,23.03
green_wave,42,moto,16.21
green_wave,42,moto,4.52
green_wave,42,moto,22.59
green_wave,42,moto,2.85
green_wave,42,moto,10.0
green_wave,42,moto,9.09
green_wave,42,moto,28.06
green_wave,42,auto,30.66
green_wave,42,auto,28.75
green_wave,42,auto,24.54
green_wave,42,moto,17.52
green_wave,42,car,26.75
green_wave,42,auto,13.58
green_wave,42,moto,26.07
green_wave,42,auto,19.13
green_wave,42,moto,32.1
green_wave,42,moto,21.33
green_wave,42,moto,22.11
green_wave,42,moto,15.51
green_wave,42,car,14.72
green_wave,42,car,12.13
green_wave,42,moto,2.93
green_wave,42,moto,6.7
green_wave,42,moto,22.66
green_wave,42,car,10.01
green_wave,42,auto,21.79
green_wave,42,car,1.34
green_wave,42,moto,5.5
green_wave,42,moto,6.82
green_wave,42,moto,16.96
green_wave,42,moto,11.45
green_wave,42,moto,6.35
green_wave,42,moto,2.3
green_wave,42,moto,5.94
green_wave,42,car,8.16
green_wave,42,moto,11.83
green_wave,42,auto,25.74
green_wave,42,car,3.48
green_wave,42,car,22.69
green_wave,42,auto,21.87
green_wave,42,moto,14.1
green_wave,42,moto,5.26
green_wave,42,moto,37.11
green_wave,42,car,17.42
green_wave,42,moto,22.54
green_wave,42,auto,11.78
green_wave,42,moto,6.87
green_wave,42,moto,19.47
green_wave,42,moto,4.71
green_wave,42,car,22.87
green_wave,42,auto,1.06
green_wave,42,moto,1.76
green_wave,42,car,17.72
green_wave,42,moto,18.67
green_wave,42,auto,22.84
green_wave,42,moto,24.77
green_wave,42,auto,17.96
green_wave,42,moto,27.19
green_wave,42,moto,16.88
green_wave,42,moto,16.02
green_wave,42,auto,19.74
green_wave,42,moto,18.94
green_wave,42,moto,1.67
green_wave,42,moto,20.33
green_wave,42,auto,5.13
green_wave,42,auto,12.39
green_wave,42,auto,17.37
green_wave,42,moto,17.06
green_wave,42,car,3.16
green_wave,42,moto,19.98
green_wave,42,auto,18.82
green_wave,42,moto,6.23
green_wave,42,moto,20.25
green_wave,42,moto,13.66
green_wave,42,moto,6.0
green_wave,42,car,7.71
green_wave,42,moto,10.76
green_wave,42,moto,6.86
green_wave,42,moto,3.87
green_wave,42,moto,2.1
green_wave,42,auto,13.23
green_wave,42,car,19.95
green_wave,42,moto,2.24
green_wave,42,car,9.18
green_wave,42,car,1.64
green_wave,42,moto,2.56
green_wave,42,moto,2.43
green_wave,42,auto,1.63
green_wave,42,moto,19.78
green_wave,42,moto,12.76
green_wave,42,moto,8.52
green_wave,42,auto,6.44
green_wave,42,moto,24.82
green_wave,42,moto,10.73
green_wave,42,auto,22.32
green_wave,42,moto,5.09
green_wave,42,moto,5.14
green_wave,42,moto,5.53
green_wave,42,moto,5.5
green_wave,42,auto,3.3
green_wave,42,auto,1.15
green_wave,42,auto,13.24
green_wave,42,moto,2.43
green_wave,42,moto,2.01
green_wave,42,moto,2.35
green_wave,42,moto,5.16
green_wave,42,car,1.64
green_wave,42,auto,5.33
green_wave,42,moto,4.03
green_wave,42,moto,12.67
green_wave,42,auto,23.04
green_wave,42,auto,14.24
green_wave,42,moto,24.8
green_wave,42,car,7.25
green_wave,42,auto,5.56
green_wave,42,moto,26.8
green_wave,42,moto,11.66
green_wave,42,moto,13.46
green_wave,42,moto,6.62
green_wave,42,auto,22.81
green_wave,42,car,21.1
green_wave,42,auto,1.18
green_wave,42,car,18.65
green_wave,42,moto,15.88
green_wave,42,moto,5.14
green_wave,42,moto,8.15
green_wave,42,car,3.66
green_wave,42,moto,10.25
green_wave,42,moto,13.36
green_wave,42,moto,4.95
green_wave,42,moto,18.55
green_wave,42,moto,6.16
green_wave,42,moto,24.53
green_wave,42,auto,14.98
green_wave,42,moto,4.57
green_wave,42,moto,21.19
green_wave,42,moto,6.7
green_wave,42,moto,23.45
green_wave,42,moto,20.87
green_wave,42,moto,16.68
green_wave,42,moto,5.23
green_wave,42,moto,6.99
green_wave,42,moto,2.42
green_wave,42,moto,1.73
green_wave,42,moto,4.8
green_wave,42,auto,19.37
green_wave,42,moto,17.33
green_wave,42,auto,4.98
green_wave,42,auto,1.72
green_wave,42,moto,3.57
green_wave,42,car,13.82
green_wave,42,moto,16.15
green_wave,42,moto,17.64
green_wave,42,moto,21.33
green_wave,42,auto,19.34
green_wave,42,moto,20.2
green_wave,42,auto,19.88
green_wave,42,moto,10.72
green_wave,42,car,22.14
green_wave,42,auto,20.59
green_wave,42,moto,13.63
green_wave,42,moto,9.77
green_wave,42,auto,7.66
green_wave,42,moto,5.63
green_wave,42,car,4.9
green_wave,42,moto,6.08
green_wave,42,moto,14.2
green_wave,42,moto,20.24
green_wave,42,moto,1.18
green_wave,42,moto,24.96
green_wave,42,moto,19.1
green_wave,42,moto,4.47
green_wave,42,moto,25.34
green_wave,42,car,11.71
green_wave,42,moto,6.31
green_wave,42,auto,8.39
green_wave,42,moto,18.07
green_wave,42,moto,5.91
green_wave,42,moto,26.65
green_wave,42,moto,9.16
green_wave,42,moto,4.93
green_wave,42,auto,20.33
green_wave,42,moto,13.39
green_wave,42,moto,6.85
green_wave,42,auto,4.81
green_wave,42,moto,2.97
green_wave,42,auto,3.8
green_wave,42,moto,1.99
green_wave,42,moto,23.53
green_wave,42,auto,4.1
green_wave,42,car,13.94
green_wave,42,car,2.13
green_wave,42,auto,18.64
green_wave,42,moto,10.3
green_wave,42,moto,21.55
green_wave,42,moto,22.93
green_wave,42,moto,20.73
green_wave,42,moto,21.23
green_wave,42,car,14.64
green_wave,42,moto,12.07
green_wave,42,moto,6.34
green_wave,42,moto,24.33
green_wave,42,moto,2.03
green_wave,42,auto,17.89
green_wave,42,moto,8.59
green_wave,42,car,21.97
green_wave,42,auto,11.74
green_wave,42,moto,24.97
green_wave,42,moto,2.32
green_wave,42,moto,11.21
green_wave,42,moto,17.65
green_wave,42,moto,5.47
green_wave,42,moto,9.93
green_wave,42,auto,13.81
green_wave,42,moto,7.64
green_wave,42,auto,19.48
green_wave,42,moto,21.35
green_wave,42,auto,22.36
green_wave,42,auto,10.27
green_wave,42,moto,6.34
green_wave,42,moto,2.59
green_wave,42,moto,4.21
green_wave,42,moto,7.91
green_wave,42,moto,17.22
green_wave,42,moto,5.78
green_wave,42,moto,15.28
green_wave,42,moto,24.4
green_wave,42,moto,8.37
green_wave,42,auto,7.43
green_wave,42,moto,24.14
green_wave,42,moto,23.92
green_wave,42,moto,17.33
green_wave,42,auto,11.47
green_wave,42,auto,18.37
green_wave,42,auto,4.69
green_wave,42,moto,24.37
green_wave,42,auto,3.21
green_wave,42,auto,23.58
green_wave,42,auto,4.27
green_wave,42,car,6.37
green_wave,42,auto,18.34
green_wave,42,moto,9.67
green_wave,42,moto,16.4
green_wave,42,auto,6.25
green_wave,42,car,21.85
green_wave,42,moto,14.13
green_wave,42,auto,1.06
green_wave,42,auto,17.73
green_wave,42,auto,16.19
green_wave,42,moto,2.7
green_wave,42,moto,5.3
green_wave,42,car,12.92
green_wave,42,moto,8.34
green_wave,42,moto,13.85
green_wave,42,moto,7.9
green_wave,42,moto,20.18
green_wave,42,moto,16.14
green_wave,42,moto,4.77
green_wave,42,moto,5.79
green_wave,42,car,5.7
green_wave,42,moto,12.97
green_wave,42,auto,6.99
green_wave,42,auto,2.5
green_wave,42,moto,17.13
green_wave,42,moto,5.32
green_wave,42,moto,5.81
green_wave,42,auto,25.05
green_wave,42,moto,5.77
green_wave,42,moto,20.12
green_wave,42,auto,4.15
green_wave,42,moto,21.41
green_wave,42,moto,14.95
green_wave,42,moto,8.01
green_wave,42,car,8.41
green_wave,42,moto,7.01
green_wave,42,auto,7.24
green_wave,42,moto,15.44
green_wave,42,moto,4.3
green_wave,42,car,13.85
green_wave,42,moto,24.25
green_wave,42,moto,18.35
green_wave,42,moto,24.14
green_wave,42,auto,23.93
green_wave,42,auto,22.97
green_wave,42,auto,24.39
green_wave,42,auto,17.19
green_wave,42,moto,21.29
green_wave,42,moto,22.28
green_wave,42,moto,16.68
green_wave,42,moto,24.84
green_wave,42,moto,4.93
green_wave,42,moto,18.68
green_wave,42,car,22.61
green_wave,42,auto,13.85
green_wave,42,moto,5.68
green_wave,42,auto,20.94
green_wave,42,auto,19.04
green_wave,42,moto,22.68
green_wave,42,auto,3.54
green_wave,42,auto,8.97
green_wave,42,auto,11.87
green_wave,42,moto,2.37
green_wave,42,moto,10.61
green_wave,42,moto,18.94
green_wave,42,moto,15.33
green_wave,42,car,23.04
green_wave,42,auto,16.03
green_wave,42,moto,2.82
green_wave,42,moto,24.19
green_wave,42,auto,17.49
green_wave,42,car,21.21
green_wave,42,car,18.03
green_wave,42,moto,6.51
green_wave,42,moto,44.56
green_wave,42,moto,10.22
green_wave,42,auto,6.29
green_wave,42,auto,28.72
green_wave,42,auto,6.46
green_wave,42,moto,4.83
green_wave,42,moto,5.21
green_wave,42,car,10.47
green_wave,42,car,6.39
green_wave,42,moto,4.26
green_wave,42,car,4.9
green_wave,42,moto,9.33
green_wave,42,moto,5.45
green_wave,42,moto,6.93
green_wave,42,moto,15.31
green_wave,42,moto,11.43
green_wave,42,moto,17.52
green_wave,42,moto,6.44
green_wave,42,moto,6.91
green_wave,42,car,11.56
green_wave,42,moto,20.59
green_wave,42,moto,3.53
green_wave,42,car,19.81
green_wave,42,moto,16.16
green_wave,42,moto,17.63
green_wave,42,car,19.08
green_wave,42,moto,19.17
green_wave,42,auto,23.56
green_wave,42,moto,15.72
green_wave,42,moto,13.77
green_wave,42,auto,10.34
green_wave,42,auto,21.72
green_wave,42,car,17.72
green_wave,42,auto,13.88
green_wave,42,moto,10.01
green_wave,42,moto,23.85
green_wave,42,auto,13.45
green_wave,42,auto,18.23
green_wave,42,car,28.41
green_wave,42,auto,9.95
green_wave,42,moto,21.31
green_wave,42,moto,15.52
green_wave,42,auto,5.97
green_wave,42,auto,1.57
green_wave,42,moto,16.09
green_wave,42,moto,2.5
green_wave,42,car,1.72
green_wave,42,auto,19.58
green_wave,42,moto,22.19
green_wave,42,auto,15.32
green_wave,42,car,33.21
green_wave,42,car,21.77
green_wave,42,moto,21.54
green_wave,42,moto,17.39
green_wave,42,moto,11.14
green_wave,42,moto,26.99
green_wave,42,moto,9.13
green_wave,42,car,23.96
green_wave,42,moto,18.56
green_wave,42,moto,18.55
green_wave,42,moto,2.06
green_wave,42,auto,17.85
green_wave,42,moto,13.36
green_wave,42,moto,21.49
green_wave,42,auto,21.23
green_wave,42,moto,16.27
green_wave,42,moto,21.73
green_wave,42,car,11.97
green_wave,42,moto,2.37
green_wave,42,car,30.8
green_wave,42,auto,4.54
green_wave,42,moto,1.53
green_wave,42,moto,12.07
green_wave,42,moto,9.75
green_wave,42,moto,4.9
green_wave,42,moto,18.65
green_wave,42,auto,1.12
green_wave,42,car,21.76
green_wave,42,moto,19.43
green_wave,42,car,38.31
green_wave,42,car,26.91
green_wave,42,moto,17.46
green_wave,42,moto,6.9
green_wave,42,moto,14.47
green_wave,42,car,24.62
green_wave,42,moto,21.81
green_wave,42,auto,3.55
green_wave,42,moto,13.97
green_wave,42,moto,12.41
green_wave,42,moto,3.23
green_wave,42,moto,18.32
green_wave,42,car,28.47
green_wave,42,moto,11.1
green_wave,42,moto,5.06
green_wave,42,moto,37.18
green_wave,42,car,15.71
green_wave,42,auto,33.29
green_wave,42,moto,19.5
green_wave,42,auto,2.38
green_wave,42,moto,25.12
green_wave,42,moto,24.88
green_wave,42,auto,4.75
green_wave,42,moto,3.59
green_wave,42,moto,35.04
green_wave,42,auto,5.43
green_wave,42,auto,17.4
green_wave,42,moto,21.03
green_wave,42,moto,2.26
green_wave,42,moto,18.08
green_wave,42,car,16.61
green_wave,42,moto,22.97
green_wave,42,moto,8.51
green_wave,42,auto,20.16
green_wave,42,moto,26.14
green_wave,42,car,5.9
green_wave,42,moto,17.21
green_wave,42,moto,6.08
green_wave,42,moto,29.46
green_wave,42,moto,24.28
green_wave,42,moto,5.07
green_wave,42,auto,15.98
green_wave,42,auto,6.47
green_wave,42,auto,15.78
green_wave,42,moto,27.93
green_wave,42,car,20.79
green_wave,42,moto,13.48
green_wave,42,moto,19.31
green_wave,42,auto,21.27
green_wave,42,moto,4.63
green_wave,42,moto,4.59
green_wave,42,car,23.54
green_wave,42,car,16.64
green_wave,42,auto,12.04
green_wave,42,moto,9.15
green_wave,42,moto,5.0
green_wave,42,moto,26.67
green_wave,42,moto,23.47
green_wave,42,moto,5.11
green_wave,42,moto,5.77
green_wave,42,auto,15.48
green_wave,42,moto,19.56
green_wave,42,moto,20.29
green_wave,42,auto,12.03
green_wave,42,auto,23.22
green_wave,42,moto,4.55
green_wave,42,auto,3.56
green_wave,42,car,4.41
green_wave,42,car,6.41
green_wave,42,car,18.36
green_wave,42,moto,2.98
green_wave,42,moto,4.26
green_wave,42,moto,7.59
green_wave,42,moto,1.72
green_wave,42,car,21.74
green_wave,42,moto,14.44
green_wave,42,moto,15.97
green_wave,42,moto,11.6
green_wave,42,auto,1.99
green_wave,42,moto,15.57
green_wave,42,car,13.64
green_wave,42,auto,9.16
green_wave,42,moto,17.65
green_wave,42,auto,9.63
green_wave,42,moto,7.46
green_wave,42,moto,15.97
green_wave,42,moto,6.71
green_wave,42,car,10.76
green_wave,42,car,9.78
green_wave,42,auto,4.3
green_wave,42,moto,6.89
green_wave,42,auto,1.53
green_wave,42,auto,3.03
green_wave,42,auto,2.99
green_wave,42,moto,9.82
green_wave,42,auto,10.17
green_wave,42,car,6.19
green_wave,42,auto,20.64
green_wave,42,moto,3.48
green_wave,42,moto,17.88
green_wave,42,moto,19.9
green_wave,42,auto,11.46
green_wave,42,moto,19.81
green_wave,42,car,15.11
green_wave,42,car,7.15
green_wave,42,car,19.8
green_wave,42,moto,6.9
green_wave,42,moto,15.83
green_wave,42,moto,24.36
green_wave,42,moto,21.52
green_wave,42,car,13.16
green_wave,42,moto,26.03
green_wave,42,moto,8.77
green_wave,42,car,8.19
green_wave,42,auto,3.65
green_wave,42,auto,0.98
green_wave,42,auto,12.58
green_wave,42,auto,8.42
green_wave,42,moto,2.93
green_wave,42,auto,1.46
green_wave,42,moto,25.08
green_wave,42,moto,6.84
green_wave,42,car,20.58
green_wave,42,auto,3.13
green_wave,42,auto,12.86
green_wave,42,car,22.84
green_wave,42,auto,9.47
green_wave,42,auto,17.66
green_wave,42,moto,19.89
green_wave,42,moto,4.36
green_wave,42,moto,4.92
green_wave,42,moto,15.73
green_wave,42,car,18.35
green_wave,42,moto,14.67
green_wave,42,auto,10.19
green_wave,42,moto,20.62
green_wave,42,car,16.99
green_wave,42,auto,16.35
green_wave,42,car,22.3
green_wave,42,moto,3.72
green_wave,42,car,11.31
green_wave,42,moto,18.84
green_wave,42,moto,23.02
green_wave,42,moto,21.07
green_wave,42,moto,18.04
green_wave,42,moto,44.2
green_wave,42,moto,22.76
green_wave,42,car,21.1
green_wave,42,car,25.84
green_wave,42,auto,24.86
green_wave,42,moto,8.83
green_wave,42,moto,15.05
green_wave,42,moto,4.07
green_wave,42,moto,15.47
green_wave,42,moto,17.93
green_wave,42,moto,1.98
green_wave,42,moto,16.83
green_wave,42,car,20.29
green_wave,42,auto,14.92
green_wave,42,auto,7.15
green_wave,42,auto,15.54
green_wave,42,car,1.63
green_wave,42,moto,3.79
green_wave,42,moto,24.75
green_wave,42,moto,24.33
green_wave,42,moto,10.81
green_wave,42,moto,17.93
green_wave,42,moto,12.48
green_wave,42,moto,6.27
green_wave,42,moto,19.09
green_wave,42,auto,14.76
green_wave,42,auto,15.69
green_wave,42,moto,12.63
green_wave,42,auto,14.67
green_wave,42,moto,9.85
green_wave,42,moto,10.87
green_wave,42,moto,12.97
green_wave,42,moto,19.66
green_wave,42,car,15.43
green_wave,42,moto,14.31
green_wave,42,auto,9.78
green_wave,42,auto,12.26
green_wave,42,auto,8.31
green_wave,42,moto,9.62
green_wave,42,auto,23.03
green_wave,42,moto,18.34
green_wave,42,moto,15.69
green_wave,42,auto,10.07
green_wave,42,auto,23.24
green_wave,42,car,23.36
green_wave,42,moto,14.25
green_wave,42,moto,9.76
green_wave,42,moto,13.54
green_wave,42,moto,8.31
green_wave,42,auto,4.58
green_wave,42,auto,3.66
green_wave,42,car,3.4
green_wave,42,auto,18.01
green_wave,42,car,17.79
green_wave,42,auto,15.63
green_wave,42,car,6.65
green_wave,42,moto,6.51
green_wave,42,moto,22.54
green_wave,42,moto,2.13
green_wave,42,auto,26.53
green_wave,42,moto,22.89
green_wave,42,car,13.3
green_wave,42,moto,21.15
green_wave,42,moto,22.3
green_wave,42,moto,21.7
green_wave,42,moto,14.19
green_wave,42,moto,5.02
green_wave,42,car,16.11
green_wave,42,moto,20.25
green_wave,42,moto,24.08
green_wave,42,auto,22.01
green_wave,42,moto,23.63
green_wave,42,moto,15.94
green_wave,42,moto,11.4
green_wave,42,moto,16.07
green_wave,42,moto,18.36
green_wave,42,auto,19.02
green_wave,42,auto,3.29
green_wave,42,moto,16.01
green_wave,42,auto,15.23
green_wave,42,auto,14.32
green_wave,42,auto,16.55
green_wave,42,moto,1.5
green_wave,42,auto,1.2
green_wave,42,car,16.55
green_wave,42,car,19.6
green_wave,42,moto,22.65
green_wave,42,moto,19.7
green_wave,42,moto,25.65
green_wave,42,moto,12.68
green_wave,42,auto,11.67
green_wave,42,car,5.23
green_wave,42,car,12.93
green_wave,42,auto,11.55
green_wave,42,car,10.81
green_wave,42,moto,13.33
green_wave,42,auto,8.78
green_wave,42,auto,19.49
green_wave,42,moto,5.03
green_wave,42,auto,18.37
green_wave,42,moto,9.46
green_wave,42,moto,9.52
green_wave,42,moto,9.88
green_wave,42,moto,2.43
green_wave,42,moto,18.79
green_wave,42,auto,13.04
green_wave,42,car,10.26
green_wave,42,moto,7.92
green_wave,42,moto,4.48
green_wave,42,moto,21.72
green_wave,42,moto,23.46
green_wave,42,moto,17.14
green_wave,42,moto,4.68
green_wave,42,moto,23.66
green_wave,42,moto,18.52
green_wave,42,car,16.74
green_wave,42,moto,13.4
green_wave,42,moto,23.48
green_wave,42,moto,19.57
green_wave,42,car,11.12
green_wave,42,moto,18.01
green_wave,42,moto,31.28
green_wave,42,moto,8.82
green_wave,42,auto,28.77
green_wave,42,moto,15.98
green_wave,42,auto,22.82
green_wave,42,moto,13.79
green_wave,42,car,23.38
green_wave,42,car,6.39
green_wave,42,moto,8.53
green_wave,42,moto,5.82
green_wave,42,auto,11.7
green_wave,42,moto,7.16
green_wave,42,moto,5.82
green_wave,42,moto,5.61
green_wave,42,car,8.02
green_wave,42,moto,7.9
green_wave,42,auto,19.02
green_wave,42,moto,20.12
green_wave,42,moto,11.55
green_wave,42,car,22.72
green_wave,42,auto,19.98
green_wave,42,moto,19.41
green_wave,42,moto,11.44
green_wave,42,car,17.37
green_wave,42,auto,23.3
green_wave,42,auto,8.78
green_wave,42,moto,8.64
green_wave,42,car,21.7
green_wave,42,auto,6.1
green_wave,42,car,14.54
green_wave,42,moto,25.39
green_wave,42,car,25.45
green_wave,42,auto,4.88
green_wave,42,auto,20.36
green_wave,42,car,9.43
green_wave,42,moto,9.26
green_wave,42,moto,5.62
green_wave,42,moto,6.22
green_wave,42,car,13.0
green_wave,42,moto,23.52
green_wave,42,moto,12.75
green_wave,42,moto,2.59
green_wave,42,car,1.21
green_wave,42,moto,25.46
green_wave,42,moto,19.43
green_wave,42,moto,24.71
green_wave,42,car,28.28
green_wave,42,auto,22.6
green_wave,42,auto,10.96
green_wave,42,moto,11.91
green_wave,42,auto,26.34
green_wave,42,auto,23.27
green_wave,42,moto,28.1
green_wave,42,auto,10.47
green_wave,42,moto,14.49
green_wave,42,auto,28.02
green_wave,42,moto,21.1
green_wave,42,moto,21.46
green_wave,42,car,13.69
green_wave,42,moto,16.6
green_wave,42,auto,19.61
green_wave,42,car,16.87
green_wave,42,moto,4.87
green_wave,42,moto,8.86
green_wave,42,moto,7.37
green_wave,42,moto,2.24
green_wave,42,moto,6.15
green_wave,42,moto,14.68
green_wave,42,moto,19.35
green_wave,42,moto,17.56
green_wave,42,moto,27.91
green_wave,42,moto,15.42
green_wave,42,moto,7.3
green_wave,42,moto,22.46
green_wave,42,moto,22.09
green_wave,42,auto,18.53
green_wave,42,auto,24.33
green_wave,42,moto,5.0
green_wave,42,auto,26.31
green_wave,42,moto,25.21
green_wave,42,moto,26.41
green_wave,42,auto,19.0
green_wave,42,moto,31.98
green_wave,42,car,16.35
green_wave,42,moto,16.05
green_wave,42,auto,6.12
green_wave,42,auto,30.45
green_wave,42,moto,10.05
green_wave,42,moto,8.25
green_wave,42,auto,13.22
green_wave,42,moto,6.14
green_wave,42,moto,3.94
green_wave,42,moto,12.82
green_wave,42,car,12.69
green_wave,42,auto,5.17
green_wave,42,auto,2.32
green_wave,42,moto,10.36
green_wave,42,car,18.06
green_wave,42,auto,22.11
green_wave,42,car,11.91
green_wave,42,moto,15.31
green_wave,42,moto,16.91
green_wave,42,auto,16.98
green_wave,42,moto,3.84
green_wave,42,moto,19.23
green_wave,42,car,21.63
green_wave,42,moto,10.18
green_wave,42,moto,6.43
green_wave,42,moto,24.09
green_wave,42,moto,15.41
green_wave,42,moto,13.69
green_wave,42,car,12.62
green_wave,42,moto,9.81
green_wave,42,moto,12.96
green_wave,42,moto,11.58
green_wave,42,auto,22.18
green_wave,42,moto,2.13
green_wave,42,moto,13.92
green_wave,42,moto,4.19
green_wave,42,auto,16.07
green_wave,42,car,9.24
green_wave,42,moto,15.33
green_wave,42,moto,6.14
green_wave,42,moto,12.58
green_wave,42,auto,2.52
green_wave,42,auto,4.05
green_wave,42,car,10.78
green_wave,42,moto,21.99
green_wave,42,moto,16.17
green_wave,42,auto,7.69
green_wave,42,auto,1.08
green_wave,42,auto,10.25
green_wave,42,moto,2.7
green_wave,42,moto,2.44
green_wave,42,moto,22.02
green_wave,42,moto,14.5
green_wave,42,moto,15.57
green_wave,42,moto,15.5
green_wave,42,auto,24.84
green_wave,42,moto,22.4
green_wave,42,moto,8.8
green_wave,42,moto,20.16
green_wave,42,moto,6.3
green_wave,42,car,39.26
green_wave,42,moto,19.48
green_wave,42,car,25.29
green_wave,42,moto,25.92
green_wave,42,auto,20.55
green_wave,42,moto,18.67
green_wave,42,auto,24.04
green_wave,42,moto,16.35
green_wave,42,moto,17.71
green_wave,42,moto,24.96
green_wave,42,moto,13.59
green_wave,42,moto,25.29
green_wave,42,moto,21.77
green_wave,42,auto,20.18
green_wave,42,auto,24.98
green_wave,42,auto,19.85
green_wave,42,auto,25.53
green_wave,42,moto,25.81
green_wave,42,auto,18.25
green_wave,42,moto,11.91
green_wave,42,car,24.1
green_wave,42,moto,11.45
green_wave,42,moto,10.27
green_wave,42,moto,11.74
green_wave,42,car,11.04
green_wave,42,car,7.06
green_wave,42,moto,7.15
green_wave,42,moto,7.12
green_wave,42,car,15.19
green_wave,42,moto,14.3
green_wave,42,moto,18.04
green_wave,42,car,13.63
green_wave,42,auto,2.51
green_wave,42,moto,10.65
green_wave,42,auto,14.84
green_wave,42,moto,2.3
green_wave,42,auto,12.21
green_wave,42,car,19.93
green_wave,42,car,20.67
green_wave,42,moto,7.3
green_wave,42,moto,19.72
green_wave,42,moto,13.79
green_wave,42,moto,9.44
green_wave,42,moto,8.78
green_wave,42,moto,23.81
green_wave,42,moto,21.2
green_wave,42,auto,12.81
green_wave,42,moto,12.97
green_wave,42,moto,22.42
green_wave,42,moto,11.04
green_wave,42,auto,11.63
green_wave,42,moto,4.11
green_wave,42,moto,28.56
green_wave,42,moto,8.6
green_wave,42,auto,20.84
green_wave,42,moto,4.57
green_wave,42,car,9.68
green_wave,42,car,10.24
green_wave,42,moto,20.68
green_wave,42,moto,5.57
green_wave,42,moto,4.27
green_wave,42,moto,11.94
green_wave,42,car,15.15
green_wave,42,auto,16.23
green_wave,42,car,4.97
green_wave,42,moto,4.99
green_wave,42,moto,26.41
green_wave,42,moto,14.85
green_wave,42,moto,7.73
green_wave,42,moto,19.88
green_wave,42,auto,28.01
green_wave,42,auto,12.8
green_wave,42,moto,25.23
green_wave,42,auto,2.73
green_wave,42,moto,9.91
green_wave,42,auto,14.53
green_wave,42,moto,6.17
green_wave,42,auto,7.7
green_wave,42,auto,4.78
green_wave,42,auto,19.02
green_wave,42,moto,1.38
green_wave,42,car,1.37
green_wave,42,moto,21.85
green_wave,42,moto,21.73
green_wave,42,moto,16.31
green_wave,42,moto,15.3
green_wave,42,car,10.41
green_wave,42,moto,14.23
green_wave,42,moto,9.45
green_wave,42,moto,22.84
green_wave,42,auto,16.7
green_wave,42,moto,13.09
green_wave,42,moto,16.97
green_wave,42,moto,3.59
green_wave,42,auto,23.38
green_wave,42,car,26.27
green_wave,42,auto,20.61
green_wave,42,moto,15.0
green_wave,42,auto,1.13
green_wave,42,car,18.32
green_wave,42,auto,12.16
green_wave,42,auto,24.43
green_wave,42,auto,17.53
green_wave,42,auto,12.53
green_wave,42,moto,10.81
green_wave,42,moto,5.31
green_wave,42,car,11.1
green_wave,42,moto,6.45
green_wave,42,moto,16.42
green_wave,42,moto,25.75
green_wave,42,auto,7.31
green_wave,42,car,11.84
green_wave,42,moto,11.35
green_wave,42,car,20.99
green_wave,42,moto,12.93
green_wave,42,auto,19.47
green_wave,42,moto,8.65
green_wave,42,auto,28.0
green_wave,42,auto,10.18
green_wave,42,moto,21.1
green_wave,42,moto,16.3
green_wave,42,moto,6.61
green_wave,42,auto,14.18
green_wave,42,moto,12.46
green_wave,42,moto,20.78
green_wave,42,moto,18.92
green_wave,42,car,4.34
green_wave,42,moto,22.6
green_wave,42,auto,34.06
green_wave,42,auto,30.19
green_wave,42,auto,21.2
green_wave,42,auto,4.67
green_wave,42,moto,13.99
green_wave,42,moto,2.45
green_wave,42,auto,17.52
green_wave,42,moto,19.14
green_wave,42,moto,16.16
green_wave,42,moto,17.29
green_wave,42,moto,19.46
green_wave,42,moto,17.21
green_wave,42,moto,21.08
green_wave,42,auto,16.35
green_wave,42,auto,12.98
green_wave,42,moto,15.61
green_wave,42,auto,16.48
green_wave,42,auto,10.81
green_wave,42,auto,22.11
green_wave,42,moto,26.69
green_wave,42,auto,9.49
green_wave,42,moto,14.24
green_wave,42,moto,14.33
green_wave,42,car,8.34
green_wave,42,moto,19.53
green_wave,42,moto,6.95
green_wave,42,car,27.01
green_wave,42,moto,10.27
green_wave,42,moto,15.05
green_wave,42,auto,15.46
green_wave,42,moto,8.17
green_wave,42,auto,14.63
green_wave,42,moto,18.57
green_wave,42,auto,2.17
green_wave,42,moto,4.2
green_wave,42,moto,19.36
green_wave,42,auto,10.26
green_wave,42,car,2.86
green_wave,42,moto,3.07
green_wave,42,moto,22.63
green_wave,42,moto,17.02
green_wave,42,moto,19.33
green_wave,42,moto,10.89
green_wave,42,moto,4.67
green_wave,42,auto,2.89
green_wave,42,auto,21.14
green_wave,42,moto,9.74
green_wave,42,moto,6.83
green_wave,42,auto,8.03
green_wave,42,moto,7.88
green_wave,42,auto,28.31
green_wave,42,auto,26.5
green_wave,42,moto,19.43
green_wave,42,auto,8.93
green_wave,42,auto,7.14
green_wave,42,moto,17.47
green_wave,42,moto,7.16
green_wave,42,auto,5.13
green_wave,42,auto,19.62
green_wave,42,car,9.77
green_wave,42,car,23.35
green_wave,42,moto,8.44
green_wave,42,moto,20.33
green_wave,42,car,13.72
green_wave,42,auto,14.09
green_wave,42,moto,5.09
green_wave,42,auto,2.96
green_wave,42,moto,2.04
green_wave,42,moto,21.09
green_wave,42,moto,9.1
green_wave,42,car,17.76
green_wave,42,moto,16.68
green_wave,42,moto,20.77
green_wave,42,moto,19.11
green_wave,42,moto,8.31
green_wave,42,auto,5.64
green_wave,42,moto,7.45
green_wave,42,moto,25.1
green_wave,42,moto,16.41
green_wave,42,moto,9.54
green_wave,42,car,11.78
green_wave,42,moto,25.02
green_wave,42,moto,25.24
green_wave,42,moto,24.95
green_wave,42,auto,11.17
green_wave,42,moto,9.64
green_wave,42,auto,3.47
green_wave,42,car,17.66
green_wave,42,moto,5.18
green_wave,42,moto,19.34
green_wave,42,moto,13.68
green_wave,42,moto,18.64
green_wave,42,moto,21.17
green_wave,42,moto,18.82
green_wave,42,auto,23.28
green_wave,42,moto,23.64
green_wave,42,moto,18.13
green_wave,42,car,20.54
green_wave,42,moto,22.66
green_wave,42,moto,19.85
green_wave,42,car,11.61
green_wave,42,auto,9.04
green_wave,42,moto,19.15
green_wave,42,auto,15.84
green_wave,42,moto,9.59
green_wave,42,car,27.31
green_wave,42,moto,18.6
green_wave,42,moto,17.06
green_wave,42,moto,22.39
green_wave,42,car,22.05
green_wave,42,auto,22.44
green_wave,42,car,23.28
green_wave,42,moto,14.43
green_wave,42,moto,10.2
green_wave,42,moto,17.57
green_wave,42,moto,7.0
green_wave,42,moto,6.66
green_wave,42,auto,20.7
green_wave,42,moto,14.91
green_wave,42,moto,23.87
green_wave,42,moto,7.36
green_wave,42,auto,4.59
green_wave,42,car,2.16
green_wave,42,moto,3.95
green_wave,42,moto,23.57
green_wave,42,car,16.47
green_wave,42,moto,5.16
green_wave,42,moto,19.73
green_wave,42,auto,14.65
green_wave,42,auto,8.48
green_wave,42,auto,24.89
green_wave,42,moto,21.43
green_wave,42,moto,9.81
green_wave,42,moto,10.19
green_wave,42,moto,5.02
green_wave,42,moto,10.73
green_wave,42,moto,23.59
green_wave,42,moto,6.79
green_wave,42,auto,4.84
green_wave,42,car,10.73
green_wave,42,moto,5.36
green_wave,42,moto,5.73
green_wave,42,auto,1.39
green_wave,42,moto,13.46
green_wave,42,moto,8.23
green_wave,42,car,1.56
green_wave,42,car,1.31
green_wave,42,moto,19.28
green_wave,42,moto,23.63
green_wave,42,car,8.0
green_wave,42,moto,25.12
green_wave,42,car,10.93
green_wave,42,moto,22.88
green_wave,42,moto,24.63
green_wave,42,car,2.25
green_wave,42,moto,2.5
green_wave,42,auto,5.33
green_wave,42,car,17.57
green_wave,42,moto,7.86
green_wave,42,car,23.28
green_wave,42,moto,20.08
green_wave,42,moto,14.67
green_wave,42,car,10.45
green_wave,42,moto,15.49
green_wave,42,auto,10.97
green_wave,42,moto,26.24
green_wave,42,moto,25.55
green_wave,42,moto,3.56
green_wave,42,car,13.67
green_wave,42,car,13.48
green_wave,42,moto,16.53
green_wave,42,moto,12.13
green_wave,42,moto,22.18
green_wave,42,auto,14.44
green_wave,42,auto,11.95
green_wave,42,moto,12.35
green_wave,42,car,21.69
green_wave,42,auto,19.89
green_wave,42,moto,9.87
green_wave,42,moto,5.82
green_wave,42,moto,5.89
green_wave,42,car,4.85
green_wave,42,car,18.8
green_wave,42,car,4.72
green_wave,42,auto,5.21
green_wave,42,auto,7.44
green_wave,42,car,14.55
green_wave,42,car,1.33
green_wave,42,auto,9.31
green_wave,42,auto,16.94
green_wave,42,moto,12.55
green_wave,42,moto,19.48
green_wave,42,moto,19.49
green_wave,42,auto,19.62
green_wave,42,auto,13.5
green_wave,42,car,13.93
green_wave,42,moto,8.89
green_wave,42,moto,6.59
green_wave,42,car,10.01
green_wave,42,moto,24.04
green_wave,42,moto,5.32
green_wave,42,car,13.09
green_wave,42,auto,15.69
green_wave,42,moto,5.96
green_wave,42,moto,2.47
green_wave,42,moto,18.9
green_wave,42,moto,8.78
green_wave,42,auto,21.52
green_wave,42,moto,1.97
green_wave,42,car,1.8
green_wave,42,auto,17.44
green_wave,42,moto,15.71
green_wave,42,moto,7.93
green_wave,42,moto,12.15
green_wave,42,auto,13.8
green_wave,42,moto,14.85
green_wave,42,moto,24.27
green_wave,42,moto,24.4
green_wave,42,auto,22.64
green_wave,42,moto,12.04
green_wave,42,moto,9.54
green_wave,42,moto,8.26
green_wave,42,moto,14.74
green_wave,42,moto,4.69
green_wave,42,moto,13.13
green_wave,42,moto,5.05
green_wave,42,moto,20.33
green_wave,42,moto,3.64
green_wave,42,moto,18.35
green_wave,42,car,13.58
green_wave,42,moto,1.77
green_wave,42,moto,23.31
green_wave,42,moto,4.09
green_wave,42,moto,13.51
green_wave,42,moto,4.41
green_wave,42,auto,1.13
green_wave,42,moto,20.37
green_wave,42,moto,4.04
green_wave,42,moto,16.03
green_wave,42,car,17.61
green_wave,42,car,18.82
green_wave,42,moto,6.92
green_wave,42,car,22.18
green_wave,42,moto,12.04
green_wave,42,auto,22.2
green_wave,42,auto,9.04
green_wave,42,auto,23.24
green_wave,42,auto,2.77
green_wave,42,moto,5.26
green_wave,42,auto,4.3
green_wave,42,car,4.06
green_wave,42,moto,12.52
green_wave,42,moto,9.85
green_wave,42,moto,21.19
green_wave,42,moto,25.05
green_wave,42,moto,15.71
green_wave,42,moto,5.62
green_wave,42,auto,4.78
green_wave,42,moto,24.82
green_wave,42,moto,10.42
green_wave,42,auto,6.85
green_wave,42,moto,16.71
green_wave,42,moto,19.06
green_wave,42,car,9.0
green_wave,42,moto,6.04
green_wave,42,car,23.2
green_wave,42,auto,12.19
green_wave,42,car,16.67
green_wave,42,moto,12.98
green_wave,42,auto,11.59
green_wave,42,moto,7.87
green_wave,42,moto,5.27
green_wave,42,moto,15.99
green_wave,42,car,12.14
green_wave,42,auto,3.89
green_wave,42,moto,14.43
green_wave,42,moto,15.05
green_wave,42,moto,20.76
green_wave,42,moto,7.84
green_wave,42,moto,20.57
green_wave,42,moto,10.63
green_wave,42,car,1.18
green_wave,42,moto,7.63
green_wave,42,moto,13.99
green_wave,42,auto,2.47
green_wave,42,moto,10.2
green_wave,42,auto,8.53
green_wave,42,moto,9.29
green_wave,42,auto,19.24
green_wave,42,moto,24.76
green_wave,42,car,16.7
green_wave,42,auto,19.31
green_wave,42,car,8.02
green_wave,42,auto,9.82
green_wave,42,moto,4.67
green_wave,42,moto,3.74
green_wave,42,moto,2.88
green_wave,42,moto,20.17
green_wave,42,moto,10.42
green_wave,42,moto,8.92
green_wave,42,moto,21.05
green_wave,42,moto,19.81
green_wave,42,moto,2.59
green_wave,42,moto,10.84
green_wave,42,moto,22.83
green_wave,42,car,14.14
green_wave,42,moto,4.19
green_wave,42,auto,23.53
green_wave,42,moto,15.37
green_wave,42,auto,20.81
green_wave,42,moto,13.72
green_wave,42,moto,22.82
green_wave,42,moto,11.27
green_wave,42,moto,23.45
green_wave,42,car,16.29
green_wave,42,moto,11.96
green_wave,42,auto,23.28
green_wave,42,moto,19.51
green_wave,42,moto,17.36
green_wave,42,moto,6.55
green_wave,42,auto,17.3
green_wave,42,auto,7.72
green_wave,42,car,5.37
green_wave,42,moto,19.5
green_wave,42,auto,19.04
green_wave,42,auto,12.46
green_wave,42,moto,2.73
green_wave,42,moto,1.95
green_wave,42,moto,3.16
green_wave,42,moto,20.88
green_wave,42,car,21.82
green_wave,42,car,23.08
green_wave,42,auto,10.26
green_wave,42,moto,25.83
green_wave,42,moto,20.34
green_wave,42,car,12.57
green_wave,42,moto,24.32
green_wave,42,moto,14.57
green_wave,42,moto,17.35
green_wave,42,auto,14.11
green_wave,42,moto,11.13
green_wave,42,auto,6.63
green_wave,42,moto,6.06
green_wave,42,auto,16.44
green_wave,42,moto,18.08
green_wave,42,car,12.94
green_wave,42,car,15.04
green_wave,42,auto,7.56
green_wave,42,moto,10.31
green_wave,42,moto,7.29
green_wave,42,car,1.87
green_wave,42,moto,2.27
green_wave,42,moto,2.03
green_wave,42,moto,2.65
green_wave,42,car,1.2
green_wave,42,moto,2.6
green_wave,42,auto,1.53
green_wave,42,moto,22.56
green_wave,42,moto,22.41
green_wave,42,moto,19.74
green_wave,42,moto,13.58
green_wave,42,moto,12.52
green_wave,42,auto,22.94
green_wave,42,moto,15.74
green_wave,42,moto,24.41
green_wave,42,auto,18.69
green_wave,42,moto,8.35
green_wave,42,moto,22.13
green_wave,42,moto,23.21
green_wave,42,auto,5.05
green_wave,42,car,6.79
green_wave,42,moto,5.98
green_wave,42,moto,5.53
green_wave,42,car,16.13
green_wave,42,auto,22.39
green_wave,42,auto,14.76
green_wave,42,auto,9.94
green_wave,42,moto,5.51
green_wave,42,moto,13.63
green_wave,42,moto,5.53
green_wave,42,moto,8.76
green_wave,42,moto,2.95
green_wave,42,moto,2.62
green_wave,42,moto,20.93
green_wave,42,moto,23.48
green_wave,42,moto,17.59
green_wave,42,moto,16.32
green_wave,42,auto,17.66
green_wave,42,auto,19.86
green_wave,42,moto,8.59
green_wave,42,moto,6.95
green_wave,42,moto,8.07
green_wave,42,moto,16.16
green_wave,42,auto,10.79
green_wave,42,auto,9.05
green_wave,42,moto,15.57
green_wave,42,moto,5.51
green_wave,42,auto,6.51
green_wave,42,moto,24.51
green_wave,42,moto,23.73
green_wave,42,moto,5.3
green_wave,42,car,7.7
green_wave,42,moto,25.97
green_wave,42,moto,6.55
green_wave,42,moto,3.96
green_wave,42,moto,2.46
green_wave,42,auto,1.22
green_wave,42,car,19.39
green_wave,42,moto,8.87
green_wave,42,car,23.61
green_wave,42,moto,14.89
green_wave,42,auto,6.88
green_wave,42,moto,19.07
green_wave,42,moto,15.92
green_wave,42,moto,13.95
green_wave,42,moto,5.52
green_wave,42,moto,7.61
green_wave,42,moto,4.45
green_wave,42,auto,10.54
green_wave,42,auto,6.51
green_wave,42,moto,3.55
green_wave,42,auto,15.91
green_wave,42,moto,14.65
green_wave,42,auto,7.89
green_wave,42,moto,5.64
green_wave,42,moto,4.45
green_wave,42,moto,5.03
green_wave,42,auto,2.37
green_wave,42,auto,1.17
green_wave,42,auto,21.87
green_wave,42,auto,12.27
green_wave,42,moto,8.66
green_wave,42,moto,18.92
green_wave,42,auto,4.91
green_wave,42,auto,16.93
green_wave,42,auto,21.67
green_wave,42,auto,4.47
green_wave,42,moto,3.92
green_wave,42,auto,11.62
green_wave,42,car,1.93
green_wave,42,car,11.53
green_wave,42,auto,6.95
green_wave,42,moto,21.64
green_wave,42,moto,14.23
green_wave,42,moto,18.21
green_wave,42,car,18.42
green_wave,42,auto,21.37
green_wave,42,moto,20.88
green_wave,42,auto,21.43
green_wave,42,car,10.95
green_wave,42,moto,15.54
green_wave,42,auto,19.16
green_wave,42,car,14.72
green_wave,42,moto,13.81
green_wave,42,auto,8.24
green_wave,42,moto,5.42
green_wave,42,auto,22.59
green_wave,42,auto,23.2
green_wave,42,auto,21.15
green_wave,42,moto,6.24
green_wave,42,moto,18.88
green_wave,42,moto,4.42
green_wave,42,car,16.33
green_wave,42,moto,11.48
green_wave,42,moto,9.58
green_wave,42,auto,8.06
green_wave,42,moto,16.44
green_wave,42,moto,22.08
green_wave,42,car,9.56
green_wave,42,car,17.36
green_wave,42,car,18.3
green_wave,42,auto,18.49
green_wave,42,moto,17.82
green_wave,42,moto,13.44
green_wave,42,moto,11.85
green_wave,42,moto,6.53
green_wave,42,moto,2.96
green_wave,42,moto,2.12
green_wave,42,car,13.01
green_wave,42,moto,17.56
green_wave,42,moto,16.02
green_wave,42,moto,7.74
green_wave,42,auto,6.68
green_wave,42,moto,13.95
green_wave,42,car,22.24
green_wave,42,auto,14.04
green_wave,42,moto,19.71
green_wave,42,moto,11.72
green_wave,42,auto,14.46
green_wave,42,moto,4.18
green_wave,42,car,49.25
green_wave,42,car,1.42
green_wave,42,moto,26.0
green_wave,42,moto,23.29
green_wave,42,auto,22.9
green_wave,42,moto,22.23
green_wave,42,moto,14.28
green_wave,42,car,14.57
green_wave,42,moto,19.9
green_wave,42,auto,10.51
green_wave,42,car,43.32
green_wave,42,moto,42.56
green_wave,42,auto,23.86
green_wave,42,auto,25.58
green_wave,42,moto,14.13
green_wave,42,moto,20.43
green_wave,42,moto,23.6
green_wave,42,auto,4.7
green_wave,42,car,16.89
green_wave,42,car,26.9
green_wave,42,auto,16.96
green_wave,42,moto,20.32
green_wave,42,moto,23.0
green_wave,42,car,17.0
green_wave,42,moto,8.21
green_wave,42,car,19.76
green_wave,42,moto,14.17
green_wave,42,auto,4.44
green_wave,42,moto,19.29
green_wave,42,car,3.42
green_wave,42,moto,2.01
green_wave,42,auto,2.03
green_wave,42,moto,34.29
green_wave,42,moto,33.37
green_wave,42,moto,29.15
green_wave,42,moto,19.79
green_wave,42,moto,4.48
green_wave,42,moto,35.87
green_wave,42,moto,14.4
green_wave,42,moto,14.35
green_wave,42,moto,2.89
green_wave,42,moto,28.62
green_wave,42,moto,23.17
green_wave,42,moto,12.62
green_wave,42,auto,2.77
green_wave,42,moto,20.81
green_wave,42,moto,16.07
green_wave,42,moto,4.12
green_wave,42,auto,23.1
green_wave,42,car,25.3
green_wave,42,auto,12.64
green_wave,42,car,35.25
green_wave,42,auto,11.67
green_wave,42,moto,21.53
green_wave,42,auto,15.24
green_wave,42,car,8.31
green_wave,42,auto,20.25
green_wave,42,moto,5.64
green_wave,42,moto,6.63
green_wave,42,moto,19.03
green_wave,42,car,17.7
green_wave,42,moto,18.04
green_wave,42,moto,12.7
green_wave,42,moto,24.08
green_wave,42,moto,10.76
green_wave,42,moto,8.21
green_wave,42,moto,6.2
green_wave,42,car,38.79
green_wave,42,moto,22.92
green_wave,42,moto,23.96
green_wave,42,moto,4.73
green_wave,42,moto,3.93
green_wave,42,car,32.14
green_wave,42,auto,25.16
green_wave,42,car,20.29
green_wave,42,auto,16.99
green_wave,42,moto,4.55
green_wave,42,moto,19.47
green_wave,42,moto,2.67
green_wave,42,moto,19.67
green_wave,42,moto,21.1
green_wave,42,moto,10.04
green_wave,42,car,1.54
green_wave,42,moto,4.14
green_wave,42,car,2.58
green_wave,42,moto,21.66
green_wave,42,moto,21.32
green_wave,42,moto,23.34
green_wave,42,moto,20.62
green_wave,42,moto,14.15
green_wave,42,moto,4.33
green_wave,42,moto,14.36
green_wave,42,auto,22.93
green_wave,42,moto,24.86
green_wave,42,car,19.89
green_wave,42,auto,4.15
green_wave,42,moto,14.08
green_wave,42,auto,15.12
green_wave,42,auto,25.15
green_wave,42,auto,12.8
green_wave,42,moto,10.03
green_wave,42,moto,6.13
green_wave,42,moto,5.88
green_wave,42,moto,5.86
green_wave,42,moto,9.92
green_wave,42,moto,16.14
green_wave,42,moto,4.05
green_wave,42,car,21.08
green_wave,42,auto,11.03
green_wave,42,moto,6.15
green_wave,42,auto,1.35
green_wave,42,moto,11.73
green_wave,42,moto,5.59
green_wave,42,moto,19.61
green_wave,42,auto,8.54
green_wave,42,moto,16.97
green_wave,42,auto,11.42
green_wave,42,moto,8.41
green_wave,42,car,21.48
green_wave,42,auto,1.02
green_wave,42,auto,15.1
green_wave,42,moto,17.65
green_wave,42,auto,17.79
green_wave,42,auto,16.7
green_wave,42,moto,4.45
green_wave,42,auto,8.32
green_wave,42,moto,8.18
green_wave,42,auto,4.3
green_wave,42,moto,24.42
green_wave,42,auto,16.93
green_wave,42,moto,17.84
green_wave,42,moto,19.79
green_wave,42,moto,13.77
green_wave,42,auto,9.51
green_wave,42,moto,14.66
green_wave,42,auto,10.04
green_wave,42,moto,1.7
green_wave,42,moto,23.2
green_wave,42,moto,23.07
green_wave,42,moto,16.53
green_wave,42,moto,22.56
green_wave,42,car,7.92
green_wave,42,auto,17.05
green_wave,42,auto,14.57
green_wave,42,moto,23.34
green_wave,42,moto,15.64
green_wave,42,moto,4.85
green_wave,42,auto,7.44
green_wave,42,moto,11.6
green_wave,42,car,6.17
green_wave,42,auto,12.64
green_wave,42,moto,6.51
green_wave,42,car,5.81
green_wave,42,moto,9.69
green_wave,42,moto,7.62
green_wave,42,moto,16.87
green_wave,42,moto,15.81
green_wave,42,moto,19.1
green_wave,42,auto,1.5
green_wave,42,car,4.37
green_wave,42,moto,16.54
green_wave,42,moto,15.97
green_wave,42,car,7.59
green_wave,42,car,21.97
green_wave,42,moto,12.21
green_wave,42,moto,19.6
green_wave,42,moto,19.35
green_wave,42,auto,17.18
green_wave,42,auto,3.8
green_wave,42,auto,7.47
green_wave,42,auto,2.68
green_wave,42,moto,6.47
green_wave,42,auto,8.06
green_wave,42,moto,6.31
green_wave,42,moto,23.85
green_wave,42,moto,7.95
green_wave,42,moto,22.89
green_wave,42,moto,22.43
green_wave,42,moto,1.48
green_wave,42,moto,14.79
green_wave,42,moto,11.21
green_wave,42,moto,12.22
green_wave,42,auto,2.17
green_wave,42,auto,1.0
green_wave,42,car,4.3
green_wave,42,car,3.29
green_wave,42,moto,17.27
green_wave,42,moto,6.36
green_wave,42,moto,5.89
green_wave,42,moto,15.31
green_wave,42,auto,18.78
green_wave,42,moto,13.44
green_wave,42,car,18.42
green_wave,42,moto,7.28
green_wave,42,moto,9.17
green_wave,42,moto,8.98
green_wave,42,moto,16.33
green_wave,42,moto,16.97
green_wave,42,moto,23.6
green_wave,42,auto,10.32
green_wave,42,moto,25.71
green_wave,42,moto,21.15
green_wave,42,moto,4.27
green_wave,42,moto,3.02
green_wave,42,moto,5.44
green_wave,42,moto,6.81
green_wave,42,auto,7.51
green_wave,42,moto,21.61
green_wave,42,moto,3.05
green_wave,42,moto,3.56
green_wave,42,moto,7.27
green_wave,42,moto,7.77
green_wave,42,moto,20.16
green_wave,42,moto,10.56
green_wave,42,moto,20.33
green_wave,42,auto,23.3
green_wave,42,car,25.74
green_wave,42,auto,18.94
green_wave,42,auto,6.92
green_wave,42,auto,12.58
green_wave,42,car,28.94
green_wave,42,moto,13.63
green_wave,42,moto,6.0
green_wave,42,car,3.46
green_wave,42,auto,24.01
green_wave,42,auto,17.79
green_wave,42,moto,10.63
green_wave,42,moto,19.97
green_wave,42,auto,1.89
green_wave,42,moto,1.53
green_wave,42,auto,12.33
green_wave,42,auto,9.92
green_wave,42,moto,1.78
green_wave,42,car,3.42
green_wave,42,car,16.78
green_wave,42,moto,19.52
green_wave,42,moto,7.89
green_wave,42,moto,26.94
green_wave,42,moto,10.19
green_wave,42,auto,17.75
green_wave,42,auto,4.64
green_wave,42,moto,21.05
green_wave,42,car,14.72
green_wave,42,auto,15.31
green_wave,42,auto,3.15
green_wave,42,moto,5.45
green_wave,42,moto,11.25
green_wave,42,moto,14.48
green_wave,42,car,5.58
green_wave,42,moto,9.08
green_wave,42,moto,11.59
green_wave,42,moto,6.57
green_wave,42,moto,4.95
green_wave,42,moto,4.95
green_wave,42,moto,8.83
green_wave,42,moto,2.29
green_wave,42,moto,5.2
green_wave,42,moto,9.32
green_wave,42,moto,13.88
green_wave,42,auto,11.75
green_wave,42,moto,6.57
green_wave,42,moto,4.52
green_wave,42,moto,8.0
green_wave,42,auto,18.73
green_wave,42,car,7.85
green_wave,42,moto,6.09
green_wave,42,moto,6.83
green_wave,42,moto,24.39
green_wave,42,moto,23.02
green_wave,42,moto,17.68
green_wave,42,auto,15.05
green_wave,42,moto,4.22
green_wave,42,auto,21.2
green_wave,42,auto,7.54
green_wave,42,moto,5.11
green_wave,42,auto,22.22
green_wave,42,moto,19.56
green_wave,42,auto,11.23
green_wave,42,moto,1.95
green_wave,42,auto,5.02
green_wave,42,car,2.92
green_wave,42,car,4.63
green_wave,42,moto,6.44
green_wave,42,moto,12.83
green_wave,42,moto,6.39
green_wave,42,moto,2.91
green_wave,42,car,6.14
green_wave,42,moto,24.8
green_wave,42,auto,20.14
green_wave,42,moto,8.78
green_wave,42,moto,12.18
green_wave,42,moto,5.95
green_wave,42,moto,26.03
green_wave,42,moto,14.59
green_wave,42,moto,26.47
green_wave,42,moto,7.92
green_wave,42,moto,12.59
green_wave,42,moto,2.59
green_wave,42,moto,36.29
green_wave,42,moto,22.47
green_wave,42,auto,2.53
green_wave,42,auto,30.47
green_wave,42,moto,23.18
green_wave,42,moto,6.31
green_wave,42,auto,5.74
green_wave,42,auto,3.29
green_wave,42,moto,8.59
green_wave,42,moto,7.37
green_wave,42,moto,27.33
green_wave,42,car,7.23
green_wave,42,auto,25.6
green_wave,42,car,6.69
green_wave,42,auto,1.62
green_wave,42,auto,1.0
green_wave,42,moto,9.67
green_wave,42,moto,20.52
green_wave,42,moto,4.19
green_wave,42,moto,8.91
green_wave,42,moto,22.48
green_wave,42,car,25.28
green_wave,42,moto,20.21
green_wave,42,car,18.11
green_wave,42,car,3.68
green_wave,42,moto,17.96
green_wave,42,auto,12.24
green_wave,42,moto,21.87
green_wave,42,moto,6.42
green_wave,42,car,30.07
green_wave,42,moto,10.32
green_wave,42,auto,9.6
green_wave,42,car,7.23
green_wave,42,car,22.44
green_wave,42,auto,8.77
green_wave,42,auto,20.29
green_wave,42,auto,11.17
green_wave,42,moto,6.89
green_wave,42,moto,11.93
green_wave,42,moto,6.13
green_wave,42,moto,11.48
green_wave,42,moto,10.3
green_wave,42,moto,10.53
green_wave,42,moto,26.52
green_wave,42,moto,25.27
green_wave,42,moto,1.67
green_wave,42,moto,22.51
green_wave,42,moto,17.16
green_wave,42,moto,10.02
green_wave,42,moto,33.36
green_wave,42,car,23.62
green_wave,42,moto,20.22
green_wave,42,moto,12.98
green_wave,42,moto,7.42
green_wave,42,moto,5.44
green_wave,42,auto,14.68
green_wave,42,moto,3.55
green_wave,42,moto,18.06
green_wave,42,moto,3.03
green_wave,42,auto,11.36
green_wave,42,moto,20.11
green_wave,42,auto,1.17
green_wave,42,moto,25.12
green_wave,42,auto,1.5
green_wave,42,moto,19.19
green_wave,42,moto,3.02
green_wave,42,auto,22.31
green_wave,42,auto,18.12
green_wave,42,moto,9.42
green_wave,42,auto,1.92
green_wave,42,auto,23.54
green_wave,42,car,16.48
green_wave,42,moto,24.38
green_wave,42,moto,16.45
green_wave,42,auto,20.67
green_wave,42,moto,9.54
green_wave,42,car,23.04
green_wave,42,car,36.34
green_wave,42,moto,13.51
green_wave,42,car,16.76
green_wave,42,moto,7.11
green_wave,42,moto,16.65
green_wave,42,auto,12.21
green_wave,42,car,0.98
green_wave,42,auto,4.44
green_wave,42,moto,15.58
green_wave,42,auto,12.69
green_wave,42,moto,20.92
green_wave,42,moto,14.25
green_wave,42,auto,15.19
green_wave,42,auto,11.98
green_wave,42,car,4.43
green_wave,42,car,14.45
green_wave,42,moto,13.77
green_wave,42,moto,11.77
green_wave,42,auto,19.41
green_wave,42,auto,19.8
green_wave,42,moto,13.05
green_wave,42,car,11.43
green_wave,42,auto,5.54
green_wave,42,auto,17.48
green_wave,42,moto,12.97
green_wave,42,moto,10.67
green_wave,42,moto,15.74
green_wave,42,car,10.55
green_wave,42,auto,6.07
green_wave,42,auto,5.17
green_wave,42,moto,8.79
green_wave,42,moto,7.14
green_wave,42,moto,11.31
green_wave,42,moto,5.92
green_wave,42,car,8.68
green_wave,42,moto,6.47
green_wave,42,car,1.26
green_wave,42,moto,2.95
green_wave,42,moto,4.08
green_wave,42,car,19.97
green_wave,42,auto,1.57
green_wave,42,car,1.73
green_wave,42,moto,2.03
green_wave,42,moto,14.4
green_wave,42,car,21.17
green_wave,42,moto,9.89
green_wave,42,moto,23.78
green_wave,42,car,13.05
green_wave,42,moto,9.2
green_wave,42,auto,11.93
green_wave,42,moto,17.15
green_wave,42,moto,10.25
green_wave,42,auto,19.99
green_wave,42,auto,17.58
green_wave,42,auto,14.64
green_wave,42,car,23.44
green_wave,42,moto,9.19
green_wave,42,auto,7.87
green_wave,42,auto,6.02
green_wave,42,moto,5.21
green_wave,42,car,22.05
green_wave,42,car,18.91
green_wave,42,moto,2.79
green_wave,42,auto,4.14
green_wave,42,moto,2.76
green_wave,42,moto,21.52
green_wave,42,moto,21.79
green_wave,42,moto,8.2
green_wave,42,auto,24.87
green_wave,42,auto,17.49
green_wave,42,auto,18.93
green_wave,42,car,15.74
green_wave,42,auto,23.01
green_wave,42,auto,21.01
green_wave,42,auto,10.75
green_wave,42,auto,7.06
green_wave,42,auto,12.4
green_wave,42,car,3.37
green_wave,42,moto,3.02
green_wave,42,moto,22.46
green_wave,42,moto,25.47
green_wave,42,moto,6.57
green_wave,42,moto,10.12
green_wave,42,moto,3.24
green_wave,42,moto,22.25
green_wave,42,moto,14.94
green_wave,42,auto,2.08
green_wave,42,auto,13.62
green_wave,42,moto,17.34
green_wave,42,moto,7.79
green_wave,42,moto,24.46
green_wave,42,auto,22.96
green_wave,42,moto,11.54
green_wave,42,car,5.4
green_wave,42,moto,11.72
green_wave,42,moto,22.24
green_wave,42,auto,16.0
green_wave,42,auto,23.09
green_wave,42,moto,8.32
green_wave,42,moto,25.76
green_wave,42,moto,12.58
green_wave,42,auto,9.37
green_wave,42,moto,8.59
green_wave,42,auto,13.56
green_wave,42,car,7.64
green_wave,42,moto,6.38
green_wave,42,auto,6.63
green_wave,42,moto,7.68
green_wave,42,auto,6.25
green_wave,42,car,5.37
green_wave,42,moto,9.99
green_wave,42,auto,3.4
green_wave,42,moto,16.58
green_wave,42,car,14.93
green_wave,42,moto,8.08
green_wave,42,moto,7.21
green_wave,42,moto,16.32
green_wave,42,moto,12.54
green_wave,42,auto,11.49
green_wave,42,moto,2.26
green_wave,42,car,21.81
green_wave,42,moto,15.21
green_wave,42,moto,10.46
green_wave,42,auto,16.31
green_wave,42,moto,16.03
green_wave,42,auto,16.44
green_wave,42,moto,6.0
green_wave,42,auto,15.63
green_wave,42,moto,14.22
green_wave,42,moto,4.97
green_wave,42,car,8.7
green_wave,42,car,17.89
green_wave,42,car,27.32
green_wave,42,moto,9.79
green_wave,42,moto,6.8
green_wave,42,auto,16.15
green_wave,42,moto,13.27
green_wave,42,moto,13.98
green_wave,42,moto,12.24
green_wave,42,moto,2.63
green_wave,42,moto,17.12
green_wave,42,moto,13.72
green_wave,42,moto,3.3
green_wave,42,car,4.44
green_wave,42,moto,3.48
green_wave,42,auto,2.82
green_wave,42,car,2.45
green_wave,42,auto,4.94
green_wave,42,moto,24.15
green_wave,42,moto,9.67
green_wave,42,car,22.65
green_wave,42,car,23.96
green_wave,42,auto,23.13
green_wave,42,moto,14.55
green_wave,42,moto,23.38
green_wave,42,moto,19.28
green_wave,42,auto,17.01
green_wave,42,moto,3.73
green_wave,42,car,23.02
green_wave,42,car,20.66
green_wave,42,car,18.73
green_wave,42,moto,11.8
green_wave,42,auto,14.06
green_wave,42,auto,20.59
green_wave,42,auto,11.6
green_wave,42,auto,9.82
green_wave,42,moto,13.93
green_wave,42,moto,10.58
green_wave,42,auto,14.47
green_wave,42,moto,1.63
green_wave,42,moto,20.26
green_wave,42,moto,15.42
green_wave,42,moto,24.48
green_wave,42,moto,11.21
green_wave,42,auto,20.02
green_wave,42,auto,15.44
green_wave,42,auto,13.89
green_wave,42,moto,24.38
green_wave,42,moto,13.83
green_wave,42,moto,11.64
green_wave,42,car,5.39
green_wave,42,moto,13.19
green_wave,42,moto,9.05
green_wave,42,moto,6.15
green_wave,42,moto,23.76
green_wave,42,moto,6.31
green_wave,42,moto,22.27
green_wave,42,car,41.38
green_wave,42,car,22.41
green_wave,42,moto,21.22
green_wave,42,moto,14.35
green_wave,42,moto,36.44
green_wave,42,auto,9.44
green_wave,42,moto,24.73
green_wave,42,moto,28.26
green_wave,42,auto,39.6
green_wave,42,auto,21.83
green_wave,42,auto,6.51
green_wave,42,auto,8.67
green_wave,42,moto,7.37
green_wave,42,auto,5.0
green_wave,42,moto,5.12
green_wave,42,car,11.23
green_wave,42,moto,20.87
green_wave,42,car,4.18
green_wave,42,moto,3.98
green_wave,42,moto,16.81
green_wave,42,moto,24.76
green_wave,42,moto,2.95
green_wave,42,auto,22.2
green_wave,42,moto,5.38
green_wave,42,car,25.54
green_wave,42,moto,14.46
green_wave,42,auto,16.83
green_wave,42,moto,20.87
green_wave,42,moto,24.32
green_wave,42,moto,26.26
green_wave,42,auto,25.2
green_wave,42,moto,18.29
green_wave,42,moto,22.68
green_wave,42,moto,21.1
green_wave,42,moto,1.72
green_wave,42,moto,17.87
green_wave,42,car,20.04
green_wave,42,moto,11.07
green_wave,42,moto,9.09
green_wave,42,moto,2.46
green_wave,42,moto,4.84
green_wave,42,moto,2.98
green_wave,42,moto,2.14
green_wave,42,auto,1.29
green_wave,42,moto,22.51
green_wave,42,car,20.11
green_wave,42,moto,21.11
green_wave,42,auto,25.78
green_wave,42,auto,23.84
green_wave,42,auto,24.17
green_wave,42,auto,10.29
green_wave,42,moto,8.1
green_wave,42,moto,5.87
green_wave,42,car,17.52
green_wave,42,moto,23.99
green_wave,42,auto,21.0
green_wave,42,auto,7.63
green_wave,42,moto,5.74
green_wave,42,moto,6.37
green_wave,42,car,3.14
green_wave,42,car,11.71
green_wave,42,moto,13.8
green_wave,42,moto,19.39
green_wave,42,car,20.2
green_wave,42,moto,10.62
green_wave,42,auto,13.33
green_wave,42,moto,13.91
green_wave,42,moto,22.16
green_wave,42,moto,22.23
green_wave,42,moto,14.83
green_wave,42,moto,3.97
green_wave,42,moto,2.16
green_wave,42,moto,4.36
green_wave,42,moto,21.97
green_wave,42,auto,22.46
green_wave,42,auto,12.31
green_wave,42,moto,10.77
green_wave,42,moto,18.1
green_wave,42,auto,16.99
green_wave,42,car,2.05
green_wave,42,moto,19.37
green_wave,42,moto,10.85
green_wave,42,auto,5.84
green_wave,42,auto,20.27
green_wave,42,auto,2.52
green_wave,42,auto,1.91
green_wave,42,moto,17.85
green_wave,42,moto,11.28
green_wave,42,moto,23.19
green_wave,42,auto,23.64
green_wave,42,moto,24.39
green_wave,42,moto,3.49
green_wave,42,car,6.24
green_wave,42,moto,4.81
green_wave,42,auto,3.17
green_wave,42,moto,4.05
green_wave,42,moto,11.83
green_wave,42,auto,22.4
green_wave,42,auto,14.78
green_wave,42,moto,15.23
green_wave,42,moto,32.97
green_wave,42,auto,23.65
green_wave,42,auto,20.75
green_wave,42,moto,16.63
green_wave,42,moto,2.51
green_wave,42,moto,7.17
green_wave,42,auto,2.77
green_wave,42,moto,3.42
green_wave,42,moto,7.12
green_wave,42,moto,14.66
green_wave,42,moto,2.79
green_wave,42,auto,18.54
green_wave,42,car,21.83
green_wave,42,auto,15.01
green_wave,42,moto,19.93
green_wave,42,moto,15.7
green_wave,42,moto,15.97
green_wave,42,moto,17.59
green_wave,42,moto,3.02
green_wave,42,car,1.32
green_wave,42,moto,4.4
green_wave,42,moto,24.36
green_wave,42,car,22.58
green_wave,42,auto,16.92
green_wave,42,moto,30.61
green_wave,42,moto,35.22
green_wave,42,car,21.61
green_wave,42,moto,23.64
green_wave,42,car,33.45
green_wave,42,moto,28.44
green_wave,42,moto,8.42
green_wave,42,moto,5.76
green_wave,42,moto,21.57
green_wave,42,moto,26.03
green_wave,42,auto,28.89
green_wave,42,moto,27.53
green_wave,42,moto,23.34
green_wave,42,moto,19.33
green_wave,42,auto,14.59
green_wave,42,car,16.21
green_wave,42,car,7.87
green_wave,42,auto,6.86
green_wave,42,moto,7.07
green_wave,42,auto,3.66
green_wave,42,moto,18.0
green_wave,42,car,11.41
green_wave,42,moto,10.22
green_wave,42,auto,17.5
green_wave,42,moto,20.68
green_wave,42,car,17.53
green_wave,42,moto,16.02
green_wave,42,moto,24.16
green_wave,42,auto,9.32
green_wave,42,moto,21.51
green_wave,42,moto,25.13
green_wave,42,moto,1.95
green_wave,42,moto,18.85
green_wave,42,moto,17.16
green_wave,42,auto,3.51
green_wave,42,moto,6.15
green_wave,42,moto,3.9
green_wave,42,moto,8.09
green_wave,42,moto,7.05
green_wave,42,auto,1.15
green_wave,42,auto,12.47
green_wave,42,car,21.47
green_wave,42,auto,15.86
green_wave,42,auto,5.59
green_wave,42,moto,19.77
green_wave,42,auto,15.05
green_wave,42,auto,14.51
green_wave,42,auto,1.44
green_wave,42,car,1.97
green_wave,42,moto,22.21
green_wave,42,moto,11.6
green_wave,42,moto,19.22
green_wave,42,moto,17.66
green_wave,42,moto,5.55
green_wave,42,moto,19.38
green_wave,42,car,19.73
green_wave,42,moto,8.71
green_wave,42,moto,23.58
green_wave,42,auto,22.38
green_wave,42,moto,5.71
green_wave,42,moto,4.45
green_wave,42,moto,4.41
green_wave,42,auto,3.73
green_wave,42,moto,4.71
green_wave,42,moto,4.12
green_wave,42,auto,10.27
green_wave,42,auto,25.12
green_wave,42,moto,19.09
green_wave,42,moto,5.21
green_wave,42,moto,9.67
green_wave,42,moto,6.38
green_wave,42,auto,6.92
green_wave,42,moto,5.84
green_wave,42,auto,11.65
green_wave,42,moto,6.02
green_wave,42,moto,6.22
green_wave,42,auto,18.41
green_wave,42,auto,1.1
green_wave,42,moto,17.51
green_wave,42,moto,19.4
green_wave,42,moto,16.85
green_wave,42,moto,12.1
green_wave,42,auto,22.57
green_wave,42,moto,17.02
green_wave,42,auto,14.65
green_wave,42,auto,12.05
green_wave,42,car,9.17
green_wave,42,car,14.47
green_wave,42,moto,8.88
green_wave,42,moto,14.97
green_wave,42,auto,11.4
green_wave,42,moto,11.39
green_wave,42,auto,23.35
green_wave,42,car,22.22
green_wave,42,moto,17.59
green_wave,42,auto,11.39
green_wave,42,moto,23.75
green_wave,42,auto,8.82
green_wave,42,moto,21.86
green_wave,42,auto,1.07
green_wave,42,moto,11.5
green_wave,42,moto,7.31
green_wave,42,moto,21.43
green_wave,42,auto,14.9
green_wave,42,moto,13.91
green_wave,42,moto,26.29
green_wave,42,car,11.4
green_wave,42,moto,28.55
green_wave,42,moto,19.87
green_wave,42,auto,20.26
green_wave,42,auto,15.63
green_wave,42,moto,4.56
green_wave,42,auto,10.13
green_wave,42,moto,4.55
green_wave,42,moto,13.54
green_wave,42,car,12.91
green_wave,42,moto,5.18
green_wave,42,moto,15.92
green_wave,42,auto,5.21
green_wave,42,moto,11.82
green_wave,42,moto,2.11
green_wave,42,auto,8.34
green_wave,42,moto,20.83
green_wave,42,moto,12.99
green_wave,42,car,7.97
green_wave,42,moto,23.84
green_wave,42,moto,12.26
green_wave,42,car,4.24
green_wave,42,auto,20.43
green_wave,42,moto,4.78
green_wave,42,moto,24.66
green_wave,42,moto,6.77
green_wave,42,moto,4.49
green_wave,42,moto,19.38
green_wave,42,auto,5.72
green_wave,42,car,5.0
green_wave,42,moto,6.16
green_wave,42,moto,8.98
green_wave,42,moto,6.73
green_wave,42,auto,4.83
green_wave,42,moto,10.7
green_wave,42,moto,2.97
green_wave,42,moto,2.83
green_wave,42,auto,1.05
green_wave,42,moto,3.57
green_wave,42,car,20.28
green_wave,42,moto,22.59
green_wave,42,moto,17.43
green_wave,42,moto,7.59
green_wave,42,moto,22.4
green_wave,42,moto,18.68
green_wave,42,auto,13.02
green_wave,42,moto,16.74
green_wave,42,moto,12.04
green_wave,42,auto,11.7
green_wave,42,auto,19.18
green_wave,42,moto,11.15
green_wave,42,moto,20.87
green_wave,42,moto,13.1
green_wave,42,moto,24.04
green_wave,42,moto,13.37
green_wave,42,auto,13.97
green_wave,42,auto,4.89
green_wave,42,auto,6.05
green_wave,42,moto,5.73
green_wave,42,moto,11.57
green_wave,42,auto,9.34
green_wave,42,moto,1.18
green_wave,42,car,3.34
green_wave,42,moto,19.03
green_wave,42,moto,8.26
green_wave,42,auto,6.88
green_wave,42,car,10.02
green_wave,42,auto,2.0
green_wave,42,moto,6.14
green_wave,42,moto,25.38
green_wave,42,moto,14.87
green_wave,42,auto,10.6
green_wave,42,moto,8.64
green_wave,42,auto,1.17
green_wave,42,car,13.95
green_wave,42,moto,4.95
green_wave,42,moto,8.02
green_wave,42,car,22.32
green_wave,42,moto,2.58
green_wave,42,moto,23.5
green_wave,42,car,15.85
green_wave,42,moto,19.78
green_wave,42,moto,20.82
green_wave,42,moto,15.5
green_wave,42,moto,10.94
green_wave,42,moto,1.97
green_wave,42,moto,13.84
green_wave,42,moto,3.28
green_wave,42,moto,15.53
green_wave,42,moto,15.12
green_wave,42,moto,11.03
green_wave,42,moto,9.24
green_wave,42,moto,20.72
green_wave,42,moto,4.29
green_wave,42,auto,20.76
green_wave,42,moto,14.81
green_wave,42,car,12.21
green_wave,42,moto,5.23
green_wave,42,auto,6.09
green_wave,42,auto,6.73
green_wave,42,moto,5.45
green_wave,42,moto,26.35
green_wave,42,car,7.94
green_wave,42,moto,10.71
green_wave,42,moto,3.81
green_wave,42,moto,5.39
green_wave,42,moto,3.37
green_wave,42,moto,19.27
green_wave,42,moto,15.35
green_wave,42,auto,1.83
green_wave,42,moto,22.28
green_wave,42,moto,23.99
green_wave,42,moto,15.81
green_wave,42,moto,2.12
green_wave,42,auto,11.68
green_wave,42,moto,25.41
green_wave,42,moto,24.46
green_wave,42,moto,2.4
green_wave,42,moto,8.61
green_wave,42,car,13.59
green_wave,42,auto,10.55
green_wave,42,car,1.01
green_wave,42,moto,5.99
green_wave,42,car,13.37
green_wave,42,car,13.03
green_wave,42,moto,4.45
green_wave,42,auto,13.77
green_wave,42,auto,10.73
green_wave,42,auto,10.41
green_wave,42,moto,12.61
green_wave,42,moto,3.13
green_wave,42,moto,5.78
green_wave,42,moto,5.87
green_wave,42,moto,8.3
green_wave,42,moto,19.65
green_wave,42,moto,1.7
green_wave,42,auto,0.92
green_wave,42,auto,1.18
green_wave,42,moto,14.87
green_wave,42,moto,22.36
green_wave,42,moto,13.0
green_wave,42,moto,13.6
green_wave,42,moto,4.89
green_wave,42,car,22.38
green_wave,42,auto,19.37
green_wave,42,moto,25.01
green_wave,42,moto,15.99
green_wave,42,moto,18.13
green_wave,42,moto,10.2
green_wave,42,auto,14.22
green_wave,42,car,4.29
green_wave,42,moto,24.08
green_wave,42,moto,4.85
green_wave,42,moto,20.46
green_wave,42,auto,22.37
green_wave,42,moto,29.99
green_wave,42,car,4.98
green_wave,42,moto,4.61
green_wave,42,moto,20.32
green_wave,42,moto,9.81
green_wave,42,auto,14.04
green_wave,42,moto,4.78
green_wave,42,auto,1.09
green_wave,42,moto,4.27
green_wave,42,moto,5.0
green_wave,42,moto,16.9
green_wave,42,moto,16.07
green_wave,42,moto,25.52
green_wave,42,auto,19.95
green_wave,42,auto,11.22
green_wave,42,moto,25.88
green_wave,42,moto,12.85
green_wave,42,auto,8.6
green_wave,42,moto,7.9
green_wave,42,moto,4.71
green_wave,42,moto,10.78
green_wave,42,auto,16.55
green_wave,42,auto,1.1
green_wave,42,auto,14.42
green_wave,42,car,1.54
green_wave,42,auto,3.26
green_wave,42,car,17.04
green_wave,42,auto,1.12
green_wave,42,moto,11.48
green_wave,42,car,12.29
green_wave,42,moto,5.68
green_wave,42,auto,19.87
green_wave,42,moto,12.96
green_wave,42,car,8.72
green_wave,42,moto,8.44
green_wave,42,moto,23.4
green_wave,42,moto,15.33
green_wave,42,moto,12.33
green_wave,42,car,20.21
green_wave,42,moto,10.68
green_wave,42,moto,10.43
green_wave,42,moto,37.09
green_wave,42,moto,26.87
green_wave,42,auto,3.22
green_wave,42,moto,18.65
green_wave,42,moto,4.57
green_wave,42,moto,3.92
green_wave,42,auto,1.1
green_wave,42,moto,2.22
green_wave,42,moto,2.74
green_wave,42,moto,21.64
green_wave,42,moto,19.09
green_wave,42,moto,17.12
green_wave,42,moto,11.86
green_wave,42,auto,1.15
green_wave,42,moto,23.01
green_wave,42,moto,2.82
green_wave,42,moto,17.31
green_wave,42,moto,13.2
green_wave,42,moto,24.15
green_wave,42,auto,12.46
green_wave,42,auto,16.02
green_wave,42,moto,12.21
green_wave,42,moto,15.6
green_wave,42,auto,10.52
green_wave,42,moto,19.27
green_wave,42,moto,12.34
green_wave,42,car,5.05
green_wave,42,moto,13.52
green_wave,42,moto,16.19
green_wave,42,moto,14.91
green_wave,42,moto,18.85
green_wave,42,moto,10.19
green_wave,42,moto,2.7
green_wave,42,moto,11.48
green_wave,42,moto,6.57
green_wave,42,moto,25.54
green_wave,42,auto,21.7
green_wave,42,auto,18.36
green_wave,42,moto,22.4
green_wave,42,moto,10.0
green_wave,42,auto,31.37
green_wave,42,auto,6.48
green_wave,42,auto,23.06
green_wave,42,moto,12.79
green_wave,42,moto,23.18
green_wave,42,car,12.69
green_wave,42,moto,23.12
green_wave,42,moto,2.44
green_wave,42,moto,3.5
green_wave,42,auto,1.41
green_wave,42,moto,19.62
green_wave,42,moto,5.16
green_wave,42,moto,10.18
green_wave,42,moto,3.65
green_wave,42,moto,17.18
green_wave,42,moto,6.2
green_wave,42,moto,24.22
green_wave,42,moto,11.45
green_wave,42,moto,4.7
green_wave,42,moto,20.12
green_wave,42,moto,24.88
green_wave,42,auto,14.44
green_wave,42,auto,10.66
green_wave,42,car,3.43
green_wave,42,moto,8.94
green_wave,42,moto,16.39
green_wave,42,car,12.19
green_wave,42,auto,29.02
green_wave,42,moto,24.56
green_wave,42,moto,4.33
green_wave,42,moto,3.35
green_wave,42,moto,11.46
green_wave,42,auto,1.38
green_wave,42,car,1.34
green_wave,42,auto,1.29
green_wave,42,moto,3.16
green_wave,42,car,21.57
green_wave,42,moto,5.01
green_wave,42,car,16.12
green_wave,42,moto,28.61
green_wave,42,car,8.77
green_wave,42,moto,21.85
green_wave,42,moto,16.68
green_wave,42,moto,5.02
green_wave,42,auto,15.53
green_wave,42,moto,17.28
green_wave,42,moto,4.99
green_wave,42,car,20.64
green_wave,42,car,3.16
green_wave,42,car,24.42
green_wave,42,car,19.72
green_wave,42,auto,17.91
green_wave,42,moto,16.02
green_wave,42,moto,16.88
green_wave,42,moto,20.08
green_wave,42,auto,3.41
green_wave,42,auto,16.58
green_wave,42,moto,19.87
green_wave,42,moto,13.94
green_wave,42,auto,20.72
green_wave,42,moto,8.42
green_wave,42,auto,21.07
green_wave,42,car,1.77
green_wave,42,auto,0.98
green_wave,42,moto,3.07
green_wave,42,moto,21.44
green_wave,42,car,45.7
green_wave,42,car,2.83
green_wave,42,car,28.24
green_wave,42,moto,18.04
green_wave,42,auto,40.86
green_wave,42,moto,18.09
green_wave,42,moto,10.19
green_wave,42,moto,4.71
green_wave,42,moto,7.66
green_wave,42,moto,4.29
green_wave,42,moto,27.19
green_wave,42,auto,2.4
green_wave,42,car,3.78
green_wave,42,moto,13.23
green_wave,42,moto,36.04
green_wave,42,auto,30.4
green_wave,42,car,26.39
green_wave,42,auto,3.58
green_wave,42,moto,27.74
green_wave,42,auto,14.49
green_wave,42,moto,10.21
green_wave,42,auto,10.87
green_wave,42,auto,2.31
green_wave,42,moto,13.88
green_wave,42,moto,21.47
green_wave,42,auto,18.71
green_wave,42,moto,4.06
green_wave,42,moto,24.32
green_wave,42,moto,18.93
green_wave,42,auto,4.35
green_wave,42,moto,12.7
green_wave,42,moto,3.73
green_wave,42,moto,21.54
green_wave,42,auto,8.67
green_wave,42,auto,0.96
green_wave,42,auto,22.94
green_wave,42,moto,8.77
green_wave,42,car,13.75
green_wave,42,moto,24.12
green_wave,42,auto,12.95
green_wave,42,auto,6.14
green_wave,42,car,9.05
green_wave,42,car,1.14
green_wave,42,moto,14.88
green_wave,42,moto,6.38
green_wave,42,moto,19.74
green_wave,42,auto,1.33
green_wave,42,moto,15.33
green_wave,42,moto,6.83
green_wave,42,moto,2.45
green_wave,42,auto,17.33
green_wave,42,auto,8.86
green_wave,42,moto,2.99
green_wave,42,car,1.97
green_wave,42,auto,0.96
green_wave,42,moto,3.19
green_wave,42,moto,2.41
green_wave,42,moto,2.77
green_wave,42,moto,7.45
green_wave,42,moto,4.55
green_wave,42,moto,16.0
green_wave,42,moto,14.26
green_wave,42,moto,22.11
green_wave,42,moto,15.7
green_wave,42,moto,12.66
green_wave,42,moto,13.11
green_wave,42,car,1.26
green_wave,42,moto,16.21
green_wave,42,auto,9.45
green_wave,42,moto,17.13
green_wave,42,moto,6.11
green_wave,42,auto,10.53
green_wave,42,auto,6.21
green_wave,42,auto,17.67
green_wave,42,moto,7.56
green_wave,42,moto,14.62
green_wave,42,car,2.93
green_wave,42,auto,14.6
green_wave,42,auto,3.24
green_wave,42,moto,10.08
green_wave,42,auto,5.05
green_wave,42,car,3.39
green_wave,42,moto,8.01
green_wave,42,moto,7.23
green_wave,42,moto,14.02
green_wave,42,auto,2.46
green_wave,42,auto,13.6
green_wave,42,auto,11.42
green_wave,42,auto,8.17
green_wave,42,moto,2.9
green_wave,42,moto,12.18
green_wave,42,moto,5.52
green_wave,42,moto,15.48
green_wave,42,moto,4.52
green_wave,42,auto,12.12
green_wave,42,moto,22.57
green_wave,42,moto,18.65
green_wave,42,moto,12.73
green_wave,42,auto,12.01
green_wave,42,car,9.43
green_wave,42,auto,8.84
green_wave,42,car,12.16
green_wave,42,moto,7.11
green_wave,42,moto,19.65
green_wave,42,moto,5.95
green_wave,42,moto,8.04
green_wave,42,car,12.53
green_wave,42,moto,11.41
green_wave,42,moto,10.31
green_wave,42,auto,17.0
green_wave,42,moto,3.1
green_wave,42,moto,2.45
green_wave,42,moto,2.44
green_wave,42,moto,15.98
green_wave,42,moto,21.03
green_wave,42,moto,16.03
green_wave,42,moto,17.36
green_wave,42,car,18.78
green_wave,42,moto,23.2
green_wave,42,moto,17.14
green_wave,42,moto,12.6
green_wave,42,moto,8.97
green_wave,42,moto,9.05
green_wave,42,auto,22.27
green_wave,42,moto,10.35
green_wave,42,moto,10.97
green_wave,42,moto,22.13
green_wave,42,car,15.55
green_wave,42,moto,2.3
green_wave,42,auto,9.04
green_wave,42,auto,4.82
green_wave,42,car,5.37
green_wave,42,auto,5.41
green_wave,42,auto,17.13
green_wave,42,moto,16.24
green_wave,42,auto,9.36
green_wave,42,auto,7.04
green_wave,42,moto,5.7
green_wave,42,moto,23.13
green_wave,42,moto,2.27
green_wave,42,auto,5.43
green_wave,42,moto,23.56
green_wave,42,moto,19.47
green_wave,42,moto,19.71
green_wave,42,moto,7.97
green_wave,42,car,5.76
green_wave,42,auto,23.34
green_wave,42,auto,8.27
green_wave,42,moto,1.33
green_wave,42,moto,20.48
green_wave,42,auto,10.13
green_wave,42,moto,23.1
green_wave,42,moto,1.48
green_wave,42,moto,39.05
green_wave,42,moto,7.32
green_wave,42,moto,5.03
green_wave,42,car,7.9
green_wave,42,moto,21.58
green_wave,42,auto,1.29
green_wave,42,moto,2.06
green_wave,42,auto,22.94
green_wave,42,auto,9.08
green_wave,42,car,19.21
green_wave,42,moto,16.56
green_wave,42,car,8.02
green_wave,42,moto,8.65
green_wave,42,moto,22.62
green_wave,42,auto,21.37
green_wave,42,moto,4.31
green_wave,42,moto,22.4
green_wave,42,moto,15.14
green_wave,42,moto,23.93
green_wave,42,moto,18.56
green_wave,42,car,11.94
green_wave,42,moto,16.34
green_wave,42,auto,14.92
green_wave,42,auto,4.04
green_wave,42,auto,12.24
green_wave,42,auto,14.53
green_wave,42,moto,4.72
green_wave,42,moto,16.16
green_wave,42,moto,10.09
green_wave,42,auto,1.09
green_wave,42,moto,1.99
green_wave,42,moto,25.64
green_wave,42,moto,23.39
green_wave,42,moto,25.0
green_wave,42,moto,14.38
green_wave,42,moto,19.24
green_wave,42,moto,25.59
green_wave,42,car,17.47
green_wave,42,moto,5.92
green_wave,42,moto,19.79
green_wave,42,auto,9.12
green_wave,42,car,8.7
green_wave,42,auto,23.51
green_wave,42,auto,10.7
green_wave,42,moto,23.17
green_wave,42,car,15.56
green_wave,42,auto,4.07
green_wave,42,auto,24.17
green_wave,42,moto,25.02
green_wave,42,moto,15.7
green_wave,42,auto,1.73
green_wave,42,car,16.45
green_wave,42,moto,17.75
green_wave,42,moto,6.82
green_wave,42,auto,25.42
green_wave,42,moto,4.7
green_wave,42,moto,6.48
green_wave,42,moto,4.95
green_wave,42,moto,18.66
green_wave,42,car,26.44
green_wave,42,moto,22.52
green_wave,42,auto,8.76
green_wave,42,moto,7.99
green_wave,42,moto,20.09
green_wave,42,moto,9.51
green_wave,42,moto,9.86
green_wave,42,moto,6.2
green_wave,42,moto,4.86
green_wave,42,auto,3.81
green_wave,42,moto,11.16
green_wave,42,moto,10.85
green_wave,42,moto,4.2
green_wave,42,moto,11.87
green_wave,42,moto,24.08
green_wave,42,moto,25.14
green_wave,42,moto,7.12
green_wave,42,moto,5.65
green_wave,42,moto,13.69
green_wave,42,moto,16.06
green_wave,42,auto,23.8
green_wave,42,moto,23.34
green_wave,42,moto,17.42
green_wave,42,auto,5.48
green_wave,42,auto,1.05
green_wave,42,auto,20.71
green_wave,42,moto,13.08
green_wave,42,moto,14.25
green_wave,42,auto,7.27
green_wave,42,moto,16.19
green_wave,42,moto,8.68
green_wave,42,moto,5.14
green_wave,42,moto,7.02
green_wave,42,moto,9.45
green_wave,42,moto,10.52
green_wave,42,moto,13.04
green_wave,42,moto,23.02
green_wave,42,auto,23.45
green_wave,42,car,22.08
green_wave,42,auto,25.8
green_wave,42,moto,6.89
green_wave,42,auto,1.2
green_wave,42,moto,24.24
green_wave,42,moto,17.34
green_wave,42,moto,9.34
green_wave,42,auto,19.29
green_wave,42,auto,14.0
green_wave,42,car,8.76
green_wave,42,moto,8.53
green_wave,42,auto,14.7
green_wave,42,moto,16.58
green_wave,42,moto,9.69
green_wave,42,moto,7.37
green_wave,42,moto,5.29
green_wave,42,car,7.56
green_wave,42,moto,2.51
green_wave,42,auto,3.19
green_wave,42,moto,3.68
green_wave,42,car,9.3
green_wave,42,moto,17.33
green_wave,42,moto,6.06
green_wave,42,moto,9.94
green_wave,42,moto,6.51
green_wave,42,moto,14.73
green_wave,42,moto,9.0
green_wave,42,moto,6.34
green_wave,42,car,8.75
green_wave,42,car,6.34
green_wave,42,moto,2.29
green_wave,42,moto,7.54
green_wave,42,moto,2.63
green_wave,42,car,24.02
green_wave,42,car,15.62
green_wave,42,moto,2.11
green_wave,42,moto,17.43
green_wave,42,moto,24.46
green_wave,42,moto,23.74
green_wave,42,auto,14.51
green_wave,42,auto,11.04
green_wave,42,auto,15.6
green_wave,42,moto,25.53
green_wave,42,moto,28.21
green_wave,42,auto,15.16
green_wave,42,moto,25.91
green_wave,42,moto,18.16
green_wave,42,moto,23.94
green_wave,42,auto,17.49
green_wave,42,auto,17.66
green_wave,42,moto,13.23
green_wave,42,moto,5.44
green_wave,42,moto,20.97
green_wave,42,moto,21.82
green_wave,42,moto,8.47
green_wave,42,moto,15.01
green_wave,42,car,18.87
green_wave,42,car,20.27
green_wave,42,moto,14.07
green_wave,42,moto,14.38
green_wave,42,moto,11.56
green_wave,43,moto,16.11
green_wave,43,car,1.19
green_wave,43,auto,4.9
green_wave,43,car,7.9
green_wave,43,moto,5.69
green_wave,43,moto,4.83
green_wave,43,moto,1.75
green_wave,43,moto,4.56
green_wave,43,moto,4.78
green_wave,43,moto,4.5
green_wave,43,moto,3.58
green_wave,43,moto,2.06
green_wave,43,auto,18.91
green_wave,43,auto,22.04
green_wave,43,moto,17.37
green_wave,43,moto,5.55
green_wave,43,moto,23.4
green_wave,43,moto,12.48
green_wave,43,moto,16.63
green_wave,43,moto,12.47
green_wave,43,car,5.85
green_wave,43,car,0.96
green_wave,43,car,9.99
green_wave,43,car,11.98
green_wave,43,moto,6.94
green_wave,43,auto,19.55
green_wave,43,moto,22.3
green_wave,43,car,18.76
green_wave,43,car,14.79
green_wave,43,car,18.27
green_wave,43,auto,20.04
green_wave,43,moto,6.26
green_wave,43,car,8.47
green_wave,43,auto,4.33
green_wave,43,auto,1.92
green_wave,43,moto,21.82
green_wave,43,moto,11.22
green_wave,43,car,20.67
green_wave,43,car,11.41
green_wave,43,auto,22.47
green_wave,43,auto,11.49
green_wave,43,auto,11.62
green_wave,43,moto,3.2
green_wave,43,moto,17.95
green_wave,43,moto,4.33
green_wave,43,moto,27.05
green_wave,43,car,15.93
green_wave,43,car,6.71
green_wave,43,moto,18.41
green_wave,43,moto,5.84
green_wave,43,moto,22.12
green_wave,43,moto,6.48
green_wave,43,moto,18.62
green_wave,43,moto,5.14
green_wave,43,moto,15.68
green_wave,43,moto,4.03
green_wave,43,car,19.95
green_wave,43,auto,19.34
green_wave,43,car,10.36
green_wave,43,auto,23.44
green_wave,43,car,14.96
green_wave,43,auto,12.47
green_wave,43,auto,21.65
green_wave,43,auto,12.47
green_wave,43,moto,15.24
green_wave,43,car,4.42
green_wave,43,auto,14.04
green_wave,43,moto,24.11
green_wave,43,moto,22.65
green_wave,43,moto,4.84
green_wave,43,car,13.64
green_wave,43,car,5.51
green_wave,43,moto,19.31
green_wave,43,moto,5.56
green_wave,43,moto,14.41
green_wave,43,moto,11.52
green_wave,43,auto,4.35
green_wave,43,moto,2.42
green_wave,43,moto,5.59
green_wave,43,moto,16.06
green_wave,43,moto,13.53
green_wave,43,moto,1.71
green_wave,43,moto,11.04
green_wave,43,moto,6.81
green_wave,43,auto,21.21
green_wave,43,auto,14.3
green_wave,43,moto,11.09
green_wave,43,moto,3.32
green_wave,43,moto,3.02
green_wave,43,car,18.74
green_wave,43,moto,22.28
green_wave,43,moto,23.67
green_wave,43,auto,23.63
green_wave,43,moto,9.93
green_wave,43,auto,22.93
green_wave,43,auto,20.44
green_wave,43,moto,17.81
green_wave,43,auto,19.55
green_wave,43,moto,15.24
green_wave,43,moto,14.67
green_wave,43,car,18.12
green_wave,43,moto,8.29
green_wave,43,moto,22.24
green_wave,43,moto,1.91
green_wave,43,auto,13.15
green_wave,43,moto,15.48
green_wave,43,auto,15.94
green_wave,43,moto,25.74
green_wave,43,moto,10.69
green_wave,43,moto,7.84
green_wave,43,moto,17.93
green_wave,43,moto,11.88
green_wave,43,auto,13.08
green_wave,43,moto,4.03
green_wave,43,moto,27.23
green_wave,43,moto,20.0
green_wave,43,moto,34.69
green_wave,43,moto,35.89
green_wave,43,moto,29.3
green_wave,43,moto,6.81
green_wave,43,moto,14.65
green_wave,43,moto,33.29
green_wave,43,auto,26.29
green_wave,43,car,30.82
green_wave,43,auto,14.88
green_wave,43,moto,2.78
green_wave,43,auto,24.29
green_wave,43,moto,29.73
green_wave,43,moto,16.29
green_wave,43,auto,4.74
green_wave,43,moto,44.45
green_wave,43,moto,23.26
green_wave,43,car,36.92
green_wave,43,moto,18.19
green_wave,43,moto,18.86
green_wave,43,moto,11.28
green_wave,43,moto,38.08
green_wave,43,auto,29.73
green_wave,43,moto,30.96
green_wave,43,auto,35.22
green_wave,43,moto,9.23
green_wave,43,moto,4.83
green_wave,43,moto,3.96
green_wave,43,auto,12.26
green_wave,43,moto,4.81
green_wave,43,moto,19.69
green_wave,43,moto,5.45
green_wave,43,car,18.46
green_wave,43,auto,9.33
green_wave,43,moto,19.95
green_wave,43,moto,23.93
green_wave,43,moto,14.92
green_wave,43,car,10.83
green_wave,43,moto,17.52
green_wave,43,moto,7.97
green_wave,43,car,16.19
green_wave,43,auto,22.66
green_wave,43,auto,19.09
green_wave,43,auto,20.84
green_wave,43,car,18.34
green_wave,43,car,14.83
green_wave,43,moto,10.68
green_wave,43,moto,11.12
green_wave,43,moto,11.36
green_wave,43,auto,9.27
green_wave,43,moto,19.12
green_wave,43,car,14.8
green_wave,43,car,11.04
green_wave,43,moto,14.95
green_wave,43,auto,7.06
green_wave,43,moto,15.27
green_wave,43,moto,5.64
green_wave,43,moto,18.35
green_wave,43,moto,17.94
green_wave,43,auto,19.27
green_wave,43,moto,4.79
green_wave,43,moto,4.31
green_wave,43,car,1.77
green_wave,43,car,18.9
green_wave,43,moto,17.37
green_wave,43,moto,16.17
green_wave,43,moto,25.85
green_wave,43,moto,31.28
green_wave,43,moto,28.3
green_wave,43,moto,22.22
green_wave,43,auto,34.23
green_wave,43,auto,1.27
green_wave,43,moto,8.41
green_wave,43,moto,7.08
green_wave,43,auto,19.3
green_wave,43,moto,7.82
green_wave,43,moto,7.84
green_wave,43,car,16.5
green_wave,43,car,10.53
green_wave,43,car,4.16
green_wave,43,moto,5.27
green_wave,43,auto,20.49
green_wave,43,moto,2.6
green_wave,43,moto,26.5
green_wave,43,moto,16.3
green_wave,43,car,2.7
green_wave,43,moto,9.7
green_wave,43,moto,19.08
green_wave,43,moto,16.28
green_wave,43,auto,3.46
green_wave,43,moto,14.18
green_wave,43,moto,9.22
green_wave,43,moto,28.72
green_wave,43,moto,6.45
green_wave,43,auto,29.02
green_wave,43,auto,22.75
green_wave,43,moto,12.85
green_wave,43,auto,8.8
green_wave,43,moto,41.05
green_wave,43,auto,4.11
green_wave,43,auto,3.3
green_wave,43,car,21.07
green_wave,43,auto,20.07
green_wave,43,moto,8.04
green_wave,43,moto,7.75
green_wave,43,auto,13.4
green_wave,43,moto,4.73
green_wave,43,moto,6.11
green_wave,43,moto,2.41
green_wave,43,car,19.46
green_wave,43,auto,6.42
green_wave,43,moto,1.71
green_wave,43,moto,9.46
green_wave,43,car,2.08
green_wave,43,moto,21.03
green_wave,43,moto,21.32
green_wave,43,car,25.6
green_wave,43,moto,19.73
green_wave,43,moto,4.77
green_wave,43,moto,18.98
green_wave,43,car,12.04
green_wave,43,moto,25.45
green_wave,43,moto,24.32
green_wave,43,auto,21.73
green_wave,43,car,11.89
green_wave,43,auto,24.98
green_wave,43,auto,18.27
green_wave,43,car,12.77
green_wave,43,auto,16.34
green_wave,43,auto,14.74
green_wave,43,car,5.95
green_wave,43,moto,22.96
green_wave,43,car,5.7
green_wave,43,moto,13.16
green_wave,43,auto,5.96
green_wave,43,moto,8.04
green_wave,43,moto,18.65
green_wave,43,auto,14.41
green_wave,43,moto,21.47
green_wave,43,moto,6.95
green_wave,43,moto,4.39
green_wave,43,auto,6.28
green_wave,43,car,22.93
green_wave,43,moto,14.46
green_wave,43,moto,4.21
green_wave,43,auto,21.85
green_wave,43,moto,18.78
green_wave,43,auto,16.98
green_wave,43,moto,13.62
green_wave,43,moto,1.54
green_wave,43,auto,14.93
green_wave,43,moto,15.02
green_wave,43,moto,5.31
green_wave,43,moto,16.73
green_wave,43,auto,13.22
green_wave,43,moto,24.8
green_wave,43,auto,2.79
green_wave,43,auto,17.65
green_wave,43,auto,16.44
green_wave,43,auto,9.66
green_wave,43,car,21.48
green_wave,43,car,23.76
green_wave,43,moto,19.39
green_wave,43,moto,7.55
green_wave,43,moto,6.17
green_wave,43,moto,23.71
green_wave,43,moto,20.84
green_wave,43,moto,18.55
green_wave,43,car,7.07
green_wave,43,auto,25.55
green_wave,43,auto,23.39
green_wave,43,auto,22.38
green_wave,43,auto,22.32
green_wave,43,car,27.21
green_wave,43,moto,13.67
green_wave,43,moto,2.4
green_wave,43,moto,24.52
green_wave,43,auto,4.47
green_wave,43,car,11.45
green_wave,43,car,5.38
green_wave,43,moto,14.99
green_wave,43,moto,9.84
green_wave,43,auto,10.98
green_wave,43,auto,10.05
green_wave,43,auto,11.74
green_wave,43,auto,1.82
green_wave,43,moto,21.83
green_wave,43,moto,18.64
green_wave,43,moto,24.51
green_wave,43,moto,21.26
green_wave,43,moto,19.99
green_wave,43,moto,19.87
green_wave,43,auto,15.76
green_wave,43,moto,14.13
green_wave,43,auto,11.57
green_wave,43,moto,8.27
green_wave,43,moto,17.23
green_wave,43,auto,4.66
green_wave,43,moto,15.07
green_wave,43,auto,19.43
green_wave,43,moto,12.04
green_wave,43,moto,13.82
green_wave,43,moto,4.4
green_wave,43,moto,13.64
green_wave,43,auto,7.26
green_wave,43,moto,8.7
green_wave,43,car,17.91
green_wave,43,moto,17.2
green_wave,43,moto,18.28
green_wave,43,moto,14.49
green_wave,43,car,16.56
green_wave,43,moto,11.75
green_wave,43,moto,3.85
green_wave,43,moto,22.7
green_wave,43,moto,19.31
green_wave,43,moto,19.47
green_wave,43,car,18.71
green_wave,43,moto,18.26
green_wave,43,moto,20.59
green_wave,43,auto,26.14
green_wave,43,auto,23.15
green_wave,43,moto,22.12
green_wave,43,moto,18.14
green_wave,43,moto,23.28
green_wave,43,car,24.5
green_wave,43,auto,16.64
green_wave,43,moto,23.6
green_wave,43,auto,6.74
green_wave,43,moto,2.02
green_wave,43,moto,5.3
green_wave,43,moto,11.28
green_wave,43,moto,7.96
green_wave,43,auto,6.61
green_wave,43,auto,13.68
green_wave,43,moto,6.75
green_wave,43,auto,5.57
green_wave,43,car,3.6
green_wave,43,moto,3.58
green_wave,43,car,1.25
green_wave,43,moto,17.89
green_wave,43,auto,24.24
green_wave,43,car,4.56
green_wave,43,moto,22.75
green_wave,43,car,18.94
green_wave,43,auto,20.02
green_wave,43,auto,15.56
green_wave,43,car,17.43
green_wave,43,moto,24.29
green_wave,43,car,16.22
green_wave,43,moto,6.16
green_wave,43,moto,17.9
green_wave,43,auto,3.81
green_wave,43,moto,12.62
green_wave,43,car,11.8
green_wave,43,moto,30.78
green_wave,43,moto,15.66
green_wave,43,moto,21.46
green_wave,43,car,14.53
green_wave,43,auto,11.12
green_wave,43,auto,8.6
green_wave,43,car,12.63
green_wave,43,moto,3.98
green_wave,43,moto,17.59
green_wave,43,moto,5.18
green_wave,43,auto,13.47
green_wave,43,moto,15.13
green_wave,43,car,18.42
green_wave,43,moto,2.66
green_wave,43,moto,14.66
green_wave,43,car,19.89
green_wave,43,auto,13.56
green_wave,43,moto,17.07
green_wave,43,moto,11.39
green_wave,43,moto,20.15
green_wave,43,moto,5.54
green_wave,43,car,4.26
green_wave,43,moto,21.46
green_wave,43,auto,20.47
green_wave,43,moto,11.87
green_wave,43,moto,4.35
green_wave,43,auto,16.91
green_wave,43,moto,4.39
green_wave,43,moto,25.06
green_wave,43,moto,12.68
green_wave,43,auto,21.86
green_wave,43,moto,25.29
green_wave,43,moto,6.37
green_wave,43,moto,28.01
green_wave,43,auto,10.96
green_wave,43,auto,2.6
green_wave,43,moto,15.55
green_wave,43,auto,14.52
green_wave,43,auto,24.49
green_wave,43,moto,20.24
green_wave,43,moto,18.05
green_wave,43,car,12.75
green_wave,43,auto,3.36
green_wave,43,car,18.82
green_wave,43,moto,13.58
green_wave,43,moto,12.16
green_wave,43,moto,17.34
green_wave,43,moto,9.65
green_wave,43,moto,9.57
green_wave,43,moto,24.09
green_wave,43,moto,25.86
green_wave,43,auto,12.19
green_wave,43,car,14.07
green_wave,43,car,15.32
green_wave,43,moto,18.6
green_wave,43,moto,20.21
green_wave,43,car,28.89
green_wave,43,moto,20.57
green_wave,43,moto,5.8
green_wave,43,moto,21.84
green_wave,43,moto,10.09
green_wave,43,moto,12.89
green_wave,43,moto,15.33
green_wave,43,car,20.65
green_wave,43,moto,12.2
green_wave,43,moto,2.92
green_wave,43,auto,23.27
green_wave,43,auto,22.11
green_wave,43,moto,17.58
green_wave,43,moto,13.63
green_wave,43,auto,22.34
green_wave,43,moto,10.33
green_wave,43,moto,2.13
green_wave,43,auto,29.73
green_wave,43,auto,5.63
green_wave,43,moto,4.44
green_wave,43,moto,4.18
green_wave,43,auto,3.54
green_wave,43,auto,23.66
green_wave,43,moto,13.7
green_wave,43,auto,7.15
green_wave,43,auto,8.18
green_wave,43,auto,16.3
green_wave,43,car,15.31
green_wave,43,moto,7.19
green_wave,43,moto,20.39
green_wave,43,moto,3.12
green_wave,43,moto,1.76
green_wave,43,car,1.63
green_wave,43,car,1.27
green_wave,43,moto,3.48
green_wave,43,moto,2.45
green_wave,43,car,17.91
green_wave,43,moto,24.75
green_wave,43,moto,11.75
green_wave,43,car,7.95
green_wave,43,moto,17.36
green_wave,43,moto,17.64
green_wave,43,auto,19.51
green_wave,43,moto,9.76
green_wave,43,auto,4.86
green_wave,43,car,16.72
green_wave,43,moto,8.67
green_wave,43,auto,14.02
green_wave,43,car,10.67
green_wave,43,moto,5.34
green_wave,43,moto,5.55
green_wave,43,moto,6.98
green_wave,43,moto,12.42
green_wave,43,moto,5.38
green_wave,43,car,6.73
green_wave,43,auto,13.19
green_wave,43,auto,2.59
green_wave,43,moto,5.35
green_wave,43,moto,6.5
green_wave,43,auto,7.19
green_wave,43,moto,2.28
green_wave,43,moto,2.23
green_wave,43,auto,1.05
green_wave,43,car,2.93
green_wave,43,moto,7.36
green_wave,43,moto,24.96
green_wave,43,moto,4.07
green_wave,43,car,1.59
green_wave,43,moto,22.92
green_wave,43,moto,14.19
green_wave,43,auto,2.44
green_wave,43,moto,7.9
green_wave,43,car,5.39
green_wave,43,moto,6.16
green_wave,43,car,2.77
green_wave,43,auto,2.99
green_wave,43,moto,4.95
green_wave,43,auto,14.5
green_wave,43,auto,6.8
green_wave,43,moto,2.79
green_wave,43,auto,1.55
green_wave,43,car,1.15
green_wave,43,moto,23.03
green_wave,43,moto,19.95
green_wave,43,moto,16.12
green_wave,43,moto,6.77
green_wave,43,moto,14.53
green_wave,43,auto,11.88
green_wave,43,car,0.9
green_wave,43,auto,10.57
green_wave,43,moto,10.38
green_wave,43,auto,14.12
green_wave,43,moto,6.91
green_wave,43,car,13.89
green_wave,43,auto,14.36
green_wave,43,moto,23.15
green_wave,43,auto,11.94
green_wave,43,moto,16.89
green_wave,43,moto,22.12
green_wave,43,moto,13.04
green_wave,43,moto,8.8
green_wave,43,car,21.37
green_wave,43,auto,7.38
green_wave,43,car,21.39
green_wave,43,moto,15.75
green_wave,43,car,3.61
green_wave,43,auto,1.12
green_wave,43,moto,13.73
green_wave,43,auto,22.22
green_wave,43,moto,2.08
green_wave,43,moto,24.21
green_wave,43,moto,24.01
green_wave,43,moto,24.63
green_wave,43,moto,25.56
green_wave,43,auto,7.83
green_wave,43,moto,4.06
green_wave,43,auto,21.92
green_wave,43,moto,16.3
green_wave,43,moto,26.12
green_wave,43,car,15.02
green_wave,43,auto,10.36
green_wave,43,moto,16.78
green_wave,43,moto,7.85
green_wave,43,moto,7.3
green_wave,43,car,1.61
green_wave,43,moto,7.7
green_wave,43,moto,18.35
green_wave,43,moto,13.79
green_wave,43,moto,17.28
green_wave,43,moto,11.85
green_wave,43,moto,23.42
green_wave,43,moto,21.57
green_wave,43,moto,26.24
green_wave,43,auto,2.36
green_wave,43,moto,16.02
green_wave,43,auto,4.06
green_wave,43,moto,17.56
green_wave,43,car,16.67
green_wave,43,moto,24.79
green_wave,43,auto,22.61
green_wave,43,moto,15.24
green_wave,43,car,23.65
green_wave,43,moto,21.34
green_wave,43,moto,9.57
green_wave,43,car,7.22
green_wave,43,auto,3.79
green_wave,43,auto,10.97
green_wave,43,moto,24.06
green_wave,43,moto,6.34
green_wave,43,moto,3.57
green_wave,43,car,12.3
green_wave,43,moto,17.74
green_wave,43,moto,13.13
green_wave,43,moto,16.67
green_wave,43,auto,1.92
green_wave,43,auto,5.4
green_wave,43,moto,24.92
green_wave,43,moto,11.02
green_wave,43,moto,17.03
green_wave,43,moto,5.08
green_wave,43,moto,23.22
green_wave,43,moto,27.21
green_wave,43,moto,11.49
green_wave,43,moto,25.54
green_wave,43,car,5.16
green_wave,43,auto,19.89
green_wave,43,moto,6.6
green_wave,43,auto,18.11
green_wave,43,car,25.15
green_wave,43,moto,5.61
green_wave,43,moto,19.61
green_wave,43,car,21.59
green_wave,43,auto,5.04
green_wave,43,moto,21.68
green_wave,43,moto,9.04
green_wave,43,moto,18.47
green_wave,43,car,1.13
green_wave,43,moto,1.89
green_wave,43,car,4.0
green_wave,43,moto,2.5
green_wave,43,car,8.95
green_wave,43,moto,20.71
green_wave,43,auto,1.87
green_wave,43,auto,6.08
green_wave,43,auto,24.33
green_wave,43,auto,6.97
green_wave,43,auto,2.86
green_wave,43,moto,13.83
green_wave,43,moto,4.15
green_wave,43,auto,2.47
green_wave,43,moto,23.54
green_wave,43,car,15.46
green_wave,43,moto,22.28
green_wave,43,moto,12.57
green_wave,43,auto,8.23
green_wave,43,moto,19.17
green_wave,43,auto,6.54
green_wave,43,moto,13.81
green_wave,43,moto,19.23
green_wave,43,moto,6.84
green_wave,43,moto,9.99
green_wave,43,moto,10.8
green_wave,43,auto,5.8
green_wave,43,car,24.14
green_wave,43,moto,8.14
green_wave,43,moto,15.23
green_wave,43,moto,12.25
green_wave,43,moto,20.69
green_wave,43,moto,2.09
green_wave,43,auto,14.29
green_wave,43,auto,11.28
green_wave,43,moto,14.22
green_wave,43,moto,8.42
green_wave,43,car,13.46
green_wave,43,moto,24.36
green_wave,43,auto,23.22
green_wave,43,moto,8.39
green_wave,43,car,5.69
green_wave,43,car,32.83
green_wave,43,moto,13.8
green_wave,43,auto,4.72
green_wave,43,moto,2.87
green_wave,43,auto,1.16
green_wave,43,moto,19.75
green_wave,43,moto,2.68
green_wave,43,auto,1.13
green_wave,43,car,4.38
green_wave,43,moto,22.17
green_wave,43,moto,19.48
green_wave,43,moto,8.85
green_wave,43,auto,8.0
green_wave,43,moto,22.99
green_wave,43,auto,19.02
green_wave,43,moto,8.28
green_wave,43,moto,25.88
green_wave,43,car,26.7
green_wave,43,moto,6.1
green_wave,43,moto,7.51
green_wave,43,moto,9.32
green_wave,43,moto,22.52
green_wave,43,moto,6.04
green_wave,43,auto,14.15
green_wave,43,moto,5.64
green_wave,43,moto,5.12
green_wave,43,car,8.09
green_wave,43,car,14.34
green_wave,43,moto,8.43
green_wave,43,moto,6.26
green_wave,43,moto,7.04
green_wave,43,moto,12.41
green_wave,43,moto,10.09
green_wave,43,auto,6.85
green_wave,43,auto,6.87
green_wave,43,moto,2.01
green_wave,43,moto,2.77
green_wave,43,auto,23.43
green_wave,43,moto,9.2
green_wave,43,car,22.82
green_wave,43,auto,16.05
green_wave,43,moto,15.74
green_wave,43,auto,12.28
green_wave,43,auto,22.91
green_wave,43,auto,9.57
green_wave,43,auto,14.23
green_wave,43,moto,11.65
green_wave,43,auto,27.05
green_wave,43,car,14.04
green_wave,43,auto,21.86
green_wave,43,moto,15.98
green_wave,43,car,11.47
green_wave,43,car,18.69
green_wave,43,auto,10.19
green_wave,43,moto,4.68
green_wave,43,moto,19.6
green_wave,43,auto,16.87
green_wave,43,moto,13.74
green_wave,43,car,19.96
green_wave,43,moto,19.88
green_wave,43,moto,19.55
green_wave,43,moto,8.05
green_wave,43,moto,22.11
green_wave,43,car,15.53
green_wave,43,moto,6.11
green_wave,43,moto,4.69
green_wave,43,moto,20.67
green_wave,43,auto,18.22
green_wave,43,moto,24.58
green_wave,43,moto,27.02
green_wave,43,moto,14.39
green_wave,43,auto,4.43
green_wave,43,auto,3.72
green_wave,43,auto,24.25
green_wave,43,moto,9.56
green_wave,43,car,4.15
green_wave,43,auto,14.32
green_wave,43,moto,7.9
green_wave,43,moto,6.13
green_wave,43,car,4.56
green_wave,43,auto,11.18
green_wave,43,car,23.87
green_wave,43,moto,2.66
green_wave,43,auto,1.24
green_wave,43,car,18.41
green_wave,43,moto,20.12
green_wave,43,moto,10.8
green_wave,43,moto,20.25
green_wave,43,moto,19.42
green_wave,43,moto,12.63
green_wave,43,car,17.15
green_wave,43,auto,21.75
green_wave,43,moto,16.42
green_wave,43,moto,8.04
green_wave,43,moto,5.4
green_wave,43,car,6.74
green_wave,43,moto,25.79
green_wave,43,moto,6.38
green_wave,43,car,19.26
green_wave,43,moto,13.91
green_wave,43,car,22.89
green_wave,43,moto,10.65
green_wave,43,moto,16.29
green_wave,43,car,1.34
green_wave,43,moto,18.97
green_wave,43,moto,5.46
green_wave,43,moto,23.94
green_wave,43,auto,17.01
green_wave,43,moto,25.4
green_wave,43,auto,24.26
green_wave,43,auto,11.26
green_wave,43,moto,9.93
green_wave,43,moto,5.82
green_wave,43,auto,5.05
green_wave,43,moto,5.88
green_wave,43,car,11.88
green_wave,43,moto,20.94
green_wave,43,moto,21.28
green_wave,43,car,20.39
green_wave,43,car,16.83
green_wave,43,auto,12.6
green_wave,43,moto,7.62
green_wave,43,moto,4.2
green_wave,43,moto,2.84
green_wave,43,car,3.15
green_wave,43,car,8.75
green_wave,43,car,1.16
green_wave,43,moto,2.42
green_wave,43,moto,12.85
green_wave,43,moto,25.58
green_wave,43,moto,24.96
green_wave,43,moto,4.14
green_wave,43,auto,10.36
green_wave,43,auto,14.86
green_wave,43,auto,16.99
green_wave,43,moto,7.26
green_wave,43,auto,9.36
green_wave,43,auto,4.43
green_wave,43,auto,4.59
green_wave,43,moto,24.97
green_wave,43,moto,23.92
green_wave,43,car,23.0
green_wave,43,auto,7.57
green_wave,43,moto,19.69
green_wave,43,auto,17.29
green_wave,43,moto,15.38
green_wave,43,moto,12.27
green_wave,43,moto,13.79
green_wave,43,moto,14.16
green_wave,43,car,16.83
green_wave,43,moto,6.96
green_wave,43,auto,3.28
green_wave,43,moto,17.11
green_wave,43,moto,7.41
green_wave,43,moto,8.18
green_wave,43,moto,7.49
green_wave,43,auto,1.47
green_wave,43,moto,18.52
green_wave,43,auto,20.06
green_wave,43,auto,15.4
green_wave,43,auto,12.21
green_wave,43,car,8.84
green_wave,43,car,23.33
green_wave,43,moto,4.05
green_wave,43,moto,22.27
green_wave,43,moto,24.92
green_wave,43,moto,20.7
green_wave,43,auto,13.75
green_wave,43,moto,17.45
green_wave,43,auto,24.3
green_wave,43,auto,22.75
green_wave,43,car,13.83
green_wave,43,car,19.19
green_wave,43,auto,22.53
green_wave,43,moto,12.56
green_wave,43,auto,10.93
green_wave,43,moto,23.07
green_wave,43,moto,8.16
green_wave,43,moto,13.06
green_wave,43,auto,8.53
green_wave,43,auto,2.37
green_wave,43,moto,20.05
green_wave,43,auto,1.13
green_wave,43,auto,22.48
green_wave,43,moto,19.33
green_wave,43,auto,18.16
green_wave,43,car,14.81
green_wave,43,auto,15.88
green_wave,43,moto,4.57
green_wave,43,moto,5.19
green_wave,43,moto,10.53
green_wave,43,moto,14.91
green_wave,43,moto,2.29
green_wave,43,car,18.14
green_wave,43,moto,15.34
green_wave,43,auto,2.22
green_wave,43,moto,3.98
green_wave,43,moto,9.53
green_wave,43,moto,4.94
green_wave,43,moto,6.33
green_wave,43,auto,3.0
green_wave,43,auto,13.12
green_wave,43,auto,3.28
green_wave,43,auto,7.76
green_wave,43,moto,2.85
green_wave,43,moto,9.15
green_wave,43,auto,9.93
green_wave,43,moto,12.19
green_wave,43,moto,19.22
green_wave,43,moto,9.71
green_wave,43,auto,14.77
green_wave,43,car,0.99
green_wave,43,car,1.97
green_wave,43,moto,2.6
green_wave,43,moto,24.32
green_wave,43,moto,18.38
green_wave,43,moto,13.61
green_wave,43,car,18.36
green_wave,43,moto,8.9
green_wave,43,moto,23.94
green_wave,43,moto,21.61
green_wave,43,moto,20.89
green_wave,43,moto,15.81
green_wave,43,moto,8.31
green_wave,43,moto,2.47
green_wave,43,auto,2.25
green_wave,43,moto,25.44
green_wave,43,auto,24.57
green_wave,43,auto,19.1
green_wave,43,moto,9.2
green_wave,43,moto,23.88
green_wave,43,moto,25.1
green_wave,43,car,18.57
green_wave,43,moto,12.76
green_wave,43,car,13.25
green_wave,43,car,4.09
green_wave,43,moto,23.7
green_wave,43,moto,19.7
green_wave,43,auto,18.68
green_wave,43,car,18.67
green_wave,43,auto,16.22
green_wave,43,auto,15.35
green_wave,43,moto,14.12
green_wave,43,moto,11.61
green_wave,43,moto,23.21
green_wave,43,moto,15.39
green_wave,43,moto,25.33
green_wave,43,car,23.12
green_wave,43,auto,26.5
green_wave,43,auto,6.21
green_wave,43,moto,7.44
green_wave,43,moto,15.92
green_wave,43,moto,21.64
green_wave,43,moto,30.15
green_wave,43,auto,28.83
green_wave,43,auto,5.96
green_wave,43,car,33.76
green_wave,43,auto,24.03
green_wave,43,moto,26.4
green_wave,43,moto,18.29
green_wave,43,moto,21.43
green_wave,43,moto,4.59
green_wave,43,moto,25.3
green_wave,43,moto,23.29
green_wave,43,moto,8.23
green_wave,43,auto,7.01
green_wave,43,auto,3.22
green_wave,43,car,23.57
green_wave,43,auto,9.99
green_wave,43,moto,10.65
green_wave,43,car,17.36
green_wave,43,moto,14.63
green_wave,43,auto,8.89
green_wave,43,auto,22.82
green_wave,43,car,12.47
green_wave,43,moto,17.42
green_wave,43,moto,4.9
green_wave,43,moto,19.12
green_wave,43,auto,10.6
green_wave,43,auto,18.76
green_wave,43,auto,14.32
green_wave,43,auto,1.78
green_wave,43,moto,2.62
green_wave,43,moto,22.76
green_wave,43,moto,15.13
green_wave,43,moto,23.94
green_wave,43,moto,14.94
green_wave,43,moto,21.45
green_wave,43,moto,20.53
green_wave,43,moto,19.29
green_wave,43,moto,12.48
green_wave,43,moto,25.23
green_wave,43,moto,22.68
green_wave,43,car,19.39
green_wave,43,moto,19.21
green_wave,43,moto,2.64
green_wave,43,moto,14.61
green_wave,43,auto,5.25
green_wave,43,moto,9.0
green_wave,43,moto,15.27
green_wave,43,moto,20.02
green_wave,43,auto,10.42
green_wave,43,auto,13.33
green_wave,43,car,8.05
green_wave,43,auto,19.94
green_wave,43,car,4.85
green_wave,43,car,7.35
green_wave,43,moto,13.81
green_wave,43,moto,6.68
green_wave,43,moto,8.62
green_wave,43,car,17.34
green_wave,43,moto,23.31
green_wave,43,moto,5.9
green_wave,43,auto,4.28
green_wave,43,car,23.95
green_wave,43,auto,21.85
green_wave,43,auto,20.49
green_wave,43,car,21.16
green_wave,43,auto,13.9
green_wave,43,auto,22.22
green_wave,43,moto,20.63
green_wave,43,car,1.77
green_wave,43,moto,5.69
green_wave,43,auto,2.76
green_wave,43,auto,3.74
green_wave,43,moto,17.44
green_wave,43,moto,5.3
green_wave,43,auto,2.06
green_wave,43,car,22.37
green_wave,43,moto,8.38
green_wave,43,car,3.5
green_wave,43,moto,21.88
green_wave,43,auto,1.82
green_wave,43,car,5.49
green_wave,43,auto,3.49
green_wave,43,auto,2.75
green_wave,43,moto,19.23
green_wave,43,moto,6.86
green_wave,43,auto,4.66
green_wave,43,moto,18.71
green_wave,43,moto,11.38
green_wave,43,moto,9.05
green_wave,43,moto,8.74
green_wave,43,moto,8.44
green_wave,43,moto,3.76
green_wave,43,moto,2.45
green_wave,43,car,22.41
green_wave,43,moto,13.36
green_wave,43,moto,11.05
green_wave,43,car,18.65
green_wave,43,moto,19.38
green_wave,43,auto,18.83
green_wave,43,moto,21.46
green_wave,43,moto,13.78
green_wave,43,moto,20.64
green_wave,43,moto,21.94
green_wave,43,auto,12.7
green_wave,43,car,24.11
green_wave,43,auto,13.98
green_wave,43,auto,24.75
green_wave,43,auto,1.07
green_wave,43,auto,1.03
green_wave,43,moto,9.03
green_wave,43,car,23.75
green_wave,43,moto,14.89
green_wave,43,auto,8.35
green_wave,43,auto,12.8
green_wave,43,auto,1.14
green_wave,43,moto,1.62
green_wave,43,car,4.26
green_wave,43,moto,24.01
green_wave,43,moto,17.97
green_wave,43,moto,4.2
green_wave,43,moto,21.18
green_wave,43,moto,12.68
green_wave,43,auto,2.03
green_wave,43,moto,14.7
green_wave,43,moto,23.25
green_wave,43,moto,5.01
green_wave,43,moto,8.93
green_wave,43,moto,3.05
green_wave,43,car,1.14
green_wave,43,moto,5.58
green_wave,43,car,4.8
green_wave,43,auto,2.12
green_wave,43,auto,10.77
green_wave,43,moto,3.58
green_wave,43,moto,21.75
green_wave,43,car,4.59
green_wave,43,moto,16.49
green_wave,43,moto,19.81
green_wave,43,moto,7.7
green_wave,43,auto,22.37
green_wave,43,auto,17.43
green_wave,43,moto,14.73
green_wave,43,moto,11.13
green_wave,43,moto,22.52
green_wave,43,auto,16.42
green_wave,43,moto,9.81
green_wave,43,moto,34.74
green_wave,43,moto,17.57
green_wave,43,auto,3.16
green_wave,43,moto,12.72
green_wave,43,car,6.62
green_wave,43,moto,7.21
green_wave,43,auto,22.97
green_wave,43,car,3.87
green_wave,43,moto,20.3
green_wave,43,moto,16.08
green_wave,43,car,0.89
green_wave,43,moto,10.87
green_wave,43,moto,9.91
green_wave,43,moto,5.52
green_wave,43,moto,13.82
green_wave,43,auto,13.73
green_wave,43,moto,23.22
green_wave,43,auto,21.54
green_wave,43,car,7.36
green_wave,43,auto,10.59
green_wave,43,moto,7.33
green_wave,43,moto,23.36
green_wave,43,moto,24.38
green_wave,43,car,3.16
green_wave,43,moto,21.06
green_wave,43,auto,15.81
green_wave,43,auto,14.45
green_wave,43,auto,23.9
green_wave,43,auto,18.93
green_wave,43,moto,5.69
green_wave,43,car,2.23
green_wave,43,moto,2.69
green_wave,43,moto,2.59
green_wave,43,auto,1.4
green_wave,43,moto,2.46
green_wave,43,moto,20.21
green_wave,43,moto,10.79
green_wave,43,moto,15.46
green_wave,43,moto,23.85
green_wave,43,auto,24.01
green_wave,43,moto,20.34
green_wave,43,moto,18.29
green_wave,43,moto,4.98
green_wave,43,auto,15.75
green_wave,43,moto,2.85
green_wave,43,auto,2.6
green_wave,43,moto,22.53
green_wave,43,moto,24.11
green_wave,43,car,14.75
green_wave,43,auto,10.68
green_wave,43,moto,9.14
green_wave,43,auto,20.92
green_wave,43,moto,4.0
green_wave,43,moto,7.31
green_wave,43,car,17.16
green_wave,43,car,18.01
green_wave,43,car,10.21
green_wave,43,moto,25.85
green_wave,43,auto,20.69
green_wave,43,auto,3.59
green_wave,43,moto,10.19
green_wave,43,moto,19.88
green_wave,43,car,13.06
green_wave,43,moto,5.39
green_wave,43,moto,15.45
green_wave,43,moto,4.64
green_wave,43,auto,4.84
green_wave,43,moto,8.98
green_wave,43,moto,24.78
green_wave,43,moto,17.45
green_wave,43,auto,7.02
green_wave,43,car,1.4
green_wave,43,auto,0.95
green_wave,43,car,16.09
green_wave,43,moto,23.15
green_wave,43,moto,16.27
green_wave,43,moto,11.96
green_wave,43,moto,18.02
green_wave,43,moto,24.41
green_wave,43,auto,15.07
green_wave,43,car,20.86
green_wave,43,moto,18.76
green_wave,43,auto,19.7
green_wave,43,moto,15.28
green_wave,43,moto,10.26
green_wave,43,moto,7.64
green_wave,43,moto,5.07
green_wave,43,auto,5.2
green_wave,43,auto,26.27
green_wave,43,moto,11.63
green_wave,43,moto,8.15
green_wave,43,auto,8.8
green_wave,43,moto,19.25
green_wave,43,auto,5.87
green_wave,43,moto,25.6
green_wave,43,auto,22.25
green_wave,43,auto,7.35
green_wave,43,moto,8.12
green_wave,43,auto,20.06
green_wave,43,auto,5.08
green_wave,43,moto,16.92
green_wave,43,moto,13.61
green_wave,43,moto,22.14
green_wave,43,moto,24.47
green_wave,43,moto,2.47
green_wave,43,moto,10.18
green_wave,43,moto,13.23
green_wave,43,moto,13.42
green_wave,43,auto,16.67
green_wave,43,moto,19.36
green_wave,43,moto,20.14
green_wave,43,car,23.92
green_wave,43,moto,4.1
green_wave,43,moto,17.37
green_wave,43,moto,19.61
green_wave,43,auto,9.63
green_wave,43,moto,20.71
green_wave,43,auto,22.91
green_wave,43,car,13.25
green_wave,43,moto,10.62
green_wave,43,moto,15.97
green_wave,43,moto,20.92
green_wave,43,moto,19.84
green_wave,43,moto,36.15
green_wave,43,moto,38.49
green_wave,43,moto,19.72
green_wave,43,moto,24.01
green_wave,43,auto,23.06
green_wave,43,moto,22.82
green_wave,43,moto,14.24
green_wave,43,moto,3.01
green_wave,43,moto,31.56
green_wave,43,moto,8.18
green_wave,43,moto,29.42
green_wave,43,car,32.11
green_wave,43,auto,41.97
green_wave,43,moto,36.42
green_wave,43,moto,24.27
green_wave,43,moto,15.25
green_wave,43,moto,5.73
green_wave,43,auto,1.51
green_wave,43,moto,45.94
green_wave,43,auto,18.1
green_wave,43,moto,2.97
green_wave,43,car,36.3
green_wave,43,moto,30.8
green_wave,43,auto,28.47
green_wave,43,car,34.18
green_wave,43,auto,8.0
green_wave,43,car,10.49
green_wave,43,moto,26.59
green_wave,43,moto,15.49
green_wave,43,moto,8.79
green_wave,43,moto,22.5
green_wave,43,car,21.49
green_wave,43,moto,14.23
green_wave,43,auto,13.0
green_wave,43,moto,21.6
green_wave,43,car,11.36
green_wave,43,moto,9.03
green_wave,43,moto,23.8
green_wave,43,moto,4.02
green_wave,43,moto,2.37
green_wave,43,car,21.77
green_wave,43,moto,23.61
green_wave,43,moto,6.36
green_wave,43,auto,2.41
green_wave,43,moto,13.74
green_wave,43,moto,22.71
green_wave,43,car,6.9
green_wave,43,car,10.88
green_wave,43,moto,20.39
green_wave,43,auto,27.82
green_wave,43,moto,4.5
green_wave,43,moto,5.24
green_wave,43,auto,22.92
green_wave,43,moto,5.59
green_wave,43,auto,3.4
green_wave,43,moto,17.58
green_wave,43,auto,15.61
green_wave,43,car,18.2
green_wave,43,moto,13.03
green_wave,43,car,8.61
green_wave,43,moto,25.61
green_wave,43,auto,21.3
green_wave,43,auto,5.04
green_wave,43,auto,10.31
green_wave,43,moto,24.12
green_wave,43,auto,21.2
green_wave,43,auto,8.04
green_wave,43,moto,27.16
green_wave,43,moto,11.27
green_wave,43,auto,18.06
green_wave,43,moto,5.11
green_wave,43,moto,8.22
green_wave,43,car,12.44
green_wave,43,car,5.55
green_wave,43,moto,13.59
green_wave,43,moto,22.11
green_wave,43,auto,5.79
green_wave,43,moto,15.03
green_wave,43,car,18.46
green_wave,43,moto,5.28
green_wave,43,moto,4.06
green_wave,43,auto,2.45
green_wave,43,auto,27.88
green_wave,43,moto,24.03
green_wave,43,moto,24.78
green_wave,43,moto,5.7
green_wave,43,moto,2.86
green_wave,43,moto,6.27
green_wave,43,auto,8.75
green_wave,43,car,2.02
green_wave,43,auto,7.07
green_wave,43,moto,1.68
green_wave,43,moto,25.6
green_wave,43,moto,6.54
green_wave,43,moto,3.15
green_wave,43,moto,7.72
green_wave,43,moto,4.49
green_wave,43,car,2.74
green_wave,43,moto,18.48
green_wave,43,moto,5.55
green_wave,43,moto,6.71
green_wave,43,auto,9.04
green_wave,43,moto,20.99
green_wave,43,moto,2.65
green_wave,43,moto,4.9
green_wave,43,moto,13.01
green_wave,43,auto,17.76
green_wave,43,moto,14.61
green_wave,43,moto,10.58
green_wave,43,auto,5.63
green_wave,43,car,6.01
green_wave,43,auto,1.5
green_wave,43,moto,16.59
green_wave,43,auto,5.81
green_wave,43,moto,11.69
green_wave,43,car,1.29
green_wave,43,moto,6.39
green_wave,43,moto,14.65
green_wave,43,moto,10.01
green_wave,43,moto,9.27
green_wave,43,car,21.21
green_wave,43,auto,17.18
green_wave,43,auto,5.45
green_wave,43,moto,6.14
green_wave,43,moto,23.32
green_wave,43,moto,17.3
green_wave,43,moto,15.12
green_wave,43,moto,9.16
green_wave,43,moto,21.03
green_wave,43,auto,4.38
green_wave,43,moto,23.09
green_wave,43,car,20.65
green_wave,43,auto,18.7
green_wave,43,car,17.14
green_wave,43,moto,9.5
green_wave,43,moto,20.95
green_wave,43,moto,8.73
green_wave,43,moto,10.37
green_wave,43,car,17.86
green_wave,43,car,21.06
green_wave,43,auto,14.32
green_wave,43,car,18.45
green_wave,43,car,18.99
green_wave,43,moto,3.2
green_wave,43,moto,19.64
green_wave,43,moto,2.96
green_wave,43,car,20.28
green_wave,43,auto,1.09
green_wave,43,moto,3.35
green_wave,43,auto,5.77
green_wave,43,car,3.5
green_wave,43,car,12.53
green_wave,43,moto,6.94
green_wave,43,moto,22.57
green_wave,43,moto,13.03
green_wave,43,moto,3.35
green_wave,43,moto,11.97
green_wave,43,auto,27.84
green_wave,43,auto,20.61
green_wave,43,moto,10.17
green_wave,43,auto,39.35
green_wave,43,car,17.62
green_wave,43,car,33.96
green_wave,43,auto,5.27
green_wave,43,moto,26.8
green_wave,43,moto,15.21
green_wave,43,auto,10.67
green_wave,43,auto,15.04
green_wave,43,moto,12.98
green_wave,43,auto,12.7
green_wave,43,moto,12.87
green_wave,43,auto,5.14
green_wave,43,car,14.69
green_wave,43,moto,4.86
green_wave,43,moto,3.81
green_wave,43,moto,2.66
green_wave,43,moto,14.36
green_wave,43,moto,2.18
green_wave,43,auto,1.2
green_wave,43,moto,22.18
green_wave,43,moto,20.22
green_wave,43,moto,11.56
green_wave,43,moto,16.43
green_wave,43,moto,10.78
green_wave,43,moto,21.73
green_wave,43,moto,12.43
green_wave,43,auto,13.16
green_wave,43,moto,6.3
green_wave,43,auto,22.9
green_wave,43,auto,8.35
green_wave,43,moto,5.24
green_wave,43,car,2.83
green_wave,43,auto,4.56
green_wave,43,moto,16.33
green_wave,43,car,21.48
green_wave,43,moto,7.14
green_wave,43,moto,4.89
green_wave,43,auto,5.37
green_wave,43,car,8.48
green_wave,43,moto,18.24
green_wave,43,car,9.63
green_wave,43,auto,15.61
green_wave,43,moto,12.56
green_wave,43,auto,12.99
green_wave,43,moto,10.57
green_wave,43,auto,9.41
green_wave,43,car,2.05
green_wave,43,moto,3.33
green_wave,43,car,2.3
green_wave,43,moto,23.77
green_wave,43,auto,13.9
green_wave,43,car,14.58
green_wave,43,moto,10.06
green_wave,43,moto,22.88
green_wave,43,moto,8.23
green_wave,43,moto,22.7
green_wave,43,auto,7.49
green_wave,43,moto,14.41
green_wave,43,auto,12.46
green_wave,43,moto,22.16
green_wave,43,moto,16.31
green_wave,43,car,23.37
green_wave,43,moto,27.81
green_wave,43,auto,11.71
green_wave,43,moto,5.9
green_wave,43,moto,23.74
green_wave,43,moto,8.38
green_wave,43,auto,22.16
green_wave,43,moto,20.11
green_wave,43,moto,13.65
green_wave,43,auto,29.28
green_wave,43,moto,5.0
green_wave,43,car,1.25
green_wave,43,auto,2.46
green_wave,43,moto,2.47
green_wave,43,auto,5.21
green_wave,43,car,18.46
green_wave,43,moto,5.47
green_wave,43,moto,21.87
green_wave,43,moto,10.02
green_wave,43,car,11.16
green_wave,43,moto,6.74
green_wave,43,moto,3.88
green_wave,43,moto,25.6
green_wave,43,moto,14.65
green_wave,43,moto,24.83
green_wave,43,auto,18.92
green_wave,43,moto,15.79
green_wave,43,moto,15.97
green_wave,43,moto,8.2
green_wave,43,moto,6.51
green_wave,43,auto,26.49
green_wave,43,auto,14.1
green_wave,43,moto,23.98
green_wave,43,auto,16.7
green_wave,43,auto,23.56
green_wave,43,auto,9.18
green_wave,43,car,6.46
green_wave,43,moto,5.41
green_wave,43,car,9.93
green_wave,43,car,8.56
green_wave,43,moto,3.38
green_wave,43,auto,0.97
green_wave,43,car,1.5
green_wave,43,moto,3.13
green_wave,43,moto,8.16
green_wave,43,car,19.57
green_wave,43,moto,25.65
green_wave,43,moto,11.11
green_wave,43,auto,9.73
green_wave,43,moto,18.87
green_wave,43,moto,23.03
green_wave,43,moto,3.04
green_wave,43,moto,7.42
green_wave,43,car,6.12
green_wave,43,moto,17.77
green_wave,43,moto,10.57
green_wave,43,moto,1.98
green_wave,43,moto,24.56
green_wave,43,moto,22.72
green_wave,43,moto,20.41
green_wave,43,auto,2.24
green_wave,43,car,20.91
green_wave,43,moto,20.41
green_wave,43,moto,19.93
green_wave,43,moto,4.61
green_wave,43,moto,3.21
green_wave,43,auto,14.69
green_wave,43,moto,8.42
green_wave,43,auto,4.2
green_wave,43,auto,6.12
green_wave,43,car,16.88
green_wave,43,moto,21.7
green_wave,43,auto,25.33
green_wave,43,auto,9.83
green_wave,43,moto,2.61
green_wave,43,auto,1.6
green_wave,43,moto,15.17
green_wave,43,moto,1.8
green_wave,43,auto,7.61
green_wave,43,car,6.55
green_wave,43,moto,17.19
green_wave,43,moto,6.18
green_wave,43,moto,18.85
green_wave,43,moto,14.42
green_wave,43,moto,25.26
green_wave,43,moto,24.97
green_wave,43,auto,21.69
green_wave,43,auto,28.03
green_wave,43,moto,17.68
green_wave,43,moto,13.92
green_wave,43,moto,21.16
green_wave,43,auto,23.12
green_wave,43,car,20.24
green_wave,43,moto,10.3
green_wave,43,moto,16.0
green_wave,43,car,8.49
green_wave,43,moto,14.44
green_wave,43,car,8.09
green_wave,43,auto,7.72
green_wave,43,auto,21.98
green_wave,43,moto,12.96
green_wave,43,moto,17.13
green_wave,43,auto,8.77
green_wave,43,car,19.4
green_wave,43,auto,16.06
green_wave,43,moto,12.49
green_wave,43,moto,9.33
green_wave,43,moto,17.11
green_wave,43,moto,11.98
green_wave,43,moto,19.33
green_wave,43,auto,15.75
green_wave,43,auto,23.06
green_wave,43,auto,24.88
green_wave,43,moto,4.9
green_wave,43,moto,23.82
green_wave,43,car,19.07
green_wave,43,moto,6.85
green_wave,43,moto,34.74
green_wave,43,car,26.27
green_wave,43,moto,14.59
green_wave,43,moto,14.69
green_wave,43,moto,1.73
green_wave,43,moto,17.42
green_wave,43,car,33.87
green_wave,43,moto,5.95
green_wave,43,car,5.09
green_wave,43,auto,17.98
green_wave,43,moto,14.03
green_wave,43,car,11.3
green_wave,43,moto,4.16
green_wave,43,moto,18.38
green_wave,43,auto,14.21
green_wave,43,car,5.45
green_wave,43,moto,5.73
green_wave,43,auto,11.69
green_wave,43,moto,3.45
green_wave,43,moto,17.15
green_wave,43,moto,13.33
green_wave,43,moto,16.92
green_wave,43,moto,11.08
green_wave,43,moto,23.6
green_wave,43,moto,2.77
green_wave,43,moto,21.99
green_wave,43,moto,14.65
green_wave,43,auto,23.82
green_wave,43,moto,7.87
green_wave,43,auto,24.15
green_wave,43,moto,18.79
green_wave,43,moto,12.67
green_wave,43,moto,23.97
green_wave,43,moto,38.68
green_wave,43,moto,25.05
green_wave,43,car,6.97
green_wave,43,auto,12.38
green_wave,43,moto,9.33
green_wave,43,moto,9.34
green_wave,43,moto,6.55
green_wave,43,auto,14.66
green_wave,43,moto,15.97
green_wave,43,moto,17.82
green_wave,43,auto,12.85
green_wave,43,auto,2.06
green_wave,43,moto,25.3
green_wave,43,auto,13.35
green_wave,43,auto,36.84
green_wave,43,auto,41.42
green_wave,43,moto,16.59
green_wave,43,moto,12.01
green_wave,43,moto,44.86
green_wave,43,moto,26.56
green_wave,43,moto,27.29
green_wave,43,auto,25.93
green_wave,43,auto,2.84
green_wave,43,moto,5.27
green_wave,43,car,46.28
green_wave,43,auto,19.99
green_wave,43,moto,32.72
green_wave,43,car,34.51
green_wave,43,moto,5.84
green_wave,43,auto,14.5
green_wave,43,moto,18.52
green_wave,43,moto,3.32
green_wave,43,moto,14.07
green_wave,43,moto,11.01
green_wave,43,moto,14.98
green_wave,43,car,10.96
green_wave,43,auto,11.66
green_wave,43,moto,3.08
green_wave,43,auto,5.07
green_wave,43,moto,2.41
green_wave,43,moto,24.22
green_wave,43,moto,20.17
green_wave,43,auto,24.69
green_wave,43,moto,10.19
green_wave,43,moto,25.34
green_wave,43,moto,16.59
green_wave,43,auto,14.0
green_wave,43,moto,2.25
green_wave,43,moto,1.9
green_wave,43,moto,32.94
green_wave,43,auto,10.57
green_wave,43,moto,25.73
green_wave,43,moto,20.15
green_wave,43,auto,20.65
green_wave,43,moto,13.47
green_wave,43,moto,5.73
green_wave,43,car,1.69
green_wave,43,auto,14.06
green_wave,43,auto,22.67
green_wave,43,moto,2.14
green_wave,43,moto,29.76
green_wave,43,auto,21.57
green_wave,43,auto,19.9
green_wave,43,auto,8.93
green_wave,43,auto,29.23
green_wave,43,auto,15.6
green_wave,43,auto,16.6
green_wave,43,moto,4.81
green_wave,43,moto,15.76
green_wave,43,auto,6.26
green_wave,43,auto,26.23
green_wave,43,moto,17.69
green_wave,43,moto,11.83
green_wave,43,car,6.18
green_wave,43,moto,12.81
green_wave,43,moto,8.42
green_wave,43,auto,22.92
green_wave,43,moto,7.37
green_wave,43,moto,11.79
green_wave,43,moto,22.03
green_wave,43,moto,18.21
green_wave,43,moto,14.56
green_wave,43,auto,13.72
green_wave,43,moto,1.71
green_wave,43,moto,25.36
green_wave,43,auto,14.66
green_wave,43,auto,13.27
green_wave,43,moto,37.82
green_wave,43,car,10.25
green_wave,43,moto,40.36
green_wave,43,moto,10.15
green_wave,43,moto,9.69
green_wave,43,auto,5.42
green_wave,43,car,23.89
green_wave,43,moto,14.13
green_wave,43,moto,18.44
green_wave,43,auto,21.25
green_wave,43,moto,10.86
green_wave,43,moto,10.94
green_wave,43,moto,11.94
green_wave,43,moto,25.7
green_wave,43,car,8.5
green_wave,43,car,40.95
green_wave,43,auto,20.38
green_wave,43,moto,10.29
green_wave,43,moto,2.63
green_wave,43,auto,3.02
green_wave,43,moto,7.84
green_wave,43,moto,23.05
green_wave,43,auto,23.91
green_wave,43,moto,18.36
green_wave,43,auto,12.02
green_wave,43,moto,4.03
green_wave,43,moto,5.13
green_wave,43,moto,8.36
green_wave,43,car,22.88
green_wave,43,moto,22.73
green_wave,43,moto,14.85
green_wave,43,moto,17.58
green_wave,43,auto,18.04
green_wave,43,moto,10.4
green_wave,43,moto,11.8
green_wave,43,moto,3.75
green_wave,43,moto,12.2
green_wave,43,auto,6.16
green_wave,43,auto,23.39
green_wave,43,moto,16.99
green_wave,43,car,19.96
green_wave,43,auto,15.8
green_wave,43,moto,11.97
green_wave,43,car,4.04
green_wave,43,car,19.95
green_wave,43,moto,6.83
green_wave,43,car,14.02
green_wave,43,auto,3.86
green_wave,43,moto,5.93
green_wave,43,moto,16.61
green_wave,43,car,8.35
green_wave,43,car,11.38
green_wave,43,auto,18.95
green_wave,43,car,22.07
green_wave,43,auto,24.5
green_wave,43,car,25.43
green_wave,43,car,19.84
green_wave,43,moto,17.69
green_wave,43,auto,5.97
green_wave,43,moto,7.35
green_wave,43,moto,5.74
green_wave,43,moto,9.01
green_wave,43,moto,25.39
green_wave,43,moto,10.61
green_wave,43,auto,10.75
green_wave,43,moto,19.54
green_wave,43,auto,4.26
green_wave,43,moto,11.82
green_wave,43,moto,3.74
green_wave,43,moto,9.13
green_wave,43,moto,14.96
green_wave,43,moto,18.5
green_wave,43,moto,1.46
green_wave,43,auto,10.95
green_wave,43,moto,9.99
green_wave,43,moto,3.17
green_wave,43,moto,15.35
green_wave,43,moto,21.87
green_wave,43,moto,13.05
green_wave,43,moto,6.22
green_wave,43,moto,9.74
green_wave,43,moto,24.25
green_wave,43,moto,22.98
green_wave,43,car,10.84
green_wave,43,moto,11.75
green_wave,43,auto,3.92
green_wave,43,auto,17.83
green_wave,43,auto,3.68
green_wave,43,car,3.31
green_wave,43,moto,4.11
green_wave,43,moto,7.56
green_wave,43,moto,7.39
green_wave,43,car,7.35
green_wave,43,auto,5.9
green_wave,43,moto,19.22
green_wave,43,auto,16.29
green_wave,43,moto,12.29
green_wave,43,auto,17.96
green_wave,43,car,4.3
green_wave,43,moto,11.78
green_wave,43,moto,14.03
green_wave,43,moto,9.25
green_wave,43,moto,4.88
green_wave,43,moto,24.44
green_wave,43,moto,7.27
green_wave,43,moto,10.23
green_wave,43,moto,18.58
green_wave,43,moto,4.32
green_wave,43,moto,1.88
green_wave,43,moto,24.94
green_wave,43,moto,11.76
green_wave,43,auto,16.6
green_wave,43,auto,12.97
green_wave,43,auto,3.2
green_wave,43,auto,8.48
green_wave,43,moto,5.46
green_wave,43,moto,7.14
green_wave,43,moto,25.36
green_wave,43,auto,17.75
green_wave,43,auto,3.06
green_wave,43,moto,10.54
green_wave,43,moto,8.53
green_wave,43,moto,20.59
green_wave,43,moto,5.02
green_wave,43,auto,1.25
green_wave,43,moto,16.01
green_wave,43,auto,21.01
green_wave,43,moto,18.66
green_wave,43,auto,13.98
green_wave,43,auto,25.46
green_wave,43,moto,22.79
green_wave,43,car,19.84
green_wave,43,auto,4.57
green_wave,43,moto,11.46
green_wave,43,auto,20.74
green_wave,43,moto,16.28
green_wave,43,moto,11.28
green_wave,43,auto,13.38
green_wave,43,moto,5.88
green_wave,43,auto,17.35
green_wave,43,car,3.25
green_wave,43,moto,6.9
green_wave,43,moto,16.23
green_wave,43,moto,18.38
green_wave,43,moto,2.52
green_wave,43,auto,1.26
green_wave,43,moto,2.99
green_wave,43,moto,2.16
green_wave,43,moto,14.34
green_wave,43,moto,18.36
green_wave,43,moto,20.88
green_wave,43,moto,15.35
green_wave,43,auto,7.58
green_wave,43,moto,12.04
green_wave,43,car,15.8
green_wave,43,auto,17.69
green_wave,43,auto,10.84
green_wave,43,moto,20.4
green_wave,43,auto,8.26
green_wave,43,auto,19.16
green_wave,43,moto,25.76
green_wave,43,car,8.54
green_wave,43,moto,3.02
green_wave,43,car,6.87
green_wave,43,moto,21.45
green_wave,43,moto,14.51
green_wave,43,moto,20.25
green_wave,43,moto,16.25
green_wave,43,moto,2.74
green_wave,43,moto,17.56
green_wave,43,moto,18.41
green_wave,43,moto,7.76
green_wave,43,moto,26.38
green_wave,43,moto,25.96
green_wave,43,moto,10.77
green_wave,43,car,27.61
green_wave,43,moto,20.19
green_wave,43,moto,15.23
green_wave,43,car,30.73
green_wave,43,moto,21.12
green_wave,43,car,26.45
green_wave,43,car,17.93
green_wave,43,moto,14.43
green_wave,43,car,21.65
green_wave,43,car,29.95
green_wave,43,moto,14.61
green_wave,43,moto,11.16
green_wave,43,moto,12.39
green_wave,43,moto,12.01
green_wave,43,moto,16.38
green_wave,43,car,16.04
green_wave,43,moto,7.09
green_wave,43,car,10.23
green_wave,43,moto,1.59
green_wave,43,car,1.32
green_wave,43,moto,16.09
green_wave,43,moto,17.64
green_wave,43,car,6.49
green_wave,43,moto,9.66
green_wave,43,car,9.19
green_wave,43,moto,24.39
green_wave,43,auto,17.86
green_wave,43,car,1.05
green_wave,43,auto,23.53
green_wave,43,auto,5.17
green_wave,43,moto,24.72
green_wave,43,moto,4.34
green_wave,43,moto,5.56
green_wave,43,moto,19.65
green_wave,43,auto,3.61
green_wave,43,moto,16.2
green_wave,43,auto,22.85
green_wave,43,auto,2.21
green_wave,43,auto,1.89
green_wave,43,auto,1.11
green_wave,43,moto,16.29
green_wave,43,moto,4.47
green_wave,43,moto,23.17
green_wave,43,moto,24.1
green_wave,43,auto,11.29
green_wave,43,auto,17.47
green_wave,43,moto,21.94
green_wave,43,auto,6.68
green_wave,43,moto,7.71
green_wave,43,moto,6.32
green_wave,43,auto,10.14
green_wave,43,moto,4.42
green_wave,43,auto,31.93
green_wave,43,auto,8.55
green_wave,43,auto,6.83
green_wave,43,moto,4.79
green_wave,43,moto,16.15
green_wave,43,moto,15.28
green_wave,43,moto,4.06
green_wave,43,moto,7.82
green_wave,43,moto,4.38
green_wave,43,auto,4.57
green_wave,43,moto,2.14
green_wave,43,moto,2.77
green_wave,43,auto,1.1
green_wave,43,moto,2.69
green_wave,43,moto,25.03
green_wave,43,moto,12.56
green_wave,43,moto,14.29
green_wave,43,moto,19.13
green_wave,43,moto,16.66
green_wave,43,moto,14.2
green_wave,43,moto,20.99
green_wave,43,auto,19.38
green_wave,43,moto,23.84
green_wave,43,moto,4.96
green_wave,43,auto,20.36
green_wave,43,moto,11.1
green_wave,43,moto,21.32
green_wave,43,moto,12.42
green_wave,43,car,12.93
green_wave,43,auto,5.47
green_wave,43,auto,38.73
green_wave,43,moto,27.17
green_wave,43,auto,15.28
green_wave,43,auto,9.54
green_wave,43,moto,9.06
green_wave,43,moto,22.23
green_wave,43,car,24.24
green_wave,43,moto,14.49
green_wave,43,car,5.12
green_wave,43,moto,17.5
green_wave,43,moto,14.4
green_wave,43,moto,2.25
green_wave,43,auto,5.04
green_wave,43,auto,2.64
green_wave,43,auto,1.25
green_wave,43,auto,1.02
green_wave,43,moto,3.53
green_wave,43,moto,16.08
green_wave,43,moto,18.78
green_wave,43,moto,15.01
green_wave,43,moto,13.77
green_wave,43,auto,11.46
green_wave,43,moto,4.61
green_wave,43,moto,14.71
green_wave,43,moto,6.14
green_wave,43,car,5.26
green_wave,43,car,1.39
green_wave,43,auto,15.43
green_wave,43,moto,17.3
green_wave,43,auto,21.27
green_wave,43,auto,14.01
green_wave,43,moto,11.09
green_wave,43,moto,7.89
green_wave,43,moto,2.83
green_wave,43,moto,20.0
green_wave,43,auto,12.07
green_wave,43,car,7.9
green_wave,43,moto,17.31
green_wave,43,auto,6.55
green_wave,43,moto,7.63
green_wave,43,moto,18.07
green_wave,43,car,17.35
green_wave,43,moto,11.78
green_wave,43,moto,15.13
green_wave,43,moto,30.03
green_wave,43,moto,11.34
green_wave,43,moto,8.97
green_wave,43,moto,4.51
green_wave,43,car,19.32
green_wave,43,moto,19.19
green_wave,43,moto,10.2
green_wave,43,moto,18.84
green_wave,43,moto,24.93
green_wave,43,moto,5.37
green_wave,43,car,17.27
green_wave,43,auto,12.7
green_wave,43,moto,8.92
green_wave,43,moto,17.83
green_wave,43,car,5.23
green_wave,43,moto,6.35
green_wave,43,auto,15.38
green_wave,43,moto,13.76
green_wave,43,moto,5.73
green_wave,43,moto,7.47
green_wave,43,moto,25.37
green_wave,43,car,3.93
green_wave,43,moto,10.65
green_wave,43,moto,4.45
green_wave,43,auto,8.48
green_wave,43,moto,22.19
green_wave,43,car,1.36
green_wave,43,moto,13.32
green_wave,43,moto,4.26
green_wave,43,moto,24.82
green_wave,43,moto,19.8
green_wave,43,moto,17.36
green_wave,43,moto,7.32
green_wave,43,moto,8.36
green_wave,43,moto,19.16
green_wave,43,auto,4.24
green_wave,43,car,27.06
green_wave,43,moto,18.94
green_wave,43,car,3.88
green_wave,43,car,30.32
green_wave,43,auto,9.52
green_wave,43,moto,22.54
green_wave,43,auto,23.22
green_wave,43,moto,24.34
green_wave,43,moto,6.36
green_wave,43,moto,1.57
green_wave,43,moto,9.89
green_wave,43,moto,14.78
green_wave,43,moto,26.28
green_wave,43,moto,7.1
green_wave,43,moto,11.75
green_wave,43,auto,9.42
green_wave,43,moto,15.23
green_wave,43,auto,13.74
green_wave,43,auto,11.7
green_wave,43,moto,1.86
green_wave,43,auto,3.15
green_wave,43,car,1.4
green_wave,43,moto,2.58
green_wave,43,moto,21.5
green_wave,43,auto,21.35
green_wave,43,moto,2.6
green_wave,43,moto,2.19
green_wave,43,moto,21.68
green_wave,43,auto,17.85
green_wave,43,auto,10.94
green_wave,43,auto,2.17
green_wave,43,auto,13.41
green_wave,43,moto,15.14
green_wave,43,car,19.9
green_wave,43,car,12.76
green_wave,43,moto,16.69
green_wave,43,moto,14.09
green_wave,43,moto,9.47
green_wave,43,car,17.16
green_wave,43,moto,9.48
green_wave,43,car,6.08
green_wave,43,moto,6.52
green_wave,43,moto,15.37
green_wave,43,car,15.62
green_wave,43,moto,3.78
green_wave,43,moto,19.56
green_wave,43,moto,14.97
green_wave,43,moto,23.4
green_wave,43,moto,24.34
green_wave,43,moto,8.92
green_wave,43,moto,8.71
green_wave,43,moto,12.77
green_wave,43,auto,3.58
green_wave,43,moto,23.36
green_wave,43,auto,13.38
green_wave,43,moto,18.81
green_wave,43,moto,20.33
green_wave,43,car,22.04
green_wave,43,moto,10.2
green_wave,43,auto,3.26
green_wave,43,moto,15.84
green_wave,43,moto,10.18
green_wave,43,car,8.68
green_wave,43,moto,4.76
green_wave,43,moto,7.42
green_wave,43,moto,5.35
green_wave,43,moto,14.94
green_wave,43,moto,7.13
green_wave,43,moto,21.68
green_wave,43,moto,11.95
green_wave,43,car,21.4
green_wave,43,auto,17.74
green_wave,43,moto,10.83
green_wave,43,auto,15.69
green_wave,43,moto,24.53
green_wave,43,moto,6.37
green_wave,43,moto,20.53
green_wave,43,auto,2.8
green_wave,43,car,2.07
green_wave,43,car,3.67
green_wave,43,car,3.82
green_wave,43,auto,2.97
green_wave,43,moto,12.32
green_wave,43,auto,1.17
green_wave,43,moto,17.74
green_wave,43,moto,9.07
green_wave,43,moto,7.46
green_wave,43,auto,1.24
green_wave,43,moto,3.67
green_wave,43,moto,22.58
green_wave,43,moto,2.48
green_wave,43,car,18.96
green_wave,43,auto,16.36
green_wave,43,moto,9.47
green_wave,43,moto,22.24
green_wave,43,moto,10.79
green_wave,43,moto,7.44
green_wave,43,auto,20.98
green_wave,43,auto,9.23
green_wave,43,moto,8.39
green_wave,43,moto,8.62
green_wave,43,moto,26.49
green_wave,43,moto,5.78
green_wave,43,moto,24.17
green_wave,43,moto,5.36
green_wave,43,auto,4.64
green_wave,43,auto,3.16
green_wave,43,moto,6.92
green_wave,43,auto,2.83
green_wave,43,auto,18.01
green_wave,43,moto,20.47
green_wave,43,moto,3.4
green_wave,43,auto,23.6
green_wave,43,moto,5.69
green_wave,43,moto,4.05
green_wave,43,auto,1.77
green_wave,43,moto,15.52
green_wave,43,auto,19.81
green_wave,43,moto,19.21
green_wave,43,car,10.93
green_wave,43,moto,7.08
green_wave,43,moto,12.82
green_wave,43,car,8.74
green_wave,43,car,5.95
green_wave,43,moto,38.48
green_wave,43,car,10.84
green_wave,43,moto,6.19
green_wave,43,moto,5.23
green_wave,43,car,3.61
green_wave,43,moto,5.62
green_wave,43,moto,18.69
green_wave,43,auto,1.3
green_wave,43,car,16.31
green_wave,43,moto,16.01
green_wave,43,moto,13.68
green_wave,43,moto,4.33
green_wave,43,auto,9.94
green_wave,43,moto,12.32
green_wave,43,car,7.73
green_wave,43,auto,24.88
green_wave,43,moto,20.13
green_wave,43,moto,17.5
green_wave,43,moto,10.65
green_wave,43,moto,11.0
green_wave,43,auto,6.96
green_wave,43,moto,5.48
green_wave,43,auto,23.18
green_wave,43,auto,23.64
green_wave,43,auto,20.14
green_wave,43,auto,7.79
green_wave,43,auto,9.16
green_wave,43,auto,4.25
green_wave,43,moto,5.42
green_wave,43,auto,7.86
green_wave,43,moto,4.66
green_wave,43,moto,5.57
green_wave,43,moto,2.08
green_wave,43,moto,19.85
green_wave,43,moto,13.79
green_wave,43,auto,4.66
green_wave,43,moto,23.58
green_wave,43,moto,15.49
green_wave,43,moto,5.08
green_wave,43,moto,5.59
green_wave,43,moto,4.67
green_wave,43,moto,13.69
green_wave,43,moto,7.19
green_wave,43,moto,18.91
green_wave,43,auto,22.97
green_wave,43,car,13.57
green_wave,43,moto,9.37
green_wave,43,moto,20.05
green_wave,43,moto,11.2
green_wave,43,moto,20.96
green_wave,43,auto,1.92
green_wave,43,car,21.84
green_wave,43,car,20.85
green_wave,43,auto,4.19
green_wave,43,moto,14.22
green_wave,43,moto,9.2
green_wave,43,car,2.04
green_wave,43,moto,7.5
green_wave,43,moto,17.82
green_wave,43,car,12.72
green_wave,43,car,13.6
green_wave,43,moto,11.09
green_wave,43,auto,1.0
green_wave,43,moto,4.3
green_wave,43,moto,18.2
green_wave,43,moto,10.13
green_wave,43,auto,1.15
green_wave,43,moto,19.43
green_wave,43,auto,6.21
green_wave,43,car,14.09
green_wave,43,car,26.01
green_wave,43,moto,13.52
green_wave,43,auto,10.31
green_wave,43,auto,17.43
green_wave,43,moto,4.51
green_wave,43,moto,16.62
green_wave,43,auto,15.5
green_wave,43,moto,11.29
green_wave,43,auto,16.25
green_wave,43,auto,19.38
green_wave,43,moto,16.21
green_wave,43,auto,16.09
green_wave,43,auto,13.59
green_wave,43,moto,4.35
green_wave,43,moto,25.06
green_wave,43,car,18.65
green_wave,43,moto,18.44
green_wave,43,car,14.47
green_wave,43,moto,6.79
green_wave,43,auto,19.43
green_wave,43,car,3.82
green_wave,43,car,15.42
green_wave,43,car,1.75
green_wave,43,auto,1.15
green_wave,43,moto,7.98
green_wave,43,auto,9.76
green_wave,43,moto,19.63
green_wave,43,auto,40.22
green_wave,43,moto,12.97
green_wave,43,moto,27.0
green_wave,43,moto,15.02
green_wave,43,auto,15.97
green_wave,43,moto,5.72
green_wave,43,moto,6.55
green_wave,43,moto,5.07
green_wave,43,moto,8.28
green_wave,43,moto,14.59
green_wave,43,moto,3.07
green_wave,43,auto,17.53
green_wave,43,moto,17.64
green_wave,43,moto,2.33
green_wave,43,car,22.53
green_wave,43,moto,17.81
green_wave,43,moto,20.13
green_wave,43,moto,7.55
green_wave,43,moto,14.99
green_wave,43,moto,25.27
green_wave,43,moto,20.66
green_wave,43,moto,9.95
green_wave,43,moto,17.04
green_wave,43,auto,10.99
green_wave,43,moto,2.23
green_wave,43,moto,26.65
green_wave,43,moto,15.44
green_wave,43,auto,5.86
green_wave,43,moto,5.67
green_wave,43,auto,19.54
green_wave,43,auto,16.79
green_wave,43,moto,14.4
green_wave,43,moto,6.28
green_wave,43,moto,5.78
green_wave,43,auto,7.91
green_wave,43,auto,3.56
green_wave,43,moto,26.64
green_wave,43,auto,20.48
green_wave,43,moto,2.53
green_wave,43,car,16.72
green_wave,43,moto,3.91
green_wave,43,moto,20.32
green_wave,43,moto,3.46
green_wave,43,car,19.73
green_wave,43,auto,1.87
green_wave,43,moto,18.05
green_wave,43,moto,17.11
green_wave,43,moto,24.8
green_wave,43,auto,20.01
green_wave,43,moto,18.03
green_wave,43,moto,15.66
green_wave,43,car,16.94
green_wave,43,car,14.08
green_wave,43,auto,14.36
green_wave,43,moto,22.99
green_wave,43,moto,19.56
green_wave,43,moto,17.77
green_wave,43,moto,10.51
green_wave,43,car,21.77
green_wave,43,car,16.97
green_wave,43,auto,11.24
green_wave,43,car,10.7
green_wave,43,moto,11.17
green_wave,43,auto,4.07
green_wave,43,moto,13.5
green_wave,43,moto,17.03
green_wave,43,auto,5.96
green_wave,43,auto,1.62
green_wave,43,moto,16.79
green_wave,43,moto,11.56
green_wave,43,car,1.49
green_wave,43,moto,2.3
green_wave,43,moto,1.87
green_wave,43,auto,1.17
green_wave,43,car,20.82
green_wave,43,moto,4.7
green_wave,43,auto,24.93
green_wave,43,auto,22.59
green_wave,43,moto,19.56
green_wave,43,moto,10.73
green_wave,43,moto,28.32
green_wave,43,moto,23.93
green_wave,43,moto,21.26
green_wave,43,moto,8.16
green_wave,43,moto,16.53
green_wave,43,auto,27.35
green_wave,43,auto,6.41
green_wave,43,moto,19.61
green_wave,43,moto,7.24
green_wave,43,auto,4.03
green_wave,43,moto,7.65
green_wave,43,moto,6.33
green_wave,43,moto,21.37
green_wave,43,moto,22.07
green_wave,43,moto,13.18
green_wave,43,moto,23.75
green_wave,43,moto,20.34
green_wave,43,moto,2.11
green_wave,43,moto,4.82
green_wave,43,car,4.28
green_wave,43,moto,14.33
green_wave,43,auto,22.05
green_wave,43,moto,13.8
green_wave,43,car,13.55
green_wave,43,auto,14.61
green_wave,43,auto,21.86
green_wave,43,moto,17.1
green_wave,43,moto,5.56
green_wave,43,moto,12.71
green_wave,43,auto,26.04
green_wave,43,moto,9.79
green_wave,43,moto,5.01
green_wave,43,auto,24.36
green_wave,43,moto,16.34
green_wave,43,moto,29.77
green_wave,43,auto,6.76
green_wave,43,moto,5.83
green_wave,43,moto,19.5
green_wave,43,moto,24.8
green_wave,43,car,21.98
green_wave,43,car,24.56
green_wave,43,moto,14.51
green_wave,43,moto,2.77
green_wave,43,auto,21.94
green_wave,43,moto,20.57
green_wave,43,moto,4.79
green_wave,43,moto,22.52
green_wave,43,moto,8.55
green_wave,43,moto,21.74
green_wave,43,moto,17.26
green_wave,43,moto,7.12
green_wave,43,moto,5.82
green_wave,43,car,39.36
green_wave,43,moto,5.17
green_wave,43,auto,19.1
green_wave,43,moto,13.76
green_wave,43,car,8.32
green_wave,43,moto,12.51
green_wave,43,moto,9.31
green_wave,43,moto,10.27
green_wave,43,moto,16.68
green_wave,43,auto,9.43
green_wave,43,moto,20.39
green_wave,43,auto,5.33
green_wave,43,moto,11.67
green_wave,43,moto,22.58
green_wave,43,auto,19.3
green_wave,43,moto,12.17
green_wave,43,moto,8.07
green_wave,43,moto,20.03
green_wave,43,moto,26.56
green_wave,43,car,20.19
green_wave,43,moto,23.79
green_wave,43,auto,8.99
green_wave,43,moto,7.27
green_wave,43,moto,4.73
green_wave,43,moto,4.76
green_wave,43,car,9.17
green_wave,43,moto,12.9
green_wave,43,moto,8.0
green_wave,43,moto,23.41
green_wave,43,moto,17.21
green_wave,43,car,13.88
green_wave,43,moto,19.44
green_wave,43,car,1.18
green_wave,43,car,15.05
green_wave,43,moto,8.02
green_wave,43,moto,7.59
green_wave,43,moto,23.26
green_wave,43,car,22.66
green_wave,43,moto,21.87
green_wave,43,car,19.36
green_wave,43,car,26.2
green_wave,43,auto,19.88
green_wave,43,moto,15.62
green_wave,43,moto,19.79
green_wave,43,auto,10.01
green_wave,43,moto,6.42
green_wave,43,auto,14.83
green_wave,43,moto,12.47
green_wave,43,car,2.02
green_wave,43,auto,3.66
green_wave,43,auto,4.35
green_wave,43,moto,1.97
green_wave,43,moto,9.97
green_wave,43,moto,14.12
green_wave,43,auto,14.06
green_wave,43,moto,4.68
green_wave,43,auto,12.02
green_wave,43,auto,6.89
green_wave,43,moto,3.91
green_wave,43,car,1.9
green_wave,43,moto,3.18
green_wave,43,moto,7.14
green_wave,43,car,24.97
green_wave,43,moto,13.15
green_wave,43,moto,10.15
green_wave,43,car,24.57
green_wave,43,auto,25.62
green_wave,43,moto,3.7
green_wave,43,moto,2.94
green_wave,43,moto,18.59
green_wave,43,moto,26.12
green_wave,43,auto,23.77
green_wave,43,moto,5.14
green_wave,43,moto,11.37
green_wave,43,moto,6.51
green_wave,43,moto,13.39
green_wave,43,car,4.28
green_wave,43,moto,21.01
green_wave,43,moto,18.8
green_wave,43,auto,11.23
green_wave,43,moto,8.13
green_wave,43,moto,3.23
green_wave,43,moto,1.86
green_wave,43,moto,20.73
green_wave,43,moto,20.15
green_wave,43,moto,19.96
green_wave,43,moto,4.01
green_wave,43,moto,2.1
green_wave,43,moto,18.28
green_wave,43,auto,2.46
green_wave,43,car,6.55
green_wave,43,moto,25.78
green_wave,43,auto,14.62
green_wave,43,moto,10.92
green_wave,43,moto,7.61
green_wave,43,moto,5.74
green_wave,43,car,5.49
green_wave,43,moto,2.34
green_wave,43,moto,30.78
green_wave,43,moto,11.33
green_wave,43,moto,25.1
green_wave,43,car,4.71
green_wave,43,auto,5.66
green_wave,43,moto,13.04
green_wave,43,moto,11.15
green_wave,43,car,4.4
green_wave,43,moto,2.31
green_wave,43,car,4.38
green_wave,43,moto,13.66
green_wave,43,auto,8.87
green_wave,43,auto,22.82
green_wave,43,moto,19.61
green_wave,43,auto,21.24
green_wave,43,car,17.98
green_wave,43,moto,15.64
green_wave,43,car,3.42
green_wave,43,moto,15.55
green_wave,43,moto,17.74
green_wave,43,car,23.69
green_wave,43,auto,24.32
green_wave,43,auto,20.43
green_wave,43,auto,13.8
green_wave,43,moto,9.18
green_wave,43,moto,5.14
green_wave,43,auto,11.38
green_wave,43,auto,3.0
green_wave,43,moto,19.31
green_wave,43,moto,12.79
green_wave,43,moto,9.52
green_wave,43,auto,7.86
green_wave,43,moto,8.06
green_wave,43,moto,6.76
green_wave,43,moto,21.07
green_wave,43,auto,10.2
green_wave,43,moto,6.75
green_wave,43,auto,4.25
green_wave,43,auto,4.43
green_wave,43,moto,19.87
green_wave,43,auto,16.56
green_wave,43,moto,9.88
green_wave,43,moto,20.85
green_wave,43,moto,2.58
green_wave,43,moto,8.89
green_wave,43,auto,25.35
green_wave,43,auto,9.21
green_wave,43,car,18.23
green_wave,43,moto,16.08
green_wave,43,moto,11.87
green_wave,43,auto,10.7
green_wave,43,moto,17.12
green_wave,43,auto,13.36
green_wave,43,moto,7.2
green_wave,43,auto,10.87
green_wave,43,car,13.47
green_wave,43,auto,5.56
green_wave,43,moto,4.63
green_wave,43,auto,4.95
green_wave,43,moto,4.82
green_wave,43,moto,6.66
green_wave,43,car,20.55
green_wave,43,moto,24.3
green_wave,43,moto,21.81
green_wave,43,car,21.91
green_wave,43,car,17.09
green_wave,43,moto,17.17
green_wave,43,moto,2.02
green_wave,43,moto,28.12
green_wave,43,moto,24.59
green_wave,43,moto,23.07
green_wave,43,moto,18.15
green_wave,43,moto,20.88
green_wave,43,moto,22.39
green_wave,43,moto,20.05
green_wave,43,moto,9.91
green_wave,43,moto,18.59
green_wave,43,moto,16.11
green_wave,43,moto,21.34
green_wave,43,auto,18.28
green_wave,43,moto,14.14
green_wave,43,car,16.98
green_wave,43,auto,12.98
green_wave,43,moto,9.55
green_wave,43,auto,8.68
green_wave,43,car,18.19
green_wave,43,auto,10.51
green_wave,43,car,4.65
green_wave,43,moto,8.75
green_wave,43,moto,5.99
green_wave,43,moto,12.29
green_wave,43,auto,8.46
green_wave,43,moto,7.52
green_wave,43,moto,15.3
green_wave,43,moto,10.18
green_wave,43,auto,1.03
green_wave,43,moto,18.18
green_wave,43,moto,21.69
green_wave,43,moto,7.97
green_wave,43,car,11.11
green_wave,43,auto,19.28
green_wave,43,auto,1.91
green_wave,43,moto,22.45
green_wave,43,moto,23.51
green_wave,43,moto,17.3
green_wave,43,moto,6.81
green_wave,43,moto,7.35
green_wave,43,moto,25.45
green_wave,43,moto,22.6
green_wave,43,moto,20.12
green_wave,43,moto,24.69
green_wave,43,auto,24.44
green_wave,43,moto,21.73
green_wave,43,moto,17.6
green_wave,43,moto,15.14
green_wave,43,auto,9.0
green_wave,43,moto,23.82
green_wave,43,auto,16.13
green_wave,43,auto,11.97
green_wave,43,auto,18.8
green_wave,43,moto,23.93
green_wave,43,moto,9.35
green_wave,43,moto,8.44
green_wave,43,auto,3.48
green_wave,43,auto,1.4
green_wave,43,auto,5.72
green_wave,43,moto,10.15
green_wave,43,moto,16.59
green_wave,43,car,7.82
green_wave,43,auto,1.18
green_wave,43,moto,2.4
green_wave,43,moto,1.36
green_wave,43,moto,15.63
green_wave,43,moto,7.99
green_wave,43,moto,16.65
green_wave,43,car,16.98
green_wave,43,car,17.85
green_wave,43,moto,22.03
green_wave,43,moto,6.57
green_wave,43,moto,15.32
green_wave,43,auto,10.0
green_wave,43,moto,22.43
green_wave,43,moto,12.66
green_wave,43,car,19.32
green_wave,43,car,16.15
green_wave,43,auto,18.38
green_wave,43,moto,6.78
green_wave,43,auto,11.02
green_wave,43,moto,8.37
green_wave,43,moto,1.97
green_wave,43,auto,1.15
green_wave,43,car,15.69
green_wave,43,moto,14.58
green_wave,43,moto,8.31
green_wave,43,moto,13.11
green_wave,43,moto,20.27
green_wave,43,auto,13.16
green_wave,43,moto,35.78
green_wave,43,car,23.16
green_wave,43,moto,20.13
green_wave,43,auto,15.75
green_wave,43,car,7.86
green_wave,43,moto,9.24
green_wave,43,moto,25.6
green_wave,43,moto,9.31
green_wave,43,moto,6.3
green_wave,43,moto,1.92
green_wave,43,car,8.0
green_wave,43,moto,6.8
green_wave,43,moto,12.45
green_wave,43,auto,15.73
green_wave,43,auto,3.42
green_wave,43,car,19.57
green_wave,43,moto,12.0
green_wave,43,moto,19.02
green_wave,43,moto,1.92
green_wave,43,moto,3.58
green_wave,43,car,14.2
green_wave,43,moto,19.38
green_wave,43,moto,6.66
green_wave,43,moto,1.96
green_wave,43,moto,22.22
green_wave,43,auto,20.04
green_wave,43,car,20.91
green_wave,43,auto,27.35
green_wave,43,moto,25.25
green_wave,43,auto,11.94
green_wave,43,car,33.07
green_wave,43,auto,36.04
green_wave,43,auto,22.11
green_wave,43,moto,30.15
green_wave,43,auto,24.94
green_wave,43,moto,34.7
green_wave,43,auto,25.33
green_wave,43,auto,13.27
green_wave,43,auto,11.98
green_wave,43,moto,2.71
green_wave,43,moto,1.97
green_wave,43,auto,19.79
green_wave,43,auto,25.82
green_wave,43,auto,6.49
green_wave,43,moto,5.63
green_wave,43,car,5.98
green_wave,43,moto,1.69
green_wave,43,auto,12.68
green_wave,43,moto,9.04
green_wave,43,moto,11.3
green_wave,43,moto,6.41
green_wave,43,auto,9.78
green_wave,43,car,1.29
green_wave,43,moto,12.8
green_wave,43,auto,16.29
green_wave,43,moto,12.72
green_wave,43,moto,14.0
green_wave,43,moto,7.51
green_wave,43,moto,23.52
green_wave,43,auto,24.44
green_wave,43,auto,23.01
green_wave,43,car,5.41
green_wave,43,auto,5.72
green_wave,43,moto,12.52
green_wave,43,moto,16.55
green_wave,43,moto,7.23
green_wave,43,car,1.32
green_wave,43,moto,22.0
green_wave,43,auto,15.75
green_wave,43,moto,21.52
green_wave,43,car,4.9
green_wave,43,moto,19.57
green_wave,43,moto,26.15
green_wave,43,car,12.7
green_wave,43,moto,12.31
green_wave,43,moto,25.61
green_wave,43,moto,4.88
green_wave,43,moto,7.72
green_wave,43,moto,5.31
green_wave,43,auto,0.92
green_wave,43,auto,2.67
green_wave,43,auto,3.47
green_wave,43,auto,1.84
green_wave,43,car,8.94
green_wave,43,auto,19.74
green_wave,43,auto,1.12
green_wave,43,moto,2.4
green_wave,43,car,1.78
green_wave,43,moto,2.35
green_wave,43,moto,6.23
green_wave,43,moto,2.8
green_wave,43,moto,18.15
green_wave,43,moto,15.23
green_wave,43,car,12.39
green_wave,43,moto,10.06
green_wave,43,moto,6.12
green_wave,43,moto,3.21
green_wave,43,moto,25.13
green_wave,43,moto,10.45
green_wave,43,moto,2.17
green_wave,43,moto,11.81
green_wave,43,auto,4.12
green_wave,43,auto,23.56
green_wave,43,car,3.38
green_wave,43,auto,10.41
green_wave,43,car,14.26
green_wave,43,auto,15.0
green_wave,43,moto,17.34
green_wave,43,auto,19.08
green_wave,43,moto,2.11
green_wave,43,moto,26.58
green_wave,43,moto,38.14
green_wave,43,moto,19.3
green_wave,43,moto,34.06
green_wave,43,moto,26.17
green_wave,43,moto,14.52
green_wave,43,moto,23.47
green_wave,43,moto,27.77
green_wave,43,moto,25.74
green_wave,43,car,20.39
green_wave,43,auto,21.12
green_wave,43,moto,10.71
green_wave,43,moto,1.61
green_wave,43,auto,23.33
green_wave,43,auto,25.56
green_wave,43,auto,24.49
green_wave,43,auto,4.95
green_wave,43,moto,24.51
green_wave,43,moto,6.65
green_wave,43,moto,21.97
green_wave,43,moto,21.31
green_wave,43,car,12.93
green_wave,43,car,5.36
green_wave,43,moto,7.02
green_wave,43,car,19.31
green_wave,43,moto,12.62
green_wave,43,auto,3.71
green_wave,43,car,1.95
green_wave,43,moto,12.3
green_wave,43,auto,20.93
green_wave,43,moto,19.48
green_wave,43,moto,1.84
green_wave,43,auto,19.98
green_wave,43,moto,2.16
green_wave,43,moto,26.0
green_wave,43,moto,23.73
green_wave,43,moto,25.62
green_wave,43,moto,23.51
green_wave,43,moto,19.62
green_wave,43,moto,25.03
green_wave,43,moto,13.54
green_wave,43,moto,39.52
green_wave,43,moto,7.37
green_wave,43,moto,26.93
green_wave,43,auto,26.25
green_wave,43,moto,13.59
green_wave,43,car,13.41
green_wave,43,moto,7.98
green_wave,43,auto,20.95
green_wave,43,moto,12.09
green_wave,43,moto,8.84
green_wave,43,auto,24.97
green_wave,43,auto,4.15
green_wave,43,auto,8.73
green_wave,43,moto,15.3
green_wave,43,moto,2.36
green_wave,43,auto,1.16
green_wave,43,moto,3.74
green_wave,43,car,2.04
green_wave,43,moto,23.82
green_wave,43,moto,18.82
green_wave,43,car,8.26
green_wave,43,moto,5.49
green_wave,43,auto,10.94
green_wave,43,auto,1.12
green_wave,43,auto,23.7
green_wave,43,auto,6.94
green_wave,43,moto,14.12
green_wave,43,moto,5.18
green_wave,43,moto,24.29
green_wave,43,car,24.09
green_wave,43,auto,16.77
green_wave,43,moto,17.98
green_wave,43,moto,12.54
green_wave,43,moto,14.93
green_wave,43,moto,6.5
green_wave,43,moto,21.17
green_wave,43,auto,10.79
green_wave,43,auto,7.5
green_wave,43,moto,2.18
green_wave,43,moto,20.77
green_wave,43,moto,21.78
green_wave,43,auto,3.02
green_wave,43,auto,12.12
green_wave,43,car,25.8
green_wave,43,auto,24.21
green_wave,43,car,6.61
green_wave,43,moto,23.17
green_wave,43,car,20.89
green_wave,43,moto,26.78
green_wave,43,auto,13.93
green_wave,43,moto,2.56
green_wave,43,moto,23.65
green_wave,43,moto,17.35
green_wave,43,moto,23.62
green_wave,43,auto,8.38
green_wave,43,moto,8.54
green_wave,43,moto,8.44
green_wave,43,auto,5.56
green_wave,43,moto,17.63
green_wave,43,car,10.38
green_wave,43,moto,12.52
green_wave,43,moto,8.31
green_wave,43,moto,9.19
green_wave,43,car,4.51
green_wave,43,moto,23.9
green_wave,43,car,18.69
green_wave,43,moto,3.39
green_wave,43,moto,11.84
green_wave,43,moto,12.26
green_wave,43,moto,24.38
green_wave,43,moto,19.47
green_wave,43,moto,4.11
green_wave,43,auto,22.13
green_wave,43,moto,7.22
green_wave,43,auto,10.31
green_wave,43,car,28.49
green_wave,43,auto,7.77
green_wave,43,auto,14.15
green_wave,43,moto,41.1
green_wave,43,moto,12.94
green_wave,43,moto,8.98
green_wave,43,moto,7.31
green_wave,43,car,5.9
green_wave,43,moto,14.4
green_wave,43,auto,14.54
green_wave,43,moto,10.71
green_wave,43,moto,4.12
green_wave,43,moto,13.48
green_wave,43,moto,14.73
green_wave,43,auto,2.82
green_wave,43,moto,9.5
green_wave,43,auto,4.97
green_wave,43,auto,4.59
green_wave,43,moto,2.65
green_wave,43,moto,11.96
green_wave,43,car,6.86
green_wave,43,moto,9.63
green_wave,43,auto,11.24
green_wave,43,moto,1.59
green_wave,43,auto,1.72
green_wave,43,moto,2.39
green_wave,43,car,23.11
green_wave,43,car,20.89
green_wave,43,car,6.24
green_wave,43,moto,6.91
green_wave,43,car,12.93
green_wave,43,auto,24.58
green_wave,43,auto,14.28
green_wave,43,car,15.41
green_wave,43,moto,2.73
green_wave,43,moto,10.76
green_wave,43,moto,11.42
green_wave,43,car,12.08
green_wave,43,auto,13.29
green_wave,43,car,7.41
green_wave,43,car,9.88
green_wave,43,moto,7.34
green_wave,43,auto,4.97
green_wave,43,auto,5.36
green_wave,43,moto,6.68
green_wave,43,moto,4.32
green_wave,43,auto,1.14
green_wave,43,moto,5.77
green_wave,43,moto,8.68
green_wave,43,car,5.09
green_wave,43,moto,1.9
green_wave,43,auto,14.0
green_wave,43,car,2.2
green_wave,43,moto,22.67
green_wave,43,moto,23.36
green_wave,43,moto,14.52
green_wave,43,moto,8.5
green_wave,43,moto,6.19
green_wave,43,moto,21.87
green_wave,43,auto,25.45
green_wave,43,car,15.77
green_wave,43,auto,7.76
green_wave,43,car,23.81
green_wave,43,car,21.58
green_wave,43,car,12.41
green_wave,43,moto,28.74
green_wave,43,auto,25.68
green_wave,43,auto,2.8
green_wave,43,car,31.81
green_wave,43,moto,23.25
green_wave,43,moto,23.33
green_wave,43,moto,23.06
green_wave,43,auto,8.77
green_wave,43,auto,18.17
green_wave,43,moto,19.53
green_wave,43,auto,18.38
green_wave,43,moto,12.72
green_wave,43,moto,22.54
green_wave,43,moto,2.6
green_wave,43,auto,14.23
green_wave,43,moto,2.66
green_wave,43,car,10.54
green_wave,43,moto,23.65
green_wave,43,moto,15.65
green_wave,43,auto,14.63
green_wave,43,auto,21.48
green_wave,43,auto,6.06
green_wave,43,auto,3.93
green_wave,43,moto,36.46
green_wave,43,car,9.64
green_wave,43,car,8.42
green_wave,43,moto,7.43
green_wave,43,auto,22.79
green_wave,43,moto,25.09
green_wave,43,auto,22.1
green_wave,43,car,17.55
green_wave,43,moto,7.09
green_wave,43,moto,12.31
green_wave,43,car,19.36
green_wave,43,moto,2.36
green_wave,43,moto,3.24
green_wave,43,moto,16.33
green_wave,43,moto,13.0
green_wave,43,moto,13.59
green_wave,43,moto,11.67
green_wave,43,moto,6.18
green_wave,43,moto,9.67
green_wave,43,auto,13.47
green_wave,43,car,23.86
green_wave,43,auto,7.77
green_wave,43,moto,5.15
green_wave,43,moto,23.0
green_wave,43,moto,19.36
green_wave,43,moto,24.31
green_wave,43,moto,18.65
green_wave,43,moto,6.18
green_wave,43,auto,11.13
green_wave,43,moto,9.88
green_wave,43,moto,6.77
green_wave,43,auto,4.86
green_wave,43,moto,4.64
green_wave,43,moto,5.54
green_wave,43,auto,3.49
green_wave,43,moto,2.56
green_wave,43,auto,13.16
green_wave,43,moto,5.92
green_wave,43,moto,4.86
green_wave,43,car,9.71
green_wave,43,moto,5.57
green_wave,43,moto,2.42
green_wave,43,moto,8.27
green_wave,43,moto,10.65
green_wave,43,car,1.53
green_wave,43,moto,2.31
green_wave,43,moto,3.13
green_wave,43,car,22.41
green_wave,43,car,18.65
green_wave,43,moto,24.41
green_wave,43,auto,15.97
green_wave,43,moto,6.55
green_wave,43,moto,15.51
green_wave,43,auto,23.26
green_wave,43,moto,18.77
green_wave,43,moto,7.93
green_wave,43,moto,9.63
green_wave,43,moto,19.57
green_wave,43,moto,3.64
green_wave,43,moto,2.33
green_wave,43,car,1.06
green_wave,43,moto,26.63
green_wave,43,car,33.29
green_wave,43,auto,20.83
green_wave,43,auto,13.52
green_wave,43,moto,4.83
green_wave,43,auto,47.53
green_wave,43,moto,31.97
green_wave,43,moto,5.35
green_wave,43,moto,17.33
green_wave,43,moto,43.59
green_wave,43,moto,14.75
green_wave,43,auto,15.94
green_wave,43,moto,14.01
green_wave,43,moto,9.37
green_wave,43,moto,20.03
green_wave,43,moto,12.04
green_wave,43,auto,11.51
green_wave,43,auto,2.45
green_wave,43,auto,4.06
green_wave,43,moto,4.87
green_wave,43,moto,6.14
green_wave,43,moto,7.52
green_wave,43,car,6.85
green_wave,43,auto,8.16
green_wave,43,car,1.39
green_wave,43,moto,1.9
green_wave,43,moto,15.83
green_wave,43,auto,1.11
green_wave,43,auto,22.05
green_wave,43,moto,7.59
green_wave,43,auto,11.23
green_wave,43,car,10.84
green_wave,43,auto,19.31
green_wave,43,auto,11.72
green_wave,43,car,7.09
green_wave,43,moto,17.15
green_wave,43,auto,3.68
green_wave,43,auto,14.14
green_wave,43,car,16.65
green_wave,43,auto,3.68
green_wave,43,moto,4.9
green_wave,43,car,1.66
green_wave,43,moto,12.9
green_wave,43,moto,6.89
green_wave,43,car,19.59
green_wave,43,auto,4.21
green_wave,43,car,8.2
green_wave,43,auto,3.77
green_wave,43,moto,3.09
green_wave,43,car,16.86
green_wave,43,car,12.94
green_wave,43,auto,15.1
green_wave,43,moto,1.99
green_wave,43,auto,0.99
green_wave,44,auto,7.22
green_wave,44,moto,15.68
green_wave,44,auto,4.31
green_wave,44,auto,0.97
green_wave,44,car,3.16
green_wave,44,car,6.29
green_wave,44,auto,6.28
green_wave,44,car,0.89
green_wave,44,moto,5.75
green_wave,44,moto,4.89
green_wave,44,car,3.01
green_wave,44,moto,1.89
green_wave,44,moto,7.14
green_wave,44,moto,18.58
green_wave,44,moto,14.89
green_wave,44,moto,7.09
green_wave,44,auto,7.92
green_wave,44,moto,21.86
green_wave,44,moto,20.74
green_wave,44,moto,21.65
green_wave,44,moto,24.32
green_wave,44,moto,6.94
green_wave,44,moto,24.29
green_wave,44,auto,19.98
green_wave,44,moto,16.98
green_wave,44,moto,14.26
green_wave,44,moto,14.68
green_wave,44,auto,8.92
green_wave,44,moto,10.88
green_wave,44,auto,8.57
green_wave,44,moto,14.48
green_wave,44,moto,19.23
green_wave,44,auto,17.46
green_wave,44,moto,12.62
green_wave,44,auto,5.04
green_wave,44,car,6.13
green_wave,44,car,9.86
green_wave,44,moto,22.4
green_wave,44,auto,3.64
green_wave,44,auto,20.31
green_wave,44,moto,4.72
green_wave,44,auto,8.22
green_wave,44,moto,10.2
green_wave,44,moto,10.67
green_wave,44,moto,1.98
green_wave,44,moto,6.67
green_wave,44,car,15.24
green_wave,44,moto,2.19
green_wave,44,auto,20.49
green_wave,44,auto,17.41
green_wave,44,moto,15.61
green_wave,44,auto,1.18
green_wave,44,moto,5.71
green_wave,44,moto,15.4
green_wave,44,moto,13.12
green_wave,44,auto,1.2
green_wave,44,moto,10.23
green_wave,44,moto,14.9
green_wave,44,auto,11.17
green_wave,44,moto,10.17
green_wave,44,moto,7.76
green_wave,44,auto,14.21
green_wave,44,moto,11.22
green_wave,44,auto,2.9
green_wave,44,auto,9.22
green_wave,44,auto,3.85
green_wave,44,moto,2.96
green_wave,44,car,19.55
green_wave,44,moto,15.33
green_wave,44,car,2.97
green_wave,44,moto,5.01
green_wave,44,moto,3.88
green_wave,44,moto,25.59
green_wave,44,car,20.82
green_wave,44,moto,21.33
green_wave,44,moto,21.7
green_wave,44,car,14.25
green_wave,44,moto,20.88
green_wave,44,moto,1.53
green_wave,44,auto,17.22
green_wave,44,car,3.87
green_wave,44,moto,11.4
green_wave,44,auto,23.32
green_wave,44,moto,16.2
green_wave,44,moto,12.78
green_wave,44,moto,6.54
green_wave,44,moto,5.05
green_wave,44,moto,17.08
green_wave,44,auto,15.54
green_wave,44,moto,5.1
green_wave,44,moto,2.57
green_wave,44,auto,5.75
green_wave,44,moto,6.46
green_wave,44,moto,3.67
green_wave,44,auto,5.55
green_wave,44,moto,16.9
green_wave,44,moto,2.27
green_wave,44,moto,6.84
green_wave,44,auto,4.98
green_wave,44,moto,17.34
green_wave,44,moto,16.01
green_wave,44,car,10.97
green_wave,44,car,1.39
green_wave,44,moto,24.68
green_wave,44,moto,17.36
green_wave,44,moto,4.06
green_wave,44,auto,17.23
green_wave,44,auto,17.18
green_wave,44,moto,15.11
green_wave,44,auto,16.57
green_wave,44,moto,32.31
green_wave,44,moto,4.33
green_wave,44,moto,23.78
green_wave,44,moto,5.45
green_wave,44,car,3.86
green_wave,44,car,2.13
green_wave,44,moto,13.59
green_wave,44,moto,13.18
green_wave,44,auto,8.15
green_wave,44,moto,19.9
green_wave,44,moto,10.21
green_wave,44,auto,9.45
green_wave,44,car,17.25
green_wave,44,moto,10.89
green_wave,44,moto,11.86
green_wave,44,auto,24.22
green_wave,44,moto,16.24
green_wave,44,car,6.71
green_wave,44,auto,7.06
green_wave,44,moto,26.95
green_wave,44,car,21.79
green_wave,44,moto,16.46
green_wave,44,moto,19.45
green_wave,44,auto,12.65
green_wave,44,moto,24.5
green_wave,44,moto,8.71
green_wave,44,auto,27.26
green_wave,44,moto,19.68
green_wave,44,auto,18.88
green_wave,44,moto,18.9
green_wave,44,auto,6.25
green_wave,44,moto,7.19
green_wave,44,car,1.39
green_wave,44,moto,17.96
green_wave,44,car,1.11
green_wave,44,car,4.65
green_wave,44,moto,13.82
green_wave,44,auto,17.81
green_wave,44,moto,13.36
green_wave,44,car,23.66
green_wave,44,auto,14.13
green_wave,44,auto,10.84
green_wave,44,moto,4.73
green_wave,44,moto,14.77
green_wave,44,moto,24.34
green_wave,44,auto,19.63
green_wave,44,moto,9.02
green_wave,44,moto,24.47
green_wave,44,moto,14.18
green_wave,44,auto,12.45
green_wave,44,moto,15.03
green_wave,44,moto,10.73
green_wave,44,moto,7.08
green_wave,44,auto,11.62
green_wave,44,moto,5.77
green_wave,44,moto,2.3
green_wave,44,moto,7.27
green_wave,44,moto,6.83
green_wave,44,car,17.39
green_wave,44,moto,14.36
green_wave,44,moto,13.6
green_wave,44,moto,23.19
green_wave,44,auto,20.24
green_wave,44,car,15.05
green_wave,44,moto,24.76
green_wave,44,moto,14.68
green_wave,44,auto,15.3
green_wave,44,moto,24.94
green_wave,44,auto,4.14
green_wave,44,auto,2.7
green_wave,44,auto,2.58
green_wave,44,moto,3.82
green_wave,44,moto,9.2
green_wave,44,car,5.21
green_wave,44,auto,1.19
green_wave,44,moto,5.58
green_wave,44,car,1.82
green_wave,44,car,1.51
green_wave,44,moto,20.54
green_wave,44,moto,9.53
green_wave,44,moto,2.96
green_wave,44,moto,18.48
green_wave,44,moto,22.59
green_wave,44,auto,22.25
green_wave,44,moto,23.27
green_wave,44,auto,12.86
green_wave,44,moto,10.6
green_wave,44,car,24.13
green_wave,44,moto,15.6
green_wave,44,auto,3.4
green_wave,44,auto,22.53
green_wave,44,moto,16.59
green_wave,44,moto,9.77
green_wave,44,auto,15.96
green_wave,44,car,4.72
green_wave,44,moto,11.12
green_wave,44,car,4.91
green_wave,44,moto,4.19
green_wave,44,moto,16.68
green_wave,44,auto,1.36
green_wave,44,moto,2.59
green_wave,44,auto,2.05
green_wave,44,moto,11.32
green_wave,44,moto,3.45
green_wave,44,moto,9.78
green_wave,44,auto,18.22
green_wave,44,moto,8.93
green_wave,44,moto,10.07
green_wave,44,auto,7.34
green_wave,44,auto,15.94
green_wave,44,moto,3.73
green_wave,44,moto,24.53
green_wave,44,moto,18.02
green_wave,44,auto,3.82
green_wave,44,auto,19.82
green_wave,44,auto,23.05
green_wave,44,moto,5.08
green_wave,44,auto,10.5
green_wave,44,moto,20.37
green_wave,44,car,15.38
green_wave,44,moto,4.08
green_wave,44,car,1.61
green_wave,44,moto,22.59
green_wave,44,moto,8.26
green_wave,44,auto,19.35
green_wave,44,moto,17.61
green_wave,44,auto,23.29
green_wave,44,auto,21.62
green_wave,44,auto,18.24
green_wave,44,auto,18.75
green_wave,44,car,12.8
green_wave,44,car,20.2
green_wave,44,auto,4.8
green_wave,44,auto,24.9
green_wave,44,auto,4.63
green_wave,44,moto,18.59
green_wave,44,moto,7.11
green_wave,44,auto,26.32
green_wave,44,moto,11.06
green_wave,44,moto,3.97
green_wave,44,auto,4.6
green_wave,44,moto,2.74
green_wave,44,auto,1.12
green_wave,44,car,3.01
green_wave,44,moto,23.11
green_wave,44,moto,19.57
green_wave,44,moto,7.02
green_wave,44,moto,9.47
green_wave,44,car,14.55
green_wave,44,moto,20.77
green_wave,44,moto,2.09
green_wave,44,auto,5.55
green_wave,44,auto,13.75
green_wave,44,moto,6.48
green_wave,44,moto,6.55
green_wave,44,moto,8.74
green_wave,44,car,10.64
green_wave,44,auto,8.46
green_wave,44,moto,10.94
green_wave,44,auto,17.29
green_wave,44,auto,10.37
green_wave,44,auto,1.4
green_wave,44,car,2.99
green_wave,44,moto,3.51
green_wave,44,auto,1.41
green_wave,44,moto,13.57
green_wave,44,moto,23.34
green_wave,44,moto,18.87
green_wave,44,car,1.32
green_wave,44,moto,24.53
green_wave,44,moto,26.47
green_wave,44,moto,19.76
green_wave,44,moto,16.67
green_wave,44,moto,24.72
green_wave,44,auto,18.43
green_wave,44,moto,9.91
green_wave,44,car,10.42
green_wave,44,moto,23.97
green_wave,44,moto,9.39
green_wave,44,car,12.41
green_wave,44,car,4.39
green_wave,44,moto,19.23
green_wave,44,auto,3.13
green_wave,44,car,13.29
green_wave,44,auto,11.4
green_wave,44,moto,7.05
green_wave,44,auto,5.8
green_wave,44,car,18.13
green_wave,44,auto,13.51
green_wave,44,moto,2.64
green_wave,44,auto,9.05
green_wave,44,car,2.08
green_wave,44,moto,20.57
green_wave,44,moto,18.06
green_wave,44,auto,1.74
green_wave,44,moto,3.4
green_wave,44,moto,24.75
green_wave,44,moto,8.0
green_wave,44,moto,14.05
green_wave,44,moto,15.33
green_wave,44,moto,15.19
green_wave,44,moto,23.24
green_wave,44,moto,17.34
green_wave,44,auto,10.01
green_wave,44,moto,3.61
green_wave,44,car,22.42
green_wave,44,auto,18.87
green_wave,44,auto,17.59
green_wave,44,moto,23.7
green_wave,44,auto,6.01
green_wave,44,auto,30.26
green_wave,44,moto,7.61
green_wave,44,auto,4.04
green_wave,44,moto,2.85
green_wave,44,moto,17.15
green_wave,44,car,9.44
green_wave,44,moto,7.38
green_wave,44,auto,11.2
green_wave,44,car,20.59
green_wave,44,car,20.43
green_wave,44,moto,18.81
green_wave,44,moto,16.71
green_wave,44,car,15.16
green_wave,44,auto,24.3
green_wave,44,moto,8.73
green_wave,44,auto,24.83
green_wave,44,car,19.28
green_wave,44,moto,18.21
green_wave,44,car,5.59
green_wave,44,moto,26.62
green_wave,44,auto,22.3
green_wave,44,moto,16.51
green_wave,44,car,18.01
green_wave,44,auto,12.27
green_wave,44,moto,6.21
green_wave,44,moto,5.48
green_wave,44,car,12.23
green_wave,44,moto,1.8
green_wave,44,moto,16.23
green_wave,44,auto,20.33
green_wave,44,moto,1.35
green_wave,44,moto,2.23
green_wave,44,moto,2.98
green_wave,44,moto,24.38
green_wave,44,moto,24.3
green_wave,44,moto,9.21
green_wave,44,moto,24.37
green_wave,44,auto,13.9
green_wave,44,auto,25.26
green_wave,44,moto,21.88
green_wave,44,car,12.83
green_wave,44,auto,13.76
green_wave,44,auto,19.08
green_wave,44,auto,26.48
green_wave,44,car,13.24
green_wave,44,moto,4.73
green_wave,44,moto,23.92
green_wave,44,moto,18.77
green_wave,44,auto,18.12
green_wave,44,moto,17.77
green_wave,44,auto,5.08
green_wave,44,moto,7.23
green_wave,44,car,2.2
green_wave,44,auto,1.07
green_wave,44,auto,16.23
green_wave,44,moto,9.4
green_wave,44,moto,10.95
green_wave,44,moto,8.47
green_wave,44,car,1.46
green_wave,44,auto,4.77
green_wave,44,moto,3.28
green_wave,44,car,11.5
green_wave,44,moto,4.02
green_wave,44,moto,6.94
green_wave,44,moto,14.8
green_wave,44,moto,13.81
green_wave,44,auto,6.43
green_wave,44,auto,7.98
green_wave,44,moto,15.84
green_wave,44,moto,25.49
green_wave,44,auto,17.72
green_wave,44,moto,3.43
green_wave,44,moto,19.27
green_wave,44,car,4.12
green_wave,44,moto,3.47
green_wave,44,auto,1.89
green_wave,44,moto,2.45
green_wave,44,moto,1.61
green_wave,44,moto,21.8
green_wave,44,auto,23.05
green_wave,44,moto,4.41
green_wave,44,moto,11.39
green_wave,44,moto,7.15
green_wave,44,car,22.21
green_wave,44,auto,14.12
green_wave,44,car,11.85
green_wave,44,moto,20.35
green_wave,44,auto,23.03
green_wave,44,auto,12.35
green_wave,44,moto,19.8
green_wave,44,auto,8.07
green_wave,44,auto,15.16
green_wave,44,auto,4.04
green_wave,44,moto,6.55
green_wave,44,car,11.58
green_wave,44,moto,14.8
green_wave,44,auto,21.27
green_wave,44,auto,17.32
green_wave,44,auto,8.62
green_wave,44,auto,6.59
green_wave,44,car,5.84
green_wave,44,auto,2.36
green_wave,44,moto,22.72
green_wave,44,moto,5.47
green_wave,44,moto,24.57
green_wave,44,moto,22.89
green_wave,44,moto,11.94
green_wave,44,auto,12.63
green_wave,44,moto,11.74
green_wave,44,car,23.5
green_wave,44,moto,11.14
green_wave,44,car,14.36
green_wave,44,moto,25.64
green_wave,44,auto,11.81
green_wave,44,moto,25.4
green_wave,44,moto,23.38
green_wave,44,moto,8.11
green_wave,44,moto,9.2
green_wave,44,moto,5.9
green_wave,44,auto,5.52
green_wave,44,auto,15.44
green_wave,44,car,16.47
green_wave,44,moto,21.97
green_wave,44,auto,3.3
green_wave,44,moto,5.42
green_wave,44,moto,6.55
green_wave,44,moto,5.71
green_wave,44,moto,7.14
green_wave,44,moto,4.25
green_wave,44,moto,17.52
green_wave,44,moto,9.97
green_wave,44,car,7.47
green_wave,44,car,7.12
green_wave,44,moto,3.16
green_wave,44,car,20.05
green_wave,44,moto,17.59
green_wave,44,car,14.52
green_wave,44,moto,13.53
green_wave,44,moto,25.23
green_wave,44,auto,24.2
green_wave,44,auto,9.81
green_wave,44,moto,10.77
green_wave,44,moto,13.43
green_wave,44,moto,20.28
green_wave,44,car,25.59
green_wave,44,auto,14.46
green_wave,44,auto,12.41
green_wave,44,moto,11.4
green_wave,44,car,2.8
green_wave,44,moto,13.02
green_wave,44,moto,8.9
green_wave,44,auto,10.16
green_wave,44,moto,4.9
green_wave,44,moto,6.65
green_wave,44,moto,9.9
green_wave,44,auto,8.98
green_wave,44,moto,5.62
green_wave,44,auto,14.7
green_wave,44,moto,7.88
green_wave,44,auto,4.2
green_wave,44,moto,23.08
green_wave,44,moto,20.34
green_wave,44,moto,8.76
green_wave,44,moto,4.2
green_wave,44,moto,23.93
green_wave,44,auto,1.07
green_wave,44,auto,6.82
green_wave,44,moto,2.31
green_wave,44,moto,2.05
green_wave,44,moto,3.22
green_wave,44,car,1.84
green_wave,44,moto,5.96
green_wave,44,moto,24.53
green_wave,44,car,44.97
green_wave,44,moto,10.55
green_wave,44,car,30.63
green_wave,44,moto,20.61
green_wave,44,auto,9.87
green_wave,44,moto,21.02
green_wave,44,moto,14.34
green_wave,44,moto,8.75
green_wave,44,moto,7.83
green_wave,44,moto,7.24
green_wave,44,moto,29.06
green_wave,44,auto,6.87
green_wave,44,moto,13.56
green_wave,44,moto,12.68
green_wave,44,moto,8.04
green_wave,44,moto,11.68
green_wave,44,auto,9.88
green_wave,44,moto,23.38
green_wave,44,moto,21.78
green_wave,44,auto,2.92
green_wave,44,auto,25.38
green_wave,44,auto,3.19
green_wave,44,moto,7.19
green_wave,44,moto,15.19
green_wave,44,moto,8.75
green_wave,44,car,1.35
green_wave,44,moto,17.28
green_wave,44,moto,8.31
green_wave,44,moto,25.03
green_wave,44,car,29.62
green_wave,44,moto,6.16
green_wave,44,auto,17.04
green_wave,44,car,22.19
green_wave,44,moto,20.23
green_wave,44,moto,4.6
green_wave,44,moto,22.95
green_wave,44,car,10.08
green_wave,44,moto,16.47
green_wave,44,moto,15.71
green_wave,44,car,3.16
green_wave,44,auto,22.31
green_wave,44,auto,6.76
green_wave,44,auto,1.1
green_wave,44,auto,4.38
green_wave,44,moto,20.14
green_wave,44,car,18.84
green_wave,44,auto,17.99
green_wave,44,moto,9.28
green_wave,44,moto,4.72
green_wave,44,moto,24.65
green_wave,44,moto,20.75
green_wave,44,car,23.57
green_wave,44,moto,18.2
green_wave,44,moto,7.48
green_wave,44,moto,2.97
green_wave,44,moto,25.85
green_wave,44,moto,22.32
green_wave,44,moto,10.66
green_wave,44,moto,25.46
green_wave,44,moto,11.66
green_wave,44,moto,3.19
green_wave,44,auto,4.95
green_wave,44,moto,17.68
green_wave,44,moto,14.83
green_wave,44,moto,6.57
green_wave,44,moto,11.27
green_wave,44,moto,30.23
green_wave,44,moto,3.13
green_wave,44,car,20.47
green_wave,44,moto,14.01
green_wave,44,moto,19.86
green_wave,44,moto,15.72
green_wave,44,auto,2.79
green_wave,44,moto,15.08
green_wave,44,moto,25.69
green_wave,44,moto,22.46
green_wave,44,auto,26.02
green_wave,44,moto,9.34
green_wave,44,moto,17.59
green_wave,44,moto,24.21
green_wave,44,auto,19.05
green_wave,44,moto,7.48
green_wave,44,auto,9.73
green_wave,44,auto,8.91
green_wave,44,auto,16.27
green_wave,44,car,6.95
green_wave,44,car,16.86
green_wave,44,auto,14.08
green_wave,44,auto,6.67
green_wave,44,car,4.07
green_wave,44,auto,11.09
green_wave,44,moto,1.89
green_wave,44,moto,7.32
green_wave,44,car,19.6
green_wave,44,moto,12.33
green_wave,44,moto,15.88
green_wave,44,moto,2.16
green_wave,44,car,14.46
green_wave,44,moto,7.72
green_wave,44,moto,20.3
green_wave,44,moto,25.97
green_wave,44,auto,22.49
green_wave,44,auto,23.68
green_wave,44,moto,5.69
green_wave,44,moto,5.44
green_wave,44,auto,26.68
green_wave,44,moto,25.15
green_wave,44,moto,6.48
green_wave,44,auto,6.13
green_wave,44,moto,5.32
green_wave,44,moto,22.86
green_wave,44,moto,22.8
green_wave,44,moto,6.75
green_wave,44,moto,12.67
green_wave,44,auto,3.85
green_wave,44,auto,16.57
green_wave,44,auto,4.39
green_wave,44,car,8.18
green_wave,44,moto,3.53
green_wave,44,auto,5.94
green_wave,44,car,4.08
green_wave,44,moto,12.43
green_wave,44,moto,13.05
green_wave,44,auto,8.13
green_wave,44,moto,19.75
green_wave,44,moto,6.66
green_wave,44,moto,11.75
green_wave,44,moto,10.37
green_wave,44,auto,22.6
green_wave,44,car,21.88
green_wave,44,moto,18.45
green_wave,44,moto,24.54
green_wave,44,moto,12.73
green_wave,44,car,15.05
green_wave,44,auto,16.51
green_wave,44,auto,0.85
green_wave,44,moto,4.7
green_wave,44,moto,7.53
green_wave,44,moto,12.92
green_wave,44,moto,11.34
green_wave,44,moto,11.21
green_wave,44,auto,5.05
green_wave,44,moto,9.38
green_wave,44,moto,21.16
green_wave,44,moto,16.88
green_wave,44,car,12.65
green_wave,44,auto,12.59
green_wave,44,auto,22.08
green_wave,44,moto,4.09
green_wave,44,moto,17.84
green_wave,44,moto,22.41
green_wave,44,auto,23.58
green_wave,44,auto,20.15
green_wave,44,moto,20.26
green_wave,44,car,20.14
green_wave,44,car,12.02
green_wave,44,moto,10.93
green_wave,44,car,19.16
green_wave,44,moto,12.77
green_wave,44,moto,12.22
green_wave,44,moto,31.34
green_wave,44,moto,23.68
green_wave,44,auto,13.96
green_wave,44,moto,15.29
green_wave,44,moto,3.01
green_wave,44,auto,14.23
green_wave,44,moto,2.53
green_wave,44,moto,2.18
green_wave,44,auto,14.69
green_wave,44,car,17.77
green_wave,44,moto,20.12
green_wave,44,moto,24.7
green_wave,44,moto,26.05
green_wave,44,moto,4.19
green_wave,44,moto,25.12
green_wave,44,moto,11.09
green_wave,44,moto,6.0
green_wave,44,auto,14.11
green_wave,44,auto,21.59
green_wave,44,moto,20.5
green_wave,44,moto,14.9
green_wave,44,moto,9.95
green_wave,44,auto,4.58
green_wave,44,moto,5.64
green_wave,44,car,5.51
green_wave,44,car,3.22
green_wave,44,moto,10.04
green_wave,44,moto,13.5
green_wave,44,auto,1.23
green_wave,44,moto,7.02
green_wave,44,moto,18.17
green_wave,44,moto,21.03
green_wave,44,moto,24.27
green_wave,44,auto,21.03
green_wave,44,moto,13.41
green_wave,44,auto,16.51
green_wave,44,car,23.6
green_wave,44,car,15.78
green_wave,44,moto,15.7
green_wave,44,auto,13.37
green_wave,44,auto,26.23
green_wave,44,car,18.13
green_wave,44,car,19.92
green_wave,44,moto,15.69
green_wave,44,moto,19.19
green_wave,44,moto,17.34
green_wave,44,auto,20.05
green_wave,44,moto,18.6
green_wave,44,moto,5.49
green_wave,44,car,4.57
green_wave,44,moto,17.74
green_wave,44,car,17.23
green_wave,44,moto,5.5
green_wave,44,auto,1.27
green_wave,44,moto,2.87
green_wave,44,moto,2.32
green_wave,44,moto,2.95
green_wave,44,moto,5.16
green_wave,44,auto,1.15
green_wave,44,moto,3.31
green_wave,44,moto,21.27
green_wave,44,moto,4.66
green_wave,44,car,1.51
green_wave,44,auto,23.63
green_wave,44,moto,4.81
green_wave,44,moto,25.18
green_wave,44,moto,25.46
green_wave,44,auto,14.48
green_wave,44,moto,4.91
green_wave,44,car,16.87
green_wave,44,moto,19.1
green_wave,44,moto,2.12
green_wave,44,moto,16.07
green_wave,44,moto,9.72
green_wave,44,moto,6.76
green_wave,44,moto,2.26
green_wave,44,moto,4.51
green_wave,44,moto,19.99
green_wave,44,auto,7.48
green_wave,44,moto,3.07
green_wave,44,moto,10.82
green_wave,44,moto,7.3
green_wave,44,auto,14.34
green_wave,44,moto,26.5
green_wave,44,car,14.55
green_wave,44,auto,22.87
green_wave,44,moto,11.41
green_wave,44,auto,19.75
green_wave,44,auto,2.19
green_wave,44,moto,16.02
green_wave,44,moto,20.76
green_wave,44,moto,11.95
green_wave,44,moto,8.12
green_wave,44,car,22.59
green_wave,44,auto,10.04
green_wave,44,moto,13.4
green_wave,44,moto,7.94
green_wave,44,moto,25.36
green_wave,44,auto,6.95
green_wave,44,auto,5.8
green_wave,44,moto,2.18
green_wave,44,moto,4.91
green_wave,44,moto,25.77
green_wave,44,car,17.7
green_wave,44,auto,4.95
green_wave,44,moto,12.45
green_wave,44,moto,22.44
green_wave,44,moto,23.94
green_wave,44,moto,23.47
green_wave,44,moto,18.38
green_wave,44,moto,6.41
green_wave,44,moto,14.98
green_wave,44,auto,10.11
green_wave,44,auto,25.06
green_wave,44,auto,10.98
green_wave,44,moto,25.2
green_wave,44,moto,19.68
green_wave,44,auto,19.13
green_wave,44,moto,6.73
green_wave,44,auto,3.97
green_wave,44,auto,2.69
green_wave,44,moto,23.7
green_wave,44,moto,17.26
green_wave,44,moto,18.05
green_wave,44,car,13.35
green_wave,44,moto,16.09
green_wave,44,moto,21.22
green_wave,44,moto,15.09
green_wave,44,moto,18.37
green_wave,44,car,6.09
green_wave,44,moto,15.17
green_wave,44,moto,25.95
green_wave,44,moto,23.91
green_wave,44,moto,4.84
green_wave,44,moto,10.79
green_wave,44,moto,6.73
green_wave,44,auto,9.12
green_wave,44,moto,27.86
green_wave,44,moto,18.37
green_wave,44,auto,10.5
green_wave,44,moto,12.65
green_wave,44,auto,1.72
green_wave,44,auto,21.99
green_wave,44,auto,3.36
green_wave,44,moto,20.89
green_wave,44,moto,5.54
green_wave,44,car,2.3
green_wave,44,auto,3.38
green_wave,44,moto,13.66
green_wave,44,moto,11.93
green_wave,44,moto,10.96
green_wave,44,moto,18.16
green_wave,44,moto,16.7
green_wave,44,moto,2.28
green_wave,44,moto,15.86
green_wave,44,car,5.13
green_wave,44,car,24.45
green_wave,44,moto,2.54
green_wave,44,moto,2.4
green_wave,44,moto,21.67
green_wave,44,moto,15.15
green_wave,44,moto,6.55
green_wave,44,moto,19.2
green_wave,44,auto,22.21
green_wave,44,auto,14.0
green_wave,44,auto,11.05
green_wave,44,auto,12.79
green_wave,44,moto,26.25
green_wave,44,moto,25.29
green_wave,44,auto,25.95
green_wave,44,moto,3.88
green_wave,44,moto,26.91
green_wave,44,auto,24.76
green_wave,44,moto,7.96
green_wave,44,moto,16.37
green_wave,44,moto,13.2
green_wave,44,moto,5.85
green_wave,44,moto,6.83
green_wave,44,moto,2.55
green_wave,44,auto,16.03
green_wave,44,auto,10.4
green_wave,44,auto,21.4
green_wave,44,moto,11.3
green_wave,44,moto,14.16
green_wave,44,moto,18.57
green_wave,44,moto,15.1
green_wave,44,auto,19.88
green_wave,44,moto,11.78
green_wave,44,auto,7.24
green_wave,44,car,6.97
green_wave,44,auto,21.74
green_wave,44,moto,4.78
green_wave,44,moto,18.25
green_wave,44,moto,7.7
green_wave,44,auto,12.96
green_wave,44,auto,16.17
green_wave,44,auto,5.95
green_wave,44,moto,12.75
green_wave,44,moto,6.41
green_wave,44,auto,2.86
green_wave,44,car,12.64
green_wave,44,auto,8.36
green_wave,44,moto,10.11
green_wave,44,auto,14.62
green_wave,44,moto,24.66
green_wave,44,moto,13.03
green_wave,44,auto,24.91
green_wave,44,moto,14.92
green_wave,44,moto,7.04
green_wave,44,car,2.72
green_wave,44,moto,17.92
green_wave,44,moto,21.89
green_wave,44,moto,24.46
green_wave,44,moto,15.13
green_wave,44,moto,24.7
green_wave,44,moto,5.3
green_wave,44,moto,3.79
green_wave,44,moto,24.22
green_wave,44,auto,22.42
green_wave,44,moto,36.83
green_wave,44,moto,27.59
green_wave,44,auto,26.33
green_wave,44,car,20.42
green_wave,44,car,23.58
green_wave,44,moto,14.54
green_wave,44,moto,7.86
green_wave,44,auto,4.72
green_wave,44,moto,9.2
green_wave,44,moto,2.09
green_wave,44,auto,11.92
green_wave,44,auto,21.75
green_wave,44,car,4.58
green_wave,44,car,7.94
green_wave,44,moto,9.33
green_wave,44,auto,5.21
green_wave,44,moto,7.52
green_wave,44,moto,2.51
green_wave,44,moto,15.49
green_wave,44,moto,11.84
green_wave,44,moto,4.79
green_wave,44,moto,23.9
green_wave,44,moto,21.11
green_wave,44,moto,24.42
green_wave,44,moto,23.72
green_wave,44,auto,19.73
green_wave,44,moto,26.04
green_wave,44,moto,14.9
green_wave,44,auto,14.49
green_wave,44,moto,8.75
green_wave,44,auto,10.88
green_wave,44,moto,5.18
green_wave,44,moto,18.21
green_wave,44,auto,13.51
green_wave,44,moto,12.09
green_wave,44,moto,5.37
green_wave,44,moto,6.35
green_wave,44,car,1.64
green_wave,44,car,12.92
green_wave,44,moto,20.07
green_wave,44,moto,23.48
green_wave,44,car,14.05
green_wave,44,car,8.77
green_wave,44,moto,5.92
green_wave,44,moto,4.75
green_wave,44,car,20.08
green_wave,44,moto,2.85
green_wave,44,car,1.5
green_wave,44,auto,1.08
green_wave,44,auto,3.61
green_wave,44,moto,11.8
green_wave,44,moto,24.87
green_wave,44,auto,14.94
green_wave,44,auto,18.29
green_wave,44,auto,21.47
green_wave,44,auto,11.15
green_wave,44,car,14.34
green_wave,44,auto,8.54
green_wave,44,car,9.6
green_wave,44,moto,39.47
green_wave,44,moto,5.87
green_wave,44,moto,10.99
green_wave,44,auto,3.94
green_wave,44,moto,18.88
green_wave,44,moto,10.46
green_wave,44,moto,24.2
green_wave,44,moto,3.35
green_wave,44,auto,13.19
green_wave,44,auto,1.88
green_wave,44,moto,2.22
green_wave,44,moto,4.76
green_wave,44,moto,18.97
green_wave,44,moto,14.08
green_wave,44,moto,14.13
green_wave,44,auto,2.78
green_wave,44,moto,5.98
green_wave,44,moto,11.84
green_wave,44,moto,12.3
green_wave,44,auto,18.64
green_wave,44,moto,15.51
green_wave,44,auto,24.59
green_wave,44,car,3.66
green_wave,44,moto,10.54
green_wave,44,moto,7.13
green_wave,44,moto,29.31
green_wave,44,auto,17.39
green_wave,44,car,9.28
green_wave,44,moto,21.08
green_wave,44,auto,7.22
green_wave,44,moto,23.62
green_wave,44,moto,2.99
green_wave,44,auto,0.91
green_wave,44,moto,1.94
green_wave,44,moto,21.09
green_wave,44,car,12.36
green_wave,44,moto,11.81
green_wave,44,moto,17.0
green_wave,44,moto,6.08
green_wave,44,moto,11.94
green_wave,44,car,5.96
green_wave,44,moto,8.93
green_wave,44,auto,20.54
green_wave,44,car,18.47
green_wave,44,auto,1.34
green_wave,44,auto,8.27
green_wave,44,auto,3.96
green_wave,44,moto,19.86
green_wave,44,moto,5.41
green_wave,44,auto,19.4
green_wave,44,moto,23.74
green_wave,44,auto,5.4
green_wave,44,moto,2.91
green_wave,44,moto,3.47
green_wave,44,car,9.16
green_wave,44,auto,3.87
green_wave,44,moto,2.36
green_wave,44,moto,3.82
green_wave,44,moto,9.73
green_wave,44,car,21.2
green_wave,44,moto,14.54
green_wave,44,moto,16.44
green_wave,44,moto,9.42
green_wave,44,moto,8.83
green_wave,44,car,4.62
green_wave,44,auto,22.9
green_wave,44,moto,20.52
green_wave,44,moto,18.52
green_wave,44,auto,15.17
green_wave,44,moto,7.52
green_wave,44,moto,21.61
green_wave,44,car,14.47
green_wave,44,auto,8.49
green_wave,44,moto,6.86
green_wave,44,moto,5.57
green_wave,44,auto,2.31
green_wave,44,moto,5.47
green_wave,44,auto,5.52
green_wave,44,car,4.35
green_wave,44,moto,13.24
green_wave,44,car,2.8
green_wave,44,moto,2.34
green_wave,44,moto,13.88
green_wave,44,moto,8.85
green_wave,44,moto,7.86
green_wave,44,moto,4.37
green_wave,44,moto,6.67
green_wave,44,car,21.87
green_wave,44,moto,10.5
green_wave,44,moto,2.04
green_wave,44,car,22.84
green_wave,44,auto,22.16
green_wave,44,moto,18.95
green_wave,44,moto,15.92
green_wave,44,auto,6.75
green_wave,44,auto,9.43
green_wave,44,moto,6.25
green_wave,44,auto,3.98
green_wave,44,moto,3.89
green_wave,44,moto,19.21
green_wave,44,moto,13.53
green_wave,44,car,3.42
green_wave,44,moto,5.09
green_wave,44,moto,22.76
green_wave,44,moto,13.7
green_wave,44,moto,5.5
green_wave,44,car,13.83
green_wave,44,moto,9.85
green_wave,44,auto,13.87
green_wave,44,car,9.13
green_wave,44,moto,16.87
green_wave,44,moto,21.64
green_wave,44,moto,23.39
green_wave,44,auto,11.68
green_wave,44,auto,19.12
green_wave,44,moto,18.34
green_wave,44,moto,22.53
green_wave,44,moto,14.01
green_wave,44,car,12.29
green_wave,44,moto,6.06
green_wave,44,car,0.99
green_wave,44,moto,24.51
green_wave,44,car,8.37
green_wave,44,moto,10.12
green_wave,44,moto,23.5
green_wave,44,moto,7.51
green_wave,44,moto,5.73
green_wave,44,auto,24.36
green_wave,44,moto,12.44
green_wave,44,auto,7.34
green_wave,44,moto,7.49
green_wave,44,moto,8.87
green_wave,44,moto,7.57
green_wave,44,moto,7.02
green_wave,44,moto,8.12
green_wave,44,auto,20.25
green_wave,44,auto,11.44
green_wave,44,moto,8.27
green_wave,44,moto,23.87
green_wave,44,moto,13.95
green_wave,44,auto,5.35
green_wave,44,moto,24.48
green_wave,44,auto,23.53
green_wave,44,auto,8.03
green_wave,44,car,16.75
green_wave,44,moto,5.71
green_wave,44,moto,9.87
green_wave,44,moto,23.08
green_wave,44,auto,18.18
green_wave,44,moto,20.39
green_wave,44,auto,4.68
green_wave,44,auto,0.94
green_wave,44,auto,7.47
green_wave,44,auto,5.78
green_wave,44,moto,2.69
green_wave,44,moto,3.12
green_wave,44,auto,1.09
green_wave,44,auto,18.09
green_wave,44,moto,5.01
green_wave,44,car,1.46
green_wave,44,moto,24.68
green_wave,44,moto,16.51
green_wave,44,moto,22.53
green_wave,44,auto,14.98
green_wave,44,moto,15.68
green_wave,44,moto,23.87
green_wave,44,moto,19.09
green_wave,44,moto,19.86
green_wave,44,car,23.69
green_wave,44,moto,5.7
green_wave,44,auto,22.37
green_wave,44,moto,3.49
green_wave,44,car,25.79
green_wave,44,auto,17.5
green_wave,44,moto,16.22
green_wave,44,moto,12.05
green_wave,44,auto,2.88
green_wave,44,moto,8.02
green_wave,44,auto,4.79
green_wave,44,moto,6.4
green_wave,44,moto,5.04
green_wave,44,moto,6.43
green_wave,44,auto,20.78
green_wave,44,auto,16.56
green_wave,44,moto,9.13
green_wave,44,moto,19.25
green_wave,44,moto,10.34
green_wave,44,auto,7.36
green_wave,44,auto,1.45
green_wave,44,auto,1.9
green_wave,44,moto,23.3
green_wave,44,moto,14.67
green_wave,44,moto,9.73
green_wave,44,moto,23.27
green_wave,44,moto,21.36
green_wave,44,moto,22.06
green_wave,44,moto,12.97
green_wave,44,moto,26.07
green_wave,44,car,28.08
green_wave,44,moto,16.26
green_wave,44,moto,23.09
green_wave,44,moto,20.81
green_wave,44,moto,7.1
green_wave,44,auto,27.07
green_wave,44,car,13.75
green_wave,44,moto,5.83
green_wave,44,auto,12.64
green_wave,44,moto,5.88
green_wave,44,moto,22.58
green_wave,44,auto,2.92
green_wave,44,moto,7.42
green_wave,44,car,15.29
green_wave,44,moto,25.07
green_wave,44,moto,12.75
green_wave,44,auto,3.44
green_wave,44,moto,5.4
green_wave,44,auto,19.88
green_wave,44,auto,3.46
green_wave,44,auto,2.97
green_wave,44,auto,4.47
green_wave,44,auto,18.89
green_wave,44,auto,1.22
green_wave,44,moto,19.52
green_wave,44,moto,9.81
green_wave,44,moto,6.89
green_wave,44,moto,19.36
green_wave,44,moto,4.49
green_wave,44,auto,22.39
green_wave,44,moto,24.57
green_wave,44,moto,25.7
green_wave,44,moto,5.86
green_wave,44,moto,6.35
green_wave,44,moto,4.97
green_wave,44,moto,5.18
green_wave,44,moto,11.26
green_wave,44,auto,2.84
green_wave,44,auto,20.56
green_wave,44,moto,5.18
green_wave,44,car,12.91
green_wave,44,moto,5.22
green_wave,44,moto,24.76
green_wave,44,moto,6.28
green_wave,44,moto,16.13
green_wave,44,moto,2.35
green_wave,44,moto,2.18
green_wave,44,auto,1.09
green_wave,44,auto,1.24
green_wave,44,moto,2.98
green_wave,44,car,22.66
green_wave,44,moto,2.23
green_wave,44,moto,2.93
green_wave,44,car,23.29
green_wave,44,moto,17.16
green_wave,44,auto,14.4
green_wave,44,auto,14.63
green_wave,44,car,14.25
green_wave,44,moto,24.83
green_wave,44,moto,6.43
green_wave,44,moto,9.91
green_wave,44,moto,5.35
green_wave,44,moto,23.81
green_wave,44,auto,10.8
green_wave,44,moto,2.81
green_wave,44,moto,25.86
green_wave,44,auto,20.86
green_wave,44,auto,4.9
green_wave,44,auto,6.73
green_wave,44,moto,9.09
green_wave,44,auto,2.53
green_wave,44,moto,21.74
green_wave,44,moto,9.56
green_wave,44,car,7.38
green_wave,44,moto,18.69
green_wave,44,moto,15.5
green_wave,44,moto,21.69
green_wave,44,moto,1.97
green_wave,44,car,4.71
green_wave,44,moto,20.51
green_wave,44,moto,8.87
green_wave,44,auto,20.0
green_wave,44,auto,19.27
green_wave,44,moto,21.88
green_wave,44,moto,18.0
green_wave,44,moto,19.48
green_wave,44,car,8.08
green_wave,44,moto,17.69
green_wave,44,moto,4.03
green_wave,44,moto,8.22
green_wave,44,auto,6.23
green_wave,44,moto,23.09
green_wave,44,auto,14.15
green_wave,44,moto,4.54
green_wave,44,auto,19.39
green_wave,44,auto,3.28
green_wave,44,auto,4.48
green_wave,44,auto,23.18
green_wave,44,moto,5.65
green_wave,44,auto,18.54
green_wave,44,moto,6.31
green_wave,44,moto,4.63
green_wave,44,auto,1.16
green_wave,44,auto,26.17
green_wave,44,auto,6.67
green_wave,44,auto,11.22
green_wave,44,moto,3.84
green_wave,44,car,19.33
green_wave,44,moto,18.79
green_wave,44,moto,20.31
green_wave,44,car,21.43
green_wave,44,auto,21.46
green_wave,44,moto,16.92
green_wave,44,auto,25.17
green_wave,44,moto,15.29
green_wave,44,moto,7.38
green_wave,44,moto,20.49
green_wave,44,moto,7.75
green_wave,44,moto,22.28
green_wave,44,car,13.58
green_wave,44,car,7.3
green_wave,44,moto,20.0
green_wave,44,auto,8.95
green_wave,44,moto,11.8
green_wave,44,moto,12.92
green_wave,44,auto,16.09
green_wave,44,moto,7.09
green_wave,44,car,5.99
green_wave,44,moto,15.57
green_wave,44,moto,11.33
green_wave,44,auto,3.69
green_wave,44,car,11.47
green_wave,44,auto,8.95
green_wave,44,moto,6.97
green_wave,44,moto,19.93
green_wave,44,moto,19.77
green_wave,44,moto,9.87
green_wave,44,auto,18.95
green_wave,44,moto,23.56
green_wave,44,moto,16.3
green_wave,44,auto,13.48
green_wave,44,moto,17.6
green_wave,44,moto,11.04
green_wave,44,moto,8.77
green_wave,44,moto,26.38
green_wave,44,car,16.84
green_wave,44,auto,4.28
green_wave,44,moto,19.68
green_wave,44,moto,23.75
green_wave,44,auto,23.56
green_wave,44,moto,25.76
green_wave,44,car,20.01
green_wave,44,moto,7.95
green_wave,44,moto,6.16
green_wave,44,moto,16.31
green_wave,44,moto,6.6
green_wave,44,moto,6.62
green_wave,44,moto,13.24
green_wave,44,moto,6.9
green_wave,44,auto,18.49
green_wave,44,moto,11.37
green_wave,44,moto,12.97
green_wave,44,moto,3.06
green_wave,44,auto,2.17
green_wave,44,moto,2.56
green_wave,44,moto,10.28
green_wave,44,moto,18.69
green_wave,44,auto,2.16
green_wave,44,moto,20.24
green_wave,44,moto,7.45
green_wave,44,auto,15.58
green_wave,44,auto,22.53
green_wave,44,moto,10.52
green_wave,44,moto,10.35
green_wave,44,moto,5.45
green_wave,44,moto,11.59
green_wave,44,moto,24.25
green_wave,44,moto,11.57
green_wave,44,moto,24.45
green_wave,44,moto,5.14
green_wave,44,moto,6.4
green_wave,44,moto,4.47
green_wave,44,moto,9.66
green_wave,44,moto,13.1
green_wave,44,car,5.25
green_wave,44,auto,2.17
green_wave,44,moto,5.1
green_wave,44,moto,5.69
green_wave,44,moto,1.81
green_wave,44,moto,19.98
green_wave,44,auto,11.81
green_wave,44,moto,2.14
green_wave,44,auto,1.1
green_wave,44,moto,19.21
green_wave,44,auto,13.66
green_wave,44,moto,24.85
green_wave,44,moto,25.16
green_wave,44,car,21.95
green_wave,44,moto,22.51
green_wave,44,auto,19.4
green_wave,44,car,22.2
green_wave,44,moto,22.49
green_wave,44,car,24.16
green_wave,44,car,14.89
green_wave,44,moto,12.74
green_wave,44,auto,15.1
green_wave,44,moto,23.37
green_wave,44,car,6.34
green_wave,44,auto,12.78
green_wave,44,moto,26.15
green_wave,44,moto,10.36
green_wave,44,moto,4.04
green_wave,44,moto,15.16
green_wave,44,moto,26.49
green_wave,44,moto,18.66
green_wave,44,moto,19.91
green_wave,44,moto,18.06
green_wave,44,moto,12.84
green_wave,44,auto,6.69
green_wave,44,moto,2.95
green_wave,44,car,3.27
green_wave,44,auto,22.98
green_wave,44,car,23.08
green_wave,44,moto,25.02
green_wave,44,moto,21.75
green_wave,44,moto,30.03
green_wave,44,moto,19.46
green_wave,44,moto,11.03
green_wave,44,auto,8.66
green_wave,44,moto,21.09
green_wave,44,auto,19.36
green_wave,44,car,25.73
green_wave,44,car,24.11
green_wave,44,auto,19.79
green_wave,44,moto,17.23
green_wave,44,moto,18.19
green_wave,44,car,8.98
green_wave,44,moto,18.91
green_wave,44,car,11.38
green_wave,44,moto,11.43
green_wave,44,auto,18.79
green_wave,44,auto,14.38
green_wave,44,auto,18.51
green_wave,44,moto,14.14
green_wave,44,car,22.39
green_wave,44,moto,22.05
green_wave,44,car,37.81
green_wave,44,car,15.02
green_wave,44,moto,16.32
green_wave,44,moto,12.37
green_wave,44,moto,7.12
green_wave,44,moto,14.94
green_wave,44,moto,11.46
green_wave,44,moto,13.37
green_wave,44,moto,9.43
green_wave,44,auto,4.16
green_wave,44,auto,5.08
green_wave,44,moto,11.7
green_wave,44,auto,4.03
green_wave,44,auto,15.72
green_wave,44,moto,3.67
green_wave,44,moto,17.57
green_wave,44,moto,9.33
green_wave,44,moto,8.12
green_wave,44,moto,3.38
green_wave,44,moto,17.76
green_wave,44,car,11.27
green_wave,44,moto,24.04
green_wave,44,auto,16.47
green_wave,44,moto,9.78
green_wave,44,moto,25.29
green_wave,44,moto,21.65
green_wave,44,moto,16.37
green_wave,44,moto,16.82
green_wave,44,moto,22.0
green_wave,44,moto,14.8
green_wave,44,moto,20.23
green_wave,44,moto,44.35
green_wave,44,car,9.36
green_wave,44,moto,18.18
green_wave,44,moto,15.01
green_wave,44,moto,3.12
green_wave,44,moto,15.57
green_wave,44,car,25.26
green_wave,44,car,15.29
green_wave,44,car,10.47
green_wave,44,auto,3.09
green_wave,44,moto,1.71
green_wave,44,moto,7.76
green_wave,44,auto,4.91
green_wave,44,moto,3.17
green_wave,44,car,21.19
green_wave,44,moto,21.95
green_wave,44,moto,21.07
green_wave,44,car,6.64
green_wave,44,moto,17.56
green_wave,44,auto,31.3
green_wave,44,auto,25.36
green_wave,44,auto,28.43
green_wave,44,moto,26.58
green_wave,44,car,28.3
green_wave,44,moto,19.24
green_wave,44,moto,27.09
green_wave,44,moto,20.11
green_wave,44,moto,18.67
green_wave,44,moto,7.98
green_wave,44,auto,17.77
green_wave,44,auto,14.57
green_wave,44,auto,13.61
green_wave,44,moto,24.61
green_wave,44,car,13.03
green_wave,44,auto,13.1
green_wave,44,moto,2.24
green_wave,44,moto,18.49
green_wave,44,moto,7.33
green_wave,44,moto,2.56
green_wave,44,moto,6.99
green_wave,44,moto,16.67
green_wave,44,auto,15.63
green_wave,44,moto,16.09
green_wave,44,moto,10.08
green_wave,44,car,8.0
green_wave,44,moto,24.38
green_wave,44,moto,24.4
green_wave,44,auto,23.82
green_wave,44,moto,22.22
green_wave,44,auto,15.51
green_wave,44,auto,15.27
green_wave,44,auto,16.59
green_wave,44,car,26.92
green_wave,44,moto,5.44
green_wave,44,auto,8.57
green_wave,44,auto,6.6
green_wave,44,moto,16.96
green_wave,44,moto,4.02
green_wave,44,moto,2.51
green_wave,44,moto,1.95
green_wave,44,moto,13.75
green_wave,44,moto,14.11
green_wave,44,moto,3.62
green_wave,44,moto,2.92
green_wave,44,moto,1.93
green_wave,44,moto,24.67
green_wave,44,moto,40.33
green_wave,44,moto,26.84
green_wave,44,moto,21.99
green_wave,44,moto,9.13
green_wave,44,moto,11.8
green_wave,44,moto,22.74
green_wave,44,auto,22.5
green_wave,44,auto,2.84
green_wave,44,moto,19.52
green_wave,44,car,9.56
green_wave,44,moto,30.37
green_wave,44,moto,13.47
green_wave,44,moto,21.08
green_wave,44,moto,19.77
green_wave,44,car,14.06
green_wave,44,moto,14.81
green_wave,44,moto,5.43
green_wave,44,moto,2.55
green_wave,44,moto,16.15
green_wave,44,moto,10.32
green_wave,44,auto,13.92
green_wave,44,moto,11.57
green_wave,44,auto,3.66
green_wave,44,auto,20.82
green_wave,44,auto,21.1
green_wave,44,moto,4.4
green_wave,44,car,4.78
green_wave,44,car,24.24
green_wave,44,car,21.19
green_wave,44,moto,8.51
green_wave,44,auto,20.01
green_wave,44,moto,15.52
green_wave,44,moto,17.63
green_wave,44,moto,15.31
green_wave,44,auto,13.02
green_wave,44,auto,2.59
green_wave,44,auto,13.01
green_wave,44,auto,12.36
green_wave,44,auto,12.18
green_wave,44,auto,19.82
green_wave,44,moto,26.37
green_wave,44,moto,17.24
green_wave,44,moto,17.47
green_wave,44,moto,5.07
green_wave,44,moto,16.35
green_wave,44,auto,21.22
green_wave,44,moto,4.62
green_wave,44,car,24.5
green_wave,44,moto,17.5
green_wave,44,moto,26.47
green_wave,44,moto,22.66
green_wave,44,moto,8.16
green_wave,44,auto,23.1
green_wave,44,moto,21.96
green_wave,44,moto,25.22
green_wave,44,auto,19.27
green_wave,44,moto,18.79
green_wave,44,moto,10.98
green_wave,44,moto,23.78
green_wave,44,auto,18.91
green_wave,44,auto,12.46
green_wave,44,moto,18.59
green_wave,44,moto,23.96
green_wave,44,moto,18.48
green_wave,44,car,23.05
green_wave,44,moto,18.64
green_wave,44,moto,5.72
green_wave,44,car,4.25
green_wave,44,auto,12.24
green_wave,44,car,11.27
green_wave,44,moto,15.41
green_wave,44,moto,4.3
green_wave,44,moto,1.62
green_wave,44,auto,1.94
green_wave,44,auto,26.03
green_wave,44,car,11.9
green_wave,44,moto,6.81
green_wave,44,moto,14.43
green_wave,44,moto,17.35
green_wave,44,moto,11.44
green_wave,44,auto,9.81
green_wave,44,moto,2.37
green_wave,44,auto,3.04
green_wave,44,car,8.62
green_wave,44,moto,12.31
green_wave,44,moto,21.84
green_wave,44,auto,20.48
green_wave,44,moto,18.34
green_wave,44,moto,9.58
green_wave,44,moto,4.73
green_wave,44,moto,23.03
green_wave,44,moto,8.08
green_wave,44,moto,6.51
green_wave,44,moto,25.84
green_wave,44,auto,22.71
green_wave,44,car,21.45
green_wave,44,auto,11.83
green_wave,44,moto,10.65
green_wave,44,moto,7.15
green_wave,44,auto,24.41
green_wave,44,moto,18.52
green_wave,44,car,26.75
green_wave,44,auto,5.98
green_wave,44,moto,2.01
green_wave,44,auto,1.11
green_wave,44,auto,17.84
green_wave,44,car,1.27
green_wave,44,moto,3.75
green_wave,44,moto,22.88
green_wave,44,auto,18.66
green_wave,44,auto,18.54
green_wave,44,moto,16.8
green_wave,44,moto,24.44
green_wave,44,moto,25.43
green_wave,44,moto,15.01
green_wave,44,car,7.01
green_wave,44,auto,0.99
green_wave,44,auto,23.5
green_wave,44,auto,20.6
green_wave,44,auto,13.92
green_wave,44,moto,5.79
green_wave,44,car,4.09
green_wave,44,car,3.47
green_wave,44,moto,3.01
green_wave,44,car,0.94
green_wave,44,moto,2.94
green_wave,44,auto,0.94
green_wave,44,moto,3.63
green_wave,44,moto,5.83
green_wave,44,moto,23.58
green_wave,44,auto,19.26
green_wave,44,moto,17.86
green_wave,44,moto,26.82
green_wave,44,auto,21.13
green_wave,44,moto,20.3
green_wave,44,moto,2.12
green_wave,44,moto,6.22
green_wave,44,moto,26.35
green_wave,44,moto,6.49
green_wave,44,moto,16.52
green_wave,44,moto,6.64
green_wave,44,moto,2.53
green_wave,44,car,13.38
green_wave,44,moto,5.69
green_wave,44,car,15.38
green_wave,44,moto,10.14
green_wave,44,moto,11.12
green_wave,44,auto,23.34
green_wave,44,auto,23.79
green_wave,44,auto,3.72
green_wave,44,moto,12.93
green_wave,44,moto,8.34
green_wave,44,moto,9.04
green_wave,44,car,14.38
green_wave,44,auto,1.26
green_wave,44,moto,1.94
green_wave,44,moto,24.37
green_wave,44,moto,15.94
green_wave,44,moto,15.91
green_wave,44,auto,19.72
green_wave,44,moto,14.89
green_wave,44,auto,14.01
green_wave,44,moto,7.39
green_wave,44,auto,10.77
green_wave,44,moto,8.49
green_wave,44,moto,11.02
green_wave,44,moto,22.6
green_wave,44,moto,12.96
green_wave,44,moto,9.43
green_wave,44,auto,5.68
green_wave,44,auto,12.95
green_wave,44,moto,11.92
green_wave,44,moto,8.26
green_wave,44,auto,14.24
green_wave,44,moto,14.69
green_wave,44,auto,19.1
green_wave,44,moto,5.66
green_wave,44,car,14.21
green_wave,44,moto,2.54
green_wave,44,auto,16.71
green_wave,44,moto,2.96
green_wave,44,moto,4.81
green_wave,44,auto,4.58
green_wave,44,moto,17.19
green_wave,44,moto,15.72
green_wave,44,moto,16.79
green_wave,44,moto,4.18
green_wave,44,auto,24.31
green_wave,44,moto,11.56
green_wave,44,car,21.12
green_wave,44,moto,20.64
green_wave,44,auto,16.12
green_wave,44,auto,26.98
green_wave,44,auto,17.66
green_wave,44,moto,25.75
green_wave,44,auto,16.59
green_wave,44,moto,7.41
green_wave,44,moto,8.74
green_wave,44,auto,15.0
green_wave,44,moto,13.26
green_wave,44,moto,16.63
green_wave,44,auto,9.82
green_wave,44,car,9.23
green_wave,44,auto,4.78
green_wave,44,moto,6.75
green_wave,44,auto,6.29
green_wave,44,auto,14.31
green_wave,44,moto,2.14
green_wave,44,moto,2.29
green_wave,44,moto,22.58
green_wave,44,car,21.93
green_wave,44,moto,5.54
green_wave,44,car,10.24
green_wave,44,auto,10.9
green_wave,44,moto,35.49
green_wave,44,auto,2.44
green_wave,44,moto,14.31
green_wave,44,auto,3.94
green_wave,44,auto,18.91
green_wave,44,moto,11.74
green_wave,44,auto,7.22
green_wave,44,moto,11.93
green_wave,44,moto,17.46
green_wave,44,moto,8.39
green_wave,44,moto,4.34
green_wave,44,moto,24.86
green_wave,44,moto,17.87
green_wave,44,moto,8.28
green_wave,44,car,22.95
green_wave,44,auto,19.47
green_wave,44,moto,8.15
green_wave,44,car,1.4
green_wave,44,moto,28.77
green_wave,44,auto,3.26
green_wave,44,moto,38.45
green_wave,44,moto,15.51
green_wave,44,auto,40.09
green_wave,44,car,37.79
green_wave,44,moto,46.18
green_wave,44,moto,22.39
green_wave,44,moto,15.87
green_wave,44,moto,33.89
green_wave,44,car,19.27
green_wave,44,auto,3.01
green_wave,44,auto,7.06
green_wave,44,auto,19.35
green_wave,44,auto,4.37
green_wave,44,moto,9.93
green_wave,44,moto,2.66
green_wave,44,moto,4.69
green_wave,44,moto,14.69
green_wave,44,car,16.28
green_wave,44,moto,2.64
green_wave,44,moto,18.72
green_wave,44,auto,9.14
green_wave,44,moto,13.76
green_wave,44,moto,18.95
green_wave,44,moto,18.32
green_wave,44,moto,2.81
green_wave,44,auto,25.8
green_wave,44,moto,24.23
green_wave,44,moto,18.66
green_wave,44,auto,14.67
green_wave,44,moto,24.1
green_wave,44,car,13.54
green_wave,44,auto,1.2
green_wave,44,moto,17.81
green_wave,44,moto,10.02
green_wave,44,moto,6.87
green_wave,44,moto,6.99
green_wave,44,moto,15.24
green_wave,44,moto,10.25
green_wave,44,moto,5.41
green_wave,44,auto,9.68
green_wave,44,car,15.26
green_wave,44,moto,6.73
green_wave,44,moto,21.72
green_wave,44,moto,3.78
green_wave,44,moto,1.65
green_wave,44,auto,7.91
green_wave,44,auto,10.86
green_wave,44,moto,2.73
green_wave,44,auto,2.09
green_wave,44,moto,3.25
green_wave,44,moto,1.97
green_wave,44,moto,24.37
green_wave,44,moto,3.34
green_wave,44,moto,5.1
green_wave,44,moto,23.8
green_wave,44,car,10.29
green_wave,44,moto,25.15
green_wave,44,moto,22.66
green_wave,44,moto,18.37
green_wave,44,moto,30.71
green_wave,44,moto,13.3
green_wave,44,auto,8.54
green_wave,44,auto,10.49
green_wave,44,moto,6.64
green_wave,44,moto,29.95
green_wave,44,auto,27.49
green_wave,44,moto,24.62
green_wave,44,moto,11.29
green_wave,44,auto,2.6
green_wave,44,car,13.32
green_wave,44,auto,3.39
green_wave,44,moto,3.9
green_wave,44,moto,5.97
green_wave,44,moto,6.25
green_wave,44,auto,0.95
green_wave,44,car,22.03
green_wave,44,moto,14.95
green_wave,44,auto,15.38
green_wave,44,moto,21.04
green_wave,44,moto,15.33
green_wave,44,moto,9.79
green_wave,44,auto,2.44
green_wave,44,moto,24.47
green_wave,44,moto,3.97
green_wave,44,auto,24.17
green_wave,44,moto,24.47
green_wave,44,moto,4.74
green_wave,44,moto,11.85
green_wave,44,auto,3.34
green_wave,44,moto,7.98
green_wave,44,auto,6.54
green_wave,44,moto,5.19
green_wave,44,moto,6.33
green_wave,44,car,17.39
green_wave,44,moto,3.73
green_wave,44,moto,21.57
green_wave,44,moto,19.5
green_wave,44,moto,3.47
green_wave,44,moto,24.92
green_wave,44,moto,21.77
green_wave,44,auto,13.97
green_wave,44,moto,19.44
green_wave,44,moto,5.22
green_wave,44,auto,14.4
green_wave,44,auto,15.54
green_wave,44,moto,9.24
green_wave,44,auto,17.63
green_wave,44,moto,9.62
green_wave,44,moto,5.84
green_wave,44,car,16.1
green_wave,44,car,8.19
green_wave,44,auto,16.9
green_wave,44,car,10.67
green_wave,44,moto,14.41
green_wave,44,moto,9.13
green_wave,44,car,1.34
green_wave,44,moto,2.21
green_wave,44,moto,23.18
green_wave,44,auto,9.85
green_wave,44,car,11.52
green_wave,44,moto,2.99
green_wave,44,moto,17.17
green_wave,44,moto,18.75
green_wave,44,moto,21.99
green_wave,44,moto,22.19
green_wave,44,moto,16.15
green_wave,44,car,20.37
green_wave,44,car,14.06
green_wave,44,moto,28.38
green_wave,44,auto,22.04
green_wave,44,moto,16.53
green_wave,44,auto,21.75
green_wave,44,auto,14.4
green_wave,44,moto,22.73
green_wave,44,auto,21.4
green_wave,44,moto,24.29
green_wave,44,moto,27.85
green_wave,44,moto,29.7
green_wave,44,moto,20.12
green_wave,44,car,22.6
green_wave,44,moto,14.55
green_wave,44,moto,2.15
green_wave,44,auto,20.47
green_wave,44,car,8.45
green_wave,44,auto,5.75
green_wave,44,moto,18.03
green_wave,44,auto,4.61
green_wave,44,car,11.25
green_wave,44,auto,14.89
green_wave,44,moto,3.19
green_wave,44,moto,20.66
green_wave,44,moto,2.23
green_wave,44,moto,12.73
green_wave,44,moto,8.98
green_wave,44,car,7.65
green_wave,44,auto,25.5
green_wave,44,auto,22.31
green_wave,44,auto,18.37
green_wave,44,auto,6.58
green_wave,44,moto,2.2
green_wave,44,moto,9.96
green_wave,44,car,14.37
green_wave,44,moto,24.98
green_wave,44,moto,14.06
green_wave,44,moto,5.28
green_wave,44,auto,1.14
green_wave,44,car,14.27
green_wave,44,moto,12.6
green_wave,44,moto,8.89
green_wave,44,auto,11.08
green_wave,44,moto,11.71
green_wave,44,moto,11.31
green_wave,44,moto,7.58
green_wave,44,moto,8.61
green_wave,44,auto,6.78
green_wave,44,moto,11.14
green_wave,44,moto,9.9
green_wave,44,moto,7.39
green_wave,44,moto,7.14
green_wave,44,auto,0.9
green_wave,44,moto,24.07
green_wave,44,moto,7.81
green_wave,44,moto,19.19
green_wave,44,moto,22.2
green_wave,44,auto,22.91
green_wave,44,moto,23.48
green_wave,44,moto,10.36
green_wave,44,moto,27.73
green_wave,44,moto,12.27
green_wave,44,car,10.18
green_wave,44,auto,20.09
green_wave,44,auto,19.31
green_wave,44,moto,4.76
green_wave,44,moto,7.92
green_wave,44,auto,21.21
green_wave,44,auto,9.18
green_wave,44,auto,3.42
green_wave,44,moto,5.66
green_wave,44,auto,1.0
green_wave,44,moto,19.5
green_wave,44,moto,22.91
green_wave,44,moto,18.47
green_wave,44,car,16.63
green_wave,44,auto,14.52
green_wave,44,auto,7.68
green_wave,44,moto,3.06
green_wave,44,moto,2.31
green_wave,44,moto,2.21
green_wave,44,moto,3.17
green_wave,44,moto,4.54
green_wave,44,moto,22.68
green_wave,44,moto,20.07
green_wave,44,car,27.23
green_wave,44,moto,24.92
green_wave,44,moto,10.32
green_wave,44,moto,24.5
green_wave,44,auto,16.89
green_wave,44,moto,36.24
green_wave,44,moto,17.15
green_wave,44,moto,11.31
green_wave,44,moto,4.4
green_wave,44,car,9.79
green_wave,44,moto,7.98
green_wave,44,auto,10.16
green_wave,44,moto,6.13
green_wave,44,car,8.08
green_wave,44,auto,10.6
green_wave,44,moto,6.57
green_wave,44,moto,9.64
green_wave,44,moto,17.09
green_wave,44,moto,16.98
green_wave,44,car,20.31
green_wave,44,moto,4.16
green_wave,44,moto,19.11
green_wave,44,moto,17.78
green_wave,44,auto,25.26
green_wave,44,moto,13.04
green_wave,44,moto,14.85
green_wave,44,moto,21.05
green_wave,44,moto,12.83
green_wave,44,moto,14.88
green_wave,44,moto,7.64
green_wave,44,moto,25.19
green_wave,44,auto,12.13
green_wave,44,auto,21.82
green_wave,44,moto,5.21
green_wave,44,moto,5.51
green_wave,44,car,2.0
green_wave,44,car,9.43
green_wave,44,moto,12.37
green_wave,44,moto,7.92
green_wave,44,auto,22.42
green_wave,44,auto,1.12
green_wave,44,auto,15.23
green_wave,44,moto,4.97
green_wave,44,moto,6.24
green_wave,44,moto,3.61
green_wave,44,moto,8.69
green_wave,44,moto,23.36
green_wave,44,car,20.88
green_wave,44,moto,6.81
green_wave,44,car,6.98
green_wave,44,moto,6.0
green_wave,44,moto,7.17
green_wave,44,moto,4.04
green_wave,44,auto,23.42
green_wave,44,moto,7.75
green_wave,44,car,2.25
green_wave,44,moto,25.81
green_wave,44,car,2.94
green_wave,44,moto,4.73
green_wave,44,auto,17.32
green_wave,44,moto,8.34
green_wave,44,auto,14.51
green_wave,44,moto,16.56
green_wave,44,auto,10.88
green_wave,44,moto,26.69
green_wave,44,moto,19.89
green_wave,44,car,17.98
green_wave,44,moto,9.52
green_wave,44,moto,10.93
green_wave,44,auto,1.95
green_wave,44,auto,15.64
green_wave,44,auto,16.23
green_wave,44,auto,8.79
green_wave,44,moto,6.91
green_wave,44,auto,0.96
green_wave,44,moto,7.27
green_wave,44,car,4.98
green_wave,44,car,9.18
green_wave,44,moto,7.7
green_wave,44,car,4.6
green_wave,44,auto,2.37
green_wave,44,moto,15.9
green_wave,44,moto,21.33
green_wave,44,moto,22.21
green_wave,44,auto,1.36
green_wave,44,moto,3.48
green_wave,44,car,20.45
green_wave,44,moto,16.12
green_wave,44,moto,9.85
green_wave,44,moto,22.95
green_wave,44,moto,24.32
green_wave,44,car,18.33
green_wave,44,moto,15.68
green_wave,44,moto,17.67
green_wave,44,car,23.15
green_wave,44,moto,17.97
green_wave,44,moto,5.84
green_wave,44,moto,19.97
green_wave,44,car,37.4
green_wave,44,auto,17.81
green_wave,44,auto,14.3
green_wave,44,car,15.69
green_wave,44,auto,13.54
green_wave,44,auto,3.66
green_wave,44,moto,5.53
green_wave,44,moto,6.02
green_wave,44,moto,14.81
green_wave,44,moto,11.54
green_wave,44,car,12.01
green_wave,44,moto,3.8
green_wave,44,moto,21.02
green_wave,44,moto,17.36
green_wave,44,car,1.62
green_wave,44,moto,2.74
green_wave,44,auto,1.28
green_wave,44,moto,13.58
green_wave,44,moto,12.37
green_wave,44,moto,13.61
green_wave,44,auto,14.13
green_wave,44,moto,27.77
green_wave,44,moto,23.68
green_wave,44,auto,14.32
green_wave,44,moto,8.19
green_wave,44,car,10.47
green_wave,44,moto,17.13
green_wave,44,moto,9.8
green_wave,44,auto,7.56
green_wave,44,moto,7.98
green_wave,44,car,12.51
green_wave,44,auto,22.36
green_wave,44,moto,8.34
green_wave,44,moto,19.73
green_wave,44,car,6.55
green_wave,44,moto,14.18
green_wave,44,moto,11.06
green_wave,44,moto,17.13
green_wave,44,moto,18.42
green_wave,44,moto,17.8
green_wave,44,auto,16.91
green_wave,44,car,18.99
green_wave,44,moto,18.78
green_wave,44,moto,8.27
green_wave,44,auto,10.59
green_wave,44,car,9.17
green_wave,44,moto,7.28
green_wave,44,auto,3.3
green_wave,44,moto,6.24
green_wave,44,moto,18.27
green_wave,44,auto,2.31
green_wave,44,auto,8.14
green_wave,44,car,1.56
green_wave,44,moto,5.79
green_wave,44,moto,5.32
green_wave,44,car,21.58
green_wave,44,moto,13.87
green_wave,44,auto,5.38
green_wave,44,moto,15.94
green_wave,44,moto,2.27
green_wave,44,auto,4.08
green_wave,44,moto,2.38
green_wave,44,moto,15.53
green_wave,44,car,5.75
green_wave,44,moto,15.53
green_wave,44,auto,16.77
green_wave,44,auto,11.86
green_wave,44,moto,14.99
green_wave,44,moto,15.03
green_wave,44,moto,13.69
green_wave,44,moto,24.84
green_wave,44,moto,4.5
green_wave,44,auto,19.28
green_wave,44,auto,10.6
green_wave,44,car,4.52
green_wave,44,auto,4.81
green_wave,44,moto,20.48
green_wave,44,car,20.88
green_wave,44,auto,7.65
green_wave,44,moto,4.84
green_wave,44,moto,21.68
green_wave,44,moto,13.63
green_wave,44,moto,20.11
green_wave,44,moto,2.71
green_wave,44,moto,19.89
green_wave,44,auto,14.7
green_wave,44,car,15.5
green_wave,44,moto,6.22
green_wave,44,auto,16.06
green_wave,44,moto,24.08
green_wave,44,moto,13.92
green_wave,44,car,14.2
green_wave,44,moto,14.69
green_wave,44,car,14.69
green_wave,44,moto,25.83
green_wave,44,auto,17.99
green_wave,44,moto,14.14
green_wave,44,auto,16.38
green_wave,44,moto,12.03
green_wave,44,auto,23.96
green_wave,44,moto,7.79
green_wave,44,moto,6.64
green_wave,44,moto,16.71
green_wave,44,moto,10.68
green_wave,44,car,3.73
green_wave,44,auto,14.9
green_wave,44,moto,20.24
green_wave,44,moto,17.7
green_wave,44,moto,23.28
green_wave,44,moto,11.35
green_wave,44,auto,24.78
green_wave,44,car,21.56
green_wave,44,moto,11.1
green_wave,44,auto,14.53
green_wave,44,auto,9.83
green_wave,44,auto,4.36
green_wave,44,moto,16.88
green_wave,44,moto,2.77
green_wave,44,moto,20.91
green_wave,44,moto,11.81
green_wave,44,moto,24.55
green_wave,44,moto,20.94
green_wave,44,moto,6.38
green_wave,44,auto,1.69
green_wave,44,auto,20.43
green_wave,44,moto,9.37
green_wave,44,auto,4.77
green_wave,44,moto,25.0
green_wave,44,auto,12.26
green_wave,44,moto,3.54
green_wave,44,moto,20.13
green_wave,44,car,18.25
green_wave,44,moto,29.17
green_wave,44,auto,25.55
green_wave,44,moto,16.0
green_wave,44,moto,3.4
green_wave,44,moto,14.11
green_wave,44,moto,13.37
green_wave,44,moto,9.01
green_wave,44,auto,14.07
green_wave,44,auto,25.32
green_wave,44,auto,11.99
green_wave,44,auto,7.17
green_wave,44,moto,9.09
green_wave,44,auto,19.38
green_wave,44,moto,15.65
green_wave,44,auto,5.71
green_wave,44,car,8.99
green_wave,44,moto,24.73
green_wave,44,moto,9.82
green_wave,44,car,16.79
green_wave,44,auto,6.51
green_wave,44,moto,27.88
green_wave,44,moto,18.04
green_wave,44,moto,13.54
green_wave,44,auto,23.97
green_wave,44,moto,9.07
green_wave,44,moto,18.56
green_wave,44,auto,19.31
green_wave,44,car,13.16
green_wave,44,moto,5.05
green_wave,44,car,12.79
green_wave,44,auto,4.52
green_wave,44,car,9.97
green_wave,44,moto,21.67
green_wave,44,car,15.43
green_wave,44,car,13.91
green_wave,44,moto,10.8
green_wave,44,car,8.82
green_wave,44,moto,18.6
green_wave,44,moto,17.09
green_wave,44,car,13.75
green_wave,44,moto,4.82
green_wave,44,moto,2.46
green_wave,44,moto,20.21
green_wave,44,moto,15.91
green_wave,44,moto,20.66
green_wave,44,moto,5.53
green_wave,44,moto,15.94
green_wave,44,moto,14.08
green_wave,44,car,6.34
green_wave,44,moto,9.38
green_wave,44,auto,18.6
green_wave,44,auto,16.2
green_wave,44,moto,12.29
green_wave,44,moto,13.17
green_wave,44,moto,26.54
green_wave,44,moto,18.06
green_wave,44,moto,11.59
green_wave,44,moto,5.49
green_wave,44,car,15.95
green_wave,44,auto,16.15
green_wave,44,moto,27.01
green_wave,44,auto,2.11
green_wave,44,moto,5.71
green_wave,44,auto,11.4
green_wave,44,moto,5.91
green_wave,44,moto,7.93
green_wave,44,moto,15.9
green_wave,44,auto,1.46
green_wave,44,moto,4.31
green_wave,44,moto,25.49
green_wave,44,moto,6.09
green_wave,44,moto,25.88
green_wave,44,car,15.85
green_wave,44,moto,16.36
green_wave,44,auto,5.65
green_wave,44,car,13.68
green_wave,44,auto,24.46
green_wave,44,auto,15.84
green_wave,44,moto,9.21
green_wave,44,auto,26.66
green_wave,44,moto,12.4
green_wave,44,moto,23.54
green_wave,44,car,25.44
green_wave,44,auto,3.35
green_wave,44,moto,8.15
green_wave,44,moto,7.3
green_wave,44,car,19.09
green_wave,44,auto,14.93
green_wave,44,moto,20.45
green_wave,44,car,23.89
green_wave,44,moto,4.13
green_wave,44,car,10.3
green_wave,44,car,15.25
green_wave,44,car,5.73
green_wave,44,car,31.36
green_wave,44,car,3.31
green_wave,44,auto,20.88
green_wave,44,moto,41.42
green_wave,44,auto,28.05
green_wave,44,auto,5.08
green_wave,44,moto,3.09
green_wave,44,moto,18.11
green_wave,44,moto,14.16
green_wave,44,auto,25.66
green_wave,44,auto,23.22
green_wave,44,car,31.74
green_wave,44,moto,6.08
green_wave,44,moto,5.53
green_wave,44,moto,2.93
green_wave,44,moto,9.79
green_wave,44,car,10.27
green_wave,44,car,1.32
green_wave,44,moto,6.52
green_wave,44,moto,23.52
green_wave,44,moto,21.26
green_wave,44,moto,7.27
green_wave,44,auto,20.75
green_wave,44,auto,8.7
green_wave,44,moto,9.73
green_wave,44,moto,4.88
green_wave,44,moto,13.34
green_wave,44,moto,8.51
green_wave,44,auto,21.27
green_wave,44,auto,17.07
green_wave,44,moto,25.86
green_wave,44,moto,22.36
green_wave,44,moto,18.26
green_wave,44,auto,30.48
green_wave,44,moto,9.23
green_wave,44,auto,2.46
green_wave,44,moto,5.47
green_wave,44,auto,2.36
green_wave,44,auto,2.81
green_wave,44,moto,22.94
green_wave,44,car,21.3
green_wave,44,auto,21.45
green_wave,44,car,20.74
green_wave,44,auto,18.97
green_wave,44,moto,3.63
green_wave,44,car,23.43
green_wave,44,moto,14.93
green_wave,44,car,1.12
green_wave,44,moto,3.19
green_wave,44,car,3.06
green_wave,44,auto,14.9
green_wave,44,auto,13.89
green_wave,44,moto,15.08
green_wave,44,auto,16.36
green_wave,44,auto,21.67
green_wave,44,moto,17.59
green_wave,44,moto,21.57
green_wave,44,auto,3.18
green_wave,44,moto,18.2
green_wave,44,car,24.08
green_wave,44,auto,6.57
green_wave,44,moto,5.97
green_wave,44,moto,9.95
green_wave,44,moto,18.83
green_wave,44,auto,12.36
green_wave,44,car,5.92
green_wave,44,moto,23.07
green_wave,44,auto,10.15
green_wave,44,auto,9.74
green_wave,44,car,11.49
green_wave,44,moto,3.48
green_wave,44,moto,9.11
green_wave,44,moto,24.21
green_wave,44,moto,14.54
green_wave,44,moto,13.55
green_wave,44,car,10.37
green_wave,44,auto,25.22
green_wave,44,moto,23.59
green_wave,44,auto,18.48
green_wave,44,auto,21.45
green_wave,44,moto,19.57
green_wave,44,moto,25.35
green_wave,44,moto,25.42
green_wave,44,moto,19.1
green_wave,44,auto,18.91
green_wave,44,moto,11.02
green_wave,44,auto,16.9
green_wave,44,moto,23.86
green_wave,44,moto,17.31
green_wave,44,car,21.21
green_wave,44,moto,20.12
green_wave,44,auto,16.13
green_wave,44,car,5.83
green_wave,44,car,12.56
green_wave,44,moto,14.24
green_wave,44,moto,10.91
green_wave,44,car,19.98
green_wave,44,moto,21.79
green_wave,44,moto,21.97
green_wave,44,moto,21.08
green_wave,44,moto,21.21
green_wave,44,moto,12.3
green_wave,44,auto,8.53
green_wave,44,moto,21.54
green_wave,44,car,2.91
green_wave,44,moto,17.28
green_wave,44,auto,21.56
green_wave,44,moto,17.01
green_wave,44,moto,6.34
green_wave,44,auto,16.95
green_wave,44,moto,24.97
green_wave,44,moto,10.67
green_wave,44,moto,4.11
green_wave,44,car,4.09
green_wave,44,moto,2.04
green_wave,44,moto,23.81
green_wave,44,moto,20.77
green_wave,44,auto,11.4
green_wave,44,moto,20.94
green_wave,44,auto,20.92
green_wave,44,auto,4.93
green_wave,44,moto,4.28
green_wave,44,moto,23.57
green_wave,44,moto,22.72
green_wave,44,car,7.75
green_wave,44,moto,10.96
green_wave,44,moto,4.39
green_wave,44,auto,1.15
green_wave,44,auto,23.29
green_wave,44,auto,19.33
green_wave,44,moto,6.24
green_wave,44,car,19.98
green_wave,44,moto,7.04
green_wave,44,auto,23.19
green_wave,44,moto,17.72
green_wave,44,moto,9.22
green_wave,44,moto,10.57
green_wave,44,moto,1.88
green_wave,44,moto,2.22
green_wave,44,moto,9.73
green_wave,44,moto,6.18
green_wave,44,moto,16.24
green_wave,44,moto,21.53
green_wave,44,moto,16.76
green_wave,44,moto,2.19
green_wave,44,moto,22.78
green_wave,44,moto,25.16
green_wave,44,car,11.41
green_wave,44,auto,1.67
green_wave,44,moto,20.84
green_wave,44,moto,18.51
green_wave,44,car,17.82
green_wave,44,moto,10.01
green_wave,44,auto,25.96
green_wave,44,moto,24.4
green_wave,44,moto,16.17
green_wave,44,moto,18.46
green_wave,44,moto,11.34
green_wave,44,moto,7.94
green_wave,44,auto,2.98
green_wave,44,car,21.82
green_wave,44,car,28.69
green_wave,44,car,5.86
green_wave,44,moto,17.38
green_wave,44,moto,6.72
green_wave,44,car,25.54
green_wave,44,car,13.08
green_wave,44,moto,16.87
green_wave,44,car,22.73
green_wave,44,moto,6.58
green_wave,44,moto,8.47
green_wave,44,moto,19.54
green_wave,44,auto,1.86
green_wave,44,car,8.89
green_wave,44,moto,20.36
green_wave,44,auto,21.4
green_wave,44,auto,14.72
green_wave,44,car,3.82
green_wave,44,moto,13.91
green_wave,44,moto,18.35
green_wave,44,moto,4.03
green_wave,44,moto,13.95
green_wave,44,auto,1.04
green_wave,44,moto,25.81
green_wave,44,car,19.59
green_wave,44,moto,10.78
green_wave,44,car,6.85
green_wave,44,auto,23.78
green_wave,44,moto,4.76
green_wave,44,moto,5.93
green_wave,44,moto,3.62
green_wave,44,moto,30.81
green_wave,44,auto,5.34
green_wave,44,car,7.73
green_wave,44,moto,11.57
green_wave,44,moto,13.37
green_wave,44,auto,22.45
green_wave,44,auto,21.33
green_wave,44,car,4.19
green_wave,44,moto,12.16
green_wave,44,moto,22.09
green_wave,44,moto,20.47
green_wave,44,moto,13.08
green_wave,44,moto,4.85
green_wave,44,car,9.26
green_wave,44,moto,40.99
green_wave,44,auto,10.53
green_wave,44,moto,6.9
green_wave,44,car,23.84
green_wave,44,moto,21.55
green_wave,44,moto,19.2
green_wave,44,moto,10.36
green_wave,44,auto,8.95
green_wave,44,auto,6.83
green_wave,44,car,23.19
green_wave,44,moto,6.17
green_wave,44,car,4.66
green_wave,44,car,3.83
green_wave,44,car,5.36
green_wave,44,moto,21.56
green_wave,44,moto,13.85
green_wave,44,moto,12.86
green_wave,44,car,17.74
green_wave,44,auto,13.66
green_wave,44,car,13.25
green_wave,44,car,6.91
green_wave,44,moto,8.1
green_wave,44,moto,2.33
green_wave,44,auto,21.42
green_wave,44,auto,15.31
green_wave,44,auto,13.54
green_wave,44,car,16.09
green_wave,44,moto,8.2
green_wave,44,auto,11.56
green_wave,44,moto,9.19
green_wave,44,moto,6.56
green_wave,44,auto,19.93
green_wave,44,moto,8.24
green_wave,44,moto,38.91
green_wave,44,auto,6.52
green_wave,44,moto,6.69
green_wave,44,moto,24.19
green_wave,44,auto,30.06
green_wave,44,auto,3.17
green_wave,44,car,8.63
green_wave,44,auto,5.04
green_wave,44,moto,13.73
green_wave,44,moto,18.05
green_wave,44,auto,9.0
green_wave,44,moto,1.97
green_wave,44,auto,21.18
green_wave,44,moto,3.74
green_wave,44,moto,23.46
green_wave,44,moto,19.29
green_wave,44,car,22.88
green_wave,44,auto,22.02
green_wave,44,moto,4.12
green_wave,44,auto,11.46
green_wave,44,auto,8.57
green_wave,44,moto,25.08
green_wave,44,moto,20.17
green_wave,44,moto,7.16
green_wave,44,moto,16.08
green_wave,44,car,12.28
green_wave,44,moto,5.42
green_wave,44,moto,13.98
green_wave,44,moto,5.01
green_wave,44,moto,7.02
green_wave,44,moto,14.48
green_wave,44,car,8.96
green_wave,44,moto,11.44
green_wave,44,auto,16.8
green_wave,44,moto,24.66
green_wave,44,auto,14.97
green_wave,44,moto,6.21
green_wave,44,moto,13.9
green_wave,44,auto,3.84
green_wave,44,moto,2.07
green_wave,44,moto,2.12
green_wave,44,moto,16.35
green_wave,44,moto,17.03
green_wave,44,moto,3.31
green_wave,44,moto,10.48
green_wave,44,auto,24.34
green_wave,44,moto,16.84
green_wave,44,moto,12.48
green_wave,44,moto,5.39
green_wave,44,moto,4.69
green_wave,44,auto,22.89
green_wave,44,moto,5.18
green_wave,44,moto,23.68
green_wave,44,moto,6.29
green_wave,44,auto,3.32
green_wave,44,auto,1.14
green_wave,44,car,4.39
green_wave,44,auto,12.58
green_wave,44,auto,4.5
green_wave,44,car,28.28
green_wave,44,auto,18.9
green_wave,44,moto,8.15
green_wave,44,car,20.87
green_wave,44,moto,15.03
green_wave,44,moto,1.6
green_wave,44,auto,0.99
green_wave,44,car,19.97
green_wave,44,car,14.85
green_wave,44,moto,13.08
green_wave,44,moto,14.37
green_wave,44,auto,12.57
green_wave,44,moto,24.87
green_wave,44,auto,29.69
green_wave,44,car,15.72
green_wave,44,auto,12.98
green_wave,44,moto,11.44
green_wave,44,car,11.73
green_wave,44,moto,13.15
green_wave,44,auto,6.9
green_wave,44,moto,5.49
green_wave,44,moto,12.62
green_wave,44,auto,1.13
green_wave,44,moto,20.07
green_wave,44,moto,9.61
green_wave,44,moto,16.43
green_wave,44,moto,2.9
green_wave,44,moto,20.4
green_wave,44,moto,9.06
green_wave,44,car,10.69
green_wave,44,moto,23.57
green_wave,44,moto,10.31
green_wave,44,auto,20.76
green_wave,44,auto,18.62
green_wave,44,auto,4.47
green_wave,44,moto,3.92
green_wave,44,auto,4.16
green_wave,44,auto,19.31
green_wave,44,car,11.66
green_wave,44,car,15.1
green_wave,44,car,10.92
green_wave,44,moto,8.99
green_wave,44,car,1.23
green_wave,44,moto,6.36
green_wave,44,moto,13.44
green_wave,44,moto,16.03
green_wave,44,moto,6.6
green_wave,44,moto,2.83
green_wave,44,moto,4.15
green_wave,44,moto,1.97
green_wave,44,moto,9.17
green_wave,44,auto,0.77
green_wave,44,car,19.37
green_wave,44,moto,24.26
green_wave,44,moto,17.54
green_wave,44,moto,22.16
green_wave,44,moto,14.58
green_wave,44,moto,14.8
green_wave,44,moto,22.31
green_wave,44,moto,22.86
green_wave,44,moto,20.22
green_wave,44,moto,18.09
green_wave,44,moto,21.33
green_wave,44,moto,21.35
green_wave,44,car,12.25
green_wave,44,moto,15.32
green_wave,44,moto,12.19
green_wave,44,auto,20.68
green_wave,44,moto,11.77
green_wave,44,moto,23.08
green_wave,44,auto,16.34
green_wave,44,auto,20.66
green_wave,44,auto,1.0
green_wave,44,moto,2.39
green_wave,44,auto,5.07
green_wave,44,moto,10.62
green_wave,44,moto,18.12
green_wave,44,moto,25.2
green_wave,44,moto,11.68
green_wave,44,car,27.37
green_wave,44,car,23.14
green_wave,44,car,12.45
green_wave,44,auto,24.54
green_wave,44,moto,6.2
green_wave,44,auto,33.2
green_wave,44,moto,30.77
green_wave,44,car,24.49
green_wave,44,moto,24.39
green_wave,44,moto,5.65
green_wave,44,car,32.1
green_wave,44,auto,3.53
green_wave,44,moto,1.92
green_wave,44,auto,0.91
green_wave,44,auto,15.76
green_wave,44,moto,2.74
green_wave,44,moto,19.26
green_wave,44,moto,24.82
green_wave,44,car,23.89
green_wave,44,car,1.42
green_wave,44,auto,24.41
green_wave,44,moto,13.38
green_wave,44,moto,12.4
green_wave,44,moto,10.26
green_wave,44,auto,23.81
green_wave,44,moto,24.89
green_wave,44,auto,23.76
green_wave,44,moto,14.68
green_wave,44,car,6.11
green_wave,44,moto,4.07
green_wave,44,moto,6.3
green_wave,44,moto,10.42
green_wave,44,auto,17.4
green_wave,44,auto,6.59
green_wave,44,auto,5.44
green_wave,44,car,1.09
green_wave,44,moto,7.09
green_wave,44,moto,2.38
green_wave,44,car,19.4
green_wave,44,moto,21.26
green_wave,44,moto,4.36
green_wave,44,auto,9.06
green_wave,44,moto,16.53
green_wave,44,auto,14.32
green_wave,44,moto,3.58
green_wave,44,auto,14.22
green_wave,44,moto,40.7
green_wave,44,moto,11.15
green_wave,44,moto,4.83
green_wave,44,moto,9.46
green_wave,44,car,23.47
green_wave,44,moto,8.85
green_wave,44,moto,23.03
green_wave,44,moto,17.12
green_wave,44,moto,2.24
green_wave,44,auto,7.21
green_wave,44,car,13.89
green_wave,44,auto,11.46
green_wave,44,car,1.3
green_wave,44,moto,8.78
green_wave,44,car,19.19
green_wave,44,car,16.74
green_wave,44,moto,12.77
green_wave,44,moto,16.03
green_wave,44,auto,5.99
green_wave,44,auto,21.45
green_wave,44,moto,15.37
green_wave,44,moto,12.11
green_wave,44,moto,13.81
green_wave,44,moto,4.69
green_wave,44,moto,14.77
green_wave,44,auto,1.6
green_wave,44,auto,1.18
green_wave,44,moto,25.89
green_wave,44,car,8.34
green_wave,44,moto,2.84
green_wave,44,moto,5.09
green_wave,44,auto,10.62
green_wave,44,moto,18.91
green_wave,44,moto,15.38
green_wave,44,moto,3.02
green_wave,44,moto,6.09
green_wave,44,moto,7.97
green_wave,44,moto,2.58
green_wave,44,moto,12.09
green_wave,44,car,15.08
green_wave,44,moto,5.99
green_wave,44,moto,21.49
green_wave,44,moto,20.75
green_wave,44,auto,21.7
green_wave,44,car,5.32
green_wave,44,moto,27.2
green_wave,44,moto,24.65
green_wave,44,auto,25.96
green_wave,44,moto,24.28
green_wave,44,auto,28.95
green_wave,44,moto,22.63
green_wave,44,moto,20.98
green_wave,44,moto,2.09
green_wave,44,auto,22.32
green_wave,44,moto,23.44
green_wave,44,auto,3.22
green_wave,44,car,9.33
green_wave,44,moto,17.21
green_wave,44,car,17.63
green_wave,44,auto,17.24
green_wave,44,auto,9.29
green_wave,44,car,19.16
green_wave,44,moto,8.06
green_wave,44,moto,5.48
green_wave,44,moto,3.41
green_wave,44,moto,16.63
green_wave,44,moto,16.26
green_wave,44,moto,8.36
green_wave,44,moto,10.65
green_wave,44,moto,15.76
green_wave,44,auto,19.62
green_wave,44,moto,3.63
green_wave,44,moto,24.26
green_wave,44,auto,25.43
green_wave,44,moto,22.63
green_wave,44,moto,13.37
green_wave,44,auto,4.98
green_wave,44,auto,10.19
green_wave,44,moto,21.43
green_wave,44,moto,18.63
green_wave,44,auto,3.64
green_wave,44,auto,1.64
green_wave,44,car,3.29
green_wave,44,moto,6.72
green_wave,44,auto,3.19
green_wave,44,moto,23.66
green_wave,44,moto,22.38
green_wave,44,moto,8.87
green_wave,44,car,4.66
green_wave,44,moto,2.72
green_wave,44,moto,11.65
green_wave,44,moto,21.8
green_wave,44,moto,14.72
green_wave,44,auto,19.47
green_wave,44,moto,15.28
green_wave,44,auto,10.63
green_wave,44,auto,22.04
green_wave,44,moto,16.34
green_wave,44,moto,7.3
green_wave,44,moto,15.11
green_wave,44,moto,6.53
green_wave,44,auto,3.49
green_wave,44,moto,5.35
green_wave,44,auto,5.48
green_wave,44,moto,24.88
green_wave,44,moto,24.32
green_wave,44,auto,5.6
green_wave,44,moto,5.8
green_wave,44,moto,13.27
green_wave,44,moto,22.21
green_wave,44,moto,23.0
green_wave,44,auto,2.15
green_wave,44,car,24.59
green_wave,44,moto,6.18
green_wave,44,moto,20.54
green_wave,44,moto,25.0
green_wave,44,moto,22.47
green_wave,44,moto,15.45
green_wave,44,moto,16.79
green_wave,44,moto,18.24
green_wave,44,moto,27.78
green_wave,44,auto,17.2
green_wave,44,moto,18.27
green_wave,44,moto,22.64
green_wave,44,auto,12.32
green_wave,44,auto,22.16
green_wave,44,auto,21.06
green_wave,44,moto,21.63
green_wave,44,auto,18.93
green_wave,44,moto,25.36
green_wave,44,moto,18.89
green_wave,44,moto,11.28
green_wave,44,auto,14.16
green_wave,44,auto,24.13
green_wave,44,moto,19.29
green_wave,44,moto,23.79
green_wave,44,moto,17.26
green_wave,44,moto,3.54
green_wave,44,moto,25.91
green_wave,44,car,8.82
green_wave,44,moto,9.34
green_wave,44,car,11.53
green_wave,44,moto,8.35
green_wave,44,moto,6.66
green_wave,44,moto,22.55
green_wave,44,auto,25.39
green_wave,44,moto,22.49
green_wave,44,moto,13.34
green_wave,44,moto,11.95
green_wave,44,auto,11.92
green_wave,44,auto,4.93
green_wave,44,moto,26.15
green_wave,44,auto,25.46
green_wave,44,moto,9.86
green_wave,44,moto,12.31
green_wave,44,moto,5.07
green_wave,44,moto,7.02
green_wave,44,auto,6.86
green_wave,44,moto,4.27
green_wave,44,car,21.55
green_wave,44,car,24.02
green_wave,44,moto,6.46
green_wave,44,moto,20.67
green_wave,44,auto,10.77
green_wave,44,auto,6.48
green_wave,44,moto,5.07
green_wave,44,moto,16.77
green_wave,44,moto,16.67
green_wave,44,car,14.56
green_wave,44,car,28.03
green_wave,44,auto,21.3
green_wave,44,auto,23.33
green_wave,44,moto,25.35
green_wave,44,moto,13.95
green_wave,44,moto,20.62
green_wave,44,moto,18.54
green_wave,44,moto,18.63
green_wave,44,auto,6.06
green_wave,44,moto,5.87
green_wave,44,moto,2.92
green_wave,44,car,23.06
green_wave,44,moto,13.38
green_wave,44,auto,10.3
green_wave,44,moto,4.78
green_wave,44,car,1.46
green_wave,44,moto,2.69
green_wave,44,auto,0.87
green_wave,44,moto,1.77
green_wave,44,auto,1.07
green_wave,44,moto,23.46
green_wave,44,auto,20.88
green_wave,44,moto,6.94
green_wave,44,moto,16.88
green_wave,44,car,16.95
green_wave,44,auto,21.3
green_wave,44,moto,7.82
green_wave,44,moto,34.8
green_wave,44,auto,22.95
green_wave,44,auto,12.63
green_wave,44,moto,26.89
green_wave,44,car,16.53
green_wave,44,car,6.48
green_wave,44,car,12.28
green_wave,44,moto,15.6
green_wave,44,moto,16.38
green_wave,44,moto,19.37
green_wave,44,car,4.72
green_wave,44,car,2.7
green_wave,44,moto,15.22
green_wave,44,moto,17.62
green_wave,44,moto,6.51
green_wave,44,moto,7.79
green_wave,44,car,0.91
green_wave,44,moto,21.28
green_wave,44,auto,28.78
green_wave,44,moto,22.38
green_wave,44,auto,20.64
green_wave,44,auto,24.0
green_wave,44,moto,22.05
green_wave,44,moto,30.73
green_wave,44,moto,27.54
green_wave,44,moto,25.17
green_wave,44,moto,40.18
green_wave,44,moto,26.42
green_wave,44,moto,15.92
green_wave,44,auto,34.23
green_wave,44,auto,25.93
green_wave,44,moto,22.41
green_wave,44,moto,18.43
green_wave,44,moto,21.51
green_wave,44,moto,18.99
green_wave,44,moto,11.65
green_wave,44,moto,19.74
green_wave,44,car,26.88
green_wave,44,moto,9.03
green_wave,44,auto,24.05
green_wave,44,auto,19.29
green_wave,44,moto,14.12
green_wave,44,car,14.7
green_wave,44,moto,13.21
green_wave,44,moto,16.91
green_wave,44,car,14.94
green_wave,44,moto,12.5
green_wave,44,moto,9.51
green_wave,44,moto,15.49
green_wave,44,moto,21.78
green_wave,44,moto,2.93
green_wave,44,auto,20.57
green_wave,44,auto,14.25
green_wave,44,moto,3.61
green_wave,44,moto,5.19
green_wave,44,moto,21.54
green_wave,44,car,2.86
green_wave,44,car,29.05
green_wave,44,car,29.92
green_wave,44,moto,14.47
green_wave,44,moto,7.1
green_wave,44,moto,8.9
green_wave,44,moto,16.59
green_wave,44,moto,2.25
green_wave,44,moto,27.93
green_wave,44,moto,12.37
green_wave,44,moto,4.19
green_wave,44,moto,25.15
green_wave,44,car,6.08
green_wave,44,car,30.32
green_wave,44,moto,24.27
green_wave,44,moto,11.64
green_wave,44,moto,6.98
green_wave,44,moto,14.77
green_wave,44,car,34.46
green_wave,44,moto,7.27
green_wave,44,car,13.84
green_wave,44,auto,15.95
green_wave,44,moto,4.94
green_wave,44,auto,9.53
green_wave,44,moto,9.57
green_wave,44,moto,5.55
green_wave,44,moto,14.78
green_wave,44,moto,12.43
green_wave,44,car,6.83
green_wave,44,moto,25.32
green_wave,44,moto,11.86
green_wave,44,moto,3.73
green_wave,44,moto,15.47
green_wave,45,moto,1.93
green_wave,45,auto,0.9
green_wave,45,moto,14.96
green_wave,45,moto,3.31
green_wave,45,auto,1.18
green_wave,45,moto,2.41
green_wave,45,auto,1.15
green_wave,45,moto,4.02
green_wave,45,moto,4.53
green_wave,45,auto,2.15
green_wave,45,moto,9.11
green_wave,45,moto,20.34
green_wave,45,moto,5.12
green_wave,45,auto,2.8
green_wave,45,auto,2.76
green_wave,45,moto,3.73
green_wave,45,auto,21.05
green_wave,45,auto,15.26
green_wave,45,auto,8.62
green_wave,45,moto,17.4
green_wave,45,car,14.82
green_wave,45,moto,17.9
green_wave,45,moto,5.45
green_wave,45,moto,10.25
green_wave,45,moto,23.92
green_wave,45,car,9.24
green_wave,45,moto,23.97
green_wave,45,auto,11.78
green_wave,45,moto,9.11
green_wave,45,auto,19.1
green_wave,45,moto,10.8
green_wave,45,moto,15.82
green_wave,45,moto,14.89
green_wave,45,auto,5.52
green_wave,45,moto,12.67
green_wave,45,auto,10.89
green_wave,45,auto,20.93
green_wave,45,moto,7.81
green_wave,45,auto,3.58
green_wave,45,auto,3.17
green_wave,45,moto,16.74
green_wave,45,moto,16.04
green_wave,45,moto,14.89
green_wave,45,moto,10.65
green_wave,45,auto,19.21
green_wave,45,moto,6.95
green_wave,45,auto,3.02
green_wave,45,moto,21.02
green_wave,45,moto,12.48
green_wave,45,auto,9.78
green_wave,45,moto,11.64
green_wave,45,auto,14.95
green_wave,45,car,23.52
green_wave,45,moto,13.88
green_wave,45,moto,3.28
green_wave,45,moto,19.94
green_wave,45,moto,19.16
green_wave,45,auto,13.62
green_wave,45,auto,22.33
green_wave,45,auto,17.77
green_wave,45,moto,5.56
green_wave,45,moto,12.57
green_wave,45,moto,13.42
green_wave,45,moto,18.81
green_wave,45,moto,22.04
green_wave,45,car,24.22
green_wave,45,moto,9.66
green_wave,45,moto,22.56
green_wave,45,moto,10.02
green_wave,45,moto,24.97
green_wave,45,moto,18.13
green_wave,45,moto,19.15
green_wave,45,moto,14.45
green_wave,45,moto,5.02
green_wave,45,car,20.98
green_wave,45,auto,26.36
green_wave,45,moto,24.07
green_wave,45,moto,18.73
green_wave,45,car,17.76
green_wave,45,moto,1.36
green_wave,45,moto,14.16
green_wave,45,car,12.32
green_wave,45,auto,19.06
green_wave,45,moto,5.99
green_wave,45,moto,9.6
green_wave,45,auto,3.78
green_wave,45,moto,1.41
green_wave,45,car,12.13
green_wave,45,moto,2.75
green_wave,45,moto,25.18
green_wave,45,moto,28.68
green_wave,45,auto,19.41
green_wave,45,moto,26.27
green_wave,45,moto,23.73
green_wave,45,moto,21.34
green_wave,45,moto,23.19
green_wave,45,moto,14.09
green_wave,45,moto,22.02
green_wave,45,car,18.93
green_wave,45,auto,5.67
green_wave,45,car,7.29
green_wave,45,auto,15.32
green_wave,45,car,11.58
green_wave,45,moto,7.64
green_wave,45,moto,21.14
green_wave,45,moto,14.41
green_wave,45,auto,14.82
green_wave,45,auto,8.76
green_wave,45,car,4.3
green_wave,45,moto,12.16
green_wave,45,moto,23.87
green_wave,45,auto,18.33
green_wave,45,moto,13.08
green_wave,45,moto,14.78
green_wave,45,moto,25.12
green_wave,45,moto,23.05
green_wave,45,auto,11.2
green_wave,45,auto,11.13
green_wave,45,moto,5.86
green_wave,45,car,23.59
green_wave,45,car,19.65
green_wave,45,auto,19.14
green_wave,45,auto,23.16
green_wave,45,auto,10.78
green_wave,45,auto,9.73
green_wave,45,auto,8.76
green_wave,45,auto,16.89
green_wave,45,moto,10.53
green_wave,45,car,8.5
green_wave,45,car,4.23
green_wave,45,moto,9.7
green_wave,45,auto,6.28
green_wave,45,moto,11.66
green_wave,45,moto,19.32
green_wave,45,moto,10.2
green_wave,45,auto,19.89
green_wave,45,car,6.68
green_wave,45,moto,16.64
green_wave,45,moto,21.99
green_wave,45,car,4.13
green_wave,45,auto,1.02
green_wave,45,moto,5.1
green_wave,45,moto,15.33
green_wave,45,moto,29.49
green_wave,45,auto,20.19
green_wave,45,moto,10.83
green_wave,45,auto,43.76
green_wave,45,car,32.87
green_wave,45,moto,19.15
green_wave,45,moto,15.57
green_wave,45,moto,24.55
green_wave,45,moto,28.43
green_wave,45,car,18.78
green_wave,45,auto,12.67
green_wave,45,moto,2.19
green_wave,45,moto,23.77
green_wave,45,auto,12.95
green_wave,45,auto,18.12
green_wave,45,auto,14.58
green_wave,45,moto,16.91
green_wave,45,moto,18.87
green_wave,45,moto,6.59
green_wave,45,auto,1.62
green_wave,45,moto,4.38
green_wave,45,moto,19.08
green_wave,45,auto,9.21
green_wave,45,moto,1.88
green_wave,45,auto,17.47
green_wave,45,moto,2.67
green_wave,45,moto,3.01
green_wave,45,moto,15.72
green_wave,45,moto,3.77
green_wave,45,moto,24.47
green_wave,45,car,16.24
green_wave,45,auto,23.56
green_wave,45,moto,13.83
green_wave,45,moto,2.59
green_wave,45,car,24.36
green_wave,45,auto,23.5
green_wave,45,moto,5.76
green_wave,45,moto,16.42
green_wave,45,moto,10.63
green_wave,45,moto,3.53
green_wave,45,moto,26.97
green_wave,45,auto,26.79
green_wave,45,moto,23.7
green_wave,45,moto,11.01
green_wave,45,car,19.72
green_wave,45,auto,1.01
green_wave,45,moto,1.89
green_wave,45,moto,13.93
green_wave,45,moto,20.29
green_wave,45,moto,25.61
green_wave,45,moto,21.62
green_wave,45,moto,26.69
green_wave,45,moto,16.7
green_wave,45,car,29.85
green_wave,45,moto,11.81
green_wave,45,car,26.69
green_wave,45,auto,23.19
green_wave,45,moto,40.88
green_wave,45,moto,16.03
green_wave,45,auto,8.22
green_wave,45,moto,16.53
green_wave,45,moto,16.43
green_wave,45,moto,13.12
green_wave,45,moto,9.18
green_wave,45,moto,15.56
green_wave,45,moto,22.14
green_wave,45,auto,12.27
green_wave,45,moto,7.25
green_wave,45,car,19.18
green_wave,45,moto,20.47
green_wave,45,moto,9.01
green_wave,45,moto,21.33
green_wave,45,auto,3.56
green_wave,45,auto,9.25
green_wave,45,moto,6.91
green_wave,45,car,11.93
green_wave,45,auto,8.0
green_wave,45,moto,1.63
green_wave,45,moto,3.03
green_wave,45,moto,5.86
green_wave,45,moto,20.09
green_wave,45,moto,11.39
green_wave,45,moto,4.14
green_wave,45,moto,22.42
green_wave,45,auto,15.23
green_wave,45,moto,11.65
green_wave,45,moto,23.87
green_wave,45,car,22.46
green_wave,45,moto,22.52
green_wave,45,car,8.38
green_wave,45,car,26.91
green_wave,45,moto,8.38
green_wave,45,auto,23.62
green_wave,45,auto,5.12
green_wave,45,auto,19.38
green_wave,45,moto,5.43
green_wave,45,moto,5.56
green_wave,45,car,2.83
green_wave,45,moto,23.48
green_wave,45,auto,18.24
green_wave,45,car,4.11
green_wave,45,moto,15.02
green_wave,45,moto,7.79
green_wave,45,moto,3.73
green_wave,45,moto,14.55
green_wave,45,moto,3.13
green_wave,45,moto,15.76
green_wave,45,moto,12.67
green_wave,45,moto,22.36
green_wave,45,moto,14.42
green_wave,45,auto,20.31
green_wave,45,car,7.23
green_wave,45,moto,10.4
green_wave,45,moto,6.25
green_wave,45,auto,18.7
green_wave,45,moto,4.04
green_wave,45,moto,25.85
green_wave,45,car,22.25
green_wave,45,moto,25.08
green_wave,45,auto,6.09
green_wave,45,moto,7.98
green_wave,45,car,1.29
green_wave,45,auto,19.2
green_wave,45,auto,17.0
green_wave,45,auto,1.38
green_wave,45,moto,21.11
green_wave,45,auto,22.07
green_wave,45,auto,23.75
green_wave,45,moto,26.05
green_wave,45,auto,14.37
green_wave,45,car,3.74
green_wave,45,auto,10.0
green_wave,45,moto,5.08
green_wave,45,moto,39.94
green_wave,45,auto,6.56
green_wave,45,moto,10.48
green_wave,45,moto,8.37
green_wave,45,moto,9.47
green_wave,45,moto,23.23
green_wave,45,moto,18.75
green_wave,45,moto,6.98
green_wave,45,auto,7.99
green_wave,45,car,22.01
green_wave,45,moto,14.74
green_wave,45,moto,20.01
green_wave,45,auto,21.73
green_wave,45,moto,2.01
green_wave,45,car,3.89
green_wave,45,moto,9.99
green_wave,45,auto,1.0
green_wave,45,moto,2.11
green_wave,45,moto,30.9
green_wave,45,car,28.93
green_wave,45,moto,26.57
green_wave,45,moto,44.59
green_wave,45,moto,10.95
green_wave,45,auto,8.19
green_wave,45,moto,14.06
green_wave,45,moto,25.01
green_wave,45,moto,8.76
green_wave,45,moto,6.25
green_wave,45,car,2.39
green_wave,45,moto,2.96
green_wave,45,auto,4.82
green_wave,45,auto,14.2
green_wave,45,moto,2.23
green_wave,45,moto,4.48
green_wave,45,auto,2.33
green_wave,45,moto,4.97
green_wave,45,moto,6.53
green_wave,45,moto,7.06
green_wave,45,auto,4.77
green_wave,45,auto,17.21
green_wave,45,moto,13.67
green_wave,45,moto,22.01
green_wave,45,moto,15.13
green_wave,45,moto,20.09
green_wave,45,moto,21.93
green_wave,45,moto,10.32
green_wave,45,moto,24.48
green_wave,45,auto,20.84
green_wave,45,moto,14.52
green_wave,45,moto,23.47
green_wave,45,moto,25.35
green_wave,45,moto,18.74
green_wave,45,moto,5.52
green_wave,45,moto,23.07
green_wave,45,moto,5.25
green_wave,45,moto,15.67
green_wave,45,moto,10.28
green_wave,45,car,16.21
green_wave,45,moto,5.9
green_wave,45,moto,11.4
green_wave,45,moto,21.57
green_wave,45,moto,16.05
green_wave,45,moto,3.43
green_wave,45,car,5.05
green_wave,45,auto,12.21
green_wave,45,moto,20.51
green_wave,45,moto,19.45
green_wave,45,moto,15.01
green_wave,45,moto,15.83
green_wave,45,moto,14.75
green_wave,45,moto,20.9
green_wave,45,moto,8.43
green_wave,45,auto,22.37
green_wave,45,moto,21.89
green_wave,45,moto,17.63
green_wave,45,car,16.63
green_wave,45,auto,15.19
green_wave,45,auto,24.08
green_wave,45,moto,22.57
green_wave,45,auto,20.67
green_wave,45,auto,6.76
green_wave,45,moto,10.26
green_wave,45,moto,14.1
green_wave,45,auto,4.9
green_wave,45,car,5.63
green_wave,45,car,23.82
green_wave,45,moto,17.94
green_wave,45,auto,17.58
green_wave,45,moto,24.99
green_wave,45,moto,12.9
green_wave,45,moto,9.11
green_wave,45,moto,8.5
green_wave,45,car,23.99
green_wave,45,auto,5.91
green_wave,45,moto,24.04
green_wave,45,car,21.78
green_wave,45,car,17.26
green_wave,45,moto,19.82
green_wave,45,auto,9.84
green_wave,45,moto,5.8
green_wave,45,auto,2.45
green_wave,45,car,9.32
green_wave,45,moto,25.05
green_wave,45,moto,1.77
green_wave,45,moto,10.8
green_wave,45,auto,1.1
green_wave,45,car,8.29
green_wave,45,auto,1.2
green_wave,45,moto,3.29
green_wave,45,moto,26.23
green_wave,45,moto,16.77
green_wave,45,moto,20.09
green_wave,45,car,11.86
green_wave,45,moto,13.17
green_wave,45,car,16.18
green_wave,45,moto,10.65
green_wave,45,auto,16.28
green_wave,45,moto,19.2
green_wave,45,moto,5.5
green_wave,45,moto,17.96
green_wave,45,car,8.6
green_wave,45,moto,13.14
green_wave,45,car,11.02
green_wave,45,moto,6.4
green_wave,45,moto,7.73
green_wave,45,moto,5.39
green_wave,45,moto,10.81
green_wave,45,moto,8.55
green_wave,45,car,32.97
green_wave,45,moto,9.58
green_wave,45,car,28.57
green_wave,45,moto,19.09
green_wave,45,moto,14.45
green_wave,45,auto,23.33
green_wave,45,moto,11.46
green_wave,45,moto,5.84
green_wave,45,car,22.86
green_wave,45,moto,13.64
green_wave,45,auto,18.43
green_wave,45,moto,6.88
green_wave,45,car,1.7
green_wave,45,moto,2.54
green_wave,45,moto,4.4
green_wave,45,moto,17.46
green_wave,45,moto,23.79
green_wave,45,auto,24.05
green_wave,45,moto,14.42
green_wave,45,moto,5.83
green_wave,45,moto,25.46
green_wave,45,moto,16.46
green_wave,45,moto,3.78
green_wave,45,auto,14.32
green_wave,45,moto,1.64
green_wave,45,auto,17.75
green_wave,45,auto,8.74
green_wave,45,moto,5.62
green_wave,45,moto,12.94
green_wave,45,moto,5.26
green_wave,45,moto,6.1
green_wave,45,moto,17.23
green_wave,45,moto,2.43
green_wave,45,moto,3.25
green_wave,45,moto,10.02
green_wave,45,moto,9.14
green_wave,45,moto,2.44
green_wave,45,moto,2.93
green_wave,45,moto,2.99
green_wave,45,moto,11.66
green_wave,45,moto,26.67
green_wave,45,moto,14.68
green_wave,45,moto,11.85
green_wave,45,moto,12.58
green_wave,45,car,14.94
green_wave,45,auto,23.38
green_wave,45,moto,13.28
green_wave,45,moto,8.16
green_wave,45,moto,4.35
green_wave,45,moto,21.69
green_wave,45,car,18.62
green_wave,45,moto,18.4
green_wave,45,moto,8.34
green_wave,45,auto,18.62
green_wave,45,car,16.46
green_wave,45,car,16.28
green_wave,45,moto,5.85
green_wave,45,moto,12.06
green_wave,45,moto,6.1
green_wave,45,moto,4.92
green_wave,45,moto,14.96
green_wave,45,moto,26.06
green_wave,45,car,15.35
green_wave,45,auto,25.38
green_wave,45,auto,25.01
green_wave,45,moto,2.51
green_wave,45,moto,25.97
green_wave,45,moto,10.99
green_wave,45,car,16.38
green_wave,45,moto,9.02
green_wave,45,moto,24.5
green_wave,45,moto,15.95
green_wave,45,car,16.94
green_wave,45,auto,29.04
green_wave,45,moto,17.2
green_wave,45,moto,10.45
green_wave,45,moto,23.16
green_wave,45,moto,21.5
green_wave,45,auto,21.6
green_wave,45,moto,21.81
green_wave,45,moto,7.87
green_wave,45,moto,16.39
green_wave,45,moto,21.65
green_wave,45,moto,17.22
green_wave,45,moto,17.44
green_wave,45,auto,3.35
green_wave,45,car,20.94
green_wave,45,car,23.74
green_wave,45,car,15.86
green_wave,45,moto,6.3
green_wave,45,moto,6.59
green_wave,45,car,17.71
green_wave,45,moto,9.82
green_wave,45,moto,2.35
green_wave,45,car,18.43
green_wave,45,moto,6.68
green_wave,45,auto,7.13
green_wave,45,auto,1.14
green_wave,45,moto,2.71
green_wave,45,moto,24.58
green_wave,45,moto,6.08
green_wave,45,moto,25.35
green_wave,45,auto,31.13
green_wave,45,moto,31.75
green_wave,45,moto,23.7
green_wave,45,moto,21.62
green_wave,45,moto,14.7
green_wave,45,car,23.59
green_wave,45,moto,21.71
green_wave,45,moto,26.02
green_wave,45,auto,3.37
green_wave,45,moto,2.62
green_wave,45,auto,7.4
green_wave,45,moto,2.88
green_wave,45,moto,2.89
green_wave,45,moto,3.01
green_wave,45,auto,9.33
green_wave,45,moto,6.92
green_wave,45,car,18.79
green_wave,45,car,21.98
green_wave,45,moto,18.9
green_wave,45,auto,10.69
green_wave,45,moto,6.75
green_wave,45,moto,16.34
green_wave,45,car,16.0
green_wave,45,moto,5.13
green_wave,45,moto,16.36
green_wave,45,moto,14.48
green_wave,45,auto,12.98
green_wave,45,car,9.31
green_wave,45,moto,29.81
green_wave,45,car,4.43
green_wave,45,car,20.95
green_wave,45,moto,7.42
green_wave,45,moto,10.57
green_wave,45,auto,1.17
green_wave,45,moto,32.97
green_wave,45,car,22.19
green_wave,45,moto,11.29
green_wave,45,moto,10.97
green_wave,45,moto,39.06
green_wave,45,moto,25.19
green_wave,45,car,21.83
green_wave,45,auto,13.31
green_wave,45,car,16.86
green_wave,45,auto,11.88
green_wave,45,moto,15.82
green_wave,45,moto,12.74
green_wave,45,moto,10.7
green_wave,45,car,6.23
green_wave,45,moto,10.59
green_wave,45,moto,3.12
green_wave,45,moto,5.62
green_wave,45,moto,7.79
green_wave,45,car,11.51
green_wave,45,moto,5.04
green_wave,45,car,21.12
green_wave,45,moto,2.03
green_wave,45,auto,23.51
green_wave,45,moto,2.37
green_wave,45,moto,5.14
green_wave,45,moto,20.91
green_wave,45,moto,20.27
green_wave,45,auto,1.98
green_wave,45,auto,20.58
green_wave,45,auto,19.76
green_wave,45,moto,19.1
green_wave,45,moto,8.59
green_wave,45,moto,8.66
green_wave,45,auto,11.49
green_wave,45,auto,9.25
green_wave,45,moto,11.17
green_wave,45,auto,8.91
green_wave,45,moto,23.24
green_wave,45,auto,23.52
green_wave,45,moto,11.03
green_wave,45,car,4.88
green_wave,45,car,8.9
green_wave,45,moto,10.68
green_wave,45,auto,9.34
green_wave,45,moto,15.36
green_wave,45,moto,12.23
green_wave,45,auto,24.81
green_wave,45,car,15.11
green_wave,45,moto,18.49
green_wave,45,car,4.21
green_wave,45,moto,4.88
green_wave,45,moto,23.5
green_wave,45,auto,4.54
green_wave,45,moto,10.82
green_wave,45,moto,24.41
green_wave,45,car,23.78
green_wave,45,auto,19.75
green_wave,45,moto,12.04
green_wave,45,moto,14.69
green_wave,45,moto,5.7
green_wave,45,auto,19.67
green_wave,45,auto,29.89
green_wave,45,moto,24.12
green_wave,45,auto,19.37
green_wave,45,moto,16.23
green_wave,45,moto,20.77
green_wave,45,auto,13.16
green_wave,45,car,7.45
green_wave,45,car,22.42
green_wave,45,moto,9.08
green_wave,45,car,18.76
green_wave,45,moto,15.32
green_wave,45,car,10.47
green_wave,45,car,6.65
green_wave,45,moto,6.45
green_wave,45,moto,22.85
green_wave,45,moto,4.22
green_wave,45,moto,39.72
green_wave,45,moto,20.6
green_wave,45,auto,24.34
green_wave,45,auto,22.28
green_wave,45,moto,22.08
green_wave,45,auto,15.18
green_wave,45,moto,11.41
green_wave,45,moto,17.57
green_wave,45,car,15.4
green_wave,45,moto,31.28
green_wave,45,moto,19.23
green_wave,45,moto,11.11
green_wave,45,car,6.27
green_wave,45,auto,3.15
green_wave,45,moto,8.29
green_wave,45,car,2.77
green_wave,45,moto,16.87
green_wave,45,moto,8.69
green_wave,45,moto,40.64
green_wave,45,moto,24.83
green_wave,45,moto,23.09
green_wave,45,moto,5.05
green_wave,45,car,18.02
green_wave,45,moto,11.71
green_wave,45,moto,4.89
green_wave,45,auto,12.42
green_wave,45,moto,8.97
green_wave,45,moto,2.39
green_wave,45,moto,25.16
green_wave,45,moto,19.29
green_wave,45,moto,19.56
green_wave,45,moto,22.47
green_wave,45,moto,12.3
green_wave,45,moto,24.51
green_wave,45,auto,27.13
green_wave,45,moto,38.66
green_wave,45,moto,20.06
green_wave,45,moto,18.37
green_wave,45,car,17.95
green_wave,45,moto,8.82
green_wave,45,auto,25.34
green_wave,45,auto,23.04
green_wave,45,auto,16.89
green_wave,45,auto,18.84
green_wave,45,moto,19.18
green_wave,45,moto,16.32
green_wave,45,auto,6.5
green_wave,45,auto,8.71
green_wave,45,moto,5.3
green_wave,45,moto,7.75
green_wave,45,moto,13.33
green_wave,45,moto,13.64
green_wave,45,moto,6.89
green_wave,45,car,14.46
green_wave,45,moto,13.78
green_wave,45,moto,3.99
green_wave,45,car,14.31
green_wave,45,auto,15.89
green_wave,45,car,12.31
green_wave,45,auto,8.7
green_wave,45,car,14.52
green_wave,45,moto,20.5
green_wave,45,moto,11.65
green_wave,45,moto,8.31
green_wave,45,moto,6.6
green_wave,45,auto,21.06
green_wave,45,car,27.66
green_wave,45,auto,22.54
green_wave,45,moto,22.39
green_wave,45,car,24.46
green_wave,45,car,11.68
green_wave,45,moto,19.05
green_wave,45,moto,8.76
green_wave,45,moto,2.09
green_wave,45,moto,15.32
green_wave,45,moto,20.96
green_wave,45,moto,15.22
green_wave,45,moto,18.95
green_wave,45,moto,3.07
green_wave,45,moto,3.16
green_wave,45,moto,2.38
green_wave,45,moto,20.44
green_wave,45,auto,20.04
green_wave,45,moto,15.01
green_wave,45,moto,6.53
green_wave,45,auto,22.71
green_wave,45,moto,24.4
green_wave,45,auto,20.12
green_wave,45,auto,6.4
green_wave,45,moto,9.66
green_wave,45,auto,23.07
green_wave,45,auto,23.24
green_wave,45,auto,24.65
green_wave,45,moto,5.14
green_wave,45,auto,22.98
green_wave,45,moto,1.45
green_wave,45,auto,11.11
green_wave,45,auto,7.26
green_wave,45,moto,10.74
green_wave,45,car,8.53
green_wave,45,car,1.64
green_wave,45,moto,1.91
green_wave,45,auto,2.76
green_wave,45,moto,10.88
green_wave,45,moto,9.23
green_wave,45,moto,12.04
green_wave,45,auto,15.07
green_wave,45,auto,9.76
green_wave,45,auto,5.43
green_wave,45,auto,26.43
green_wave,45,car,3.32
green_wave,45,moto,30.04
green_wave,45,auto,2.23
green_wave,45,moto,16.6
green_wave,45,auto,11.22
green_wave,45,moto,8.01
green_wave,45,moto,11.2
green_wave,45,auto,6.57
green_wave,45,auto,3.27
green_wave,45,moto,7.89
green_wave,45,car,3.79
green_wave,45,moto,17.17
green_wave,45,moto,20.41
green_wave,45,moto,10.6
green_wave,45,auto,8.02
green_wave,45,moto,6.86
green_wave,45,moto,2.66
green_wave,45,moto,18.87
green_wave,45,moto,19.31
green_wave,45,moto,16.22
green_wave,45,auto,3.36
green_wave,45,moto,23.51
green_wave,45,auto,23.25
green_wave,45,moto,17.52
green_wave,45,moto,5.95
green_wave,45,auto,23.43
green_wave,45,moto,21.04
green_wave,45,moto,5.45
green_wave,45,moto,5.06
green_wave,45,auto,0.77
green_wave,45,moto,11.04
green_wave,45,auto,3.62
green_wave,45,moto,7.56
green_wave,45,moto,26.65
green_wave,45,moto,3.88
green_wave,45,moto,17.95
green_wave,45,auto,10.88
green_wave,45,auto,5.18
green_wave,45,car,6.35
green_wave,45,moto,8.99
green_wave,45,auto,21.07
green_wave,45,car,22.36
green_wave,45,auto,5.41
green_wave,45,moto,16.04
green_wave,45,moto,24.23
green_wave,45,moto,12.67
green_wave,45,moto,7.02
green_wave,45,moto,10.43
green_wave,45,moto,5.42
green_wave,45,moto,3.88
green_wave,45,moto,19.91
green_wave,45,auto,5.81
green_wave,45,moto,4.59
green_wave,45,auto,1.56
green_wave,45,moto,10.62
green_wave,45,moto,17.05
green_wave,45,car,2.25
green_wave,45,moto,29.65
green_wave,45,car,18.13
green_wave,45,car,23.0
green_wave,45,moto,5.37
green_wave,45,moto,14.91
green_wave,45,auto,10.54
green_wave,45,moto,16.84
green_wave,45,moto,9.7
green_wave,45,auto,14.39
green_wave,45,moto,16.78
green_wave,45,auto,8.45
green_wave,45,moto,24.37
green_wave,45,car,22.0
green_wave,45,moto,8.68
green_wave,45,moto,5.92
green_wave,45,auto,8.71
green_wave,45,moto,25.5
green_wave,45,moto,14.4
green_wave,45,moto,8.41
green_wave,45,moto,9.64
green_wave,45,moto,12.79
green_wave,45,moto,13.74
green_wave,45,auto,9.89
green_wave,45,moto,15.51
green_wave,45,auto,9.3
green_wave,45,auto,1.64
green_wave,45,car,1.15
green_wave,45,moto,9.93
green_wave,45,moto,21.84
green_wave,45,moto,19.02
green_wave,45,moto,14.35
green_wave,45,auto,20.44
green_wave,45,auto,19.45
green_wave,45,auto,12.78
green_wave,45,moto,11.69
green_wave,45,moto,4.74
green_wave,45,moto,7.47
green_wave,45,moto,26.22
green_wave,45,auto,12.21
green_wave,45,moto,26.12
green_wave,45,moto,27.34
green_wave,45,auto,14.84
green_wave,45,moto,11.66
green_wave,45,moto,22.69
green_wave,45,moto,5.96
green_wave,45,moto,9.09
green_wave,45,moto,7.83
green_wave,45,car,18.2
green_wave,45,car,10.98
green_wave,45,moto,8.74
green_wave,45,moto,2.23
green_wave,45,car,13.69
green_wave,45,car,11.46
green_wave,45,auto,26.2
green_wave,45,moto,17.63
green_wave,45,moto,8.83
green_wave,45,car,19.39
green_wave,45,auto,7.39
green_wave,45,auto,10.24
green_wave,45,moto,11.56
green_wave,45,moto,7.15
green_wave,45,moto,4.59
green_wave,45,moto,7.65
green_wave,45,moto,2.58
green_wave,45,moto,16.85
green_wave,45,moto,12.44
green_wave,45,moto,5.1
green_wave,45,moto,16.02
green_wave,45,moto,19.44
green_wave,45,moto,5.57
green_wave,45,moto,1.89
green_wave,45,moto,19.24
green_wave,45,moto,6.43
green_wave,45,car,12.27
green_wave,45,moto,7.07
green_wave,45,moto,22.66
green_wave,45,auto,21.83
green_wave,45,auto,13.13
green_wave,45,car,15.71
green_wave,45,auto,26.63
green_wave,45,moto,18.02
green_wave,45,auto,5.44
green_wave,45,moto,3.24
green_wave,45,moto,12.96
green_wave,45,auto,5.8
green_wave,45,moto,13.22
green_wave,45,moto,9.77
green_wave,45,auto,19.95
green_wave,45,moto,21.03
green_wave,45,car,5.2
green_wave,45,moto,16.28
green_wave,45,auto,3.39
green_wave,45,moto,7.24
green_wave,45,moto,5.74
green_wave,45,moto,3.02
green_wave,45,moto,9.85
green_wave,45,moto,15.86
green_wave,45,moto,4.83
green_wave,45,moto,15.48
green_wave,45,moto,9.8
green_wave,45,auto,5.13
green_wave,45,car,21.12
green_wave,45,moto,4.35
green_wave,45,moto,22.57
green_wave,45,auto,11.33
green_wave,45,moto,17.06
green_wave,45,auto,25.79
green_wave,45,car,5.83
green_wave,45,auto,26.82
green_wave,45,moto,20.18
green_wave,45,moto,15.52
green_wave,45,car,3.81
green_wave,45,moto,5.15
green_wave,45,moto,6.11
green_wave,45,moto,1.81
green_wave,45,moto,6.49
green_wave,45,moto,12.65
green_wave,45,moto,16.32
green_wave,45,moto,7.42
green_wave,45,auto,21.93
green_wave,45,moto,17.65
green_wave,45,auto,10.94
green_wave,45,car,6.88
green_wave,45,auto,4.2
green_wave,45,car,9.6
green_wave,45,car,22.42
green_wave,45,auto,15.18
green_wave,45,moto,26.52
green_wave,45,moto,5.0
green_wave,45,auto,19.62
green_wave,45,moto,24.22
green_wave,45,auto,20.3
green_wave,45,moto,6.91
green_wave,45,moto,30.89
green_wave,45,moto,22.46
green_wave,45,car,4.01
green_wave,45,auto,2.88
green_wave,45,moto,23.11
green_wave,45,moto,8.03
green_wave,45,auto,4.74
green_wave,45,auto,3.23
green_wave,45,auto,8.96
green_wave,45,car,20.65
green_wave,45,car,17.08
green_wave,45,moto,14.21
green_wave,45,moto,20.82
green_wave,45,auto,20.91
green_wave,45,moto,15.68
green_wave,45,moto,16.59
green_wave,45,auto,19.18
green_wave,45,moto,2.86
green_wave,45,car,7.27
green_wave,45,moto,23.0
green_wave,45,moto,15.76
green_wave,45,car,22.14
green_wave,45,moto,12.95
green_wave,45,auto,12.01
green_wave,45,auto,24.64
green_wave,45,moto,13.35
green_wave,45,moto,11.63
green_wave,45,moto,5.87
green_wave,45,auto,17.55
green_wave,45,moto,14.46
green_wave,45,moto,13.86
green_wave,45,moto,10.22
green_wave,45,moto,5.72
green_wave,45,moto,10.47
green_wave,45,moto,8.1
green_wave,45,car,1.75
green_wave,45,moto,16.61
green_wave,45,car,1.94
green_wave,45,car,15.09
green_wave,45,moto,5.59
green_wave,45,moto,23.07
green_wave,45,auto,21.17
green_wave,45,moto,8.96
green_wave,45,moto,2.16
green_wave,45,moto,25.55
green_wave,45,moto,24.63
green_wave,45,moto,4.55
green_wave,45,auto,17.77
green_wave,45,auto,19.98
green_wave,45,moto,4.36
green_wave,45,auto,8.48
green_wave,45,moto,10.14
green_wave,45,auto,23.07
green_wave,45,auto,1.23
green_wave,45,moto,11.48
green_wave,45,moto,11.83
green_wave,45,moto,17.76
green_wave,45,moto,16.42
green_wave,45,moto,18.89
green_wave,45,car,24.55
green_wave,45,moto,25.52
green_wave,45,moto,18.85
green_wave,45,moto,14.28
green_wave,45,moto,10.68
green_wave,45,moto,4.8
green_wave,45,moto,16.21
green_wave,45,moto,16.36
green_wave,45,moto,25.71
green_wave,45,moto,22.13
green_wave,45,car,14.31
green_wave,45,car,29.26
green_wave,45,moto,11.62
green_wave,45,moto,11.71
green_wave,45,auto,11.38
green_wave,45,auto,4.4
green_wave,45,moto,26.12
green_wave,45,auto,22.14
green_wave,45,auto,12.56
green_wave,45,auto,8.13
green_wave,45,moto,2.07
green_wave,45,moto,20.71
green_wave,45,moto,17.64
green_wave,45,moto,14.7
green_wave,45,moto,18.05
green_wave,45,moto,23.09
green_wave,45,car,22.28
green_wave,45,moto,13.69
green_wave,45,moto,25.43
green_wave,45,car,18.47
green_wave,45,car,20.77
green_wave,45,auto,19.31
green_wave,45,auto,11.26
green_wave,45,moto,5.62
green_wave,45,moto,15.55
green_wave,45,auto,22.82
green_wave,45,moto,23.32
green_wave,45,moto,23.44
green_wave,45,moto,21.72
green_wave,45,auto,26.95
green_wave,45,moto,28.43
green_wave,45,moto,9.77
green_wave,45,moto,24.37
green_wave,45,moto,20.51
green_wave,45,moto,13.24
green_wave,45,moto,3.16
green_wave,45,auto,12.58
green_wave,45,auto,6.69
green_wave,45,moto,2.27
green_wave,45,moto,3.21
green_wave,45,auto,0.91
green_wave,45,moto,19.25
green_wave,45,car,38.47
green_wave,45,moto,14.1
green_wave,45,moto,6.71
green_wave,45,moto,18.81
green_wave,45,auto,19.38
green_wave,45,car,18.68
green_wave,45,moto,37.06
green_wave,45,auto,23.43
green_wave,45,auto,23.15
green_wave,45,car,31.65
green_wave,45,moto,21.66
green_wave,45,moto,24.84
green_wave,45,auto,16.76
green_wave,45,auto,19.85
green_wave,45,auto,3.06
green_wave,45,moto,4.98
green_wave,45,auto,15.28
green_wave,45,moto,17.26
green_wave,45,auto,15.63
green_wave,45,car,17.34
green_wave,45,moto,20.74
green_wave,45,moto,18.05
green_wave,45,moto,19.74
green_wave,45,moto,2.44
green_wave,45,car,1.03
green_wave,45,moto,5.25
green_wave,45,car,10.61
green_wave,45,moto,8.64
green_wave,45,moto,14.89
green_wave,45,moto,32.61
green_wave,45,auto,23.09
green_wave,45,car,22.95
green_wave,45,car,17.96
green_wave,45,moto,31.69
green_wave,45,car,16.74
green_wave,45,car,33.82
green_wave,45,auto,29.79
green_wave,45,auto,18.98
green_wave,45,moto,29.62
green_wave,45,car,34.49
green_wave,45,car,29.29
green_wave,45,moto,31.07
green_wave,45,car,11.64
green_wave,45,moto,6.06
green_wave,45,moto,7.76
green_wave,45,car,8.18
green_wave,45,auto,0.92
green_wave,45,auto,1.53
green_wave,45,moto,16.06
green_wave,45,moto,15.78
green_wave,45,moto,18.83
green_wave,45,moto,23.09
green_wave,45,moto,24.85
green_wave,45,car,18.41
green_wave,45,auto,16.13
green_wave,45,moto,19.63
green_wave,45,moto,16.71
green_wave,45,auto,24.22
green_wave,45,moto,12.84
green_wave,45,moto,18.61
green_wave,45,moto,27.34
green_wave,45,auto,17.17
green_wave,45,moto,11.74
green_wave,45,moto,11.09
green_wave,45,auto,12.76
green_wave,45,moto,8.96
green_wave,45,moto,6.13
green_wave,45,moto,7.38
green_wave,45,moto,4.22
green_wave,45,moto,19.72
green_wave,45,moto,6.54
green_wave,45,moto,5.86
green_wave,45,moto,2.35
green_wave,45,moto,3.92
green_wave,45,moto,9.19
green_wave,45,car,19.9
green_wave,45,auto,3.24
green_wave,45,moto,24.07
green_wave,45,moto,21.45
green_wave,45,auto,21.79
green_wave,45,auto,24.12
green_wave,45,moto,22.85
green_wave,45,moto,24.72
green_wave,45,moto,1.58
green_wave,45,auto,16.4
green_wave,45,moto,13.94
green_wave,45,moto,11.8
green_wave,45,auto,9.81
green_wave,45,auto,17.72
green_wave,45,moto,4.73
green_wave,45,moto,11.78
green_wave,45,auto,5.06
green_wave,45,auto,4.11
green_wave,45,auto,22.18
green_wave,45,moto,5.92
green_wave,45,moto,21.09
green_wave,45,auto,6.61
green_wave,45,moto,2.37
green_wave,45,moto,1.79
green_wave,45,moto,5.98
green_wave,45,auto,1.25
green_wave,45,moto,25.43
green_wave,45,moto,1.46
green_wave,45,moto,27.26
green_wave,45,moto,25.03
green_wave,45,moto,18.03
green_wave,45,auto,28.14
green_wave,45,moto,24.46
green_wave,45,auto,22.13
green_wave,45,moto,20.48
green_wave,45,auto,7.48
green_wave,45,moto,39.78
green_wave,45,moto,26.2
green_wave,45,car,18.48
green_wave,45,moto,21.72
green_wave,45,auto,5.02
green_wave,45,car,20.46
green_wave,45,auto,24.8
green_wave,45,auto,16.17
green_wave,45,moto,13.41
green_wave,45,moto,2.78
green_wave,45,moto,19.6
green_wave,45,moto,14.78
green_wave,45,car,7.72
green_wave,45,moto,17.12
green_wave,45,car,13.77
green_wave,45,moto,17.15
green_wave,45,car,8.93
green_wave,45,car,20.44
green_wave,45,moto,7.33
green_wave,45,auto,7.17
green_wave,45,moto,2.79
green_wave,45,moto,3.61
green_wave,45,auto,3.4
green_wave,45,moto,20.74
green_wave,45,car,19.84
green_wave,45,moto,15.88
green_wave,45,auto,23.07
green_wave,45,auto,20.7
green_wave,45,auto,18.74
green_wave,45,moto,12.75
green_wave,45,auto,14.57
green_wave,45,moto,5.12
green_wave,45,moto,5.35
green_wave,45,auto,5.42
green_wave,45,moto,11.25
green_wave,45,moto,2.15
green_wave,45,moto,10.22
green_wave,45,moto,21.17
green_wave,45,car,18.67
green_wave,45,moto,9.29
green_wave,45,auto,1.11
green_wave,45,moto,9.98
green_wave,45,car,5.79
green_wave,45,moto,2.25
green_wave,45,moto,2.69
green_wave,45,moto,20.76
green_wave,45,car,17.13
green_wave,45,car,2.79
green_wave,45,moto,23.55
green_wave,45,auto,13.92
green_wave,45,moto,8.99
green_wave,45,moto,3.2
green_wave,45,moto,19.16
green_wave,45,auto,16.94
green_wave,45,auto,19.86
green_wave,45,moto,6.15
green_wave,45,auto,10.76
green_wave,45,car,15.07
green_wave,45,moto,6.29
green_wave,45,moto,4.98
green_wave,45,moto,18.44
green_wave,45,moto,2.54
green_wave,45,moto,6.12
green_wave,45,car,1.26
green_wave,45,moto,2.36
green_wave,45,moto,15.02
green_wave,45,moto,18.51
green_wave,45,car,4.48
green_wave,45,moto,7.09
green_wave,45,moto,18.69
green_wave,45,moto,2.3
green_wave,45,moto,24.82
green_wave,45,moto,20.53
green_wave,45,moto,5.85
green_wave,45,moto,5.37
green_wave,45,moto,24.17
green_wave,45,moto,5.24
green_wave,45,moto,17.01
green_wave,45,moto,11.03
green_wave,45,moto,5.76
green_wave,45,moto,4.64
green_wave,45,moto,12.67
green_wave,45,moto,4.73
green_wave,45,moto,5.62
green_wave,45,car,2.81
green_wave,45,moto,23.5
green_wave,45,moto,7.96
green_wave,45,moto,17.9
green_wave,45,moto,9.53
green_wave,45,auto,6.54
green_wave,45,auto,2.04
green_wave,45,auto,2.11
green_wave,45,moto,23.9
green_wave,45,auto,19.95
green_wave,45,moto,14.41
green_wave,45,moto,12.69
green_wave,45,auto,10.36
green_wave,45,moto,10.29
green_wave,45,auto,1.21
green_wave,45,moto,6.95
green_wave,45,moto,10.95
green_wave,45,moto,14.15
green_wave,45,moto,40.84
green_wave,45,auto,17.76
green_wave,45,moto,26.0
green_wave,45,moto,16.95
green_wave,45,moto,9.05
green_wave,45,auto,3.19
green_wave,45,moto,2.96
green_wave,45,moto,11.15
green_wave,45,moto,6.14
green_wave,45,auto,5.43
green_wave,45,moto,6.44
green_wave,45,auto,6.14
green_wave,45,moto,9.41
green_wave,45,auto,14.45
green_wave,45,auto,19.85
green_wave,45,moto,2.98
green_wave,45,moto,22.45
green_wave,45,moto,20.45
green_wave,45,car,17.95
green_wave,45,car,12.19
green_wave,45,moto,11.14
green_wave,45,auto,14.4
green_wave,45,auto,12.23
green_wave,45,auto,17.43
green_wave,45,auto,20.23
green_wave,45,moto,23.75
green_wave,45,moto,14.05
green_wave,45,moto,8.01
green_wave,45,moto,16.81
green_wave,45,auto,5.38
green_wave,45,moto,14.25
green_wave,45,moto,6.15
green_wave,45,auto,14.88
green_wave,45,car,4.49
green_wave,45,car,23.2
green_wave,45,moto,12.38
green_wave,45,moto,19.9
green_wave,45,moto,9.3
green_wave,45,moto,19.38
green_wave,45,moto,20.24
green_wave,45,moto,8.99
green_wave,45,moto,12.68
green_wave,45,moto,8.1
green_wave,45,moto,1.86
green_wave,45,moto,3.28
green_wave,45,auto,24.72
green_wave,45,moto,22.33
green_wave,45,moto,13.69
green_wave,45,moto,7.75
green_wave,45,moto,15.76
green_wave,45,moto,25.34
green_wave,45,moto,22.14
green_wave,45,auto,22.4
green_wave,45,moto,5.47
green_wave,45,moto,7.83
green_wave,45,moto,24.44
green_wave,45,moto,30.7
green_wave,45,car,6.02
green_wave,45,moto,22.28
green_wave,45,auto,7.35
green_wave,45,moto,13.01
green_wave,45,car,19.31
green_wave,45,moto,10.05
green_wave,45,auto,7.99
green_wave,45,auto,7.15
green_wave,45,moto,14.47
green_wave,45,moto,17.16
green_wave,45,moto,14.8
green_wave,45,moto,10.6
green_wave,45,moto,19.46
green_wave,45,moto,15.87
green_wave,45,car,1.72
green_wave,45,car,4.51
green_wave,45,moto,17.68
green_wave,45,moto,15.22
green_wave,45,moto,2.31
green_wave,45,moto,23.56
green_wave,45,car,19.54
green_wave,45,moto,11.54
green_wave,45,moto,12.4
green_wave,45,car,5.9
green_wave,45,moto,22.96
green_wave,45,auto,20.34
green_wave,45,car,17.69
green_wave,45,auto,9.7
green_wave,45,car,14.05
green_wave,45,moto,5.3
green_wave,45,auto,31.3
green_wave,45,moto,2.09
green_wave,45,car,11.61
green_wave,45,moto,22.25
green_wave,45,moto,3.14
green_wave,45,moto,12.34
green_wave,45,auto,23.04
green_wave,45,moto,2.02
green_wave,45,car,10.9
green_wave,45,moto,1.48
green_wave,45,auto,38.4
green_wave,45,moto,32.32
green_wave,45,moto,23.39
green_wave,45,moto,10.23
green_wave,45,car,32.25
green_wave,45,moto,38.66
green_wave,45,moto,23.95
green_wave,45,car,4.93
green_wave,45,moto,25.88
green_wave,45,moto,9.65
green_wave,45,car,48.42
green_wave,45,auto,21.65
green_wave,45,moto,11.91
green_wave,45,car,7.44
green_wave,45,moto,5.98
green_wave,45,auto,24.78
green_wave,45,moto,11.79
green_wave,45,moto,21.11
green_wave,45,auto,12.53
green_wave,45,car,31.65
green_wave,45,car,20.16
green_wave,45,moto,12.16
green_wave,45,car,7.38
green_wave,45,car,12.81
green_wave,45,car,1.74
green_wave,45,moto,12.25
green_wave,45,moto,1.96
green_wave,45,moto,3.87
green_wave,45,moto,3.22
green_wave,45,car,15.9
green_wave,45,moto,11.01
green_wave,45,moto,5.77
green_wave,45,moto,10.63
green_wave,45,moto,23.17
green_wave,45,moto,15.25
green_wave,45,moto,15.78
green_wave,45,moto,22.64
green_wave,45,moto,25.55
green_wave,45,auto,12.88
green_wave,45,moto,25.73
green_wave,45,auto,3.52
green_wave,45,moto,23.73
green_wave,45,car,2.25
green_wave,45,moto,8.17
green_wave,45,moto,4.27
green_wave,45,moto,7.57
green_wave,45,moto,11.27
green_wave,45,moto,1.54
green_wave,45,car,1.55
green_wave,45,moto,19.89
green_wave,45,moto,12.14
green_wave,45,moto,5.78
green_wave,45,auto,3.54
green_wave,45,moto,12.21
green_wave,45,moto,8.57
green_wave,45,moto,8.09
green_wave,45,auto,3.53
green_wave,45,moto,6.35
green_wave,45,auto,17.15
green_wave,45,moto,11.21
green_wave,45,auto,1.06
green_wave,45,auto,2.11
green_wave,45,moto,17.04
green_wave,45,car,18.94
green_wave,45,moto,7.84
green_wave,45,auto,19.7
green_wave,45,moto,3.04
green_wave,45,moto,5.08
green_wave,45,moto,8.46
green_wave,45,moto,5.14
green_wave,45,moto,5.22
green_wave,45,car,3.2
green_wave,45,moto,7.53
green_wave,45,moto,6.98
green_wave,45,auto,16.39
green_wave,45,moto,9.29
green_wave,45,moto,13.28
green_wave,45,moto,4.42
green_wave,45,auto,2.24
green_wave,45,moto,19.98
green_wave,45,moto,6.18
green_wave,45,moto,2.95
green_wave,45,moto,23.25
green_wave,45,moto,13.54
green_wave,45,moto,12.36
green_wave,45,moto,2.07
green_wave,45,moto,14.94
green_wave,45,moto,22.24
green_wave,45,auto,23.7
green_wave,45,car,12.32
green_wave,45,moto,27.43
green_wave,45,moto,11.28
green_wave,45,moto,23.38
green_wave,45,car,28.21
green_wave,45,moto,13.77
green_wave,45,auto,23.81
green_wave,45,auto,32.56
green_wave,45,auto,28.53
green_wave,45,car,19.11
green_wave,45,moto,15.46
green_wave,45,car,26.91
green_wave,45,auto,18.08
green_wave,45,auto,20.82
green_wave,45,auto,21.99
green_wave,45,auto,1.29
green_wave,45,moto,3.63
green_wave,45,moto,13.25
green_wave,45,moto,7.9
green_wave,45,moto,26.38
green_wave,45,moto,6.6
green_wave,45,car,9.05
green_wave,45,moto,20.23
green_wave,45,moto,19.1
green_wave,45,moto,8.73
green_wave,45,moto,26.02
green_wave,45,car,23.24
green_wave,45,moto,4.78
green_wave,45,moto,21.86
green_wave,45,auto,12.7
green_wave,45,moto,5.01
green_wave,45,moto,22.0
green_wave,45,auto,5.34
green_wave,45,car,3.72
green_wave,45,car,1.09
green_wave,45,moto,19.73
green_wave,45,moto,18.88
green_wave,45,moto,2.78
green_wave,45,moto,7.74
green_wave,45,car,2.27
green_wave,45,car,1.86
green_wave,45,auto,2.69
green_wave,45,moto,13.01
green_wave,45,moto,11.37
green_wave,45,auto,27.42
green_wave,45,moto,23.06
green_wave,45,auto,18.19
green_wave,45,moto,25.09
green_wave,45,moto,22.91
green_wave,45,auto,2.33
green_wave,45,moto,6.11
green_wave,45,auto,22.79
green_wave,45,car,1.84
green_wave,45,car,6.48
green_wave,45,moto,20.8
green_wave,45,moto,22.58
green_wave,45,auto,27.07
green_wave,45,auto,16.06
green_wave,45,moto,24.48
green_wave,45,auto,17.31
green_wave,45,moto,12.02
green_wave,45,moto,35.86
green_wave,45,auto,13.47
green_wave,45,auto,11.3
green_wave,45,auto,16.25
green_wave,45,moto,10.65
green_wave,45,moto,8.52
green_wave,45,auto,19.06
green_wave,45,moto,9.82
green_wave,45,car,15.57
green_wave,45,moto,17.61
green_wave,45,auto,3.65
green_wave,45,auto,17.1
green_wave,45,moto,6.21
green_wave,45,moto,5.37
green_wave,45,moto,5.51
green_wave,45,moto,21.02
green_wave,45,moto,4.32
green_wave,45,car,25.2
green_wave,45,moto,18.85
green_wave,45,moto,15.24
green_wave,45,moto,8.44
green_wave,45,auto,17.26
green_wave,45,car,20.6
green_wave,45,auto,14.35
green_wave,45,auto,13.74
green_wave,45,auto,13.64
green_wave,45,moto,14.78
green_wave,45,auto,14.58
green_wave,45,moto,12.86
green_wave,45,moto,8.09
green_wave,45,auto,13.73
green_wave,45,auto,3.95
green_wave,45,moto,13.86
green_wave,45,moto,6.31
green_wave,45,moto,14.31
green_wave,45,auto,13.57
green_wave,45,moto,21.19
green_wave,45,moto,25.49
green_wave,45,moto,23.38
green_wave,45,moto,23.55
green_wave,45,moto,14.5
green_wave,45,moto,14.46
green_wave,45,moto,6.0
green_wave,45,moto,16.64
green_wave,45,auto,25.14
green_wave,45,auto,7.99
green_wave,45,moto,38.23
green_wave,45,car,16.12
green_wave,45,moto,19.76
green_wave,45,moto,2.12
green_wave,45,moto,22.17
green_wave,45,moto,5.48
green_wave,45,moto,20.85
green_wave,45,auto,15.07
green_wave,45,auto,7.54
green_wave,45,auto,2.94
green_wave,45,auto,1.91
green_wave,45,moto,8.68
green_wave,45,moto,35.57
green_wave,45,moto,9.92
green_wave,45,car,24.6
green_wave,45,auto,24.12
green_wave,45,moto,6.77
green_wave,45,moto,12.71
green_wave,45,moto,5.7
green_wave,45,moto,3.91
green_wave,45,moto,28.89
green_wave,45,car,11.18
green_wave,45,auto,17.39
green_wave,45,car,5.88
green_wave,45,moto,1.14
green_wave,45,moto,23.67
green_wave,45,moto,5.85
green_wave,45,moto,20.86
green_wave,45,moto,16.06
green_wave,45,moto,18.04
green_wave,45,moto,4.35
green_wave,45,moto,15.51
green_wave,45,car,21.33
green_wave,45,moto,20.75
green_wave,45,moto,32.58
green_wave,45,car,18.73
green_wave,45,moto,18.63
green_wave,45,moto,12.96
green_wave,45,moto,21.93
green_wave,45,moto,23.75
green_wave,45,moto,15.26
green_wave,45,auto,23.52
green_wave,45,auto,16.94
green_wave,45,moto,21.83
green_wave,45,moto,23.31
green_wave,45,auto,8.33
green_wave,45,moto,5.12
green_wave,45,auto,15.85
green_wave,45,car,10.25
green_wave,45,moto,5.23
green_wave,45,auto,16.48
green_wave,45,auto,8.28
green_wave,45,moto,4.29
green_wave,45,moto,23.17
green_wave,45,auto,7.88
green_wave,45,moto,14.03
green_wave,45,car,1.53
green_wave,45,moto,34.04
green_wave,45,car,22.05
green_wave,45,moto,22.84
green_wave,45,moto,30.9
green_wave,45,auto,21.74
green_wave,45,moto,24.08
green_wave,45,moto,18.42
green_wave,45,car,13.3
green_wave,45,auto,40.78
green_wave,45,moto,18.79
green_wave,45,car,2.04
green_wave,45,auto,21.93
green_wave,45,moto,10.28
green_wave,45,auto,20.59
green_wave,45,auto,15.26
green_wave,45,auto,18.51
green_wave,45,moto,17.65
green_wave,45,auto,19.72
green_wave,45,moto,8.22
green_wave,45,moto,16.79
green_wave,45,car,15.59
green_wave,45,car,12.96
green_wave,45,moto,2.38
green_wave,45,moto,14.68
green_wave,45,moto,17.67
green_wave,45,auto,14.69
green_wave,45,auto,11.98
green_wave,45,moto,13.91
green_wave,45,auto,1.69
green_wave,45,moto,2.85
green_wave,45,car,40.62
green_wave,45,moto,10.86
green_wave,45,moto,25.23
green_wave,45,moto,21.84
green_wave,45,auto,36.02
green_wave,45,auto,16.8
green_wave,45,moto,17.19
green_wave,45,auto,18.16
green_wave,45,moto,25.87
green_wave,45,auto,13.09
green_wave,45,auto,16.17
green_wave,45,moto,18.95
green_wave,45,auto,24.22
green_wave,45,moto,17.45
green_wave,45,auto,3.51
green_wave,45,moto,22.97
green_wave,45,moto,3.28
green_wave,45,car,17.0
green_wave,45,moto,14.27
green_wave,45,auto,10.84
green_wave,45,moto,25.81
green_wave,45,moto,14.59
green_wave,45,moto,10.91
green_wave,45,car,34.18
green_wave,45,auto,21.38
green_wave,45,moto,13.87
green_wave,45,moto,33.24
green_wave,45,car,6.4
green_wave,45,auto,21.2
green_wave,45,moto,19.37
green_wave,45,car,1.52
green_wave,45,car,14.28
green_wave,45,car,11.09
green_wave,45,moto,7.1
green_wave,45,moto,2.01
green_wave,45,moto,23.81
green_wave,45,auto,3.77
green_wave,45,moto,6.43
green_wave,45,car,6.14
green_wave,45,moto,2.62
green_wave,45,moto,17.61
green_wave,45,moto,29.77
green_wave,45,moto,15.41
green_wave,45,moto,14.34
green_wave,45,moto,23.36
green_wave,45,auto,23.26
green_wave,45,moto,15.21
green_wave,45,moto,25.67
green_wave,45,auto,19.92
green_wave,45,moto,19.39
green_wave,45,car,23.46
green_wave,45,moto,3.0
green_wave,45,car,14.43
green_wave,45,moto,6.2
green_wave,45,moto,8.47
green_wave,45,auto,12.65
green_wave,45,moto,5.87
green_wave,45,moto,22.54
green_wave,45,moto,16.75
green_wave,45,moto,8.97
green_wave,45,moto,21.07
green_wave,45,moto,14.09
green_wave,45,auto,1.03
green_wave,45,auto,1.04
green_wave,45,moto,15.36
green_wave,45,moto,13.21
green_wave,45,auto,3.64
green_wave,45,moto,23.98
green_wave,45,auto,23.9
green_wave,45,moto,23.29
green_wave,45,auto,12.68
green_wave,45,moto,16.44
green_wave,45,moto,8.37
green_wave,45,car,5.53
green_wave,45,moto,12.13
green_wave,45,car,3.28
green_wave,45,auto,5.76
green_wave,45,moto,5.83
green_wave,45,moto,14.04
green_wave,45,moto,18.17
green_wave,45,moto,5.24
green_wave,45,moto,10.62
green_wave,45,car,20.84
green_wave,45,car,12.4
green_wave,45,moto,18.87
green_wave,45,moto,16.14
green_wave,45,moto,5.45
green_wave,45,moto,20.1
green_wave,45,moto,17.29
green_wave,45,auto,22.86
green_wave,45,moto,4.92
green_wave,45,moto,11.52
green_wave,45,auto,4.55
green_wave,45,car,20.96
green_wave,45,moto,7.09
green_wave,45,moto,25.95
green_wave,45,moto,5.91
green_wave,45,moto,15.38
green_wave,45,moto,7.67
green_wave,45,moto,2.01
green_wave,45,moto,7.29
green_wave,45,moto,6.58
green_wave,45,moto,24.2
green_wave,45,auto,2.3
green_wave,45,moto,7.37
green_wave,45,car,23.79
green_wave,45,moto,13.93
green_wave,45,auto,16.34
green_wave,45,moto,8.78
green_wave,45,moto,4.86
green_wave,45,auto,0.92
green_wave,45,auto,23.53
green_wave,45,moto,2.56
green_wave,45,moto,5.28
green_wave,45,moto,23.95
green_wave,45,auto,16.09
green_wave,45,moto,15.24
green_wave,45,moto,19.0
green_wave,45,moto,2.24
green_wave,45,car,22.55
green_wave,45,moto,8.88
green_wave,45,auto,7.22
green_wave,45,car,9.98
green_wave,45,moto,6.77
green_wave,45,moto,15.45
green_wave,45,moto,13.18
green_wave,45,moto,12.5
green_wave,45,auto,2.53
green_wave,45,moto,7.15
green_wave,45,auto,5.04
green_wave,45,moto,6.91
green_wave,45,car,4.16
green_wave,45,auto,21.56
green_wave,45,moto,19.83
green_wave,45,moto,12.23
green_wave,45,moto,10.88
green_wave,45,moto,18.48
green_wave,45,moto,25.35
green_wave,45,car,22.25
green_wave,45,moto,9.05
green_wave,45,moto,3.43
green_wave,45,moto,16.99
green_wave,45,auto,19.78
green_wave,45,auto,14.15
green_wave,45,moto,11.4
green_wave,45,moto,9.26
green_wave,45,car,15.02
green_wave,45,moto,6.74
green_wave,45,moto,24.07
green_wave,45,auto,9.5
green_wave,45,auto,5.4
green_wave,45,moto,24.56
green_wave,45,car,6.68
green_wave,45,auto,8.87
green_wave,45,auto,16.19
green_wave,45,moto,8.04
green_wave,45,moto,6.07
green_wave,45,moto,23.86
green_wave,45,moto,14.82
green_wave,45,moto,14.29
green_wave,45,moto,3.97
green_wave,45,moto,10.28
green_wave,45,auto,1.14
green_wave,45,moto,21.51
green_wave,45,moto,3.63
green_wave,45,auto,22.65
green_wave,45,moto,22.3
green_wave,45,auto,19.67
green_wave,45,moto,14.03
green_wave,45,moto,9.33
green_wave,45,auto,24.14
green_wave,45,moto,7.36
green_wave,45,auto,7.34
green_wave,45,moto,11.03
green_wave,45,car,5.0
green_wave,45,auto,12.77
green_wave,45,moto,13.85
green_wave,45,moto,6.56
green_wave,45,moto,6.71
green_wave,45,auto,6.77
green_wave,45,car,3.64
green_wave,45,moto,12.16
green_wave,45,moto,11.96
green_wave,45,moto,24.45
green_wave,45,moto,15.26
green_wave,45,auto,10.15
green_wave,45,moto,19.5
green_wave,45,car,1.55
green_wave,45,auto,15.83
green_wave,45,auto,2.41
green_wave,45,moto,13.78
green_wave,45,moto,4.11
green_wave,45,moto,1.82
green_wave,45,car,18.58
green_wave,45,moto,16.28
green_wave,45,moto,16.68
green_wave,45,auto,12.01
green_wave,45,auto,9.06
green_wave,45,auto,13.13
green_wave,45,auto,10.87
green_wave,45,moto,10.63
green_wave,45,moto,37.34
green_wave,45,car,12.11
green_wave,45,auto,29.84
green_wave,45,moto,4.82
green_wave,45,car,18.64
green_wave,45,auto,5.56
green_wave,45,moto,8.75
green_wave,45,moto,5.21
green_wave,45,auto,2.89
green_wave,45,moto,7.44
green_wave,45,moto,21.77
green_wave,45,car,23.02
green_wave,45,moto,4.8
green_wave,45,auto,13.27
green_wave,45,moto,10.81
green_wave,45,moto,7.13
green_wave,45,moto,18.0
green_wave,45,car,1.88
green_wave,45,moto,12.17
green_wave,45,moto,16.48
green_wave,45,car,2.61
green_wave,45,moto,16.27
green_wave,45,auto,0.92
green_wave,45,auto,2.58
green_wave,45,moto,14.51
green_wave,45,moto,18.41
green_wave,45,moto,22.51
green_wave,45,moto,17.65
green_wave,45,moto,7.32
green_wave,45,auto,1.16
green_wave,45,moto,1.43
green_wave,45,moto,22.95
green_wave,45,moto,18.59
green_wave,45,moto,9.12
green_wave,45,auto,22.89
green_wave,45,auto,22.97
green_wave,45,auto,19.91
green_wave,45,auto,19.06
green_wave,45,moto,16.14
green_wave,45,auto,19.22
green_wave,45,car,20.79
green_wave,45,auto,17.93
green_wave,45,moto,17.05
green_wave,45,moto,13.22
green_wave,45,car,7.82
green_wave,45,car,16.6
green_wave,45,car,4.44
green_wave,45,moto,14.18
green_wave,45,moto,15.15
green_wave,45,moto,16.88
green_wave,45,car,6.48
green_wave,45,moto,8.64
green_wave,45,car,14.65
green_wave,45,moto,16.94
green_wave,45,moto,7.93
green_wave,45,moto,7.92
green_wave,45,moto,6.63
green_wave,45,car,15.64
green_wave,45,moto,7.89
green_wave,45,moto,13.54
green_wave,45,moto,23.77
green_wave,45,moto,14.96
green_wave,45,moto,19.54
green_wave,45,moto,18.86
green_wave,45,moto,12.81
green_wave,45,moto,17.89
green_wave,45,auto,25.22
green_wave,45,moto,14.88
green_wave,45,auto,22.29
green_wave,45,auto,8.61
green_wave,45,moto,26.75
green_wave,45,moto,23.23
green_wave,45,auto,4.69
green_wave,45,moto,11.35
green_wave,45,auto,7.25
green_wave,45,moto,3.92
green_wave,45,moto,8.1
green_wave,45,moto,20.12
green_wave,45,car,2.95
green_wave,45,car,1.84
green_wave,45,moto,4.91
green_wave,45,auto,19.54
green_wave,45,moto,2.18
green_wave,45,moto,18.8
green_wave,45,moto,19.04
green_wave,45,moto,18.97
green_wave,45,moto,19.69
green_wave,45,auto,16.65
green_wave,45,auto,5.49
green_wave,45,moto,23.03
green_wave,45,moto,16.73
green_wave,45,moto,13.2
green_wave,45,car,10.58
green_wave,45,moto,2.47
green_wave,45,moto,5.39
green_wave,45,moto,14.42
green_wave,45,moto,7.25
green_wave,45,moto,25.02
green_wave,45,moto,25.47
green_wave,45,car,13.18
green_wave,45,moto,5.64
green_wave,45,moto,7.5
green_wave,45,car,3.82
green_wave,45,moto,13.33
green_wave,45,moto,1.93
green_wave,45,moto,18.89
green_wave,45,auto,12.12
green_wave,45,car,1.99
green_wave,45,auto,4.76
green_wave,45,auto,22.56
green_wave,45,moto,17.74
green_wave,45,auto,17.78
green_wave,45,moto,13.43
green_wave,45,auto,18.68
green_wave,45,auto,10.77
green_wave,45,car,10.03
green_wave,45,moto,7.23
green_wave,45,auto,22.28
green_wave,45,car,7.68
green_wave,45,moto,5.8
green_wave,45,auto,20.31
green_wave,45,auto,23.33
green_wave,45,moto,13.17
green_wave,45,moto,2.27
green_wave,45,moto,20.97
green_wave,45,auto,12.17
green_wave,45,moto,16.26
green_wave,45,moto,20.62
green_wave,45,auto,5.42
green_wave,45,moto,7.34
green_wave,45,car,24.69
green_wave,45,moto,24.8
green_wave,45,moto,19.42
green_wave,45,auto,28.29
green_wave,45,auto,19.58
green_wave,45,auto,14.11
green_wave,45,car,6.56
green_wave,45,auto,17.45
green_wave,45,moto,6.77
green_wave,45,moto,3.22
green_wave,45,moto,15.89
green_wave,45,car,4.08
green_wave,45,car,15.38
green_wave,45,auto,4.19
green_wave,45,moto,8.06
green_wave,45,car,9.63
green_wave,45,moto,5.35
green_wave,45,moto,14.03
green_wave,45,moto,7.23
green_wave,45,auto,7.65
green_wave,45,moto,10.49
green_wave,45,car,19.25
green_wave,45,moto,11.09
green_wave,45,auto,15.75
green_wave,45,auto,19.48
green_wave,45,moto,17.99
green_wave,45,moto,9.49
green_wave,45,moto,9.0
green_wave,45,car,26.52
green_wave,45,moto,12.3
green_wave,45,car,7.62
green_wave,45,auto,22.25
green_wave,45,moto,11.29
green_wave,45,moto,25.65
green_wave,45,moto,9.61
green_wave,45,auto,2.67
green_wave,45,auto,2.98
green_wave,45,car,28.66
green_wave,45,auto,2.45
green_wave,45,car,17.09
green_wave,45,moto,11.43
green_wave,45,auto,15.98
green_wave,45,auto,4.19
green_wave,45,moto,17.39
green_wave,45,car,1.6
green_wave,45,moto,3.96
green_wave,45,moto,1.83
green_wave,45,moto,2.8
green_wave,45,auto,1.51
green_wave,45,moto,22.43
green_wave,45,moto,4.18
green_wave,45,car,21.19
green_wave,45,car,10.88
green_wave,45,moto,23.02
green_wave,45,car,19.66
green_wave,45,moto,18.11
green_wave,45,moto,15.66
green_wave,45,moto,24.02
green_wave,45,moto,26.92
green_wave,45,auto,21.84
green_wave,45,auto,3.36
green_wave,45,moto,14.45
green_wave,45,moto,8.42
green_wave,45,moto,6.84
green_wave,45,car,1.18
green_wave,45,moto,25.22
green_wave,45,auto,13.92
green_wave,45,auto,8.75
green_wave,45,car,9.93
green_wave,45,auto,7.24
green_wave,45,auto,8.07
green_wave,45,moto,26.13
green_wave,45,auto,1.19
green_wave,45,car,4.73
green_wave,45,moto,3.09
green_wave,45,moto,2.48
green_wave,45,moto,26.77
green_wave,45,moto,15.09
green_wave,45,moto,11.13
green_wave,45,moto,16.28
green_wave,45,moto,6.43
green_wave,45,moto,15.96
green_wave,45,car,1.99
green_wave,45,moto,21.6
green_wave,45,car,15.08
green_wave,45,moto,29.64
green_wave,45,auto,22.03
green_wave,45,moto,15.08
green_wave,45,moto,11.97
green_wave,45,moto,11.69
green_wave,45,moto,7.92
green_wave,45,auto,16.24
green_wave,45,moto,24.34
green_wave,45,moto,4.93
green_wave,45,auto,15.03
green_wave,45,moto,11.54
green_wave,45,moto,5.36
green_wave,45,moto,10.7
green_wave,45,moto,17.31
green_wave,45,auto,3.37
green_wave,45,moto,5.59
green_wave,45,moto,23.33
green_wave,45,car,13.96
green_wave,45,moto,6.52
green_wave,45,car,13.65
green_wave,45,moto,12.91
green_wave,45,car,14.77
green_wave,45,moto,3.56
green_wave,45,moto,3.24
green_wave,45,moto,3.15
green_wave,45,moto,3.65
green_wave,45,moto,13.45
green_wave,45,moto,19.05
green_wave,45,car,13.92
green_wave,45,moto,24.99
green_wave,45,auto,20.73
green_wave,45,moto,4.08
green_wave,45,auto,22.48
green_wave,45,moto,8.05
green_wave,45,auto,17.4
green_wave,45,auto,16.85
green_wave,45,auto,13.11
green_wave,45,auto,10.98
green_wave,45,moto,7.05
green_wave,45,moto,3.52
green_wave,45,car,23.5
green_wave,45,auto,11.85
green_wave,45,auto,5.41
green_wave,45,moto,7.21
green_wave,45,auto,25.51
green_wave,45,moto,13.38
green_wave,45,moto,3.85
green_wave,45,auto,6.05
green_wave,45,moto,5.61
green_wave,45,moto,20.45
green_wave,45,auto,6.09
green_wave,45,car,3.27
green_wave,45,moto,9.83
green_wave,45,auto,17.89
green_wave,45,car,16.69
green_wave,45,car,23.83
green_wave,45,moto,17.89
green_wave,45,moto,21.27
green_wave,45,moto,3.43
green_wave,45,auto,18.22
green_wave,45,moto,15.72
green_wave,45,moto,7.43
green_wave,45,moto,30.0
green_wave,45,moto,31.43
green_wave,45,moto,26.4
green_wave,45,moto,6.16
green_wave,45,moto,6.15
green_wave,45,moto,6.34
green_wave,45,moto,20.86
green_wave,45,moto,3.2
green_wave,45,moto,23.26
green_wave,45,moto,24.01
green_wave,45,moto,15.81
green_wave,45,car,13.79
green_wave,45,moto,14.96
green_wave,45,moto,2.47
green_wave,45,car,24.47
green_wave,45,car,24.02
green_wave,45,car,4.3
green_wave,45,car,26.69
green_wave,45,moto,19.03
green_wave,45,moto,24.49
green_wave,45,auto,19.17
green_wave,45,moto,25.49
green_wave,45,moto,25.23
green_wave,45,auto,26.6
green_wave,45,car,15.23
green_wave,45,car,23.41
green_wave,45,auto,26.33
green_wave,45,moto,17.83
green_wave,45,moto,12.93
green_wave,45,moto,5.69
green_wave,45,auto,21.73
green_wave,45,moto,17.85
green_wave,45,moto,13.82
green_wave,45,moto,6.09
green_wave,45,moto,8.35
green_wave,45,car,7.97
green_wave,45,auto,26.29
green_wave,45,car,4.92
green_wave,45,car,4.07
green_wave,45,moto,21.6
green_wave,45,moto,18.14
green_wave,45,moto,24.9
green_wave,45,moto,12.16
green_wave,45,moto,20.34
green_wave,45,auto,24.28
green_wave,45,moto,17.76
green_wave,45,auto,19.4
green_wave,45,car,13.23
green_wave,45,moto,6.1
green_wave,45,moto,12.12
green_wave,45,car,11.03
green_wave,45,moto,20.71
green_wave,45,auto,18.07
green_wave,45,auto,17.35
green_wave,45,auto,14.72
green_wave,45,car,4.46
green_wave,45,moto,20.72
green_wave,45,moto,2.73
green_wave,45,moto,5.12
green_wave,45,car,20.41
green_wave,45,car,7.16
green_wave,45,auto,13.32
green_wave,45,car,4.41
green_wave,45,moto,21.2
green_wave,45,moto,13.03
green_wave,45,auto,24.53
green_wave,45,car,17.65
green_wave,45,auto,10.43
green_wave,45,moto,12.72
green_wave,45,moto,38.6
green_wave,45,moto,12.03
green_wave,45,moto,6.02
green_wave,45,moto,5.45
green_wave,45,auto,24.65
green_wave,45,auto,22.53
green_wave,45,moto,9.49
green_wave,45,moto,5.66
green_wave,45,moto,14.97
green_wave,45,auto,9.59
green_wave,45,auto,14.85
green_wave,45,auto,1.09
green_wave,45,car,7.35
green_wave,45,moto,16.59
green_wave,45,moto,8.96
green_wave,45,moto,10.21
green_wave,45,auto,16.8
green_wave,45,car,5.37
green_wave,45,auto,4.2
green_wave,45,moto,21.31
green_wave,45,moto,3.25
green_wave,45,moto,22.95
green_wave,45,moto,16.17
green_wave,45,moto,15.76
green_wave,45,moto,9.41
green_wave,45,auto,19.76
green_wave,45,moto,8.74
green_wave,45,moto,16.53
green_wave,45,car,20.3
green_wave,45,moto,25.79
green_wave,45,moto,9.41
green_wave,45,auto,8.68
green_wave,45,moto,7.24
green_wave,45,auto,22.23
green_wave,45,auto,7.03
green_wave,45,auto,4.81
green_wave,45,car,11.87
green_wave,45,moto,5.84
green_wave,45,auto,19.77
green_wave,45,moto,22.88
green_wave,45,moto,9.42
green_wave,45,moto,2.39
green_wave,45,moto,2.4
green_wave,45,car,6.55
green_wave,45,moto,23.61
green_wave,45,moto,3.99
green_wave,45,auto,24.22
green_wave,45,auto,15.88
green_wave,45,auto,18.64
green_wave,45,moto,19.64
green_wave,45,moto,17.6
green_wave,45,moto,18.86
green_wave,45,moto,24.58
green_wave,45,moto,14.73
green_wave,45,auto,5.07
green_wave,45,moto,5.46
green_wave,45,auto,3.98
green_wave,45,auto,5.38
green_wave,45,car,25.86
green_wave,45,moto,7.13
green_wave,45,auto,15.25
green_wave,45,moto,26.29
green_wave,45,moto,6.46
green_wave,45,car,15.83
green_wave,45,auto,4.73
green_wave,45,auto,6.02
green_wave,45,moto,6.69
green_wave,45,moto,17.26
green_wave,45,moto,2.58
green_wave,45,moto,8.94
green_wave,45,moto,25.35
green_wave,45,moto,11.62
green_wave,45,moto,15.59
green_wave,45,moto,25.58
green_wave,45,moto,23.09
green_wave,45,auto,19.18
green_wave,45,auto,16.65
green_wave,45,auto,5.89
green_wave,45,auto,25.43
green_wave,45,moto,24.87
green_wave,45,moto,16.76
green_wave,45,moto,13.57
green_wave,45,car,14.99
green_wave,45,moto,16.88
green_wave,45,moto,17.98
green_wave,45,moto,19.38
green_wave,45,auto,1.94
green_wave,45,moto,18.61
green_wave,45,moto,12.4
green_wave,45,auto,4.18
green_wave,45,car,5.43
green_wave,45,car,20.45
green_wave,45,auto,1.14
green_wave,45,auto,19.48
green_wave,45,auto,11.03
green_wave,45,moto,4.47
green_wave,45,moto,2.95
green_wave,45,moto,3.54
green_wave,45,moto,4.99
green_wave,45,moto,13.79
green_wave,45,moto,14.05
green_wave,45,moto,3.15
green_wave,45,moto,23.95
green_wave,45,moto,14.5
green_wave,45,car,31.8
green_wave,45,moto,25.1
green_wave,45,moto,16.74
green_wave,45,auto,4.24
green_wave,45,moto,14.4
green_wave,45,moto,14.81
green_wave,45,auto,36.8
green_wave,45,auto,20.56
green_wave,45,moto,7.12
green_wave,45,auto,38.31
green_wave,45,moto,22.56
green_wave,45,moto,7.4
green_wave,45,moto,10.99
green_wave,45,moto,5.81
green_wave,45,moto,25.88
green_wave,45,moto,22.65
green_wave,45,moto,6.84
green_wave,45,car,4.01
green_wave,45,moto,20.19
green_wave,45,auto,12.45
green_wave,45,car,1.73
green_wave,45,car,17.27
green_wave,45,car,10.02
green_wave,45,moto,21.97
green_wave,45,auto,22.74
green_wave,45,moto,4.0
green_wave,45,moto,2.45
green_wave,45,moto,12.42
green_wave,45,moto,9.78
green_wave,45,moto,8.51
green_wave,45,moto,27.83
green_wave,45,auto,13.86
green_wave,45,moto,14.93
green_wave,45,moto,7.07
green_wave,45,car,9.31
green_wave,45,moto,4.76
green_wave,45,car,6.45
green_wave,45,car,7.26
green_wave,45,moto,6.27
green_wave,45,auto,18.92
green_wave,45,moto,18.61
green_wave,45,moto,17.27
green_wave,45,auto,18.31
green_wave,45,moto,2.34
green_wave,45,moto,21.27
green_wave,45,auto,23.94
green_wave,45,moto,9.55
green_wave,45,auto,13.49
green_wave,45,moto,14.94
green_wave,45,moto,15.82
green_wave,45,auto,7.94
green_wave,45,auto,14.21
green_wave,45,moto,23.43
green_wave,45,auto,20.21
green_wave,45,auto,21.99
green_wave,45,auto,12.87
green_wave,45,auto,8.56
green_wave,45,moto,4.72
green_wave,45,auto,7.51
green_wave,45,auto,16.52
green_wave,45,car,8.77
green_wave,45,moto,6.16
green_wave,45,moto,32.34
green_wave,45,moto,19.16
green_wave,45,moto,4.42
green_wave,45,moto,15.59
green_wave,45,car,7.55
green_wave,45,car,3.86
green_wave,45,moto,2.25
green_wave,45,moto,25.68
green_wave,45,moto,18.42
green_wave,45,moto,4.06
green_wave,45,moto,15.87
green_wave,45,moto,19.01
green_wave,45,auto,18.25
green_wave,45,moto,11.48
green_wave,45,moto,8.71
green_wave,45,auto,20.91
green_wave,45,moto,12.68
green_wave,45,auto,19.28
green_wave,45,car,15.73
green_wave,45,moto,16.42
green_wave,45,moto,11.85
green_wave,45,moto,5.71
green_wave,45,auto,22.08
green_wave,45,car,6.91
green_wave,45,car,6.96
green_wave,45,moto,12.83
green_wave,45,moto,21.43
green_wave,45,moto,15.08
green_wave,45,moto,24.27
green_wave,45,moto,3.02
green_wave,45,moto,22.8
green_wave,45,moto,4.37
green_wave,45,moto,13.58
green_wave,45,moto,10.8
green_wave,45,auto,25.95
green_wave,45,car,11.31
green_wave,45,auto,3.14
green_wave,45,auto,11.57
green_wave,45,moto,5.19
green_wave,45,moto,23.79
green_wave,45,moto,8.68
green_wave,45,moto,24.54
green_wave,45,car,12.3
green_wave,45,car,4.48
green_wave,45,auto,6.78
green_wave,45,moto,5.09
green_wave,45,auto,3.98
green_wave,45,auto,20.88
green_wave,45,car,23.09
green_wave,45,moto,16.92
green_wave,45,moto,18.06
green_wave,45,moto,3.25
green_wave,45,car,7.42
green_wave,45,car,22.6
green_wave,45,moto,12.79
green_wave,45,moto,5.18
green_wave,45,moto,18.74
green_wave,45,moto,18.29
green_wave,45,moto,9.42
green_wave,45,moto,18.41
green_wave,45,moto,21.92
green_wave,45,moto,18.03
green_wave,45,moto,16.19
green_wave,45,moto,16.04
green_wave,45,moto,24.53
green_wave,45,auto,13.84
green_wave,45,moto,22.86
green_wave,45,auto,20.73
green_wave,45,moto,21.57
green_wave,45,moto,16.64
green_wave,45,moto,10.73
green_wave,45,auto,11.3
green_wave,45,car,16.44
green_wave,45,auto,5.23
green_wave,45,auto,16.9
green_wave,45,moto,8.71
green_wave,45,moto,18.72
green_wave,45,moto,2.18
green_wave,45,auto,19.25
green_wave,45,auto,14.34
green_wave,45,auto,1.1
green_wave,45,moto,21.42
green_wave,45,moto,19.07
green_wave,45,moto,5.14
green_wave,45,moto,15.4
green_wave,45,moto,24.51
green_wave,45,moto,18.17
green_wave,45,moto,13.36
green_wave,45,auto,24.68
green_wave,45,moto,31.81
green_wave,45,auto,22.9
green_wave,45,moto,25.22
green_wave,45,auto,2.12
green_wave,45,moto,17.36
green_wave,45,auto,2.31
green_wave,45,moto,8.63
green_wave,45,moto,4.78
green_wave,45,auto,3.94
green_wave,45,auto,4.54
green_wave,45,moto,6.04
green_wave,45,moto,7.64
green_wave,45,moto,15.98
green_wave,45,car,13.59
green_wave,45,moto,3.31
green_wave,45,moto,22.2
green_wave,45,moto,17.21
green_wave,45,moto,21.93
green_wave,45,moto,3.93
green_wave,45,moto,1.76
green_wave,45,moto,10.74
green_wave,45,moto,11.36
green_wave,45,moto,22.41
green_wave,45,moto,26.32
green_wave,45,moto,10.06
green_wave,45,moto,21.92
green_wave,45,moto,19.94
green_wave,45,auto,16.22
green_wave,45,moto,20.62
green_wave,45,auto,17.03
green_wave,45,moto,25.73
green_wave,45,auto,3.72
green_wave,45,auto,24.32
green_wave,45,car,17.21
green_wave,45,moto,20.16
green_wave,45,car,19.44
green_wave,45,moto,5.17
green_wave,45,moto,6.05
green_wave,45,moto,2.91
green_wave,45,moto,17.54
green_wave,45,moto,28.02
green_wave,45,car,22.28
green_wave,45,moto,22.5
green_wave,45,moto,7.28
green_wave,45,car,11.14
green_wave,45,auto,23.84
green_wave,45,moto,10.9
green_wave,45,car,9.9
green_wave,45,moto,3.89
green_wave,45,car,19.63
green_wave,45,moto,15.42
green_wave,45,moto,25.31
green_wave,45,auto,22.61
green_wave,45,auto,19.21
green_wave,45,car,10.44
green_wave,45,auto,7.01
green_wave,45,moto,12.21
green_wave,45,auto,4.31
green_wave,45,moto,10.01
green_wave,45,moto,9.89
green_wave,45,moto,8.78
green_wave,45,moto,11.57
green_wave,45,auto,18.95
green_wave,45,moto,10.38
green_wave,45,auto,15.65
green_wave,45,moto,9.3
green_wave,45,moto,5.51
green_wave,45,moto,21.67
green_wave,45,auto,7.11
green_wave,45,moto,15.79
green_wave,45,moto,18.9
green_wave,45,moto,21.51
green_wave,45,moto,7.2
green_wave,45,auto,4.57
green_wave,45,car,10.35
green_wave,45,moto,20.36
green_wave,45,moto,7.32
green_wave,45,moto,2.48
green_wave,45,moto,2.65
green_wave,45,moto,23.83
green_wave,45,moto,17.97
green_wave,45,moto,16.87
green_wave,45,moto,23.94
green_wave,45,moto,10.61
green_wave,45,auto,7.19
green_wave,45,auto,20.94
green_wave,45,car,25.17
green_wave,45,moto,9.7
green_wave,45,car,17.96
green_wave,45,moto,5.6
green_wave,45,moto,24.34
green_wave,45,moto,4.97
green_wave,45,moto,5.62
green_wave,45,moto,6.49
green_wave,45,car,16.65
green_wave,45,moto,6.21
green_wave,45,auto,15.62
green_wave,45,car,14.78
green_wave,45,moto,23.42
green_wave,45,moto,8.76
green_wave,45,auto,12.61
green_wave,45,moto,2.65
green_wave,45,car,1.78
green_wave,45,moto,3.33
green_wave,45,moto,20.97
green_wave,45,moto,6.89
green_wave,45,moto,15.97
green_wave,45,moto,5.21
green_wave,45,moto,21.22
green_wave,45,moto,25.3
green_wave,45,moto,2.88
green_wave,45,moto,11.18
green_wave,45,auto,13.3
green_wave,45,moto,5.24
green_wave,45,moto,6.44
green_wave,45,moto,6.21
green_wave,45,moto,13.9
green_wave,45,auto,10.48
green_wave,45,moto,5.38
green_wave,45,moto,3.72
green_wave,45,moto,13.89
green_wave,45,moto,11.62
green_wave,45,moto,8.85
green_wave,45,moto,9.0
green_wave,45,auto,6.19
green_wave,45,moto,18.41
green_wave,45,auto,11.83
green_wave,45,moto,6.17
green_wave,45,car,9.04
green_wave,45,car,2.02
green_wave,45,moto,7.13
green_wave,45,moto,17.06
green_wave,45,car,10.36
green_wave,45,auto,14.44
green_wave,45,moto,9.22
green_wave,45,moto,16.34
green_wave,45,auto,11.73
green_wave,45,auto,10.61
green_wave,45,auto,15.43
green_wave,45,auto,9.87
green_wave,45,moto,12.4
green_wave,45,moto,4.5
green_wave,45,car,3.09
green_wave,45,car,10.42
green_wave,45,moto,5.13
green_wave,45,auto,2.72
green_wave,45,auto,1.46
green_wave,45,moto,19.37
green_wave,45,moto,5.03
green_wave,45,moto,3.01
green_wave,45,moto,22.43
green_wave,45,moto,5.48
green_wave,45,moto,8.32
green_wave,45,moto,5.36
green_wave,45,auto,23.62
green_wave,45,moto,4.78
green_wave,45,auto,25.55
green_wave,45,moto,23.96
green_wave,45,auto,13.28
green_wave,45,moto,6.99
green_wave,45,auto,23.16
green_wave,45,moto,9.54
green_wave,45,moto,7.84
green_wave,45,car,23.19
green_wave,45,moto,10.61
green_wave,45,car,10.73
green_wave,45,auto,7.72
green_wave,45,car,5.19
green_wave,45,car,1.25
green_wave,45,moto,8.68
green_wave,45,moto,16.96
green_wave,45,moto,4.56
green_wave,45,moto,21.47
green_wave,45,auto,13.36
green_wave,45,moto,9.2
green_wave,45,car,1.32
green_wave,45,moto,23.74
green_wave,45,moto,18.57
green_wave,45,moto,13.45
green_wave,45,car,24.87
green_wave,45,moto,20.5
green_wave,45,moto,2.95
green_wave,45,car,21.02
green_wave,45,moto,9.22
green_wave,45,moto,22.71
green_wave,45,moto,4.69
green_wave,45,car,1.66
green_wave,45,auto,14.01
green_wave,45,auto,1.81
green_wave,45,moto,21.75
green_wave,45,moto,2.07
green_wave,45,auto,23.02
green_wave,45,auto,12.37
green_wave,45,car,25.39
green_wave,45,moto,6.11
green_wave,45,moto,1.9
green_wave,45,car,22.55
green_wave,45,moto,30.24
green_wave,45,auto,15.06
green_wave,45,moto,2.07
green_wave,45,moto,3.45
green_wave,45,car,4.15
green_wave,45,moto,4.32
green_wave,45,auto,25.72
green_wave,45,auto,12.58
green_wave,45,car,4.36
green_wave,45,moto,2.48
green_wave,45,auto,1.89
green_wave,45,moto,26.71
green_wave,45,moto,20.57
green_wave,45,car,6.26
green_wave,45,moto,8.17
green_wave,45,moto,2.24
green_wave,45,moto,11.4
green_wave,45,car,1.73
green_wave,45,moto,25.02
green_wave,45,moto,26.7
green_wave,45,moto,16.1
green_wave,45,auto,25.18
green_wave,45,moto,2.27
green_wave,45,car,5.18
green_wave,45,moto,8.31
green_wave,45,auto,3.24
green_wave,45,moto,2.76
green_wave,45,moto,9.48
green_wave,45,auto,15.73
green_wave,45,auto,1.18
green_wave,45,moto,9.82
green_wave,45,moto,24.13
green_wave,45,moto,16.69
green_wave,45,auto,26.25
green_wave,45,moto,18.58
green_wave,45,moto,17.27
green_wave,45,auto,19.18
green_wave,45,moto,17.24
green_wave,45,moto,5.09
green_wave,45,moto,12.94
green_wave,45,auto,3.3
green_wave,45,moto,11.41
green_wave,45,auto,26.93
green_wave,45,auto,22.17
green_wave,45,car,5.67
green_wave,45,moto,8.9
green_wave,45,car,25.19
green_wave,45,moto,16.61
green_wave,45,moto,16.31
green_wave,45,moto,13.89
green_wave,45,moto,13.66
green_wave,45,moto,17.35
green_wave,45,moto,12.33
green_wave,45,auto,22.92
green_wave,45,car,6.7
green_wave,45,moto,9.01
green_wave,45,auto,15.77
green_wave,45,moto,9.94
green_wave,45,auto,4.21
green_wave,45,car,15.13
green_wave,45,auto,5.19
green_wave,45,moto,5.49
green_wave,45,moto,13.12
green_wave,45,moto,5.37
green_wave,45,moto,22.53
green_wave,45,moto,26.98
green_wave,45,auto,27.04
green_wave,45,car,18.53
green_wave,45,car,32.0
green_wave,45,moto,23.02
green_wave,45,moto,19.18
green_wave,45,moto,8.59
green_wave,45,car,39.91
green_wave,45,moto,27.61
green_wave,45,moto,23.45
green_wave,45,auto,18.82
green_wave,45,moto,19.7
green_wave,45,moto,9.05
green_wave,45,auto,2.81
green_wave,45,auto,20.46
green_wave,45,car,6.21
green_wave,45,moto,25.91
green_wave,45,auto,13.67
green_wave,45,moto,2.39
green_wave,45,moto,6.28
green_wave,45,moto,7.77
green_wave,45,auto,9.32
green_wave,45,auto,20.84
green_wave,45,auto,14.27
green_wave,45,auto,4.4
green_wave,45,moto,9.93
green_wave,45,moto,15.29
green_wave,45,moto,23.89
green_wave,45,auto,11.89
green_wave,45,car,23.09
green_wave,45,moto,5.62
green_wave,45,moto,2.45
green_wave,45,moto,24.18
green_wave,45,moto,16.03
green_wave,45,car,6.33
green_wave,45,auto,9.71
green_wave,45,auto,6.13
green_wave,45,auto,21.19
green_wave,45,moto,5.39
green_wave,45,auto,21.4
green_wave,45,moto,13.89
green_wave,45,auto,9.58
green_wave,45,auto,6.38
green_wave,45,moto,12.14
green_wave,45,moto,21.96
green_wave,45,moto,2.08
green_wave,45,auto,25.67
green_wave,45,auto,1.72
green_wave,45,car,14.42
green_wave,45,moto,13.41
green_wave,45,auto,17.48
green_wave,45,moto,19.09
green_wave,45,car,13.61
green_wave,45,moto,21.81
green_wave,45,moto,19.4
green_wave,45,auto,16.52
green_wave,45,moto,8.63
green_wave,45,auto,3.82
green_wave,45,moto,17.31
green_wave,45,auto,3.76
green_wave,45,car,22.63
green_wave,45,moto,5.67
green_wave,45,car,9.69
green_wave,45,moto,7.57
green_wave,45,moto,3.05
green_wave,45,moto,23.95
green_wave,45,moto,5.31
green_wave,45,moto,3.98
green_wave,45,auto,16.53
green_wave,45,moto,3.65
green_wave,45,car,23.96
green_wave,45,moto,7.09
green_wave,45,moto,14.46
green_wave,45,auto,19.96
green_wave,45,moto,8.5
green_wave,45,auto,2.55
green_wave,45,car,20.17
green_wave,45,car,20.89
green_wave,45,moto,12.56
green_wave,45,moto,12.88
green_wave,45,moto,27.65
green_wave,45,moto,21.92
green_wave,45,moto,5.36
green_wave,45,moto,13.15
green_wave,45,moto,11.99
green_wave,45,moto,24.0
green_wave,45,car,22.8
green_wave,45,moto,18.41
green_wave,45,car,14.51
green_wave,45,moto,13.15
green_wave,45,auto,14.55
green_wave,45,moto,2.28
green_wave,45,moto,22.62
green_wave,45,moto,17.02
green_wave,45,moto,6.78
green_wave,45,moto,21.02
green_wave,45,auto,16.86
green_wave,45,auto,13.31
green_wave,45,moto,9.45
green_wave,45,auto,10.56
green_wave,45,moto,5.47
green_wave,45,moto,23.73
green_wave,45,moto,22.04
green_wave,45,moto,10.31
green_wave,45,moto,12.35
green_wave,45,moto,11.99
green_wave,45,moto,7.01
green_wave,45,auto,13.15
green_wave,45,moto,5.32
green_wave,45,moto,4.83
green_wave,45,moto,6.7
green_wave,45,moto,2.0
green_wave,45,moto,24.32
green_wave,45,moto,18.33
green_wave,45,moto,26.42
green_wave,45,auto,3.57
green_wave,45,auto,24.95
green_wave,45,moto,7.04
green_wave,45,auto,0.9
green_wave,45,moto,24.57
green_wave,45,auto,20.47
green_wave,45,auto,7.0
green_wave,45,car,13.27
green_wave,45,auto,3.46
green_wave,45,moto,2.84
green_wave,45,moto,7.18
green_wave,45,auto,2.07
green_wave,45,car,1.47
green_wave,45,moto,13.51
green_wave,45,moto,3.08
green_wave,45,moto,22.25
green_wave,45,car,16.7
green_wave,45,auto,21.99
green_wave,45,auto,9.66
green_wave,45,moto,23.33
green_wave,45,car,23.54
green_wave,45,auto,7.45
green_wave,45,auto,8.7
green_wave,45,moto,4.24
green_wave,45,auto,16.44
green_wave,45,moto,7.14
green_wave,45,auto,8.54
green_wave,45,auto,2.81
green_wave,45,moto,3.97
green_wave,45,moto,2.16
green_wave,45,moto,19.91
green_wave,45,car,24.82
green_wave,45,moto,11.48
green_wave,45,car,19.35
green_wave,45,moto,16.0
green_wave,45,moto,21.62
green_wave,45,moto,9.67
green_wave,45,car,21.77
green_wave,45,auto,21.39
green_wave,45,moto,22.37
green_wave,45,moto,4.82
green_wave,45,moto,16.86
green_wave,45,moto,11.21
green_wave,45,auto,5.42
green_wave,45,car,6.31
green_wave,45,auto,12.41
green_wave,45,moto,9.21
green_wave,45,car,8.69
green_wave,45,auto,0.89
green_wave,45,auto,5.03
green_wave,45,auto,20.59
green_wave,45,car,17.34
green_wave,45,moto,2.57
green_wave,45,moto,2.47
green_wave,45,moto,2.68
green_wave,45,car,16.6
green_wave,45,moto,20.6
green_wave,45,moto,20.64
green_wave,45,moto,18.79
green_wave,45,car,22.85
green_wave,45,car,18.37
green_wave,45,auto,22.71
green_wave,45,car,29.73
green_wave,45,moto,11.6
green_wave,45,auto,13.95
green_wave,45,car,17.71
green_wave,45,auto,16.7
green_wave,45,car,18.27
green_wave,45,moto,12.5
green_wave,45,car,4.45
green_wave,45,auto,6.83
green_wave,45,car,7.75
green_wave,45,moto,2.18
green_wave,45,car,13.53
green_wave,45,auto,2.72
green_wave,45,moto,2.17
green_wave,45,moto,2.29
green_wave,45,moto,2.91
green_wave,46,auto,1.21
green_wave,46,moto,2.41
green_wave,46,moto,2.08
green_wave,46,moto,3.07
green_wave,46,auto,1.01
green_wave,46,auto,17.51
green_wave,46,moto,9.21
green_wave,46,moto,7.03
green_wave,46,car,8.58
green_wave,46,moto,3.81
green_wave,46,moto,5.19
green_wave,46,car,2.52
green_wave,46,moto,7.25
green_wave,46,moto,2.05
green_wave,46,car,2.55
green_wave,46,moto,5.93
green_wave,46,moto,17.49
green_wave,46,car,1.37
green_wave,46,moto,16.63
green_wave,46,moto,13.03
green_wave,46,moto,6.99
green_wave,46,moto,14.74
green_wave,46,moto,10.73
green_wave,46,auto,16.47
green_wave,46,moto,5.27
green_wave,46,moto,20.19
green_wave,46,moto,15.81
green_wave,46,auto,11.28
green_wave,46,auto,24.61
green_wave,46,moto,16.14
green_wave,46,moto,6.39
green_wave,46,moto,5.02
green_wave,46,moto,8.85
green_wave,46,moto,5.59
green_wave,46,moto,23.03
green_wave,46,moto,6.51
green_wave,46,moto,7.06
green_wave,46,auto,24.85
green_wave,46,moto,12.33
green_wave,46,moto,7.68
green_wave,46,auto,1.03
green_wave,46,auto,1.09
green_wave,46,moto,8.78
green_wave,46,moto,13.67
green_wave,46,moto,5.57
green_wave,46,moto,7.49
green_wave,46,auto,20.43
green_wave,46,moto,12.65
green_wave,46,moto,9.03
green_wave,46,moto,10.11
green_wave,46,auto,9.46
green_wave,46,moto,5.47
green_wave,46,moto,17.73
green_wave,46,auto,7.71
green_wave,46,moto,4.78
green_wave,46,moto,15.39
green_wave,46,auto,23.1
green_wave,46,auto,10.63
green_wave,46,car,14.82
green_wave,46,auto,5.53
green_wave,46,moto,3.58
green_wave,46,moto,8.89
green_wave,46,moto,13.7
green_wave,46,moto,12.26
green_wave,46,auto,1.05
green_wave,46,auto,1.37
green_wave,46,moto,16.39
green_wave,46,auto,18.14
green_wave,46,car,14.82
green_wave,46,moto,25.26
green_wave,46,auto,11.26
green_wave,46,moto,7.04
green_wave,46,moto,13.34
green_wave,46,moto,8.32
green_wave,46,car,15.12
green_wave,46,moto,12.21
green_wave,46,moto,13.9
green_wave,46,moto,13.35
green_wave,46,moto,13.57
green_wave,46,auto,13.3
green_wave,46,moto,22.15
green_wave,46,moto,5.11
green_wave,46,car,11.64
green_wave,46,moto,6.73
green_wave,46,moto,6.65
green_wave,46,auto,0.95
green_wave,46,car,3.54
green_wave,46,moto,2.04
green_wave,46,moto,13.33
green_wave,46,moto,24.16
green_wave,46,moto,8.12
green_wave,46,moto,20.74
green_wave,46,moto,18.09
green_wave,46,moto,12.7
green_wave,46,moto,11.02
green_wave,46,auto,36.07
green_wave,46,moto,23.06
green_wave,46,car,8.11
green_wave,46,moto,25.89
green_wave,46,moto,16.54
green_wave,46,moto,8.23
green_wave,46,auto,3.03
green_wave,46,auto,1.77
green_wave,46,auto,4.4
green_wave,46,moto,3.45
green_wave,46,auto,1.37
green_wave,46,auto,1.29
green_wave,46,moto,3.25
green_wave,46,auto,0.81
green_wave,46,moto,13.86
green_wave,46,moto,6.33
green_wave,46,moto,4.83
green_wave,46,moto,15.13
green_wave,46,auto,20.56
green_wave,46,moto,24.99
green_wave,46,auto,11.54
green_wave,46,car,14.65
green_wave,46,moto,10.61
green_wave,46,moto,5.7
green_wave,46,moto,2.02
green_wave,46,moto,6.18
green_wave,46,moto,2.3
green_wave,46,moto,6.16
green_wave,46,moto,9.98
green_wave,46,moto,6.22
green_wave,46,moto,8.71
green_wave,46,car,2.86
green_wave,46,car,14.44
green_wave,46,car,7.71
green_wave,46,moto,2.44
green_wave,46,auto,12.75
green_wave,46,moto,5.15
green_wave,46,auto,20.92
green_wave,46,car,15.16
green_wave,46,moto,4.4
green_wave,46,moto,4.43
green_wave,46,moto,5.21
green_wave,46,car,7.42
green_wave,46,moto,5.41
green_wave,46,moto,2.27
green_wave,46,auto,20.56
green_wave,46,moto,18.11
green_wave,46,moto,16.01
green_wave,46,moto,25.95
green_wave,46,car,20.45
green_wave,46,moto,22.8
green_wave,46,car,23.32
green_wave,46,moto,19.74
green_wave,46,moto,12.39
green_wave,46,moto,28.79
green_wave,46,auto,21.3
green_wave,46,auto,9.32
green_wave,46,moto,18.21
green_wave,46,auto,8.18
green_wave,46,moto,4.47
green_wave,46,moto,4.3
green_wave,46,auto,17.26
green_wave,46,moto,7.59
green_wave,46,moto,12.28
green_wave,46,auto,9.43
green_wave,46,car,3.53
green_wave,46,auto,16.7
green_wave,46,car,4.86
green_wave,46,moto,21.18
green_wave,46,moto,20.06
green_wave,46,car,14.16
green_wave,46,moto,8.73
green_wave,46,moto,8.63
green_wave,46,car,9.42
green_wave,46,auto,2.18
green_wave,46,moto,11.61
green_wave,46,moto,21.69
green_wave,46,moto,11.93
green_wave,46,moto,24.33
green_wave,46,car,14.62
green_wave,46,auto,16.5
green_wave,46,moto,23.09
green_wave,46,moto,15.14
green_wave,46,car,24.67
green_wave,46,auto,8.24
green_wave,46,auto,22.18
green_wave,46,moto,25.39
green_wave,46,auto,24.14
green_wave,46,moto,17.45
green_wave,46,auto,24.11
green_wave,46,auto,20.27
green_wave,46,moto,20.97
green_wave,46,moto,19.91
green_wave,46,moto,19.07
green_wave,46,moto,11.64
green_wave,46,car,10.43
green_wave,46,moto,10.71
green_wave,46,moto,9.24
green_wave,46,auto,20.11
green_wave,46,moto,1.72
green_wave,46,moto,19.34
green_wave,46,moto,16.29
green_wave,46,moto,24.19
green_wave,46,car,15.29
green_wave,46,car,13.17
green_wave,46,moto,22.16
green_wave,46,moto,10.35
green_wave,46,moto,30.24
green_wave,46,moto,23.35
green_wave,46,auto,15.63
green_wave,46,auto,7.78
green_wave,46,moto,13.15
green_wave,46,moto,21.99
green_wave,46,moto,21.87
green_wave,46,moto,19.77
green_wave,46,moto,16.24
green_wave,46,moto,14.53
green_wave,46,moto,6.27
green_wave,46,car,4.91
green_wave,46,auto,4.2
green_wave,46,car,13.77
green_wave,46,car,8.38
green_wave,46,car,1.78
green_wave,46,moto,3.75
green_wave,46,moto,14.82
green_wave,46,auto,29.22
green_wave,46,moto,24.2
green_wave,46,moto,20.14
green_wave,46,car,2.73
green_wave,46,moto,6.99
green_wave,46,car,15.52
green_wave,46,car,18.57
green_wave,46,moto,24.59
green_wave,46,moto,21.0
green_wave,46,car,15.46
green_wave,46,moto,13.19
green_wave,46,car,19.91
green_wave,46,moto,5.66
green_wave,46,car,11.58
green_wave,46,moto,8.74
green_wave,46,moto,2.07
green_wave,46,moto,21.36
green_wave,46,car,5.84
green_wave,46,moto,4.5
green_wave,46,moto,16.93
green_wave,46,car,21.13
green_wave,46,auto,1.02
green_wave,46,auto,18.51
green_wave,46,moto,15.47
green_wave,46,moto,23.17
green_wave,46,moto,22.1
green_wave,46,moto,34.74
green_wave,46,auto,14.6
green_wave,46,car,12.9
green_wave,46,moto,9.19
green_wave,46,auto,14.18
green_wave,46,moto,22.18
green_wave,46,car,19.72
green_wave,46,auto,7.64
green_wave,46,moto,5.1
green_wave,46,car,15.02
green_wave,46,car,7.31
green_wave,46,moto,6.05
green_wave,46,moto,9.36
green_wave,46,car,15.87
green_wave,46,moto,18.49
green_wave,46,auto,7.54
green_wave,46,auto,5.65
green_wave,46,moto,6.29
green_wave,46,moto,20.44
green_wave,46,moto,4.35
green_wave,46,auto,20.62
green_wave,46,auto,2.2
green_wave,46,auto,31.73
green_wave,46,auto,22.11
green_wave,46,moto,21.97
green_wave,46,auto,9.01
green_wave,46,moto,21.59
green_wave,46,moto,19.63
green_wave,46,car,13.98
green_wave,46,moto,23.58
green_wave,46,moto,21.53
green_wave,46,moto,4.96
green_wave,46,car,2.01
green_wave,46,auto,21.43
green_wave,46,moto,4.69
green_wave,46,car,24.89
green_wave,46,auto,10.27
green_wave,46,moto,25.69
green_wave,46,moto,16.34
green_wave,46,auto,16.79
green_wave,46,moto,11.69
green_wave,46,moto,23.46
green_wave,46,auto,13.58
green_wave,46,moto,9.8
green_wave,46,moto,23.66
green_wave,46,moto,10.64
green_wave,46,moto,10.21
green_wave,46,car,4.56
green_wave,46,moto,19.2
green_wave,46,car,12.54
green_wave,46,moto,3.18
green_wave,46,car,7.32
green_wave,46,moto,2.89
green_wave,46,moto,13.47
green_wave,46,moto,2.95
green_wave,46,moto,23.49
green_wave,46,moto,20.66
green_wave,46,moto,25.05
green_wave,46,moto,26.11
green_wave,46,auto,15.41
green_wave,46,auto,7.85
green_wave,46,moto,9.02
green_wave,46,moto,25.11
green_wave,46,auto,1.22
green_wave,46,moto,26.88
green_wave,46,moto,24.28
green_wave,46,moto,15.98
green_wave,46,moto,10.6
green_wave,46,moto,2.23
green_wave,46,moto,19.49
green_wave,46,moto,7.04
green_wave,46,moto,5.23
green_wave,46,moto,5.85
green_wave,46,auto,11.0
green_wave,46,car,4.49
green_wave,46,auto,4.62
green_wave,46,auto,2.92
green_wave,46,moto,6.06
green_wave,46,car,3.27
green_wave,46,auto,15.7
green_wave,46,moto,21.16
green_wave,46,moto,8.97
green_wave,46,moto,22.96
green_wave,46,moto,18.92
green_wave,46,car,20.38
green_wave,46,moto,19.84
green_wave,46,auto,11.71
green_wave,46,moto,6.47
green_wave,46,auto,8.33
green_wave,46,moto,7.95
green_wave,46,auto,1.97
green_wave,46,car,5.76
green_wave,46,auto,13.2
green_wave,46,auto,3.76
green_wave,46,moto,9.4
green_wave,46,moto,1.93
green_wave,46,car,14.06
green_wave,46,moto,12.78
green_wave,46,moto,8.58
green_wave,46,auto,23.03
green_wave,46,moto,4.23
green_wave,46,car,17.69
green_wave,46,moto,8.71
green_wave,46,moto,14.08
green_wave,46,car,2.27
green_wave,46,car,16.75
green_wave,46,moto,12.29
green_wave,46,auto,13.67
green_wave,46,car,18.04
green_wave,46,auto,10.57
green_wave,46,moto,14.91
green_wave,46,moto,6.14
green_wave,46,car,20.08
green_wave,46,moto,14.33
green_wave,46,car,4.69
green_wave,46,moto,7.11
green_wave,46,moto,6.6
green_wave,46,auto,2.89
green_wave,46,moto,16.25
green_wave,46,moto,8.38
green_wave,46,car,18.52
green_wave,46,moto,18.23
green_wave,46,moto,3.14
green_wave,46,auto,1.06
green_wave,46,moto,2.47
green_wave,46,auto,1.59
green_wave,46,moto,5.85
green_wave,46,moto,21.78
green_wave,46,moto,22.87
green_wave,46,auto,10.43
green_wave,46,car,1.38
green_wave,46,auto,7.52
green_wave,46,car,10.48
green_wave,46,moto,4.09
green_wave,46,moto,23.89
green_wave,46,auto,8.67
green_wave,46,moto,2.1
green_wave,46,auto,23.23
green_wave,46,auto,17.77
green_wave,46,auto,12.99
green_wave,46,car,5.49
green_wave,46,moto,5.96
green_wave,46,moto,5.3
green_wave,46,car,1.58
green_wave,46,moto,3.42
green_wave,46,moto,8.23
green_wave,46,moto,15.67
green_wave,46,auto,15.66
green_wave,46,auto,2.09
green_wave,46,moto,18.49
green_wave,46,car,24.81
green_wave,46,moto,17.83
green_wave,46,moto,11.57
green_wave,46,moto,20.1
green_wave,46,moto,8.24
green_wave,46,moto,5.67
green_wave,46,moto,2.91
green_wave,46,moto,4.21
green_wave,46,auto,1.02
green_wave,46,auto,8.63
green_wave,46,moto,32.08
green_wave,46,auto,5.4
green_wave,46,moto,12.88
green_wave,46,moto,21.83
green_wave,46,car,20.78
green_wave,46,moto,5.49
green_wave,46,moto,17.16
green_wave,46,car,11.38
green_wave,46,moto,12.74
green_wave,46,auto,2.33
green_wave,46,moto,4.39
green_wave,46,moto,12.6
green_wave,46,moto,18.79
green_wave,46,moto,12.28
green_wave,46,moto,8.5
green_wave,46,car,18.47
green_wave,46,car,17.66
green_wave,46,moto,8.24
green_wave,46,moto,18.34
green_wave,46,auto,21.12
green_wave,46,auto,18.46
green_wave,46,moto,16.92
green_wave,46,moto,7.42
green_wave,46,moto,1.91
green_wave,46,moto,7.13
green_wave,46,car,10.19
green_wave,46,car,3.81
green_wave,46,moto,5.05
green_wave,46,moto,2.26
green_wave,46,moto,22.52
green_wave,46,moto,18.2
green_wave,46,auto,9.22
green_wave,46,moto,2.1
green_wave,46,moto,28.76
green_wave,46,moto,22.19
green_wave,46,moto,21.68
green_wave,46,moto,20.09
green_wave,46,moto,20.13
green_wave,46,moto,13.33
green_wave,46,moto,12.4
green_wave,46,moto,9.27
green_wave,46,moto,23.39
green_wave,46,moto,18.57
green_wave,46,moto,22.14
green_wave,46,auto,15.97
green_wave,46,auto,14.44
green_wave,46,moto,18.49
green_wave,46,auto,7.3
green_wave,46,moto,5.16
green_wave,46,auto,3.98
green_wave,46,moto,21.15
green_wave,46,car,11.3
green_wave,46,moto,4.75
green_wave,46,moto,14.82
green_wave,46,auto,10.06
green_wave,46,moto,14.26
green_wave,46,car,2.78
green_wave,46,moto,14.54
green_wave,46,moto,8.06
green_wave,46,moto,21.58
green_wave,46,moto,2.06
green_wave,46,moto,23.61
green_wave,46,moto,20.12
green_wave,46,moto,24.89
green_wave,46,moto,25.3
green_wave,46,auto,17.82
green_wave,46,moto,9.95
green_wave,46,auto,14.4
green_wave,46,moto,2.42
green_wave,46,moto,23.81
green_wave,46,moto,9.53
green_wave,46,auto,10.59
green_wave,46,moto,25.26
green_wave,46,auto,22.69
green_wave,46,moto,15.23
green_wave,46,moto,23.4
green_wave,46,auto,23.55
green_wave,46,car,26.1
green_wave,46,moto,8.78
green_wave,46,car,24.33
green_wave,46,moto,10.51
green_wave,46,moto,13.83
green_wave,46,moto,2.22
green_wave,46,moto,7.59
green_wave,46,moto,9.03
green_wave,46,car,9.31
green_wave,46,moto,1.92
green_wave,46,moto,12.31
green_wave,46,car,10.44
green_wave,46,moto,3.58
green_wave,46,car,4.39
green_wave,46,moto,24.97
green_wave,46,car,12.77
green_wave,46,car,19.24
green_wave,46,car,10.2
green_wave,46,moto,30.69
green_wave,46,moto,26.29
green_wave,46,moto,23.65
green_wave,46,auto,25.27
green_wave,46,auto,17.78
green_wave,46,moto,2.37
green_wave,46,auto,1.1
green_wave,46,auto,25.69
green_wave,46,car,22.34
green_wave,46,auto,26.15
green_wave,46,moto,21.07
green_wave,46,auto,9.81
green_wave,46,car,10.52
green_wave,46,moto,17.18
green_wave,46,auto,13.1
green_wave,46,car,17.86
green_wave,46,auto,11.37
green_wave,46,auto,11.48
green_wave,46,auto,6.76
green_wave,46,car,7.68
green_wave,46,car,1.1
green_wave,46,car,1.15
green_wave,46,moto,4.06
green_wave,46,moto,2.62
green_wave,46,car,15.22
green_wave,46,moto,25.44
green_wave,46,moto,23.84
green_wave,46,moto,24.32
green_wave,46,auto,6.15
green_wave,46,auto,19.2
green_wave,46,moto,17.55
green_wave,46,moto,4.89
green_wave,46,moto,19.38
green_wave,46,auto,12.9
green_wave,46,car,24.78
green_wave,46,car,14.46
green_wave,46,moto,16.95
green_wave,46,auto,8.03
green_wave,46,moto,5.49
green_wave,46,moto,4.63
green_wave,46,moto,4.97
green_wave,46,moto,4.44
green_wave,46,moto,10.9
green_wave,46,auto,5.2
green_wave,46,moto,5.05
green_wave,46,moto,11.65
green_wave,46,moto,3.84
green_wave,46,moto,12.54
green_wave,46,moto,21.98
green_wave,46,moto,17.81
green_wave,46,moto,7.33
green_wave,46,moto,4.62
green_wave,46,car,13.53
green_wave,46,moto,12.23
green_wave,46,car,20.23
green_wave,46,moto,19.75
green_wave,46,moto,10.17
green_wave,46,moto,8.15
green_wave,46,auto,25.11
green_wave,46,car,19.75
green_wave,46,auto,21.25
green_wave,46,moto,9.47
green_wave,46,auto,20.58
green_wave,46,moto,6.7
green_wave,46,moto,15.39
green_wave,46,auto,17.91
green_wave,46,auto,11.08
green_wave,46,moto,12.88
green_wave,46,moto,11.27
green_wave,46,moto,24.93
green_wave,46,moto,17.3
green_wave,46,moto,13.94
green_wave,46,moto,22.32
green_wave,46,moto,1.75
green_wave,46,moto,22.64
green_wave,46,moto,11.64
green_wave,46,auto,15.13
green_wave,46,auto,10.45
green_wave,46,moto,25.52
green_wave,46,moto,12.77
green_wave,46,auto,7.92
green_wave,46,moto,9.51
green_wave,46,moto,5.93
green_wave,46,auto,25.09
green_wave,46,moto,12.44
green_wave,46,auto,7.88
green_wave,46,moto,8.39
green_wave,46,moto,17.92
green_wave,46,moto,20.18
green_wave,46,car,13.4
green_wave,46,moto,7.28
green_wave,46,moto,23.86
green_wave,46,car,3.44
green_wave,46,moto,14.93
green_wave,46,car,22.16
green_wave,46,moto,22.87
green_wave,46,moto,18.14
green_wave,46,moto,2.75
green_wave,46,car,16.04
green_wave,46,moto,11.85
green_wave,46,moto,9.33
green_wave,46,car,9.28
green_wave,46,moto,13.94
green_wave,46,moto,18.39
green_wave,46,auto,7.17
green_wave,46,moto,4.07
green_wave,46,moto,5.59
green_wave,46,moto,4.6
green_wave,46,auto,5.47
green_wave,46,moto,2.45
green_wave,46,moto,21.92
green_wave,46,moto,14.19
green_wave,46,moto,2.81
green_wave,46,moto,22.71
green_wave,46,moto,4.71
green_wave,46,auto,3.57
green_wave,46,auto,16.97
green_wave,46,auto,19.22
green_wave,46,auto,6.89
green_wave,46,moto,25.25
green_wave,46,auto,6.15
green_wave,46,auto,25.97
green_wave,46,moto,2.13
green_wave,46,car,5.0
green_wave,46,moto,8.25
green_wave,46,moto,22.66
green_wave,46,auto,2.86
green_wave,46,car,5.96
green_wave,46,moto,7.56
green_wave,46,car,13.95
green_wave,46,moto,8.23
green_wave,46,auto,14.98
green_wave,46,moto,2.61
green_wave,46,moto,24.09
green_wave,46,moto,20.36
green_wave,46,moto,21.87
green_wave,46,car,16.05
green_wave,46,moto,8.09
green_wave,46,auto,22.11
green_wave,46,moto,24.88
green_wave,46,moto,25.07
green_wave,46,auto,11.44
green_wave,46,auto,11.27
green_wave,46,moto,7.07
green_wave,46,moto,8.82
green_wave,46,moto,22.73
green_wave,46,moto,14.22
green_wave,46,auto,7.56
green_wave,46,moto,8.41
green_wave,46,car,11.14
green_wave,46,moto,5.46
green_wave,46,auto,4.46
green_wave,46,moto,8.2
green_wave,46,moto,6.97
green_wave,46,auto,3.4
green_wave,46,auto,0.95
green_wave,46,moto,2.34
green_wave,46,car,15.2
green_wave,46,moto,7.2
green_wave,46,moto,2.02
green_wave,46,auto,1.89
green_wave,46,moto,16.19
green_wave,46,moto,5.69
green_wave,46,moto,17.12
green_wave,46,moto,15.14
green_wave,46,moto,7.37
green_wave,46,moto,3.89
green_wave,46,moto,21.79
green_wave,46,auto,21.5
green_wave,46,auto,15.93
green_wave,46,auto,9.23
green_wave,46,moto,16.31
green_wave,46,moto,18.51
green_wave,46,moto,3.84
green_wave,46,auto,9.21
green_wave,46,moto,3.73
green_wave,46,auto,21.19
green_wave,46,auto,2.94
green_wave,46,moto,23.34
green_wave,46,moto,2.05
green_wave,46,auto,19.94
green_wave,46,moto,3.37
green_wave,46,moto,23.74
green_wave,46,moto,20.99
green_wave,46,moto,7.59
green_wave,46,moto,5.08
green_wave,46,car,20.28
green_wave,46,moto,19.47
green_wave,46,moto,15.01
green_wave,46,moto,21.98
green_wave,46,auto,16.61
green_wave,46,car,9.01
green_wave,46,car,19.35
green_wave,46,auto,7.89
green_wave,46,moto,11.89
green_wave,46,auto,6.05
green_wave,46,auto,8.76
green_wave,46,car,13.57
green_wave,46,moto,5.47
green_wave,46,car,4.76
green_wave,46,moto,18.16
green_wave,46,moto,9.11
green_wave,46,moto,2.82
green_wave,46,moto,2.8
green_wave,46,moto,1.85
green_wave,46,car,1.52
green_wave,46,moto,12.42
green_wave,46,moto,14.03
green_wave,46,moto,8.42
green_wave,46,car,3.53
green_wave,46,moto,22.85
green_wave,46,moto,21.8
green_wave,46,auto,24.21
green_wave,46,auto,24.18
green_wave,46,car,14.43
green_wave,46,moto,11.13
green_wave,46,moto,17.42
green_wave,46,moto,5.45
green_wave,46,moto,6.16
green_wave,46,moto,6.85
green_wave,46,moto,14.42
green_wave,46,moto,6.69
green_wave,46,moto,19.09
green_wave,46,auto,14.65
green_wave,46,moto,7.42
green_wave,46,car,21.86
green_wave,46,moto,14.06
green_wave,46,car,17.09
green_wave,46,moto,16.4
green_wave,46,moto,14.61
green_wave,46,auto,20.18
green_wave,46,moto,19.48
green_wave,46,moto,17.68
green_wave,46,moto,7.03
green_wave,46,moto,16.29
green_wave,46,moto,8.04
green_wave,46,moto,4.11
green_wave,46,moto,21.53
green_wave,46,auto,16.2
green_wave,46,moto,19.67
green_wave,46,moto,5.77
green_wave,46,moto,5.1
green_wave,46,auto,26.22
green_wave,46,car,6.01
green_wave,46,moto,5.48
green_wave,46,moto,5.92
green_wave,46,auto,12.36
green_wave,46,auto,23.55
green_wave,46,auto,1.23
green_wave,46,moto,2.08
green_wave,46,auto,1.04
green_wave,46,moto,5.79
green_wave,46,moto,24.07
green_wave,46,moto,19.55
green_wave,46,auto,24.34
green_wave,46,auto,21.19
green_wave,46,moto,19.83
green_wave,46,moto,2.74
green_wave,46,moto,6.87
green_wave,46,moto,30.07
green_wave,46,auto,23.71
green_wave,46,auto,9.19
green_wave,46,moto,16.63
green_wave,46,moto,10.09
green_wave,46,car,18.14
green_wave,46,moto,6.6
green_wave,46,moto,14.96
green_wave,46,moto,3.88
green_wave,46,moto,12.8
green_wave,46,car,11.68
green_wave,46,car,2.87
green_wave,46,auto,14.72
green_wave,46,moto,3.36
green_wave,46,car,16.8
green_wave,46,car,17.81
green_wave,46,moto,26.04
green_wave,46,auto,24.43
green_wave,46,moto,13.96
green_wave,46,auto,7.95
green_wave,46,moto,15.16
green_wave,46,moto,10.93
green_wave,46,auto,24.29
green_wave,46,moto,12.26
green_wave,46,moto,19.11
green_wave,46,moto,5.97
green_wave,46,auto,2.95
green_wave,46,moto,14.07
green_wave,46,moto,15.67
green_wave,46,moto,14.74
green_wave,46,moto,3.13
green_wave,46,moto,18.48
green_wave,46,moto,20.69
green_wave,46,moto,25.98
green_wave,46,moto,12.86
green_wave,46,moto,15.63
green_wave,46,car,18.92
green_wave,46,moto,22.83
green_wave,46,auto,11.0
green_wave,46,moto,11.33
green_wave,46,moto,6.18
green_wave,46,moto,28.39
green_wave,46,moto,8.74
green_wave,46,moto,17.53
green_wave,46,car,22.93
green_wave,46,moto,9.74
green_wave,46,car,22.84
green_wave,46,car,20.14
green_wave,46,moto,4.45
green_wave,46,moto,27.41
green_wave,46,moto,2.37
green_wave,46,car,17.37
green_wave,46,auto,1.2
green_wave,46,moto,6.12
green_wave,46,moto,5.67
green_wave,46,car,18.81
green_wave,46,car,13.09
green_wave,46,car,4.26
green_wave,46,moto,6.88
green_wave,46,car,11.22
green_wave,46,car,4.77
green_wave,46,moto,2.17
green_wave,46,car,6.87
green_wave,46,moto,24.73
green_wave,46,moto,3.71
green_wave,46,moto,7.2
green_wave,46,car,6.69
green_wave,46,moto,24.11
green_wave,46,moto,24.78
green_wave,46,moto,9.19
green_wave,46,moto,6.25
green_wave,46,moto,5.79
green_wave,46,moto,22.32
green_wave,46,moto,13.57
green_wave,46,auto,32.05
green_wave,46,auto,9.3
green_wave,46,moto,11.62
green_wave,46,auto,14.72
green_wave,46,moto,12.76
green_wave,46,moto,5.64
green_wave,46,auto,5.96
green_wave,46,auto,7.66
green_wave,46,auto,9.12
green_wave,46,auto,1.51
green_wave,46,moto,5.7
green_wave,46,moto,8.13
green_wave,46,car,19.86
green_wave,46,auto,21.94
green_wave,46,moto,15.18
green_wave,46,auto,9.95
green_wave,46,moto,13.0
green_wave,46,moto,20.47
green_wave,46,moto,18.07
green_wave,46,car,10.81
green_wave,46,moto,18.52
green_wave,46,moto,23.29
green_wave,46,auto,20.82
green_wave,46,moto,13.04
green_wave,46,moto,19.63
green_wave,46,moto,16.43
green_wave,46,moto,21.22
green_wave,46,moto,17.98
green_wave,46,auto,13.47
green_wave,46,car,10.68
green_wave,46,auto,4.49
green_wave,46,moto,11.35
green_wave,46,car,4.61
green_wave,46,car,22.64
green_wave,46,moto,18.11
green_wave,46,car,5.22
green_wave,46,auto,5.41
green_wave,46,car,20.79
green_wave,46,car,25.9
green_wave,46,moto,27.1
green_wave,46,moto,11.95
green_wave,46,car,23.38
green_wave,46,moto,24.34
green_wave,46,auto,18.56
green_wave,46,moto,9.14
green_wave,46,auto,13.01
green_wave,46,moto,15.88
green_wave,46,auto,16.14
green_wave,46,car,6.88
green_wave,46,moto,20.27
green_wave,46,moto,16.88
green_wave,46,car,17.75
green_wave,46,moto,4.61
green_wave,46,auto,10.64
green_wave,46,moto,1.82
green_wave,46,moto,17.27
green_wave,46,moto,15.22
green_wave,46,moto,1.86
green_wave,46,moto,11.05
green_wave,46,moto,6.91
green_wave,46,car,25.23
green_wave,46,auto,13.13
green_wave,46,auto,12.64
green_wave,46,auto,12.19
green_wave,46,auto,24.26
green_wave,46,moto,17.37
green_wave,46,auto,8.94
green_wave,46,auto,11.27
green_wave,46,moto,11.17
green_wave,46,auto,8.12
green_wave,46,moto,22.19
green_wave,46,auto,10.94
green_wave,46,auto,6.33
green_wave,46,moto,25.47
green_wave,46,moto,5.29
green_wave,46,car,23.95
green_wave,46,auto,19.55
green_wave,46,moto,6.5
green_wave,46,auto,4.45
green_wave,46,car,20.6
green_wave,46,moto,7.97
green_wave,46,moto,16.11
green_wave,46,auto,11.05
green_wave,46,moto,6.71
green_wave,46,moto,15.52
green_wave,46,moto,2.85
green_wave,46,auto,1.87
green_wave,46,moto,3.23
green_wave,46,moto,2.5
green_wave,46,moto,16.04
green_wave,46,moto,5.6
green_wave,46,moto,21.99
green_wave,46,moto,11.35
green_wave,46,car,9.99
green_wave,46,auto,23.3
green_wave,46,moto,19.86
green_wave,46,auto,4.12
green_wave,46,auto,5.05
green_wave,46,moto,20.47
green_wave,46,moto,15.11
green_wave,46,car,22.72
green_wave,46,moto,11.68
green_wave,46,auto,4.2
green_wave,46,auto,3.62
green_wave,46,auto,2.75
green_wave,46,moto,11.9
green_wave,46,moto,7.05
green_wave,46,car,12.64
green_wave,46,car,9.27
green_wave,46,auto,13.42
green_wave,46,moto,10.54
green_wave,46,auto,1.16
green_wave,46,auto,9.49
green_wave,46,moto,4.51
green_wave,46,auto,3.38
green_wave,46,car,2.2
green_wave,46,auto,25.43
green_wave,46,auto,14.71
green_wave,46,auto,14.53
green_wave,46,moto,2.36
green_wave,46,car,20.78
green_wave,46,car,14.54
green_wave,46,moto,4.05
green_wave,46,auto,13.14
green_wave,46,moto,10.53
green_wave,46,moto,7.44
green_wave,46,car,3.07
green_wave,46,moto,6.55
green_wave,46,auto,3.58
green_wave,46,moto,8.13
green_wave,46,moto,12.54
green_wave,46,car,6.97
green_wave,46,auto,16.56
green_wave,46,auto,0.9
green_wave,46,auto,1.2
green_wave,46,moto,4.39
green_wave,46,car,10.92
green_wave,46,moto,22.96
green_wave,46,auto,13.25
green_wave,46,car,6.69
green_wave,46,car,11.42
green_wave,46,moto,9.84
green_wave,46,car,6.82
green_wave,46,auto,13.91
green_wave,46,moto,10.04
green_wave,46,moto,13.99
green_wave,46,moto,9.33
green_wave,46,auto,9.75
green_wave,46,auto,2.42
green_wave,46,auto,2.04
green_wave,46,moto,1.75
green_wave,46,moto,8.03
green_wave,46,auto,8.53
green_wave,46,moto,2.1
green_wave,46,moto,22.31
green_wave,46,moto,12.25
green_wave,46,moto,18.38
green_wave,46,car,7.31
green_wave,46,moto,6.95
green_wave,46,moto,16.1
green_wave,46,auto,11.65
green_wave,46,moto,10.25
green_wave,46,moto,20.71
green_wave,46,auto,7.74
green_wave,46,moto,3.67
green_wave,46,moto,23.96
green_wave,46,moto,6.19
green_wave,46,moto,15.63
green_wave,46,car,8.48
green_wave,46,car,8.05
green_wave,46,moto,5.06
green_wave,46,moto,1.81
green_wave,46,moto,2.85
green_wave,46,moto,5.77
green_wave,46,moto,13.86
green_wave,46,moto,26.31
green_wave,46,auto,23.78
green_wave,46,moto,23.09
green_wave,46,moto,23.09
green_wave,46,auto,23.08
green_wave,46,car,11.15
green_wave,46,auto,8.47
green_wave,46,moto,16.21
green_wave,46,auto,5.94
green_wave,46,auto,16.66
green_wave,46,car,17.3
green_wave,46,moto,16.32
green_wave,46,moto,17.98
green_wave,46,car,8.35
green_wave,46,moto,4.07
green_wave,46,moto,21.71
green_wave,46,moto,18.63
green_wave,46,moto,15.67
green_wave,46,moto,7.42
green_wave,46,moto,15.84
green_wave,46,moto,7.42
green_wave,46,moto,26.33
green_wave,46,auto,22.28
green_wave,46,auto,16.85
green_wave,46,car,13.57
green_wave,46,car,12.62
green_wave,46,moto,5.66
green_wave,46,car,24.24
green_wave,46,moto,2.41
green_wave,46,auto,14.38
green_wave,46,car,11.16
green_wave,46,car,7.58
green_wave,46,auto,4.37
green_wave,46,car,16.7
green_wave,46,auto,13.12
green_wave,46,auto,6.76
green_wave,46,moto,11.25
green_wave,46,moto,21.77
green_wave,46,moto,2.34
green_wave,46,moto,6.81
green_wave,46,moto,21.03
green_wave,46,moto,13.06
green_wave,46,moto,19.91
green_wave,46,moto,13.29
green_wave,46,moto,9.07
green_wave,46,car,18.08
green_wave,46,moto,14.53
green_wave,46,moto,23.19
green_wave,46,moto,15.21
green_wave,46,auto,5.54
green_wave,46,moto,6.11
green_wave,46,moto,4.19
green_wave,46,auto,4.0
green_wave,46,moto,2.86
green_wave,46,moto,6.6
green_wave,46,moto,20.88
green_wave,46,moto,6.05
green_wave,46,auto,4.76
green_wave,46,moto,2.19
green_wave,46,car,21.69
green_wave,46,moto,4.14
green_wave,46,moto,10.04
green_wave,46,auto,1.72
green_wave,46,moto,22.09
green_wave,46,moto,21.85
green_wave,46,moto,17.85
green_wave,46,moto,18.39
green_wave,46,auto,23.17
green_wave,46,auto,18.71
green_wave,46,moto,15.26
green_wave,46,car,16.0
green_wave,46,auto,17.61
green_wave,46,car,17.47
green_wave,46,auto,7.07
green_wave,46,auto,5.86
green_wave,46,moto,5.72
green_wave,46,auto,8.62
green_wave,46,auto,3.35
green_wave,46,auto,11.35
green_wave,46,auto,8.51
green_wave,46,car,9.86
green_wave,46,car,16.94
green_wave,46,moto,23.33
green_wave,46,moto,10.62
green_wave,46,moto,14.35
green_wave,46,auto,20.86
green_wave,46,moto,13.43
green_wave,46,moto,2.73
green_wave,46,moto,1.76
green_wave,46,moto,23.54
green_wave,46,moto,14.07
green_wave,46,auto,2.24
green_wave,46,auto,16.27
green_wave,46,auto,4.57
green_wave,46,auto,1.21
green_wave,46,auto,5.15
green_wave,46,moto,25.34
green_wave,46,moto,24.41
green_wave,46,auto,4.78
green_wave,46,moto,6.39
green_wave,46,auto,1.27
green_wave,46,moto,2.41
green_wave,46,moto,23.51
green_wave,46,moto,14.4
green_wave,46,car,12.12
green_wave,46,auto,22.04
green_wave,46,moto,19.33
green_wave,46,moto,23.39
green_wave,46,auto,14.71
green_wave,46,auto,17.32
green_wave,46,moto,24.59
green_wave,46,auto,23.21
green_wave,46,car,17.95
green_wave,46,auto,14.32
green_wave,46,moto,25.92
green_wave,46,moto,24.5
green_wave,46,moto,22.08
green_wave,46,moto,8.36
green_wave,46,moto,23.4
green_wave,46,moto,10.49
green_wave,46,moto,8.26
green_wave,46,auto,10.72
green_wave,46,moto,17.03
green_wave,46,car,13.72
green_wave,46,moto,22.15
green_wave,46,moto,21.29
green_wave,46,auto,2.03
green_wave,46,moto,26.08
green_wave,46,moto,10.66
green_wave,46,moto,19.56
green_wave,46,car,1.17
green_wave,46,moto,26.35
green_wave,46,auto,22.95
green_wave,46,moto,15.12
green_wave,46,moto,9.14
green_wave,46,auto,25.32
green_wave,46,auto,26.49
green_wave,46,auto,28.72
green_wave,46,moto,25.46
green_wave,46,auto,6.04
green_wave,46,moto,1.81
green_wave,46,auto,25.99
green_wave,46,auto,24.32
green_wave,46,moto,26.75
green_wave,46,moto,5.91
green_wave,46,moto,13.16
green_wave,46,moto,26.06
green_wave,46,moto,22.3
green_wave,46,moto,25.37
green_wave,46,moto,2.16
green_wave,46,auto,1.1
green_wave,46,auto,11.22
green_wave,46,auto,1.13
green_wave,46,moto,15.18
green_wave,46,moto,16.81
green_wave,46,car,12.45
green_wave,46,moto,12.65
green_wave,46,moto,9.23
green_wave,46,car,18.42
green_wave,46,moto,15.41
green_wave,46,car,12.54
green_wave,46,moto,35.69
green_wave,46,moto,19.59
green_wave,46,moto,5.63
green_wave,46,car,44.55
green_wave,46,car,23.32
green_wave,46,moto,12.37
green_wave,46,car,4.5
green_wave,46,auto,11.12
green_wave,46,car,24.85
green_wave,46,moto,5.91
green_wave,46,car,4.65
green_wave,46,moto,7.95
green_wave,46,car,24.24
green_wave,46,auto,14.04
green_wave,46,car,3.61
green_wave,46,moto,7.84
green_wave,46,car,18.75
green_wave,46,moto,18.8
green_wave,46,moto,15.29
green_wave,46,moto,16.25
green_wave,46,moto,22.65
green_wave,46,auto,23.04
green_wave,46,auto,16.02
green_wave,46,auto,16.34
green_wave,46,auto,14.06
green_wave,46,moto,11.19
green_wave,46,moto,12.88
green_wave,46,moto,9.3
green_wave,46,moto,8.75
green_wave,46,auto,9.34
green_wave,46,car,3.11
green_wave,46,moto,18.87
green_wave,46,moto,14.21
green_wave,46,auto,3.35
green_wave,46,auto,18.55
green_wave,46,auto,2.11
green_wave,46,moto,14.06
green_wave,46,auto,1.91
green_wave,46,moto,3.56
green_wave,46,car,13.89
green_wave,46,moto,5.51
green_wave,46,moto,20.69
green_wave,46,car,9.3
green_wave,46,moto,24.27
green_wave,46,auto,16.31
green_wave,46,auto,7.85
green_wave,46,moto,14.45
green_wave,46,auto,15.21
green_wave,46,auto,2.78
green_wave,46,moto,7.65
green_wave,46,moto,16.59
green_wave,46,moto,15.06
green_wave,46,car,9.59
green_wave,46,moto,20.93
green_wave,46,moto,4.22
green_wave,46,auto,11.41
green_wave,46,car,6.78
green_wave,46,auto,8.27
green_wave,46,moto,1.97
green_wave,46,moto,23.64
green_wave,46,moto,15.93
green_wave,46,moto,21.45
green_wave,46,auto,22.71
green_wave,46,auto,16.5
green_wave,46,moto,13.17
green_wave,46,moto,11.86
green_wave,46,moto,19.43
green_wave,46,auto,21.35
green_wave,46,moto,17.64
green_wave,46,moto,13.8
green_wave,46,moto,16.05
green_wave,46,moto,13.36
green_wave,46,auto,7.29
green_wave,46,car,16.37
green_wave,46,moto,13.46
green_wave,46,moto,16.18
green_wave,46,auto,5.72
green_wave,46,moto,3.96
green_wave,46,car,8.9
green_wave,46,moto,11.1
green_wave,46,auto,18.8
green_wave,46,moto,3.26
green_wave,46,moto,26.12
green_wave,46,moto,22.94
green_wave,46,moto,2.02
green_wave,46,moto,26.05
green_wave,46,auto,24.16
green_wave,46,moto,20.99
green_wave,46,auto,18.18
green_wave,46,moto,6.71
green_wave,46,auto,19.21
green_wave,46,moto,19.4
green_wave,46,auto,4.94
green_wave,46,car,15.26
green_wave,46,moto,16.2
green_wave,46,moto,21.19
green_wave,46,moto,17.23
green_wave,46,moto,9.67
green_wave,46,auto,6.15
green_wave,46,moto,20.67
green_wave,46,moto,14.87
green_wave,46,auto,5.25
green_wave,46,moto,18.85
green_wave,46,moto,23.26
green_wave,46,moto,21.59
green_wave,46,moto,7.54
green_wave,46,moto,4.82
green_wave,46,moto,5.42
green_wave,46,car,22.46
green_wave,46,car,14.58
green_wave,46,car,5.31
green_wave,46,moto,14.49
green_wave,46,moto,21.55
green_wave,46,car,18.16
green_wave,46,moto,9.06
green_wave,46,moto,24.12
green_wave,46,moto,24.63
green_wave,46,moto,6.91
green_wave,46,moto,7.12
green_wave,46,moto,24.84
green_wave,46,auto,15.26
green_wave,46,auto,7.26
green_wave,46,auto,11.23
green_wave,46,moto,11.13
green_wave,46,auto,1.78
green_wave,46,moto,8.75
green_wave,46,moto,2.14
green_wave,46,auto,5.8
green_wave,46,moto,2.3
green_wave,46,auto,1.07
green_wave,46,moto,2.73
green_wave,46,moto,1.9
green_wave,46,moto,2.44
green_wave,46,moto,21.05
green_wave,46,moto,18.85
green_wave,46,moto,13.48
green_wave,46,moto,15.93
green_wave,46,moto,24.42
green_wave,46,auto,18.8
green_wave,46,auto,4.59
green_wave,46,moto,9.7
green_wave,46,moto,5.26
green_wave,46,moto,11.86
green_wave,46,moto,8.16
green_wave,46,auto,6.24
green_wave,46,car,14.45
green_wave,46,moto,22.8
green_wave,46,auto,4.72
green_wave,46,moto,19.31
green_wave,46,auto,8.36
green_wave,46,auto,6.22
green_wave,46,auto,8.24
green_wave,46,moto,14.8
green_wave,46,moto,23.7
green_wave,46,auto,2.28
green_wave,46,moto,11.1
green_wave,46,car,1.44
green_wave,46,auto,1.09
green_wave,46,moto,3.12
green_wave,46,moto,2.78
green_wave,46,moto,9.97
green_wave,46,moto,14.08
green_wave,46,moto,12.47
green_wave,46,moto,26.55
green_wave,46,moto,20.63
green_wave,46,auto,16.36
green_wave,46,car,14.41
green_wave,46,auto,22.36
green_wave,46,moto,5.65
green_wave,46,auto,25.51
green_wave,46,moto,14.24
green_wave,46,moto,5.94
green_wave,46,auto,9.61
green_wave,46,moto,22.24
green_wave,46,moto,21.35
green_wave,46,moto,2.82
green_wave,46,car,1.14
green_wave,46,moto,3.05
green_wave,46,moto,11.1
green_wave,46,moto,13.45
green_wave,46,car,9.04
green_wave,46,moto,9.08
green_wave,46,car,1.87
green_wave,46,moto,23.93
green_wave,46,auto,21.6
green_wave,46,moto,19.02
green_wave,46,moto,22.01
green_wave,46,auto,17.29
green_wave,46,auto,21.61
green_wave,46,moto,4.85
green_wave,46,car,8.58
green_wave,46,car,18.51
green_wave,46,auto,20.03
green_wave,46,auto,15.14
green_wave,46,moto,6.17
green_wave,46,car,13.15
green_wave,46,moto,10.75
green_wave,46,moto,8.39
green_wave,46,moto,5.71
green_wave,46,car,26.8
green_wave,46,moto,15.76
green_wave,46,moto,13.14
green_wave,46,moto,15.03
green_wave,46,moto,27.47
green_wave,46,moto,4.46
green_wave,46,car,3.72
green_wave,46,car,13.48
green_wave,46,car,30.37
green_wave,46,moto,27.26
green_wave,46,moto,14.18
green_wave,46,auto,1.52
green_wave,46,moto,9.19
green_wave,46,moto,8.56
green_wave,46,moto,5.93
green_wave,46,moto,2.41
green_wave,46,auto,10.61
green_wave,46,moto,2.44
green_wave,46,auto,0.99
green_wave,46,moto,16.04
green_wave,46,auto,1.1
green_wave,46,moto,16.39
green_wave,46,moto,13.24
green_wave,46,moto,10.92
green_wave,46,moto,23.71
green_wave,46,auto,15.59
green_wave,46,moto,15.47
green_wave,46,moto,12.52
green_wave,46,moto,23.65
green_wave,46,moto,19.4
green_wave,46,moto,10.34
green_wave,46,car,27.78
green_wave,46,moto,8.77
green_wave,46,moto,4.94
green_wave,46,moto,23.54
green_wave,46,moto,23.33
green_wave,46,auto,18.08
green_wave,46,moto,13.83
green_wave,46,moto,8.32
green_wave,46,moto,6.88
green_wave,46,moto,9.03
green_wave,46,moto,26.28
green_wave,46,moto,17.05
green_wave,46,auto,8.02
green_wave,46,moto,13.83
green_wave,46,car,13.29
green_wave,46,car,15.36
green_wave,46,moto,20.13
green_wave,46,moto,23.77
green_wave,46,moto,1.71
green_wave,46,moto,4.36
green_wave,46,moto,20.67
green_wave,46,moto,2.46
green_wave,46,moto,22.46
green_wave,46,moto,19.45
green_wave,46,auto,14.58
green_wave,46,moto,24.65
green_wave,46,moto,4.35
green_wave,46,moto,10.32
green_wave,46,moto,20.96
green_wave,46,moto,6.21
green_wave,46,moto,32.14
green_wave,46,moto,24.31
green_wave,46,auto,11.3
green_wave,46,moto,11.94
green_wave,46,auto,26.73
green_wave,46,moto,16.06
green_wave,46,moto,15.65
green_wave,46,auto,22.99
green_wave,46,auto,17.29
green_wave,46,moto,9.25
green_wave,46,moto,4.72
green_wave,46,moto,10.67
green_wave,46,moto,5.02
green_wave,46,moto,13.08
green_wave,46,auto,3.08
green_wave,46,moto,5.87
green_wave,46,auto,1.24
green_wave,46,moto,18.0
green_wave,46,moto,14.37
green_wave,46,moto,18.27
green_wave,46,moto,3.22
green_wave,46,moto,16.28
green_wave,46,auto,15.59
green_wave,46,moto,18.56
green_wave,46,moto,2.23
green_wave,46,auto,17.38
green_wave,46,moto,7.43
green_wave,46,moto,8.73
green_wave,46,moto,9.78
green_wave,46,moto,6.01
green_wave,46,moto,5.61
green_wave,46,moto,2.28
green_wave,46,moto,17.18
green_wave,46,auto,3.37
green_wave,46,moto,23.74
green_wave,46,moto,12.05
green_wave,46,auto,4.55
green_wave,46,car,18.23
green_wave,46,car,15.86
green_wave,46,moto,20.84
green_wave,46,car,18.91
green_wave,46,moto,19.85
green_wave,46,moto,18.34
green_wave,46,moto,12.63
green_wave,46,moto,5.48
green_wave,46,moto,20.1
green_wave,46,moto,16.12
green_wave,46,car,23.04
green_wave,46,auto,4.93
green_wave,46,auto,10.75
green_wave,46,car,9.9
green_wave,46,moto,8.07
green_wave,46,moto,7.77
green_wave,46,moto,11.03
green_wave,46,car,13.91
green_wave,46,moto,20.42
green_wave,46,moto,9.25
green_wave,46,moto,17.9
green_wave,46,moto,21.07
green_wave,46,auto,17.07
green_wave,46,moto,14.21
green_wave,46,auto,22.95
green_wave,46,moto,9.16
green_wave,46,moto,7.97
green_wave,46,auto,9.7
green_wave,46,moto,27.18
green_wave,46,moto,24.19
green_wave,46,moto,5.17
green_wave,46,car,21.19
green_wave,46,moto,6.31
green_wave,46,car,17.7
green_wave,46,moto,8.53
green_wave,46,moto,7.41
green_wave,46,car,20.07
green_wave,46,auto,3.61
green_wave,46,moto,13.08
green_wave,46,moto,5.39
green_wave,46,moto,11.05
green_wave,46,moto,6.03
green_wave,46,moto,17.18
green_wave,46,moto,14.49
green_wave,46,moto,9.93
green_wave,46,moto,1.54
green_wave,46,moto,3.04
green_wave,46,auto,20.41
green_wave,46,auto,18.59
green_wave,46,moto,13.53
green_wave,46,moto,3.84
green_wave,46,car,1.68
green_wave,46,moto,22.93
green_wave,46,car,16.78
green_wave,46,moto,11.51
green_wave,46,moto,25.12
green_wave,46,moto,17.61
green_wave,46,moto,25.94
green_wave,46,moto,18.1
green_wave,46,auto,16.76
green_wave,46,auto,13.4
green_wave,46,auto,13.18
green_wave,46,moto,24.31
green_wave,46,auto,1.0
green_wave,46,moto,14.21
green_wave,46,moto,26.67
green_wave,46,auto,0.81
green_wave,46,car,19.17
green_wave,46,moto,2.68
green_wave,46,moto,10.7
green_wave,46,moto,10.65
green_wave,46,auto,17.98
green_wave,46,moto,3.33
green_wave,46,moto,2.99
green_wave,46,auto,0.87
green_wave,46,moto,21.96
green_wave,46,moto,16.46
green_wave,46,car,24.63
green_wave,46,moto,22.84
green_wave,46,moto,14.66
green_wave,46,moto,7.33
green_wave,46,moto,20.73
green_wave,46,auto,22.19
green_wave,46,moto,12.29
green_wave,46,auto,24.22
green_wave,46,auto,7.29
green_wave,46,auto,9.65
green_wave,46,car,7.12
green_wave,46,moto,25.43
green_wave,46,moto,5.35
green_wave,46,moto,8.88
green_wave,46,moto,7.96
green_wave,46,car,11.99
green_wave,46,moto,14.14
green_wave,46,moto,15.7
green_wave,46,moto,24.54
green_wave,46,moto,12.41
green_wave,46,car,20.71
green_wave,46,auto,15.96
green_wave,46,moto,10.63
green_wave,46,auto,7.79
green_wave,46,car,8.32
green_wave,46,moto,4.86
green_wave,46,moto,4.05
green_wave,46,moto,16.78
green_wave,46,moto,12.39
green_wave,46,moto,11.33
green_wave,46,moto,23.14
green_wave,46,moto,14.19
green_wave,46,moto,2.46
green_wave,46,auto,17.45
green_wave,46,moto,10.11
green_wave,46,moto,19.68
green_wave,46,auto,14.21
green_wave,46,auto,11.82
green_wave,46,auto,7.27
green_wave,46,moto,4.7
green_wave,46,moto,9.89
green_wave,46,moto,8.68
green_wave,46,moto,25.49
green_wave,46,moto,15.39
green_wave,46,auto,15.81
green_wave,46,car,1.11
green_wave,46,auto,11.63
green_wave,46,moto,6.8
green_wave,46,auto,6.35
green_wave,46,moto,22.83
green_wave,46,car,11.1
green_wave,46,moto,23.62
green_wave,46,moto,9.81
green_wave,46,auto,0.92
green_wave,46,moto,24.09
green_wave,46,car,19.53
green_wave,46,moto,13.94
green_wave,46,moto,23.96
green_wave,46,auto,16.92
green_wave,46,auto,17.78
green_wave,46,moto,5.25
green_wave,46,moto,5.18
green_wave,46,moto,19.55
green_wave,46,moto,7.24
green_wave,46,moto,18.88
green_wave,46,auto,22.75
green_wave,46,auto,10.16
green_wave,46,car,14.52
green_wave,46,car,24.05
green_wave,46,car,22.48
green_wave,46,moto,7.69
green_wave,46,car,3.58
green_wave,46,moto,2.39
green_wave,46,auto,16.25
green_wave,46,moto,22.02
green_wave,46,car,4.33
green_wave,46,auto,1.13
green_wave,46,car,4.22
green_wave,46,auto,1.18
green_wave,46,car,22.52
green_wave,46,moto,23.17
green_wave,46,moto,19.18
green_wave,46,moto,14.39
green_wave,46,moto,20.29
green_wave,46,car,17.8
green_wave,46,car,17.19
green_wave,46,car,4.63
green_wave,46,moto,9.04
green_wave,46,auto,15.4
green_wave,46,car,22.96
green_wave,46,moto,9.37
green_wave,46,moto,14.87
green_wave,46,moto,26.2
green_wave,46,moto,8.09
green_wave,46,moto,2.93
green_wave,46,auto,4.44
green_wave,46,moto,7.03
green_wave,46,moto,2.29
green_wave,46,auto,14.23
green_wave,46,moto,23.47
green_wave,46,car,7.58
green_wave,46,auto,5.9
green_wave,46,car,8.41
green_wave,46,car,10.08
green_wave,46,auto,14.76
green_wave,46,moto,8.51
green_wave,46,car,1.67
green_wave,46,auto,1.35
green_wave,46,moto,17.38
green_wave,46,car,2.72
green_wave,46,moto,14.5
green_wave,46,car,3.21
green_wave,46,moto,9.94
green_wave,46,moto,5.67
green_wave,46,moto,19.96
green_wave,46,auto,19.2
green_wave,46,moto,7.89
green_wave,46,auto,13.78
green_wave,46,auto,10.53
green_wave,46,moto,11.19
green_wave,46,auto,18.97
green_wave,46,auto,11.61
green_wave,46,moto,12.21
green_wave,46,auto,13.63
green_wave,46,moto,3.89
green_wave,46,moto,11.67
green_wave,46,moto,3.86
green_wave,46,moto,2.88
green_wave,46,moto,24.2
green_wave,46,moto,24.26
green_wave,46,moto,11.81
green_wave,46,moto,5.05
green_wave,46,auto,24.68
green_wave,46,moto,11.73
green_wave,46,moto,20.87
green_wave,46,moto,10.13
green_wave,46,moto,8.8
green_wave,46,moto,26.24
green_wave,46,moto,25.84
green_wave,46,auto,13.98
green_wave,46,moto,10.64
green_wave,46,moto,25.03
green_wave,46,moto,21.66
green_wave,46,moto,8.43
green_wave,46,auto,19.51
green_wave,46,moto,21.75
green_wave,46,moto,27.73
green_wave,46,moto,7.64
green_wave,46,car,15.02
green_wave,46,car,14.04
green_wave,46,auto,2.73
green_wave,46,moto,19.52
green_wave,46,auto,19.47
green_wave,46,moto,8.0
green_wave,46,auto,11.6
green_wave,46,moto,15.91
green_wave,46,auto,34.85
green_wave,46,auto,9.27
green_wave,46,car,3.7
green_wave,46,moto,1.91
green_wave,46,auto,22.13
green_wave,46,moto,17.11
green_wave,46,auto,7.26
green_wave,46,car,5.34
green_wave,46,auto,3.94
green_wave,46,car,7.32
green_wave,46,moto,19.51
green_wave,46,moto,21.64
green_wave,46,auto,11.19
green_wave,46,auto,9.83
green_wave,46,car,0.85
green_wave,46,moto,14.29
green_wave,46,moto,14.23
green_wave,46,car,9.75
green_wave,46,moto,19.25
green_wave,46,auto,24.65
green_wave,46,car,13.81
green_wave,46,moto,24.46
green_wave,46,moto,22.97
green_wave,46,car,29.83
green_wave,46,auto,9.2
green_wave,46,moto,23.89
green_wave,46,moto,14.02
green_wave,46,car,38.58
green_wave,46,auto,18.28
green_wave,46,car,6.71
green_wave,46,auto,6.25
green_wave,46,auto,4.28
green_wave,46,moto,25.43
green_wave,46,moto,5.04
green_wave,46,car,20.22
green_wave,46,moto,8.45
green_wave,46,moto,24.8
green_wave,46,moto,14.27
green_wave,46,car,22.82
green_wave,46,moto,17.6
green_wave,46,moto,14.06
green_wave,46,moto,5.2
green_wave,46,auto,20.62
green_wave,46,auto,16.35
green_wave,46,auto,21.79
green_wave,46,moto,3.57
green_wave,46,moto,16.74
green_wave,46,car,5.6
green_wave,46,moto,4.87
green_wave,46,moto,5.13
green_wave,46,auto,10.17
green_wave,46,auto,2.34
green_wave,46,car,2.06
green_wave,46,moto,28.85
green_wave,46,moto,3.18
green_wave,46,moto,21.62
green_wave,46,moto,19.12
green_wave,46,moto,20.45
green_wave,46,car,16.93
green_wave,46,moto,24.13
green_wave,46,car,19.28
green_wave,46,moto,27.46
green_wave,46,moto,19.74
green_wave,46,moto,14.05
green_wave,46,auto,22.22
green_wave,46,auto,17.82
green_wave,46,moto,14.57
green_wave,46,auto,22.38
green_wave,46,auto,5.35
green_wave,46,moto,9.15
green_wave,46,auto,5.94
green_wave,46,auto,20.4
green_wave,46,auto,14.47
green_wave,46,auto,17.02
green_wave,46,auto,11.64
green_wave,46,moto,11.97
green_wave,46,moto,26.75
green_wave,46,auto,15.8
green_wave,46,moto,14.64
green_wave,46,moto,13.9
green_wave,46,moto,4.77
green_wave,46,moto,13.57
green_wave,46,auto,13.16
green_wave,46,moto,17.34
green_wave,46,auto,7.19
green_wave,46,moto,9.34
green_wave,46,auto,22.49
green_wave,46,car,11.41
green_wave,46,moto,22.2
green_wave,46,moto,5.21
green_wave,46,moto,4.75
green_wave,46,car,1.95
green_wave,46,moto,6.22
green_wave,46,moto,11.36
green_wave,46,auto,13.03
green_wave,46,car,18.73
green_wave,46,auto,23.23
green_wave,46,moto,12.08
green_wave,46,auto,20.55
green_wave,46,moto,10.06
green_wave,46,moto,7.99
green_wave,46,auto,22.21
green_wave,46,car,19.17
green_wave,46,moto,5.7
green_wave,46,moto,8.37
green_wave,46,moto,9.66
green_wave,46,moto,33.01
green_wave,46,moto,4.4
green_wave,46,car,18.07
green_wave,46,car,5.48
green_wave,46,car,8.52
green_wave,46,moto,23.27
green_wave,46,auto,9.58
green_wave,46,auto,13.3
green_wave,46,car,9.62
green_wave,46,car,20.08
green_wave,46,moto,7.83
green_wave,46,moto,21.31
green_wave,46,car,9.72
green_wave,46,moto,2.8
green_wave,46,moto,2.37
green_wave,46,moto,20.12
green_wave,46,moto,10.6
green_wave,46,moto,8.3
green_wave,46,moto,20.66
green_wave,46,moto,23.24
green_wave,46,car,12.78
green_wave,46,moto,10.75
green_wave,46,moto,10.45
green_wave,46,moto,22.44
green_wave,46,moto,10.64
green_wave,46,auto,11.71
green_wave,46,car,10.91
green_wave,46,moto,10.48
green_wave,46,car,15.8
green_wave,46,moto,8.42
green_wave,46,car,17.9
green_wave,46,auto,10.86
green_wave,46,moto,11.02
green_wave,46,moto,13.38
green_wave,46,auto,6.12
green_wave,46,auto,3.56
green_wave,46,auto,9.25
green_wave,46,moto,2.2
green_wave,46,moto,9.02
green_wave,46,moto,22.16
green_wave,46,moto,11.34
green_wave,46,moto,18.65
green_wave,46,auto,6.15
green_wave,46,auto,1.71
green_wave,46,moto,4.76
green_wave,46,car,22.77
green_wave,46,auto,9.79
green_wave,46,moto,24.93
green_wave,46,moto,12.97
green_wave,46,moto,14.61
green_wave,46,moto,18.13
green_wave,46,moto,14.89
green_wave,46,auto,23.49
green_wave,46,moto,13.9
green_wave,46,moto,13.7
green_wave,46,auto,13.58
green_wave,46,auto,13.52
green_wave,46,auto,17.47
green_wave,46,car,14.73
green_wave,46,auto,4.04
green_wave,46,auto,17.08
green_wave,46,moto,9.02
green_wave,46,moto,13.59
green_wave,46,auto,16.2
green_wave,46,moto,10.86
green_wave,46,car,7.65
green_wave,46,moto,2.58
green_wave,46,moto,21.78
green_wave,46,moto,16.62
green_wave,46,moto,15.58
green_wave,46,moto,28.09
green_wave,46,car,13.0
green_wave,46,moto,8.94
green_wave,46,moto,20.49
green_wave,46,car,24.69
green_wave,46,car,9.42
green_wave,46,moto,11.16
green_wave,46,auto,16.51
green_wave,46,moto,16.25
green_wave,46,moto,13.07
green_wave,46,moto,6.89
green_wave,46,moto,6.89
green_wave,46,car,16.08
green_wave,46,auto,12.93
green_wave,46,auto,6.9
green_wave,46,moto,7.95
green_wave,46,moto,23.34
green_wave,46,moto,5.31
green_wave,46,auto,6.24
green_wave,46,moto,4.73
green_wave,46,moto,15.95
green_wave,46,moto,21.23
green_wave,46,auto,18.31
green_wave,46,auto,21.63
green_wave,46,moto,10.58
green_wave,46,moto,19.25
green_wave,46,moto,21.52
green_wave,46,moto,16.18
green_wave,46,auto,11.78
green_wave,46,auto,8.31
green_wave,46,auto,9.75
green_wave,46,moto,5.16
green_wave,46,moto,5.35
green_wave,46,moto,5.34
green_wave,46,moto,5.18
green_wave,46,moto,4.86
green_wave,46,auto,11.58
green_wave,46,moto,5.3
green_wave,46,moto,19.63
green_wave,46,moto,4.01
green_wave,46,moto,8.15
green_wave,46,moto,20.86
green_wave,46,car,16.84
green_wave,46,auto,15.77
green_wave,46,auto,4.8
green_wave,46,moto,12.16
green_wave,46,moto,13.36
green_wave,46,auto,14.2
green_wave,46,moto,7.27
green_wave,46,auto,19.48
green_wave,46,auto,12.17
green_wave,46,moto,9.85
green_wave,46,auto,22.35
green_wave,46,moto,24.48
green_wave,46,car,18.36
green_wave,46,moto,18.22
green_wave,46,moto,23.97
green_wave,46,car,22.33
green_wave,46,auto,27.37
green_wave,46,car,16.64
green_wave,46,moto,22.58
green_wave,46,car,15.19
green_wave,46,auto,12.26
green_wave,46,moto,11.45
green_wave,46,auto,23.17
green_wave,46,auto,21.77
green_wave,46,moto,15.47
green_wave,46,moto,6.49
green_wave,46,moto,10.14
green_wave,46,moto,13.03
green_wave,46,moto,2.74
green_wave,46,moto,20.78
green_wave,46,auto,6.06
green_wave,46,car,12.81
green_wave,46,moto,13.7
green_wave,46,auto,1.2
green_wave,46,auto,19.79
green_wave,46,moto,15.22
green_wave,46,moto,4.34
green_wave,46,moto,13.67
green_wave,46,moto,3.14
green_wave,46,moto,30.89
green_wave,46,moto,25.56
green_wave,46,moto,17.53
green_wave,46,moto,22.65
green_wave,46,auto,11.79
green_wave,46,car,30.45
green_wave,46,moto,25.59
green_wave,46,auto,12.81
green_wave,46,auto,12.4
green_wave,46,moto,3.09
green_wave,46,auto,31.51
green_wave,46,auto,28.99
green_wave,46,moto,25.48
green_wave,46,auto,23.09
green_wave,46,auto,25.54
green_wave,46,moto,5.06
green_wave,46,moto,5.18
green_wave,46,auto,21.04
green_wave,46,moto,22.65
green_wave,46,moto,15.95
green_wave,46,moto,6.0
green_wave,46,moto,8.17
green_wave,46,moto,6.23
green_wave,46,car,6.95
green_wave,46,car,5.83
green_wave,46,moto,20.49
green_wave,46,moto,4.42
green_wave,46,auto,8.5
green_wave,46,auto,1.14
green_wave,46,moto,18.06
green_wave,46,moto,10.88
green_wave,46,car,3.95
green_wave,46,auto,13.95
green_wave,46,auto,8.34
green_wave,46,moto,5.42
green_wave,46,auto,11.46
green_wave,46,car,19.0
green_wave,46,auto,30.31
green_wave,46,moto,10.1
green_wave,46,auto,5.89
green_wave,46,car,1.23
green_wave,46,moto,25.82
green_wave,46,auto,15.51
green_wave,46,moto,15.18
green_wave,46,auto,3.11
green_wave,46,moto,15.5
green_wave,46,car,1.26
green_wave,46,moto,2.33
green_wave,46,auto,25.99
green_wave,46,auto,13.15
green_wave,46,moto,18.79
green_wave,46,moto,22.58
green_wave,46,moto,4.12
green_wave,46,auto,17.74
green_wave,46,auto,13.6
green_wave,46,moto,19.37
green_wave,46,moto,14.82
green_wave,46,moto,26.2
green_wave,46,moto,5.59
green_wave,46,auto,3.08
green_wave,46,car,16.51
green_wave,46,moto,24.58
green_wave,46,moto,27.75
green_wave,46,moto,5.0
green_wave,46,moto,19.58
green_wave,46,auto,11.23
green_wave,46,moto,25.48
green_wave,46,moto,19.1
green_wave,46,auto,9.36
green_wave,46,moto,5.46
green_wave,46,car,5.58
green_wave,46,moto,21.57
green_wave,46,moto,9.15
green_wave,46,auto,23.76
green_wave,46,car,0.88
green_wave,46,moto,2.17
green_wave,46,moto,15.47
green_wave,46,moto,32.64
green_wave,46,auto,10.67
green_wave,46,moto,21.86
green_wave,46,auto,14.42
green_wave,46,moto,12.42
green_wave,46,moto,24.66
green_wave,46,auto,16.22
green_wave,46,auto,23.27
green_wave,46,moto,10.41
green_wave,46,car,11.37
green_wave,46,moto,12.98
green_wave,46,auto,5.49
green_wave,46,car,9.57
green_wave,46,auto,20.52
green_wave,46,moto,19.06
green_wave,46,auto,1.16
green_wave,46,moto,16.34
green_wave,46,moto,20.71
green_wave,46,moto,7.23
green_wave,46,car,12.23
green_wave,46,moto,16.89
green_wave,46,moto,13.84
green_wave,46,auto,24.64
green_wave,46,car,21.17
green_wave,46,auto,14.21
green_wave,46,moto,5.43
green_wave,46,car,22.88
green_wave,46,moto,24.17
green_wave,46,auto,3.04
green_wave,46,moto,6.84
green_wave,46,moto,5.01
green_wave,46,moto,6.86
green_wave,46,moto,12.83
green_wave,46,moto,11.98
green_wave,46,moto,7.04
green_wave,46,car,9.78
green_wave,46,moto,11.32
green_wave,46,car,8.91
green_wave,46,moto,16.44
green_wave,46,auto,21.21
green_wave,46,moto,19.24
green_wave,46,moto,10.54
green_wave,46,auto,0.97
green_wave,46,auto,11.85
green_wave,46,moto,3.78
green_wave,46,moto,16.04
green_wave,46,moto,21.99
green_wave,46,moto,6.63
green_wave,46,car,22.39
green_wave,46,moto,19.9
green_wave,46,moto,4.38
green_wave,46,moto,4.92
green_wave,46,auto,29.05
green_wave,46,auto,23.88
green_wave,46,moto,30.01
green_wave,46,moto,12.32
green_wave,46,auto,19.34
green_wave,46,moto,8.1
green_wave,46,moto,21.35
green_wave,46,moto,5.51
green_wave,46,auto,2.57
green_wave,46,moto,22.92
green_wave,46,moto,18.71
green_wave,46,moto,7.94
green_wave,46,moto,18.75
green_wave,46,moto,17.35
green_wave,46,moto,2.26
green_wave,46,moto,3.86
green_wave,46,auto,9.81
green_wave,46,car,3.03
green_wave,46,moto,2.81
green_wave,46,moto,22.07
green_wave,46,moto,8.01
green_wave,46,auto,26.02
green_wave,46,car,25.16
green_wave,46,car,13.0
green_wave,46,moto,8.21
green_wave,46,moto,25.67
green_wave,46,auto,14.57
green_wave,46,moto,16.85
green_wave,46,auto,18.08
green_wave,46,moto,11.57
green_wave,46,auto,12.64
green_wave,46,moto,5.51
green_wave,46,moto,17.0
green_wave,46,moto,4.34
green_wave,46,moto,25.77
green_wave,46,auto,2.78
green_wave,46,moto,5.74
green_wave,46,moto,11.99
green_wave,46,moto,6.48
green_wave,46,moto,15.52
green_wave,46,auto,10.93
green_wave,46,moto,18.19
green_wave,46,moto,8.83
green_wave,46,moto,2.02
green_wave,46,moto,2.72
green_wave,46,moto,7.67
green_wave,46,moto,11.65
green_wave,46,moto,4.09
green_wave,46,moto,4.08
green_wave,46,moto,2.37
green_wave,46,moto,12.94
green_wave,46,moto,10.38
green_wave,46,moto,4.87
green_wave,46,moto,7.56
green_wave,46,moto,23.93
green_wave,46,moto,23.56
green_wave,46,moto,7.38
green_wave,46,moto,12.24
green_wave,46,car,2.83
green_wave,46,moto,4.76
green_wave,46,auto,14.35
green_wave,46,auto,21.85
green_wave,46,moto,15.35
green_wave,46,car,22.29
green_wave,46,moto,7.79
green_wave,46,moto,10.41
green_wave,46,moto,21.39
green_wave,46,auto,3.02
green_wave,46,moto,17.31
green_wave,46,moto,1.97
green_wave,46,moto,22.45
green_wave,46,moto,20.78
green_wave,46,car,10.67
green_wave,46,moto,14.43
green_wave,46,auto,2.25
green_wave,46,moto,10.48
green_wave,46,moto,4.52
green_wave,46,auto,19.35
green_wave,46,moto,3.04
green_wave,46,moto,23.94
green_wave,46,auto,12.99
green_wave,46,moto,27.32
green_wave,46,moto,23.34
green_wave,46,car,20.66
green_wave,46,auto,6.03
green_wave,46,moto,5.29
green_wave,46,moto,7.42
green_wave,46,moto,11.36
green_wave,46,moto,10.08
green_wave,46,moto,5.31
green_wave,46,moto,3.24
green_wave,46,moto,5.17
green_wave,46,car,9.08
green_wave,46,car,8.33
green_wave,46,moto,5.84
green_wave,46,auto,3.67
green_wave,46,moto,3.51
green_wave,46,moto,15.3
green_wave,46,moto,12.3
green_wave,46,moto,18.36
green_wave,46,moto,11.0
green_wave,46,moto,8.06
green_wave,46,moto,9.8
green_wave,46,moto,12.94
green_wave,46,moto,23.15
green_wave,46,moto,5.48
green_wave,46,moto,11.23
green_wave,46,auto,13.52
green_wave,46,moto,10.81
green_wave,46,auto,0.94
green_wave,46,car,11.36
green_wave,46,moto,31.5
green_wave,46,moto,18.2
green_wave,46,auto,3.41
green_wave,46,moto,5.44
green_wave,46,moto,5.48
green_wave,46,auto,6.76
green_wave,46,auto,4.43
green_wave,46,moto,7.18
green_wave,46,moto,20.5
green_wave,46,moto,7.14
green_wave,46,moto,6.08
green_wave,46,moto,3.44
green_wave,46,car,14.31
green_wave,46,moto,19.93
green_wave,46,auto,6.92
green_wave,46,moto,21.6
green_wave,46,moto,6.57
green_wave,46,auto,16.4
green_wave,46,auto,9.26
green_wave,46,moto,20.4
green_wave,46,moto,10.6
green_wave,46,moto,28.21
green_wave,46,moto,20.74
green_wave,46,auto,18.03
green_wave,46,auto,5.36
green_wave,46,car,21.34
green_wave,46,moto,24.46
green_wave,46,moto,13.82
green_wave,46,auto,15.71
green_wave,46,moto,2.4
green_wave,46,auto,15.0
green_wave,46,moto,4.07
green_wave,46,moto,26.11
green_wave,46,moto,22.75
green_wave,46,moto,11.35
green_wave,46,moto,5.85
green_wave,46,moto,2.31
green_wave,46,auto,14.19
green_wave,46,moto,11.19
green_wave,46,auto,15.28
green_wave,46,moto,12.72
green_wave,46,moto,9.11
green_wave,46,auto,19.19
green_wave,46,car,26.79
green_wave,46,auto,18.04
green_wave,46,car,16.73
green_wave,46,moto,12.57
green_wave,46,moto,15.84
green_wave,46,moto,20.84
green_wave,46,moto,30.34
green_wave,46,moto,2.1
green_wave,46,moto,27.24
green_wave,46,moto,14.33
green_wave,46,moto,4.64
green_wave,46,moto,22.33
green_wave,46,moto,17.5
green_wave,46,auto,25.33
green_wave,46,auto,1.98
green_wave,46,car,11.93
green_wave,46,moto,22.12
green_wave,46,auto,7.25
green_wave,46,moto,10.18
green_wave,46,car,5.83
green_wave,46,moto,2.16
green_wave,46,auto,3.66
green_wave,46,car,3.35
green_wave,46,moto,6.01
green_wave,46,moto,17.3
green_wave,46,moto,16.99
green_wave,46,car,11.07
green_wave,46,moto,11.86
green_wave,46,moto,11.69
green_wave,46,auto,13.65
green_wave,46,moto,3.91
green_wave,46,moto,13.92
green_wave,46,moto,19.52
green_wave,46,car,15.58
green_wave,46,car,7.9
green_wave,46,moto,17.01
green_wave,46,moto,7.44
green_wave,46,car,12.11
green_wave,46,moto,25.39
green_wave,46,moto,11.16
green_wave,46,moto,5.98
green_wave,46,moto,21.17
green_wave,46,auto,3.16
green_wave,46,moto,22.5
green_wave,46,car,16.33
green_wave,46,car,12.3
green_wave,46,auto,7.88
green_wave,46,moto,3.08
green_wave,46,moto,22.8
green_wave,46,moto,16.7
green_wave,46,moto,10.17
green_wave,46,moto,17.19
green_wave,46,auto,1.25
green_wave,46,auto,19.52
green_wave,46,moto,5.21
green_wave,46,moto,25.91
green_wave,46,moto,22.17
green_wave,46,moto,22.18
green_wave,46,moto,14.98
green_wave,46,auto,3.95
green_wave,46,moto,29.66
green_wave,46,moto,24.75
green_wave,46,car,6.57
green_wave,46,car,12.04
green_wave,46,moto,6.14
green_wave,46,moto,17.51
green_wave,46,car,22.44
green_wave,46,moto,10.37
green_wave,46,moto,8.02
green_wave,46,moto,19.11
green_wave,46,auto,4.58
green_wave,46,auto,11.58
green_wave,46,car,10.14
green_wave,46,moto,18.79
green_wave,46,moto,7.11
green_wave,46,moto,6.59
green_wave,46,auto,14.71
green_wave,46,car,7.74
green_wave,46,moto,8.73
green_wave,46,moto,3.12
green_wave,46,auto,7.73
green_wave,46,car,21.37
green_wave,46,moto,20.62
green_wave,46,moto,17.66
green_wave,46,car,3.53
green_wave,46,moto,21.92
green_wave,46,auto,21.23
green_wave,46,auto,18.81
green_wave,46,moto,29.33
green_wave,46,moto,15.55
green_wave,46,auto,9.53
green_wave,46,auto,16.48
green_wave,46,moto,6.36
green_wave,46,moto,24.67
green_wave,46,moto,14.52
green_wave,46,moto,16.07
green_wave,46,moto,2.4
green_wave,46,moto,9.44
green_wave,46,car,20.67
green_wave,46,moto,13.54
green_wave,46,moto,15.28
green_wave,46,moto,14.69
green_wave,46,moto,7.83
green_wave,46,moto,25.8
green_wave,46,auto,16.9
green_wave,46,moto,1.58
green_wave,46,auto,22.57
green_wave,46,moto,7.82
green_wave,46,moto,8.18
green_wave,46,moto,6.58
green_wave,46,car,23.19
green_wave,46,moto,7.14
green_wave,46,moto,24.63
green_wave,46,moto,24.23
green_wave,46,moto,25.75
green_wave,46,moto,33.07
green_wave,46,auto,16.93
green_wave,46,moto,7.85
green_wave,46,moto,4.64
green_wave,46,auto,12.57
green_wave,46,moto,13.06
green_wave,46,auto,20.69
green_wave,46,moto,20.27
green_wave,46,auto,6.28
green_wave,46,moto,5.17
green_wave,46,car,3.21
green_wave,46,car,8.25
green_wave,46,moto,22.0
green_wave,46,moto,16.03
green_wave,46,auto,6.73
green_wave,46,moto,19.42
green_wave,46,moto,2.03
green_wave,46,moto,4.42
green_wave,46,moto,22.35
green_wave,46,moto,20.58
green_wave,46,moto,8.35
green_wave,46,car,29.45
green_wave,46,car,13.52
green_wave,46,moto,7.02
green_wave,46,auto,22.2
green_wave,46,auto,15.24
green_wave,46,moto,11.58
green_wave,46,car,12.72
green_wave,46,moto,7.4
green_wave,46,moto,14.56
green_wave,46,moto,7.39
green_wave,46,moto,14.75
green_wave,46,moto,5.89
green_wave,46,car,1.09
green_wave,46,moto,6.39
green_wave,46,moto,6.44
green_wave,46,moto,16.84
green_wave,46,moto,19.88
green_wave,46,moto,14.39
green_wave,46,moto,9.36
green_wave,46,moto,24.74
green_wave,46,moto,11.06
green_wave,46,moto,24.14
green_wave,46,moto,14.14
green_wave,46,moto,12.09
green_wave,46,moto,4.49
green_wave,46,auto,19.8
green_wave,46,moto,23.91
green_wave,46,moto,24.34
green_wave,46,moto,22.11
green_wave,46,car,4.77
green_wave,46,auto,19.32
green_wave,46,moto,23.39
green_wave,46,moto,23.3
green_wave,46,moto,1.82
green_wave,46,moto,5.29
green_wave,46,moto,9.15
green_wave,46,moto,19.06
green_wave,46,auto,13.91
green_wave,46,car,12.66
green_wave,46,moto,2.96
green_wave,46,moto,4.66
green_wave,46,moto,19.97
green_wave,46,moto,25.54
green_wave,46,car,16.78
green_wave,46,moto,10.82
green_wave,46,moto,24.28
green_wave,46,moto,15.33
green_wave,46,moto,12.57
green_wave,46,moto,15.18
green_wave,46,auto,24.15
green_wave,46,auto,9.73
green_wave,46,moto,5.38
green_wave,46,auto,3.14
green_wave,46,moto,24.7
green_wave,46,moto,7.01
green_wave,46,moto,2.44
green_wave,46,auto,6.74
green_wave,46,auto,1.3
green_wave,46,moto,8.03
green_wave,46,moto,2.0
green_wave,46,moto,2.75
green_wave,46,moto,17.07
green_wave,46,moto,17.94
green_wave,46,car,1.09
green_wave,46,moto,18.65
green_wave,46,auto,6.87
green_wave,46,auto,10.29
green_wave,46,moto,19.69
green_wave,46,moto,37.29
green_wave,46,moto,16.65
green_wave,46,moto,2.19
green_wave,46,moto,10.95
green_wave,46,auto,6.26
green_wave,46,moto,2.69
green_wave,46,moto,6.55
green_wave,46,moto,16.28
green_wave,46,auto,20.61
green_wave,46,auto,1.15
green_wave,46,auto,5.61
green_wave,46,auto,20.52
green_wave,46,car,4.65
green_wave,46,moto,28.61
green_wave,46,moto,18.39
green_wave,46,moto,14.06
green_wave,46,car,3.4
green_wave,46,auto,9.81
green_wave,46,car,7.41
green_wave,46,auto,0.84
green_wave,46,moto,12.01
green_wave,46,moto,5.63
green_wave,46,moto,5.71
green_wave,46,moto,25.87
green_wave,46,moto,6.6
green_wave,46,auto,18.52
green_wave,46,auto,3.31
green_wave,46,auto,10.49
green_wave,46,auto,7.28
green_wave,46,moto,22.42
green_wave,46,moto,8.03
green_wave,46,moto,6.88
green_wave,46,moto,2.58
green_wave,46,moto,14.94
green_wave,46,moto,11.14
green_wave,46,auto,1.57
green_wave,46,car,5.47
green_wave,46,car,16.75
green_wave,46,moto,20.88
green_wave,46,auto,18.58
green_wave,46,moto,17.95
green_wave,46,auto,6.13
green_wave,46,moto,10.0
green_wave,46,moto,24.49
green_wave,46,moto,18.53
green_wave,46,moto,20.86
green_wave,46,moto,8.32
green_wave,46,auto,20.06
green_wave,46,auto,16.75
green_wave,46,moto,9.49
green_wave,46,moto,23.54
green_wave,46,moto,11.47
green_wave,46,moto,6.45
green_wave,46,moto,5.76
green_wave,46,moto,2.89
green_wave,46,moto,12.95
green_wave,46,auto,1.32
green_wave,46,moto,16.7
green_wave,46,auto,20.86
green_wave,46,moto,21.35
green_wave,46,moto,12.51
green_wave,46,car,2.24
green_wave,46,moto,20.72
green_wave,46,auto,19.11
green_wave,46,auto,17.4
green_wave,46,auto,12.97
green_wave,46,auto,12.17
green_wave,46,moto,7.21
green_wave,46,moto,21.88
green_wave,46,moto,6.47
green_wave,46,auto,15.84
green_wave,46,moto,11.21
green_wave,46,car,5.76
green_wave,46,auto,8.19
green_wave,46,car,10.42
green_wave,46,moto,10.9
green_wave,46,moto,15.14
green_wave,46,auto,21.94
green_wave,46,auto,2.15
green_wave,46,moto,6.18
green_wave,46,moto,2.94
green_wave,46,moto,1.96
green_wave,46,moto,22.54
green_wave,46,car,18.44
green_wave,46,car,42.85
green_wave,46,car,10.38
green_wave,46,moto,23.84
green_wave,46,moto,21.92
green_wave,46,auto,15.64
green_wave,46,car,26.75
green_wave,46,auto,19.32
green_wave,46,car,24.2
green_wave,46,car,3.99
green_wave,46,moto,32.11
green_wave,46,moto,24.8
green_wave,46,moto,19.23
green_wave,46,moto,18.75
green_wave,46,moto,6.03
green_wave,46,auto,13.19
green_wave,46,moto,16.65
green_wave,46,auto,19.67
green_wave,46,auto,19.94
green_wave,46,moto,17.75
green_wave,46,moto,17.9
green_wave,46,auto,18.81
green_wave,46,car,1.76
green_wave,46,moto,15.68
green_wave,46,moto,17.68
green_wave,46,moto,20.21
green_wave,46,moto,3.48
green_wave,46,moto,23.07
green_wave,46,moto,18.16
green_wave,46,auto,21.58
green_wave,46,moto,17.72
green_wave,46,auto,11.51
green_wave,46,car,24.32
green_wave,46,moto,24.75
green_wave,46,moto,25.95
green_wave,46,auto,16.81
green_wave,46,auto,21.24
green_wave,46,moto,37.02
green_wave,46,car,19.07
green_wave,46,auto,15.83
green_wave,46,auto,17.1
green_wave,46,car,23.06
green_wave,46,moto,9.34
green_wave,46,car,11.44
green_wave,46,auto,29.98
green_wave,46,moto,9.78
green_wave,46,moto,9.61
green_wave,46,moto,14.38
green_wave,46,auto,23.64
green_wave,46,auto,17.81
green_wave,46,moto,7.5
green_wave,46,moto,20.55
green_wave,46,auto,11.87
green_wave,46,moto,3.73
green_wave,46,auto,10.97
green_wave,46,car,13.58
green_wave,46,moto,10.58
green_wave,46,moto,14.12
green_wave,46,moto,11.26
green_wave,46,moto,2.01
green_wave,46,moto,1.91
green_wave,46,moto,16.85
green_wave,46,moto,15.85
green_wave,46,auto,20.85
green_wave,46,car,16.42
green_wave,46,moto,4.26
green_wave,46,moto,15.04
green_wave,46,auto,9.29
green_wave,46,moto,19.36
green_wave,46,moto,15.02
green_wave,46,auto,2.96
green_wave,46,auto,2.07
green_wave,46,moto,17.65
green_wave,46,moto,10.21
green_wave,46,moto,4.1
green_wave,46,moto,24.14
green_wave,46,car,6.61
green_wave,46,moto,6.36
green_wave,46,car,22.82
green_wave,46,moto,24.18
green_wave,46,auto,8.47
green_wave,46,car,7.41
green_wave,46,auto,2.18
green_wave,46,moto,5.9
green_wave,46,auto,3.52
green_wave,46,moto,20.03
green_wave,46,car,20.92
green_wave,46,auto,12.67
green_wave,46,moto,4.93
green_wave,46,moto,5.1
green_wave,46,moto,7.96
green_wave,46,moto,21.72
green_wave,46,moto,15.83
green_wave,46,moto,7.87
green_wave,46,moto,8.71
green_wave,46,moto,20.6
green_wave,46,moto,16.7
green_wave,46,moto,27.12
green_wave,46,moto,8.51
green_wave,46,moto,32.32
green_wave,46,moto,11.98
green_wave,46,car,5.39
green_wave,46,car,22.6
green_wave,46,car,13.18
green_wave,46,auto,3.38
green_wave,46,moto,6.05
green_wave,46,auto,4.17
green_wave,46,auto,14.94
green_wave,46,auto,1.0
green_wave,46,auto,11.72
green_wave,46,auto,1.15
green_wave,46,auto,4.98
green_wave,46,moto,2.99
green_wave,46,moto,4.1
green_wave,46,car,16.11
green_wave,46,moto,24.81
green_wave,46,auto,15.58
green_wave,46,moto,29.55
green_wave,46,auto,7.08
green_wave,46,auto,10.55
green_wave,46,moto,4.92
green_wave,46,auto,11.18
green_wave,46,car,9.17
green_wave,46,auto,5.21
green_wave,46,moto,25.38
green_wave,46,moto,16.8
green_wave,46,car,4.32
green_wave,46,car,12.55
green_wave,46,moto,6.24
green_wave,46,moto,3.74
green_wave,46,moto,2.6
green_wave,46,moto,26.02
green_wave,46,moto,21.88
green_wave,46,car,13.72
green_wave,46,moto,18.58
green_wave,46,moto,25.63
green_wave,46,car,16.97
green_wave,46,car,11.43
green_wave,46,car,19.78
green_wave,46,car,4.76
green_wave,46,moto,24.94
green_wave,46,moto,19.03
green_wave,46,car,11.71
green_wave,46,moto,13.94
green_wave,46,moto,24.6
green_wave,46,moto,10.13
green_wave,46,moto,4.28
green_wave,46,moto,5.26
green_wave,46,moto,2.45
green_wave,46,moto,19.65
green_wave,46,moto,10.72
green_wave,46,auto,12.47
green_wave,46,moto,17.45
green_wave,46,car,11.74
green_wave,46,auto,10.28
green_wave,46,moto,8.63
green_wave,46,car,5.61
green_wave,46,auto,1.4
green_wave,46,moto,16.88
green_wave,46,moto,11.78
green_wave,46,moto,14.46
green_wave,46,auto,4.43
green_wave,46,moto,24.56
green_wave,46,car,24.06
green_wave,46,moto,7.84
green_wave,46,auto,23.78
green_wave,46,moto,14.99
green_wave,46,car,21.91
green_wave,46,auto,19.88
green_wave,46,car,18.95
green_wave,46,auto,16.89
green_wave,46,moto,14.0
green_wave,46,moto,23.84
green_wave,46,moto,12.79
green_wave,46,moto,17.74
green_wave,46,auto,3.79
green_wave,46,moto,7.98
green_wave,46,moto,21.55
green_wave,46,car,19.17
green_wave,46,moto,18.8
green_wave,46,moto,8.32
green_wave,46,moto,1.91
green_wave,46,moto,14.3
green_wave,46,auto,3.35
green_wave,46,moto,7.8
green_wave,46,moto,25.89
green_wave,46,moto,13.93
green_wave,46,auto,7.87
green_wave,46,auto,9.73
green_wave,46,moto,5.4
green_wave,46,moto,19.73
green_wave,46,moto,12.61
green_wave,46,car,3.12
green_wave,46,moto,21.24
green_wave,46,auto,2.7
green_wave,46,moto,4.72
green_wave,46,moto,14.51
green_wave,46,car,19.98
green_wave,46,auto,28.58
green_wave,46,moto,25.01
green_wave,46,car,22.76
green_wave,46,car,1.18
green_wave,46,auto,32.08
green_wave,46,auto,37.27
green_wave,46,car,20.3
green_wave,46,moto,19.68
green_wave,46,moto,6.93
green_wave,46,moto,29.08
green_wave,46,moto,26.33
green_wave,46,auto,26.43
green_wave,46,moto,24.87
green_wave,46,moto,11.18
green_wave,46,auto,28.14
green_wave,46,moto,22.68
green_wave,46,moto,27.39
green_wave,46,moto,14.11
green_wave,46,car,26.76
green_wave,46,car,27.32
green_wave,46,car,7.92
green_wave,46,moto,6.87
green_wave,46,car,19.39
green_wave,46,moto,11.73
green_wave,46,car,7.85
green_wave,46,moto,8.45
green_wave,46,auto,2.16
green_wave,46,auto,20.35
green_wave,46,moto,4.92
green_wave,46,car,7.2
green_wave,46,moto,3.09
green_wave,46,auto,11.48
green_wave,46,moto,15.57
green_wave,46,moto,4.86
green_wave,46,moto,3.16
green_wave,46,moto,12.27
green_wave,46,auto,16.41
green_wave,46,auto,1.31
green_wave,46,moto,24.63
green_wave,46,auto,14.86
green_wave,46,moto,8.69
green_wave,46,auto,1.17
green_wave,46,moto,18.86
green_wave,46,moto,10.14
green_wave,46,auto,10.98
green_wave,46,moto,9.09
green_wave,46,auto,4.8
green_wave,46,moto,36.61
green_wave,46,moto,7.89
green_wave,46,auto,9.87
green_wave,46,moto,6.83
green_wave,46,car,21.11
green_wave,46,auto,16.41
green_wave,46,auto,15.27
green_wave,46,car,5.68
green_wave,46,moto,14.19
green_wave,46,moto,7.15
green_wave,46,moto,3.57
green_wave,46,moto,3.2
green_wave,46,car,24.36
green_wave,46,moto,25.38
green_wave,46,car,25.17
green_wave,46,moto,19.47
green_wave,46,moto,1.86
green_wave,46,auto,21.55
green_wave,46,car,16.24
green_wave,46,moto,27.86
green_wave,46,moto,6.25
green_wave,46,moto,8.46
green_wave,46,moto,20.18
green_wave,46,moto,3.81
green_wave,46,auto,13.64
green_wave,46,auto,3.46
green_wave,46,moto,7.68
green_wave,46,moto,24.47
green_wave,46,moto,20.99
green_wave,46,moto,8.86
green_wave,46,auto,13.22
green_wave,46,car,17.69
green_wave,46,moto,12.39
green_wave,46,moto,26.88
green_wave,46,car,9.65
green_wave,46,auto,8.03
green_wave,46,auto,1.51
green_wave,46,moto,8.66
green_wave,46,moto,7.25
green_wave,46,car,21.66
green_wave,46,auto,5.1
green_wave,46,moto,1.9
green_wave,46,moto,23.79
green_wave,46,auto,23.41
green_wave,46,moto,17.67
green_wave,46,moto,15.11
green_wave,46,car,7.89
green_wave,46,auto,8.34
green_wave,46,auto,15.41
green_wave,46,moto,22.97
green_wave,46,moto,6.62
green_wave,46,auto,3.7
green_wave,46,moto,6.54
green_wave,46,moto,23.97
green_wave,46,moto,15.31
green_wave,46,moto,8.08
green_wave,46,auto,24.68
green_wave,46,car,8.43
green_wave,46,car,3.18
green_wave,46,car,20.19
green_wave,46,moto,6.06
green_wave,46,moto,6.42
green_wave,46,car,1.86
green_wave,46,moto,20.06
green_wave,46,moto,5.23
green_wave,46,moto,21.14
green_wave,46,auto,20.18
green_wave,46,auto,11.29
green_wave,46,moto,3.63
green_wave,46,moto,3.64
green_wave,46,auto,21.1
green_wave,46,car,24.47
green_wave,46,moto,17.37
green_wave,46,auto,14.33
green_wave,46,moto,8.37
green_wave,46,moto,5.09
green_wave,46,car,26.13
green_wave,46,moto,7.13
green_wave,46,auto,25.15
green_wave,46,moto,25.29
green_wave,46,moto,20.26
green_wave,46,car,5.26
green_wave,46,moto,20.93
green_wave,46,moto,8.22
green_wave,46,moto,11.77
green_wave,46,moto,17.75
green_wave,46,moto,8.12
green_wave,46,moto,15.44
green_wave,46,auto,9.86
green_wave,46,car,5.16
green_wave,46,moto,2.89
green_wave,46,moto,13.01
green_wave,46,auto,7.91
green_wave,46,auto,16.74
green_wave,46,moto,5.55
green_wave,46,auto,2.09
green_wave,46,moto,25.62
green_wave,46,car,3.91
green_wave,46,moto,19.34
green_wave,46,moto,6.07
green_wave,46,moto,16.13
green_wave,46,moto,20.39
green_wave,46,moto,15.75
green_wave,46,car,13.62
green_wave,46,moto,3.27
green_wave,46,moto,4.79
green_wave,46,auto,2.57
green_wave,46,car,13.48
green_wave,46,moto,24.16
green_wave,46,moto,9.04
green_wave,46,moto,15.31
green_wave,46,auto,11.32
green_wave,46,moto,23.52
green_wave,46,auto,19.63
green_wave,46,car,10.17
green_wave,46,moto,9.33
green_wave,46,moto,25.32
green_wave,46,auto,23.38
green_wave,46,moto,6.99
green_wave,46,car,21.51
green_wave,46,moto,23.37
green_wave,46,car,4.25
green_wave,46,auto,12.18
green_wave,46,moto,9.35
green_wave,46,moto,14.2
green_wave,46,auto,8.22
green_wave,46,auto,7.85
green_wave,46,auto,5.54
green_wave,46,moto,7.57
green_wave,46,moto,16.92
green_wave,46,moto,15.59
green_wave,46,moto,2.12
green_wave,46,auto,7.21
green_wave,46,auto,11.41
green_wave,46,auto,6.75
green_wave,46,moto,2.64
max_pressure,42,moto,1.19
max_pressure,42,moto,2.46
max_pressure,42,moto,2.02
max_pressure,42,moto,1.99
max_pressure,42,moto,2.53
max_pressure,42,moto,6.43
max_pressure,42,moto,22.66
max_pressure,42,moto,11.85
max_pressure,42,auto,23.78
max_pressure,42,moto,13.4
max_pressure,42,moto,20.86
max_pressure,42,moto,13.0
max_pressure,42,car,14.75
max_pressure,42,moto,2.45
max_pressure,42,moto,20.22
max_pressure,42,moto,26.78
max_pressure,42,moto,25.52
max_pressure,42,moto,24.29
max_pressure,42,car,31.34
max_pressure,42,moto,25.03
max_pressure,42,moto,13.5
max_pressure,42,auto,27.33
max_pressure,42,moto,14.08
max_pressure,42,moto,16.35
max_pressure,42,moto,22.46
max_pressure,42,moto,19.28
max_pressure,42,auto,13.34
max_pressure,42,auto,1.18
max_pressure,42,moto,13.57
max_pressure,42,moto,30.17
max_pressure,42,auto,28.33
max_pressure,42,moto,27.42
max_pressure,42,auto,28.1
max_pressure,42,auto,26.0
max_pressure,42,moto,2.7
max_pressure,42,moto,1.36
max_pressure,42,car,43.9
max_pressure,42,moto,26.25
max_pressure,42,auto,26.15
max_pressure,42,moto,15.89
max_pressure,42,moto,12.4
max_pressure,42,moto,33.37
max_pressure,42,auto,7.99
max_pressure,42,auto,32.44
max_pressure,42,moto,20.5
max_pressure,42,moto,32.98
max_pressure,42,moto,28.07
max_pressure,42,auto,31.72
max_pressure,42,moto,22.65
max_pressure,42,auto,12.74
max_pressure,42,auto,13.85
max_pressure,42,moto,5.04
max_pressure,42,moto,15.71
max_pressure,42,moto,2.01
max_pressure,42,car,21.04
max_pressure,42,auto,20.13
max_pressure,42,moto,15.07
max_pressure,42,moto,3.85
max_pressure,42,car,5.13
max_pressure,42,car,1.06
max_pressure,42,moto,2.21
max_pressure,42,moto,2.48
max_pressure,42,car,29.04
max_pressure,42,moto,21.79
max_pressure,42,moto,32.73
max_pressure,42,moto,35.91
max_pressure,42,moto,35.35
max_pressure,42,auto,33.22
max_pressure,42,car,29.25
max_pressure,42,moto,2.4
max_pressure,42,auto,1.08
max_pressure,42,moto,21.03
max_pressure,42,moto,19.32
max_pressure,42,car,4.16
max_pressure,42,moto,3.66
max_pressure,42,auto,5.21
max_pressure,42,auto,9.52
max_pressure,42,moto,44.89
max_pressure,42,car,30.17
max_pressure,42,auto,28.9
max_pressure,42,moto,37.5
max_pressure,42,moto,54.11
max_pressure,42,moto,55.36
max_pressure,42,auto,47.91
max_pressure,42,car,28.65
max_pressure,42,moto,8.11
max_pressure,42,moto,20.85
max_pressure,42,moto,2.22
max_pressure,42,moto,2.1
max_pressure,42,moto,5.47
max_pressure,42,moto,35.31
max_pressure,42,moto,47.73
max_pressure,42,moto,3.25
max_pressure,42,moto,39.56
max_pressure,42,moto,41.82
max_pressure,42,auto,22.16
max_pressure,42,car,22.13
max_pressure,42,moto,15.85
max_pressure,42,moto,51.5
max_pressure,42,auto,45.32
max_pressure,42,auto,38.53
max_pressure,42,moto,33.94
max_pressure,42,auto,42.46
max_pressure,42,moto,37.64
max_pressure,42,auto,41.86
max_pressure,42,moto,40.07
max_pressure,42,car,39.83
max_pressure,42,car,34.38
max_pressure,42,moto,2.15
max_pressure,42,auto,1.28
max_pressure,42,moto,7.71
max_pressure,42,moto,14.53
max_pressure,42,moto,2.64
max_pressure,42,moto,2.69
max_pressure,42,moto,18.81
max_pressure,42,moto,2.34
max_pressure,42,auto,4.49
max_pressure,42,car,56.39
max_pressure,42,moto,34.34
max_pressure,42,moto,43.46
max_pressure,42,auto,46.31
max_pressure,42,auto,34.96
max_pressure,42,moto,42.99
max_pressure,42,moto,30.53
max_pressure,42,auto,47.32
max_pressure,42,moto,35.71
max_pressure,42,auto,24.96
max_pressure,42,auto,59.04
max_pressure,42,moto,45.43
max_pressure,42,auto,48.44
max_pressure,42,car,43.84
max_pressure,42,auto,41.83
max_pressure,42,moto,24.93
max_pressure,42,car,55.24
max_pressure,42,auto,37.05
max_pressure,42,moto,41.2
max_pressure,42,moto,30.27
max_pressure,42,car,37.93
max_pressure,42,moto,17.35
max_pressure,42,moto,42.38
max_pressure,42,moto,14.41
max_pressure,42,moto,2.19
max_pressure,42,car,1.32
max_pressure,42,car,1.76
max_pressure,42,moto,2.39
max_pressure,42,moto,2.14
max_pressure,42,moto,50.97
max_pressure,42,moto,22.01
max_pressure,42,car,43.58
max_pressure,42,moto,33.23
max_pressure,42,car,36.96
max_pressure,42,car,29.72
max_pressure,42,moto,23.55
max_pressure,42,car,46.12
max_pressure,42,auto,28.5
max_pressure,42,moto,51.25
max_pressure,42,auto,37.39
max_pressure,42,moto,32.34
max_pressure,42,moto,27.42
max_pressure,42,moto,8.76
max_pressure,42,car,7.77
max_pressure,42,moto,26.58
max_pressure,42,moto,17.17
max_pressure,42,moto,6.71
max_pressure,42,auto,7.92
max_pressure,42,car,2.12
max_pressure,42,moto,43.15
max_pressure,42,auto,1.34
max_pressure,42,car,48.45
max_pressure,42,moto,35.77
max_pressure,42,moto,45.26
max_pressure,42,moto,17.98
max_pressure,42,car,39.13
max_pressure,42,moto,19.58
max_pressure,42,moto,31.6
max_pressure,42,moto,19.88
max_pressure,42,moto,47.14
max_pressure,42,auto,40.11
max_pressure,42,car,49.78
max_pressure,42,auto,34.77
max_pressure,42,moto,13.15
max_pressure,42,moto,37.89
max_pressure,42,car,13.69
max_pressure,42,moto,3.58
max_pressure,42,moto,38.58
max_pressure,42,auto,19.3
max_pressure,42,moto,9.81
max_pressure,42,car,1.62
max_pressure,42,moto,1.93
max_pressure,42,moto,11.56
max_pressure,42,moto,2.26
max_pressure,42,car,15.94
max_pressure,42,auto,1.42
max_pressure,42,moto,42.37
max_pressure,42,moto,47.66
max_pressure,42,auto,49.54
max_pressure,42,moto,36.89
max_pressure,42,auto,47.27
max_pressure,42,auto,47.75
max_pressure,42,moto,35.41
max_pressure,42,moto,50.51
max_pressure,42,moto,31.57
max_pressure,42,moto,42.98
max_pressure,42,car,36.42
max_pressure,42,moto,54.44
max_pressure,42,moto,36.69
max_pressure,42,auto,56.38
max_pressure,42,moto,38.04
max_pressure,42,moto,35.38
max_pressure,42,auto,30.69
max_pressure,42,auto,48.63
max_pressure,42,moto,32.02
max_pressure,42,moto,27.47
max_pressure,42,moto,29.4
max_pressure,42,auto,18.43
max_pressure,42,moto,2.58
max_pressure,42,auto,12.86
max_pressure,42,moto,8.2
max_pressure,42,moto,10.82
max_pressure,42,car,1.23
max_pressure,42,moto,4.13
max_pressure,42,moto,32.45
max_pressure,42,moto,35.4
max_pressure,42,auto,42.79
max_pressure,42,moto,28.14
max_pressure,42,moto,35.77
max_pressure,42,moto,40.67
max_pressure,42,auto,31.98
max_pressure,42,car,19.65
max_pressure,42,auto,36.65
max_pressure,42,car,28.14
max_pressure,42,moto,37.08
max_pressure,42,moto,25.6
max_pressure,42,moto,32.19
max_pressure,42,moto,18.27
max_pressure,42,auto,13.85
max_pressure,42,moto,4.69
max_pressure,42,moto,3.31
max_pressure,42,auto,1.08
max_pressure,42,moto,41.23
max_pressure,42,auto,42.29
max_pressure,42,moto,32.31
max_pressure,42,moto,31.23
max_pressure,42,car,42.01
max_pressure,42,moto,46.63
max_pressure,42,moto,39.68
max_pressure,42,car,30.32
max_pressure,42,moto,33.79
max_pressure,42,moto,29.39
max_pressure,42,moto,28.1
max_pressure,42,auto,43.8
max_pressure,42,moto,25.89
max_pressure,42,moto,46.82
max_pressure,42,moto,22.32
max_pressure,42,auto,59.86
max_pressure,42,moto,40.19
max_pressure,42,auto,55.53
max_pressure,42,moto,38.68
max_pressure,42,moto,12.2
max_pressure,42,moto,8.01
max_pressure,42,auto,4.1
max_pressure,42,moto,21.52
max_pressure,42,moto,14.76
max_pressure,42,auto,10.45
max_pressure,42,auto,1.09
max_pressure,42,moto,4.64
max_pressure,42,moto,3.51
max_pressure,42,moto,37.98
max_pressure,42,moto,38.15
max_pressure,42,moto,34.54
max_pressure,42,auto,49.72
max_pressure,42,moto,34.74
max_pressure,42,moto,25.32
max_pressure,42,moto,27.69
max_pressure,42,auto,30.05
max_pressure,42,car,27.9
max_pressure,42,moto,34.99
max_pressure,42,moto,39.29
max_pressure,42,car,1.49
max_pressure,42,moto,2.79
max_pressure,42,moto,19.11
max_pressure,42,auto,1.15
max_pressure,42,moto,2.68
max_pressure,42,auto,1.14
max_pressure,42,moto,4.87
max_pressure,42,moto,42.0
max_pressure,42,car,51.58
max_pressure,42,moto,33.01
max_pressure,42,moto,30.34
max_pressure,42,moto,24.57
max_pressure,42,moto,23.45
max_pressure,42,moto,37.6
max_pressure,42,moto,49.29
max_pressure,42,moto,45.1
max_pressure,42,moto,39.05
max_pressure,42,auto,57.3
max_pressure,42,auto,44.99
max_pressure,42,car,40.98
max_pressure,42,moto,40.87
max_pressure,42,moto,39.38
max_pressure,42,moto,14.66
max_pressure,42,moto,4.32
max_pressure,42,moto,15.52
max_pressure,42,moto,19.71
max_pressure,42,auto,1.17
max_pressure,42,moto,2.71
max_pressure,42,car,13.18
max_pressure,42,moto,4.23
max_pressure,42,moto,34.98
max_pressure,42,moto,37.95
max_pressure,42,moto,28.14
max_pressure,42,moto,44.69
max_pressure,42,moto,26.2
max_pressure,42,auto,36.16
max_pressure,42,car,26.58
max_pressure,42,moto,37.02
max_pressure,42,moto,47.18
max_pressure,42,moto,42.83
max_pressure,42,moto,35.41
max_pressure,42,auto,17.43
max_pressure,42,auto,40.93
max_pressure,42,auto,38.16
max_pressure,42,moto,36.46
max_pressure,42,car,46.72
max_pressure,42,auto,60.57
max_pressure,42,moto,52.04
max_pressure,42,moto,21.26
max_pressure,42,car,34.86
max_pressure,42,moto,20.9
max_pressure,42,moto,17.28
max_pressure,42,moto,4.44
max_pressure,42,auto,15.43
max_pressure,42,moto,11.83
max_pressure,42,moto,2.65
max_pressure,42,auto,1.08
max_pressure,42,moto,4.54
max_pressure,42,auto,1.07
max_pressure,42,moto,2.19
max_pressure,42,moto,45.84
max_pressure,42,auto,43.74
max_pressure,42,moto,26.56
max_pressure,42,moto,26.7
max_pressure,42,moto,25.1
max_pressure,42,auto,21.45
max_pressure,42,auto,24.57
max_pressure,42,moto,45.71
max_pressure,42,moto,38.18
max_pressure,42,moto,26.61
max_pressure,42,auto,57.79
max_pressure,42,moto,39.55
max_pressure,42,moto,35.72
max_pressure,42,auto,46.55
max_pressure,42,moto,45.95
max_pressure,42,moto,26.8
max_pressure,42,car,28.13
max_pressure,42,moto,38.16
max_pressure,42,moto,2.27
max_pressure,42,auto,21.74
max_pressure,42,moto,3.57
max_pressure,42,auto,12.42
max_pressure,42,moto,7.67
max_pressure,42,moto,43.16
max_pressure,42,moto,41.13
max_pressure,42,auto,45.68
max_pressure,42,moto,38.2
max_pressure,42,auto,34.58
max_pressure,42,moto,28.96
max_pressure,42,auto,49.21
max_pressure,42,auto,26.95
max_pressure,42,moto,21.53
max_pressure,42,auto,38.25
max_pressure,42,car,41.5
max_pressure,42,moto,49.0
max_pressure,42,auto,44.59
max_pressure,42,auto,40.42
max_pressure,42,car,1.91
max_pressure,42,car,34.36
max_pressure,42,moto,19.77
max_pressure,42,auto,13.28
max_pressure,42,moto,2.88
max_pressure,42,moto,36.99
max_pressure,42,moto,37.25
max_pressure,42,moto,33.08
max_pressure,42,moto,31.01
max_pressure,42,moto,41.8
max_pressure,42,moto,55.6
max_pressure,42,auto,39.51
max_pressure,42,moto,23.09
max_pressure,42,car,41.42
max_pressure,42,auto,34.59
max_pressure,42,moto,38.06
max_pressure,42,moto,56.22
max_pressure,42,car,36.93
max_pressure,42,moto,37.42
max_pressure,42,moto,50.57
max_pressure,42,moto,39.86
max_pressure,42,moto,35.09
max_pressure,42,moto,53.85
max_pressure,42,moto,50.53
max_pressure,42,moto,23.6
max_pressure,42,moto,55.33
max_pressure,42,auto,37.37
max_pressure,42,auto,41.02
max_pressure,42,moto,36.85
max_pressure,42,car,32.4
max_pressure,42,auto,39.91
max_pressure,42,auto,39.76
max_pressure,42,moto,43.28
max_pressure,42,moto,30.81
max_pressure,42,moto,38.0
max_pressure,42,moto,20.17
max_pressure,42,car,10.62
max_pressure,42,moto,16.46
max_pressure,42,moto,12.95
max_pressure,42,moto,2.2
max_pressure,42,moto,3.16
max_pressure,42,moto,45.89
max_pressure,42,moto,32.62
max_pressure,42,auto,29.91
max_pressure,42,auto,45.01
max_pressure,42,car,25.47
max_pressure,42,moto,57.86
max_pressure,42,auto,37.74
max_pressure,42,auto,34.35
max_pressure,42,car,33.95
max_pressure,42,auto,25.18
max_pressure,42,auto,55.46
max_pressure,42,moto,29.5
max_pressure,42,moto,35.61
max_pressure,42,auto,55.38
max_pressure,42,auto,43.9
max_pressure,42,moto,59.45
max_pressure,42,auto,54.89
max_pressure,42,moto,7.8
max_pressure,42,moto,40.49
max_pressure,42,moto,20.58
max_pressure,42,moto,23.82
max_pressure,42,car,15.91
max_pressure,42,moto,19.24
max_pressure,42,moto,20.99
max_pressure,42,moto,17.51
max_pressure,42,moto,16.84
max_pressure,42,moto,8.54
max_pressure,42,moto,40.28
max_pressure,42,moto,37.38
max_pressure,42,moto,32.9
max_pressure,42,auto,36.97
max_pressure,42,moto,31.03
max_pressure,42,car,27.8
max_pressure,42,moto,5.58
max_pressure,42,car,40.03
max_pressure,42,moto,26.03
max_pressure,42,moto,37.78
max_pressure,42,car,30.66
max_pressure,42,car,35.72
max_pressure,42,moto,38.7
max_pressure,42,auto,42.58
max_pressure,42,auto,58.18
max_pressure,42,moto,36.29
max_pressure,42,car,25.18
max_pressure,42,car,40.8
max_pressure,42,car,34.05
max_pressure,42,auto,35.52
max_pressure,42,moto,36.94
max_pressure,42,auto,10.47
max_pressure,42,moto,6.55
max_pressure,42,car,1.49
max_pressure,42,moto,2.46
max_pressure,42,moto,39.01
max_pressure,42,moto,54.46
max_pressure,42,moto,46.11
max_pressure,42,moto,48.56
max_pressure,42,moto,41.48
max_pressure,42,auto,44.64
max_pressure,42,car,27.72
max_pressure,42,auto,41.31
max_pressure,42,auto,58.41
max_pressure,42,car,39.41
max_pressure,42,moto,51.93
max_pressure,42,auto,48.74
max_pressure,42,moto,29.66
max_pressure,42,auto,52.53
max_pressure,42,car,30.88
max_pressure,42,moto,26.21
max_pressure,42,auto,53.36
max_pressure,42,auto,40.06
max_pressure,42,moto,41.22
max_pressure,42,moto,17.3
max_pressure,42,moto,16.29
max_pressure,42,moto,13.74
max_pressure,42,moto,6.94
max_pressure,42,moto,10.99
max_pressure,42,moto,3.05
max_pressure,42,moto,7.24
max_pressure,42,moto,13.01
max_pressure,42,moto,3.29
max_pressure,42,moto,19.19
max_pressure,42,moto,2.01
max_pressure,42,auto,9.17
max_pressure,42,moto,2.66
max_pressure,42,car,54.53
max_pressure,42,car,43.63
max_pressure,42,moto,47.44
max_pressure,42,car,29.99
max_pressure,42,car,33.76
max_pressure,42,moto,27.46
max_pressure,42,auto,59.76
max_pressure,42,moto,53.0
max_pressure,42,moto,54.29
max_pressure,42,moto,49.49
max_pressure,42,moto,31.21
max_pressure,42,auto,39.29
max_pressure,42,moto,46.38
max_pressure,42,moto,54.56
max_pressure,42,moto,39.47
max_pressure,42,auto,54.02
max_pressure,42,auto,55.43
max_pressure,42,moto,62.62
max_pressure,42,moto,48.53
max_pressure,42,moto,31.22
max_pressure,42,moto,51.69
max_pressure,42,car,46.36
max_pressure,42,auto,58.34
max_pressure,42,car,41.61
max_pressure,42,auto,22.38
max_pressure,42,auto,40.42
max_pressure,42,moto,50.77
max_pressure,42,moto,20.52
max_pressure,42,car,45.47
max_pressure,42,moto,15.71
max_pressure,42,moto,44.53
max_pressure,42,moto,9.28
max_pressure,42,auto,1.11
max_pressure,42,moto,1.7
max_pressure,42,moto,47.25
max_pressure,42,car,45.22
max_pressure,42,auto,33.4
max_pressure,42,moto,30.95
max_pressure,42,moto,37.98
max_pressure,42,moto,31.08
max_pressure,42,moto,29.53
max_pressure,42,moto,25.8
max_pressure,42,auto,16.43
max_pressure,42,moto,55.01
max_pressure,42,moto,48.11
max_pressure,42,auto,38.64
max_pressure,42,auto,38.81
max_pressure,42,moto,27.44
max_pressure,42,auto,44.27
max_pressure,42,auto,32.8
max_pressure,42,moto,42.28
max_pressure,42,moto,18.09
max_pressure,42,moto,2.07
max_pressure,42,car,38.25
max_pressure,42,moto,9.76
max_pressure,42,moto,5.8
max_pressure,42,car,1.74
max_pressure,42,moto,42.15
max_pressure,42,moto,31.58
max_pressure,42,car,42.52
max_pressure,42,auto,40.77
max_pressure,42,car,40.34
max_pressure,42,moto,38.63
max_pressure,42,auto,33.43
max_pressure,42,moto,30.37
max_pressure,42,moto,35.51
max_pressure,42,moto,26.55
max_pressure,42,car,37.02
max_pressure,42,moto,54.55
max_pressure,42,auto,28.78
max_pressure,42,moto,3.58
max_pressure,42,car,37.09
max_pressure,42,car,1.99
max_pressure,42,moto,1.77
max_pressure,42,auto,0.84
max_pressure,42,moto,7.68
max_pressure,42,car,1.74
max_pressure,42,moto,12.55
max_pressure,42,moto,9.4
max_pressure,42,car,1.5
max_pressure,42,auto,1.47
max_pressure,42,moto,43.32
max_pressure,42,moto,37.71
max_pressure,42,moto,38.42
max_pressure,42,auto,44.46
max_pressure,42,car,30.32
max_pressure,42,car,33.32
max_pressure,42,auto,36.18
max_pressure,42,moto,21.53
max_pressure,42,moto,38.67
max_pressure,42,moto,26.01
max_pressure,42,auto,52.78
max_pressure,42,moto,46.15
max_pressure,42,auto,54.41
max_pressure,42,car,38.74
max_pressure,42,moto,36.19
max_pressure,42,auto,17.05
max_pressure,42,car,11.44
max_pressure,42,moto,3.69
max_pressure,42,moto,19.51
max_pressure,42,auto,20.76
max_pressure,42,moto,52.09
max_pressure,42,moto,48.28
max_pressure,42,moto,38.85
max_pressure,42,moto,36.33
max_pressure,42,moto,26.19
max_pressure,42,auto,44.81
max_pressure,42,moto,20.48
max_pressure,42,moto,26.43
max_pressure,42,moto,45.23
max_pressure,42,auto,35.62
max_pressure,42,auto,36.98
max_pressure,42,moto,26.97
max_pressure,42,auto,45.27
max_pressure,42,moto,28.59
max_pressure,42,auto,42.31
max_pressure,42,car,29.0
max_pressure,42,moto,27.83
max_pressure,42,car,12.89
max_pressure,42,auto,1.11
max_pressure,42,car,32.16
max_pressure,42,auto,17.01
max_pressure,42,auto,7.32
max_pressure,42,moto,19.25
max_pressure,42,auto,18.52
max_pressure,42,auto,16.25
max_pressure,42,moto,11.91
max_pressure,42,auto,11.07
max_pressure,42,car,4.48
max_pressure,42,moto,32.68
max_pressure,42,auto,46.08
max_pressure,42,car,24.45
max_pressure,42,moto,18.08
max_pressure,42,moto,23.25
max_pressure,42,car,19.25
max_pressure,42,car,30.82
max_pressure,42,auto,21.65
max_pressure,42,moto,57.76
max_pressure,42,car,43.34
max_pressure,42,car,47.28
max_pressure,42,moto,43.25
max_pressure,42,moto,23.51
max_pressure,42,moto,27.67
max_pressure,42,moto,15.99
max_pressure,42,moto,16.3
max_pressure,42,moto,8.59
max_pressure,42,auto,20.94
max_pressure,42,moto,1.73
max_pressure,42,car,1.43
max_pressure,42,moto,2.03
max_pressure,42,auto,1.09
max_pressure,42,moto,39.26
max_pressure,42,moto,43.86
max_pressure,42,moto,24.5
max_pressure,42,auto,38.35
max_pressure,42,car,34.26
max_pressure,42,auto,25.2
max_pressure,42,car,29.59
max_pressure,42,auto,47.13
max_pressure,42,auto,44.28
max_pressure,42,car,28.16
max_pressure,42,moto,34.64
max_pressure,42,car,30.22
max_pressure,42,moto,14.48
max_pressure,42,moto,7.56
max_pressure,42,moto,8.64
max_pressure,42,moto,2.26
max_pressure,42,moto,8.81
max_pressure,42,moto,16.75
max_pressure,42,auto,20.76
max_pressure,42,auto,12.79
max_pressure,42,car,5.65
max_pressure,42,moto,8.93
max_pressure,42,moto,4.8
max_pressure,42,car,1.65
max_pressure,42,moto,51.16
max_pressure,42,moto,31.54
max_pressure,42,moto,41.04
max_pressure,42,moto,35.98
max_pressure,42,moto,2.37
max_pressure,42,moto,42.52
max_pressure,42,moto,45.69
max_pressure,42,moto,55.8
max_pressure,42,moto,18.77
max_pressure,42,moto,21.1
max_pressure,42,auto,17.18
max_pressure,42,auto,18.2
max_pressure,42,moto,3.08
max_pressure,42,auto,15.63
max_pressure,42,auto,7.26
max_pressure,42,moto,46.91
max_pressure,42,moto,41.31
max_pressure,42,auto,28.66
max_pressure,42,moto,26.08
max_pressure,42,auto,30.39
max_pressure,42,auto,53.48
max_pressure,42,auto,54.93
max_pressure,42,auto,48.66
max_pressure,42,moto,49.37
max_pressure,42,car,33.79
max_pressure,42,car,20.65
max_pressure,42,moto,46.02
max_pressure,42,moto,3.13
max_pressure,42,moto,29.77
max_pressure,42,moto,28.44
max_pressure,42,moto,10.28
max_pressure,42,moto,16.69
max_pressure,42,moto,29.78
max_pressure,42,moto,47.82
max_pressure,42,moto,39.3
max_pressure,42,moto,46.87
max_pressure,42,moto,27.55
max_pressure,42,car,32.13
max_pressure,42,auto,34.25
max_pressure,42,auto,27.23
max_pressure,42,moto,46.11
max_pressure,42,car,34.65
max_pressure,42,moto,32.15
max_pressure,42,auto,49.36
max_pressure,42,auto,40.33
max_pressure,42,moto,33.61
max_pressure,42,auto,52.55
max_pressure,42,auto,47.96
max_pressure,42,moto,37.65
max_pressure,42,moto,36.88
max_pressure,42,moto,4.78
max_pressure,42,car,34.81
max_pressure,42,car,1.53
max_pressure,42,auto,1.23
max_pressure,42,auto,1.34
max_pressure,42,moto,2.6
max_pressure,42,car,50.62
max_pressure,42,moto,49.66
max_pressure,42,moto,39.57
max_pressure,42,moto,30.21
max_pressure,42,moto,31.32
max_pressure,42,car,26.94
max_pressure,42,moto,47.67
max_pressure,42,moto,52.97
max_pressure,42,moto,52.95
max_pressure,42,moto,54.68
max_pressure,42,auto,56.18
max_pressure,42,auto,49.25
max_pressure,42,auto,51.58
max_pressure,42,auto,49.23
max_pressure,42,moto,55.73
max_pressure,42,auto,44.48
max_pressure,42,car,40.13
max_pressure,42,moto,14.88
max_pressure,42,moto,2.5
max_pressure,42,moto,39.3
max_pressure,42,moto,15.23
max_pressure,42,moto,8.41
max_pressure,42,moto,7.41
max_pressure,42,car,6.89
max_pressure,42,auto,18.27
max_pressure,42,car,1.32
max_pressure,42,moto,12.14
max_pressure,42,moto,5.99
max_pressure,42,car,20.83
max_pressure,42,moto,4.45
max_pressure,42,auto,4.86
max_pressure,42,moto,29.36
max_pressure,42,moto,23.41
max_pressure,42,moto,46.15
max_pressure,42,car,43.14
max_pressure,42,car,39.96
max_pressure,42,auto,26.17
max_pressure,42,moto,30.1
max_pressure,42,moto,34.42
max_pressure,42,car,27.25
max_pressure,42,auto,51.01
max_pressure,42,auto,51.31
max_pressure,42,auto,55.41
max_pressure,42,moto,53.0
max_pressure,42,auto,46.83
max_pressure,42,moto,45.05
max_pressure,42,moto,42.36
max_pressure,42,auto,39.74
max_pressure,42,moto,44.32
max_pressure,42,moto,41.75
max_pressure,42,moto,37.9
max_pressure,42,moto,26.18
max_pressure,42,car,13.22
max_pressure,42,auto,13.01
max_pressure,42,car,8.66
max_pressure,42,moto,44.58
max_pressure,42,moto,33.74
max_pressure,42,moto,40.71
max_pressure,42,moto,44.52
max_pressure,42,moto,32.22
max_pressure,42,moto,32.9
max_pressure,42,car,33.52
max_pressure,42,moto,28.52
max_pressure,42,moto,55.61
max_pressure,42,auto,41.64
max_pressure,42,moto,36.56
max_pressure,42,moto,35.22
max_pressure,42,car,41.74
max_pressure,42,moto,38.5
max_pressure,42,moto,32.0
max_pressure,42,auto,32.16
max_pressure,42,moto,22.19
max_pressure,42,car,34.17
max_pressure,42,auto,27.01
max_pressure,42,car,34.68
max_pressure,42,moto,16.32
max_pressure,42,auto,19.18
max_pressure,42,moto,17.39
max_pressure,42,moto,3.47
max_pressure,42,car,1.2
max_pressure,42,moto,2.61
max_pressure,42,moto,2.22
max_pressure,42,moto,1.64
max_pressure,42,moto,47.85
max_pressure,42,moto,46.59
max_pressure,42,moto,40.5
max_pressure,42,car,45.55
max_pressure,42,moto,27.62
max_pressure,42,auto,31.34
max_pressure,42,moto,33.06
max_pressure,42,car,40.02
max_pressure,42,moto,26.37
max_pressure,42,auto,47.74
max_pressure,42,moto,41.31
max_pressure,42,car,40.05
max_pressure,42,car,43.38
max_pressure,42,moto,38.63
max_pressure,42,auto,45.21
max_pressure,42,moto,39.47
max_pressure,42,auto,35.61
max_pressure,42,auto,34.72
max_pressure,42,moto,44.27
max_pressure,42,auto,39.6
max_pressure,42,moto,24.97
max_pressure,42,moto,25.35
max_pressure,42,moto,27.86
max_pressure,42,moto,37.26
max_pressure,42,car,29.01
max_pressure,42,moto,13.71
max_pressure,42,moto,11.59
max_pressure,42,auto,1.19
max_pressure,42,car,1.23
max_pressure,42,car,43.69
max_pressure,42,moto,34.46
max_pressure,42,moto,31.8
max_pressure,42,moto,28.28
max_pressure,42,moto,23.54
max_pressure,42,car,1.72
max_pressure,42,auto,46.65
max_pressure,42,auto,44.66
max_pressure,42,moto,32.69
max_pressure,42,moto,38.49
max_pressure,42,moto,35.65
max_pressure,42,moto,37.46
max_pressure,42,auto,32.19
max_pressure,42,auto,54.92
max_pressure,42,moto,35.61
max_pressure,42,auto,37.92
max_pressure,42,auto,39.07
max_pressure,42,moto,39.68
max_pressure,42,moto,22.86
max_pressure,42,moto,18.75
max_pressure,42,auto,20.02
max_pressure,42,moto,23.09
max_pressure,42,auto,12.04
max_pressure,42,moto,3.68
max_pressure,42,moto,20.37
max_pressure,42,moto,1.7
max_pressure,42,auto,15.82
max_pressure,42,moto,2.65
max_pressure,42,moto,34.7
max_pressure,42,moto,42.12
max_pressure,42,moto,3.0
max_pressure,42,moto,27.7
max_pressure,42,auto,34.88
max_pressure,42,auto,43.55
max_pressure,42,moto,33.87
max_pressure,42,moto,36.63
max_pressure,42,moto,40.89
max_pressure,42,auto,57.45
max_pressure,42,auto,55.45
max_pressure,42,auto,34.69
max_pressure,42,car,54.57
max_pressure,42,car,45.55
max_pressure,42,car,15.47
max_pressure,42,moto,47.68
max_pressure,42,moto,37.54
max_pressure,42,moto,55.47
max_pressure,42,car,38.15
max_pressure,42,moto,30.59
max_pressure,42,moto,2.89
max_pressure,42,car,15.65
max_pressure,42,moto,30.79
max_pressure,42,moto,18.69
max_pressure,42,moto,21.13
max_pressure,42,moto,12.59
max_pressure,42,auto,16.24
max_pressure,42,auto,4.47
max_pressure,42,auto,12.47
max_pressure,42,moto,6.41
max_pressure,42,moto,5.81
max_pressure,42,auto,1.08
max_pressure,42,auto,15.33
max_pressure,42,moto,2.44
max_pressure,42,moto,49.47
max_pressure,42,car,46.03
max_pressure,42,moto,44.02
max_pressure,42,moto,39.77
max_pressure,42,moto,44.0
max_pressure,42,moto,44.37
max_pressure,42,moto,45.18
max_pressure,42,moto,22.94
max_pressure,42,auto,47.67
max_pressure,42,moto,39.2
max_pressure,42,moto,50.51
max_pressure,42,car,42.54
max_pressure,42,moto,22.88
max_pressure,42,car,29.28
max_pressure,42,moto,27.76
max_pressure,42,auto,22.2
max_pressure,42,moto,32.84
max_pressure,42,auto,36.52
max_pressure,42,auto,40.37
max_pressure,42,moto,2.33
max_pressure,42,moto,33.36
max_pressure,42,moto,21.45
max_pressure,42,moto,14.83
max_pressure,42,auto,9.42
max_pressure,42,auto,15.25
max_pressure,42,moto,2.19
max_pressure,42,car,1.11
max_pressure,42,car,26.0
max_pressure,42,auto,25.73
max_pressure,42,auto,31.43
max_pressure,42,moto,54.54
max_pressure,42,moto,35.15
max_pressure,42,moto,31.03
max_pressure,42,moto,46.71
max_pressure,42,moto,34.9
max_pressure,42,moto,35.11
max_pressure,42,moto,8.81
max_pressure,42,moto,37.71
max_pressure,42,moto,29.53
max_pressure,42,moto,15.84
max_pressure,42,moto,14.35
max_pressure,42,auto,19.41
max_pressure,42,moto,9.34
max_pressure,42,auto,12.97
max_pressure,42,auto,21.99
max_pressure,42,auto,1.64
max_pressure,42,moto,34.24
max_pressure,42,car,3.96
max_pressure,42,moto,43.15
max_pressure,42,moto,25.13
max_pressure,42,car,30.52
max_pressure,42,moto,44.37
max_pressure,42,moto,17.7
max_pressure,42,moto,47.67
max_pressure,42,auto,56.76
max_pressure,42,moto,30.62
max_pressure,42,moto,34.89
max_pressure,42,car,49.17
max_pressure,42,moto,45.01
max_pressure,42,car,51.73
max_pressure,42,car,45.39
max_pressure,42,car,38.52
max_pressure,42,moto,49.74
max_pressure,42,moto,9.95
max_pressure,42,moto,26.76
max_pressure,42,moto,17.75
max_pressure,42,moto,16.96
max_pressure,42,moto,33.77
max_pressure,42,car,10.37
max_pressure,42,moto,8.97
max_pressure,42,moto,31.22
max_pressure,42,moto,44.66
max_pressure,42,moto,38.67
max_pressure,42,auto,48.15
max_pressure,42,moto,45.18
max_pressure,42,car,37.96
max_pressure,42,moto,33.27
max_pressure,42,moto,46.58
max_pressure,42,moto,33.75
max_pressure,42,auto,47.77
max_pressure,42,moto,47.58
max_pressure,42,moto,31.47
max_pressure,42,auto,56.13
max_pressure,42,car,44.59
max_pressure,42,auto,38.82
max_pressure,42,moto,2.63
max_pressure,42,moto,2.21
max_pressure,42,auto,24.33
max_pressure,42,auto,7.82
max_pressure,42,moto,6.71
max_pressure,42,moto,2.32
max_pressure,42,car,7.76
max_pressure,42,moto,3.77
max_pressure,42,moto,51.84
max_pressure,42,moto,44.38
max_pressure,42,moto,28.98
max_pressure,42,auto,31.13
max_pressure,42,car,21.59
max_pressure,42,moto,45.14
max_pressure,42,moto,58.21
max_pressure,42,auto,51.42
max_pressure,42,car,33.92
max_pressure,42,auto,51.99
max_pressure,42,moto,42.0
max_pressure,42,auto,41.22
max_pressure,42,moto,27.57
max_pressure,42,moto,37.59
max_pressure,42,auto,45.24
max_pressure,42,moto,36.56
max_pressure,42,auto,33.18
max_pressure,42,auto,12.57
max_pressure,42,auto,36.8
max_pressure,42,moto,35.74
max_pressure,42,moto,35.29
max_pressure,42,moto,1.85
max_pressure,42,car,17.07
max_pressure,42,moto,30.56
max_pressure,42,auto,18.41
max_pressure,42,moto,2.82
max_pressure,42,moto,22.16
max_pressure,42,auto,1.58
max_pressure,42,car,44.96
max_pressure,42,moto,49.86
max_pressure,42,moto,41.02
max_pressure,42,auto,48.57
max_pressure,42,car,39.95
max_pressure,42,moto,36.13
max_pressure,42,moto,42.91
max_pressure,42,auto,47.98
max_pressure,42,auto,58.36
max_pressure,42,moto,42.16
max_pressure,42,auto,49.14
max_pressure,42,auto,40.31
max_pressure,42,auto,38.24
max_pressure,42,moto,31.14
max_pressure,42,auto,40.79
max_pressure,42,car,40.65
max_pressure,42,auto,36.44
max_pressure,42,moto,6.98
max_pressure,42,moto,11.31
max_pressure,42,moto,36.66
max_pressure,42,moto,22.19
max_pressure,42,moto,32.73
max_pressure,42,auto,11.73
max_pressure,42,moto,39.39
max_pressure,42,moto,12.6
max_pressure,42,moto,1.56
max_pressure,42,moto,2.11
max_pressure,42,moto,47.54
max_pressure,42,moto,43.62
max_pressure,42,auto,49.4
max_pressure,42,auto,43.7
max_pressure,42,car,36.15
max_pressure,42,auto,23.55
max_pressure,42,auto,48.61
max_pressure,42,moto,45.21
max_pressure,42,auto,37.64
max_pressure,42,moto,36.78
max_pressure,42,moto,40.0
max_pressure,42,moto,36.84
max_pressure,42,moto,35.69
max_pressure,42,moto,9.51
max_pressure,42,moto,39.61
max_pressure,42,moto,2.31
max_pressure,42,auto,15.22
max_pressure,42,auto,10.18
max_pressure,42,moto,13.47
max_pressure,42,car,10.15
max_pressure,42,moto,3.07
max_pressure,42,moto,2.26
max_pressure,42,car,2.2
max_pressure,42,auto,2.38
max_pressure,42,auto,49.7
max_pressure,42,auto,47.84
max_pressure,42,moto,49.23
max_pressure,42,auto,45.92
max_pressure,42,moto,38.08
max_pressure,42,moto,33.19
max_pressure,42,moto,52.62
max_pressure,42,moto,47.4
max_pressure,42,auto,41.94
max_pressure,42,auto,44.35
max_pressure,42,moto,48.28
max_pressure,42,car,59.99
max_pressure,42,moto,24.54
max_pressure,42,moto,43.17
max_pressure,42,moto,45.77
max_pressure,42,auto,48.54
max_pressure,42,car,44.76
max_pressure,42,auto,35.52
max_pressure,42,moto,42.4
max_pressure,42,car,30.67
max_pressure,42,auto,39.84
max_pressure,42,moto,28.17
max_pressure,42,moto,22.42
max_pressure,42,moto,38.5
max_pressure,42,auto,31.88
max_pressure,42,moto,11.85
max_pressure,42,moto,2.25
max_pressure,42,auto,8.59
max_pressure,42,moto,2.58
max_pressure,42,moto,39.15
max_pressure,42,moto,43.09
max_pressure,42,moto,40.49
max_pressure,42,auto,40.43
max_pressure,42,moto,37.72
max_pressure,42,moto,26.46
max_pressure,42,auto,39.47
max_pressure,42,auto,39.54
max_pressure,42,moto,31.04
max_pressure,42,moto,28.74
max_pressure,42,moto,33.86
max_pressure,42,auto,39.47
max_pressure,42,moto,38.88
max_pressure,42,car,42.27
max_pressure,42,auto,39.17
max_pressure,42,moto,31.87
max_pressure,42,moto,32.59
max_pressure,42,auto,61.48
max_pressure,42,moto,33.56
max_pressure,42,moto,40.07
max_pressure,42,car,38.28
max_pressure,42,moto,17.54
max_pressure,42,moto,10.81
max_pressure,42,moto,4.86
max_pressure,42,auto,1.89
max_pressure,42,moto,1.69
max_pressure,42,moto,41.25
max_pressure,42,auto,43.38
max_pressure,42,moto,43.72
max_pressure,42,auto,42.0
max_pressure,42,moto,42.7
max_pressure,42,moto,50.95
max_pressure,42,car,48.16
max_pressure,42,moto,33.34
max_pressure,42,moto,54.97
max_pressure,42,moto,32.14
max_pressure,42,car,51.52
max_pressure,42,auto,24.63
max_pressure,42,moto,49.19
max_pressure,42,auto,39.63
max_pressure,42,car,29.31
max_pressure,42,moto,34.37
max_pressure,42,moto,29.0
max_pressure,42,moto,29.8
max_pressure,42,car,33.86
max_pressure,42,auto,37.6
max_pressure,42,auto,25.97
max_pressure,42,moto,9.56
max_pressure,42,moto,39.06
max_pressure,42,auto,4.78
max_pressure,42,car,6.7
max_pressure,42,moto,17.55
max_pressure,42,moto,8.51
max_pressure,42,moto,47.22
max_pressure,42,moto,48.94
max_pressure,42,moto,44.56
max_pressure,42,moto,45.9
max_pressure,42,auto,48.43
max_pressure,42,moto,38.21
max_pressure,42,car,52.56
max_pressure,42,moto,43.9
max_pressure,42,moto,48.43
max_pressure,42,moto,35.72
max_pressure,42,moto,26.78
max_pressure,42,moto,36.05
max_pressure,42,moto,29.62
max_pressure,42,car,55.75
max_pressure,42,car,47.68
max_pressure,42,auto,34.44
max_pressure,42,moto,46.82
max_pressure,42,moto,40.5
max_pressure,42,moto,58.01
max_pressure,42,car,36.57
max_pressure,42,moto,26.56
max_pressure,42,car,1.79
max_pressure,42,moto,13.01
max_pressure,42,auto,18.98
max_pressure,42,auto,12.74
max_pressure,42,car,0.97
max_pressure,42,moto,23.74
max_pressure,42,moto,41.04
max_pressure,42,moto,33.89
max_pressure,42,moto,4.43
max_pressure,42,moto,33.63
max_pressure,42,moto,30.62
max_pressure,42,moto,41.72
max_pressure,42,auto,50.89
max_pressure,42,moto,46.4
max_pressure,42,moto,20.18
max_pressure,42,moto,35.17
max_pressure,42,car,44.48
max_pressure,42,auto,49.02
max_pressure,42,moto,37.32
max_pressure,42,moto,36.21
max_pressure,42,moto,34.24
max_pressure,42,moto,35.69
max_pressure,42,car,28.32
max_pressure,42,moto,34.82
max_pressure,42,car,16.85
max_pressure,42,moto,4.69
max_pressure,42,moto,18.52
max_pressure,42,car,6.4
max_pressure,42,car,20.76
max_pressure,42,moto,5.38
max_pressure,42,auto,19.63
max_pressure,42,auto,23.88
max_pressure,42,moto,3.76
max_pressure,42,car,42.75
max_pressure,42,moto,31.88
max_pressure,42,moto,25.07
max_pressure,42,car,44.16
max_pressure,42,car,45.54
max_pressure,42,moto,38.66
max_pressure,42,moto,44.84
max_pressure,42,car,27.83
max_pressure,42,moto,40.76
max_pressure,42,car,15.67
max_pressure,42,auto,12.07
max_pressure,42,car,19.66
max_pressure,42,moto,3.9
max_pressure,42,car,48.74
max_pressure,42,auto,45.8
max_pressure,42,moto,38.6
max_pressure,42,moto,45.05
max_pressure,42,auto,33.69
max_pressure,42,auto,23.39
max_pressure,42,moto,36.42
max_pressure,42,moto,39.81
max_pressure,42,auto,53.82
max_pressure,42,car,51.79
max_pressure,42,auto,57.56
max_pressure,42,car,38.48
max_pressure,42,auto,30.37
max_pressure,42,moto,33.87
max_pressure,42,car,22.01
max_pressure,42,moto,14.15
max_pressure,42,auto,26.25
max_pressure,42,moto,13.39
max_pressure,42,moto,3.05
max_pressure,42,moto,6.85
max_pressure,42,moto,4.12
max_pressure,42,car,4.2
max_pressure,42,car,1.25
max_pressure,42,moto,44.27
max_pressure,42,auto,44.99
max_pressure,42,moto,38.55
max_pressure,42,auto,44.68
max_pressure,42,car,40.18
max_pressure,42,auto,26.3
max_pressure,42,moto,55.85
max_pressure,42,moto,31.06
max_pressure,42,car,43.28
max_pressure,42,auto,26.72
max_pressure,42,moto,55.08
max_pressure,42,moto,41.61
max_pressure,42,auto,47.66
max_pressure,42,moto,38.62
max_pressure,42,moto,32.59
max_pressure,42,moto,39.96
max_pressure,42,car,51.2
max_pressure,42,moto,25.77
max_pressure,42,moto,22.26
max_pressure,42,moto,7.3
max_pressure,42,moto,16.11
max_pressure,42,moto,18.68
max_pressure,42,car,12.32
max_pressure,42,moto,15.28
max_pressure,42,moto,10.47
max_pressure,42,moto,4.44
max_pressure,42,moto,3.14
max_pressure,42,auto,1.4
max_pressure,42,moto,2.04
max_pressure,42,moto,35.67
max_pressure,42,moto,31.43
max_pressure,42,moto,45.04
max_pressure,42,moto,43.61
max_pressure,42,auto,48.17
max_pressure,42,moto,53.24
max_pressure,42,car,26.35
max_pressure,42,moto,51.71
max_pressure,42,moto,47.5
max_pressure,42,moto,45.79
max_pressure,42,moto,53.58
max_pressure,42,auto,30.0
max_pressure,42,auto,33.63
max_pressure,42,moto,40.67
max_pressure,42,moto,35.24
max_pressure,42,moto,13.83
max_pressure,42,moto,4.91
max_pressure,42,moto,22.65
max_pressure,42,auto,1.15
max_pressure,42,moto,4.83
max_pressure,42,moto,3.48
max_pressure,42,moto,31.43
max_pressure,42,moto,27.57
max_pressure,42,moto,20.79
max_pressure,42,car,25.06
max_pressure,42,moto,44.37
max_pressure,42,car,57.58
max_pressure,42,auto,36.61
max_pressure,42,auto,44.77
max_pressure,42,moto,36.6
max_pressure,42,auto,38.63
max_pressure,42,moto,34.49
max_pressure,42,car,39.37
max_pressure,42,moto,1.79
max_pressure,42,auto,9.55
max_pressure,42,auto,1.37
max_pressure,42,car,1.46
max_pressure,42,moto,19.67
max_pressure,42,moto,2.21
max_pressure,42,moto,2.75
max_pressure,42,moto,2.63
max_pressure,42,moto,43.78
max_pressure,42,moto,33.1
max_pressure,42,moto,27.62
max_pressure,42,auto,43.02
max_pressure,42,moto,43.08
max_pressure,42,auto,41.5
max_pressure,42,moto,37.57
max_pressure,42,car,41.75
max_pressure,42,moto,56.71
max_pressure,42,car,22.39
max_pressure,42,moto,49.06
max_pressure,42,moto,42.34
max_pressure,42,moto,46.79
max_pressure,42,car,48.54
max_pressure,42,moto,37.7
max_pressure,42,moto,49.7
max_pressure,42,moto,51.01
max_pressure,42,auto,49.73
max_pressure,42,car,56.45
max_pressure,42,auto,40.13
max_pressure,42,moto,27.8
max_pressure,42,moto,34.24
max_pressure,42,moto,9.15
max_pressure,42,auto,13.98
max_pressure,42,moto,14.37
max_pressure,42,car,8.4
max_pressure,42,moto,18.79
max_pressure,42,moto,11.57
max_pressure,42,moto,3.99
max_pressure,42,moto,20.78
max_pressure,42,moto,2.6
max_pressure,42,moto,6.05
max_pressure,42,moto,28.84
max_pressure,42,auto,48.54
max_pressure,42,moto,43.65
max_pressure,42,auto,38.58
max_pressure,42,car,39.62
max_pressure,42,moto,25.08
max_pressure,42,auto,45.94
max_pressure,42,moto,36.29
max_pressure,42,moto,29.79
max_pressure,42,car,10.75
max_pressure,42,car,13.21
max_pressure,42,auto,24.54
max_pressure,42,auto,17.99
max_pressure,42,auto,0.96
max_pressure,42,moto,2.81
max_pressure,42,moto,2.34
max_pressure,42,moto,11.2
max_pressure,42,moto,48.29
max_pressure,42,moto,23.76
max_pressure,42,moto,19.54
max_pressure,42,moto,33.48
max_pressure,42,auto,55.27
max_pressure,42,auto,56.42
max_pressure,42,moto,51.87
max_pressure,42,car,50.51
max_pressure,42,auto,49.3
max_pressure,42,moto,54.32
max_pressure,42,moto,48.64
max_pressure,42,moto,47.76
max_pressure,42,auto,39.9
max_pressure,42,moto,37.86
max_pressure,42,moto,53.08
max_pressure,42,moto,36.46
max_pressure,42,moto,38.09
max_pressure,42,car,38.54
max_pressure,42,moto,2.46
max_pressure,42,moto,25.39
max_pressure,42,moto,30.95
max_pressure,42,moto,2.93
max_pressure,42,moto,2.53
max_pressure,42,car,1.57
max_pressure,42,moto,12.8
max_pressure,42,moto,5.41
max_pressure,42,auto,1.68
max_pressure,42,auto,1.93
max_pressure,42,car,12.87
max_pressure,42,car,1.2
max_pressure,42,moto,28.87
max_pressure,42,car,45.66
max_pressure,42,auto,45.93
max_pressure,42,moto,35.8
max_pressure,42,auto,47.18
max_pressure,42,moto,26.69
max_pressure,42,car,43.96
max_pressure,42,moto,40.27
max_pressure,42,moto,36.35
max_pressure,42,auto,26.67
max_pressure,42,moto,25.14
max_pressure,42,moto,51.97
max_pressure,42,car,48.26
max_pressure,42,auto,41.96
max_pressure,42,moto,38.73
max_pressure,42,auto,42.04
max_pressure,42,moto,36.21
max_pressure,42,auto,36.3
max_pressure,42,moto,38.83
max_pressure,42,moto,34.13
max_pressure,42,moto,31.28
max_pressure,42,moto,17.59
max_pressure,42,moto,9.47
max_pressure,42,moto,15.48
max_pressure,42,auto,14.47
max_pressure,42,moto,9.82
max_pressure,42,auto,19.74
max_pressure,42,moto,9.56
max_pressure,42,moto,9.89
max_pressure,42,moto,7.17
max_pressure,42,moto,31.9
max_pressure,42,moto,27.92
max_pressure,42,moto,28.18
max_pressure,42,car,35.59
max_pressure,42,auto,36.65
max_pressure,42,auto,25.43
max_pressure,42,moto,25.82
max_pressure,42,moto,45.25
max_pressure,42,moto,30.01
max_pressure,42,moto,28.2
max_pressure,42,moto,27.48
max_pressure,42,moto,3.41
max_pressure,42,moto,36.67
max_pressure,42,car,13.24
max_pressure,42,moto,10.24
max_pressure,42,auto,1.09
max_pressure,42,moto,5.83
max_pressure,42,moto,17.28
max_pressure,42,auto,2.08
max_pressure,42,moto,5.1
max_pressure,42,moto,40.3
max_pressure,42,moto,48.44
max_pressure,42,moto,47.54
max_pressure,42,moto,42.23
max_pressure,42,auto,44.92
max_pressure,42,moto,22.84
max_pressure,42,moto,31.57
max_pressure,42,moto,47.08
max_pressure,42,auto,18.58
max_pressure,42,auto,59.95
max_pressure,42,moto,43.26
max_pressure,42,auto,48.01
max_pressure,42,auto,44.79
max_pressure,42,auto,25.35
max_pressure,42,car,37.52
max_pressure,42,moto,27.99
max_pressure,42,moto,27.02
max_pressure,42,moto,20.25
max_pressure,42,auto,22.31
max_pressure,42,auto,13.3
max_pressure,42,auto,11.78
max_pressure,42,auto,9.02
max_pressure,42,moto,10.02
max_pressure,42,car,3.93
max_pressure,42,car,16.3
max_pressure,42,auto,16.2
max_pressure,42,auto,21.38
max_pressure,42,auto,14.82
max_pressure,42,car,11.27
max_pressure,42,car,55.35
max_pressure,42,car,4.6
max_pressure,42,auto,42.06
max_pressure,42,moto,41.88
max_pressure,42,moto,42.19
max_pressure,42,moto,35.08
max_pressure,42,auto,22.36
max_pressure,42,moto,53.28
max_pressure,42,moto,36.58
max_pressure,42,auto,30.64
max_pressure,42,moto,30.28
max_pressure,42,moto,51.48
max_pressure,42,auto,41.32
max_pressure,42,auto,27.98
max_pressure,42,auto,48.08
max_pressure,42,auto,43.93
max_pressure,42,moto,42.05
max_pressure,42,auto,26.99
max_pressure,42,auto,36.28
max_pressure,42,moto,37.82
max_pressure,42,moto,37.83
max_pressure,42,auto,45.38
max_pressure,42,moto,43.43
max_pressure,42,auto,27.81
max_pressure,42,car,36.89
max_pressure,42,moto,37.7
max_pressure,42,moto,33.5
max_pressure,42,moto,15.61
max_pressure,42,moto,13.47
max_pressure,42,car,0.94
max_pressure,42,car,8.9
max_pressure,42,moto,16.2
max_pressure,42,auto,18.14
max_pressure,42,moto,1.93
max_pressure,42,moto,50.73
max_pressure,42,car,46.54
max_pressure,42,moto,30.93
max_pressure,42,moto,22.45
max_pressure,42,moto,33.32
max_pressure,42,moto,49.75
max_pressure,42,moto,38.71
max_pressure,42,moto,18.25
max_pressure,42,car,24.21
max_pressure,42,auto,46.45
max_pressure,42,moto,49.89
max_pressure,42,car,21.79
max_pressure,42,car,32.94
max_pressure,42,moto,37.55
max_pressure,42,moto,29.71
max_pressure,42,moto,18.57
max_pressure,42,auto,19.11
max_pressure,42,car,3.94
max_pressure,42,moto,22.75
max_pressure,42,moto,4.9
max_pressure,42,car,2.3
max_pressure,42,moto,3.26
max_pressure,42,moto,46.79
max_pressure,42,moto,47.86
max_pressure,42,moto,43.11
max_pressure,42,moto,26.25
max_pressure,42,moto,32.18
max_pressure,42,moto,43.97
max_pressure,42,moto,43.82
max_pressure,42,car,57.57
max_pressure,42,auto,42.78
max_pressure,42,auto,28.93
max_pressure,42,auto,58.13
max_pressure,42,moto,25.63
max_pressure,42,auto,31.9
max_pressure,42,auto,29.74
max_pressure,42,moto,44.95
max_pressure,42,moto,51.67
max_pressure,42,car,52.43
max_pressure,42,auto,43.23
max_pressure,42,moto,39.04
max_pressure,42,moto,28.71
max_pressure,42,moto,9.64
max_pressure,42,car,20.65
max_pressure,42,moto,18.55
max_pressure,42,moto,13.61
max_pressure,42,auto,17.14
max_pressure,42,auto,7.97
max_pressure,42,moto,5.8
max_pressure,42,moto,2.07
max_pressure,42,car,8.37
max_pressure,42,auto,4.97
max_pressure,42,moto,4.23
max_pressure,42,moto,3.59
max_pressure,42,auto,1.99
max_pressure,42,moto,2.44
max_pressure,42,moto,42.68
max_pressure,42,auto,42.39
max_pressure,42,auto,19.58
max_pressure,42,moto,51.95
max_pressure,42,car,14.75
max_pressure,42,moto,57.02
max_pressure,42,car,58.62
max_pressure,42,car,48.74
max_pressure,42,auto,49.61
max_pressure,42,car,51.03
max_pressure,42,moto,45.88
max_pressure,42,moto,54.49
max_pressure,42,moto,58.32
max_pressure,42,auto,34.53
max_pressure,42,moto,51.49
max_pressure,42,moto,53.19
max_pressure,42,car,46.76
max_pressure,42,moto,45.65
max_pressure,42,moto,54.61
max_pressure,42,car,40.36
max_pressure,42,moto,33.44
max_pressure,42,moto,40.66
max_pressure,42,moto,21.49
max_pressure,42,moto,38.19
max_pressure,42,moto,22.6
max_pressure,42,moto,18.1
max_pressure,42,moto,1.94
max_pressure,42,moto,4.79
max_pressure,42,moto,2.05
max_pressure,42,moto,30.87
max_pressure,42,moto,49.11
max_pressure,42,moto,46.47
max_pressure,42,car,44.59
max_pressure,42,moto,33.17
max_pressure,42,auto,46.86
max_pressure,42,moto,33.37
max_pressure,42,car,23.9
max_pressure,42,moto,52.53
max_pressure,42,auto,45.93
max_pressure,42,car,42.37
max_pressure,42,moto,30.86
max_pressure,42,auto,32.66
max_pressure,42,auto,49.26
max_pressure,42,moto,22.96
max_pressure,42,moto,34.35
max_pressure,42,car,41.45
max_pressure,42,moto,30.57
max_pressure,42,moto,14.11
max_pressure,42,car,3.62
max_pressure,42,moto,21.04
max_pressure,42,moto,3.32
max_pressure,42,moto,19.07
max_pressure,42,moto,14.21
max_pressure,42,moto,20.78
max_pressure,42,car,6.25
max_pressure,42,car,1.67
max_pressure,42,moto,3.9
max_pressure,42,moto,43.44
max_pressure,42,moto,29.26
max_pressure,42,moto,25.69
max_pressure,42,moto,30.25
max_pressure,42,moto,27.61
max_pressure,42,auto,48.25
max_pressure,42,auto,27.93
max_pressure,42,moto,44.13
max_pressure,42,auto,30.86
max_pressure,42,car,34.1
max_pressure,42,moto,8.82
max_pressure,42,auto,16.05
max_pressure,42,auto,0.84
max_pressure,42,moto,14.4
max_pressure,42,auto,7.49
max_pressure,42,moto,1.96
max_pressure,42,moto,3.06
max_pressure,42,moto,33.13
max_pressure,42,moto,47.41
max_pressure,42,moto,2.9
max_pressure,42,auto,47.65
max_pressure,42,auto,44.04
max_pressure,42,moto,3.4
max_pressure,42,moto,28.51
max_pressure,42,moto,24.24
max_pressure,42,moto,38.01
max_pressure,42,moto,43.45
max_pressure,42,car,28.23
max_pressure,42,moto,52.74
max_pressure,42,moto,44.71
max_pressure,42,auto,21.17
max_pressure,42,moto,23.2
max_pressure,42,moto,51.4
max_pressure,42,moto,40.87
max_pressure,42,moto,37.42
max_pressure,42,auto,43.68
max_pressure,42,moto,25.56
max_pressure,42,moto,13.12
max_pressure,42,moto,32.95
max_pressure,42,moto,16.83
max_pressure,42,moto,1.78
max_pressure,42,auto,18.77
max_pressure,42,car,1.53
max_pressure,42,auto,18.62
max_pressure,42,auto,18.72
max_pressure,42,moto,2.96
max_pressure,42,moto,4.25
max_pressure,42,auto,47.89
max_pressure,42,auto,45.37
max_pressure,42,auto,40.09
max_pressure,42,moto,34.01
max_pressure,42,moto,44.08
max_pressure,42,moto,44.52
max_pressure,42,auto,33.43
max_pressure,42,moto,31.44
max_pressure,42,moto,30.94
max_pressure,42,moto,24.37
max_pressure,42,auto,50.76
max_pressure,42,moto,41.62
max_pressure,42,auto,43.66
max_pressure,42,moto,36.89
max_pressure,42,moto,8.9
max_pressure,42,moto,20.87
max_pressure,42,car,1.48
max_pressure,42,moto,17.08
max_pressure,42,moto,19.56
max_pressure,42,moto,2.22
max_pressure,42,moto,4.63
max_pressure,42,auto,8.2
max_pressure,42,moto,41.8
max_pressure,42,moto,4.76
max_pressure,42,auto,50.39
max_pressure,42,auto,40.18
max_pressure,42,car,34.41
max_pressure,42,moto,40.68
max_pressure,42,car,38.71
max_pressure,42,moto,37.64
max_pressure,42,auto,25.36
max_pressure,42,moto,28.5
max_pressure,42,auto,57.77
max_pressure,42,auto,47.88
max_pressure,42,moto,26.4
max_pressure,42,car,35.48
max_pressure,42,moto,35.95
max_pressure,42,moto,38.33
max_pressure,42,moto,20.84
max_pressure,42,moto,17.3
max_pressure,42,auto,0.92
max_pressure,42,auto,24.04
max_pressure,42,car,8.15
max_pressure,42,car,1.74
max_pressure,42,moto,9.81
max_pressure,42,moto,7.93
max_pressure,42,moto,22.3
max_pressure,42,moto,21.36
max_pressure,42,auto,11.45
max_pressure,42,moto,3.02
max_pressure,42,moto,2.58
max_pressure,42,car,8.32
max_pressure,42,car,42.4
max_pressure,42,moto,46.62
max_pressure,42,moto,25.28
max_pressure,42,moto,22.71
max_pressure,42,moto,26.1
max_pressure,42,auto,37.11
max_pressure,42,auto,26.82
max_pressure,42,auto,39.3
max_pressure,42,moto,21.95
max_pressure,42,auto,46.89
max_pressure,42,moto,38.02
max_pressure,42,moto,29.86
max_pressure,42,moto,25.88
max_pressure,42,moto,27.54
max_pressure,42,moto,9.88
max_pressure,42,moto,33.05
max_pressure,42,moto,15.0
max_pressure,42,moto,9.21
max_pressure,42,moto,19.19
max_pressure,42,moto,4.17
max_pressure,42,moto,4.75
max_pressure,42,auto,2.95
max_pressure,42,moto,40.61
max_pressure,42,moto,39.26
max_pressure,42,moto,41.81
max_pressure,42,car,30.14
max_pressure,42,car,33.96
max_pressure,42,auto,31.99
max_pressure,42,moto,29.6
max_pressure,42,auto,36.75
max_pressure,42,moto,36.69
max_pressure,42,auto,29.06
max_pressure,42,auto,46.54
max_pressure,42,moto,39.2
max_pressure,42,moto,3.28
max_pressure,42,moto,17.1
max_pressure,42,car,21.51
max_pressure,42,auto,15.13
max_pressure,42,moto,5.18
max_pressure,42,car,5.33
max_pressure,42,moto,4.4
max_pressure,42,auto,21.93
max_pressure,42,auto,16.87
max_pressure,42,moto,44.54
max_pressure,42,moto,39.03
max_pressure,42,moto,36.72
max_pressure,42,moto,48.58
max_pressure,42,auto,59.36
max_pressure,42,auto,54.36
max_pressure,42,moto,52.95
max_pressure,42,auto,53.86
max_pressure,42,moto,52.93
max_pressure,42,car,37.02
max_pressure,42,moto,2.18
max_pressure,42,moto,39.87
max_pressure,42,auto,8.27
max_pressure,42,moto,18.84
max_pressure,42,moto,5.96
max_pressure,42,moto,2.64
max_pressure,42,car,0.84
max_pressure,42,auto,1.9
max_pressure,42,moto,1.97
max_pressure,42,moto,40.32
max_pressure,42,car,47.64
max_pressure,42,moto,45.99
max_pressure,42,auto,40.33
max_pressure,42,car,38.63
max_pressure,42,auto,38.97
max_pressure,42,moto,37.96
max_pressure,42,moto,45.59
max_pressure,42,moto,43.81
max_pressure,42,moto,33.54
max_pressure,42,moto,58.49
max_pressure,42,auto,58.04
max_pressure,42,moto,36.54
max_pressure,42,moto,24.96
max_pressure,42,auto,26.26
max_pressure,42,moto,51.83
max_pressure,42,moto,44.45
max_pressure,42,auto,55.25
max_pressure,42,moto,32.42
max_pressure,42,moto,36.62
max_pressure,42,moto,22.39
max_pressure,42,moto,4.65
max_pressure,42,auto,16.24
max_pressure,42,auto,2.44
max_pressure,42,car,4.67
max_pressure,42,auto,12.78
max_pressure,42,car,8.74
max_pressure,42,moto,2.79
max_pressure,42,moto,43.3
max_pressure,42,moto,37.55
max_pressure,42,moto,41.0
max_pressure,42,moto,40.47
max_pressure,42,moto,25.78
max_pressure,42,moto,29.51
max_pressure,42,auto,25.87
max_pressure,42,moto,37.16
max_pressure,42,auto,51.48
max_pressure,42,auto,50.25
max_pressure,42,auto,43.94
max_pressure,42,moto,45.72
max_pressure,42,moto,31.99
max_pressure,42,moto,25.39
max_pressure,42,moto,42.15
max_pressure,42,moto,26.73
max_pressure,42,auto,36.64
max_pressure,42,moto,28.35
max_pressure,42,moto,27.52
max_pressure,42,moto,9.55
max_pressure,42,moto,15.97
max_pressure,42,moto,29.1
max_pressure,42,auto,1.11
max_pressure,42,moto,51.4
max_pressure,42,moto,8.31
max_pressure,42,auto,7.6
max_pressure,42,car,17.55
max_pressure,42,car,17.23
max_pressure,42,auto,1.17
max_pressure,42,moto,3.48
max_pressure,42,moto,40.3
max_pressure,42,moto,49.07
max_pressure,42,moto,41.65
max_pressure,42,moto,36.6
max_pressure,42,moto,45.98
max_pressure,42,moto,38.12
max_pressure,42,moto,32.5
max_pressure,42,moto,28.23
max_pressure,42,moto,32.87
max_pressure,42,moto,36.07
max_pressure,42,car,43.22
max_pressure,42,moto,46.06
max_pressure,42,car,21.72
max_pressure,42,auto,37.31
max_pressure,42,moto,30.06
max_pressure,42,auto,37.75
max_pressure,42,moto,28.7
max_pressure,42,car,34.45
max_pressure,42,auto,37.96
max_pressure,42,car,37.48
max_pressure,42,car,33.5
max_pressure,42,moto,1.7
max_pressure,42,moto,17.25
max_pressure,42,auto,23.31
max_pressure,42,moto,45.21
max_pressure,42,moto,4.38
max_pressure,42,moto,4.6
max_pressure,42,moto,33.88
max_pressure,42,car,35.43
max_pressure,42,moto,30.65
max_pressure,42,moto,27.41
max_pressure,42,moto,24.86
max_pressure,42,car,29.24
max_pressure,42,moto,49.15
max_pressure,42,moto,35.1
max_pressure,42,moto,25.07
max_pressure,42,auto,48.62
max_pressure,42,moto,42.2
max_pressure,42,car,41.27
max_pressure,42,auto,41.04
max_pressure,42,auto,45.02
max_pressure,42,moto,47.44
max_pressure,42,moto,31.14
max_pressure,42,moto,30.52
max_pressure,42,moto,28.94
max_pressure,42,moto,19.35
max_pressure,42,moto,18.36
max_pressure,42,moto,27.71
max_pressure,42,auto,1.11
max_pressure,42,moto,15.45
max_pressure,42,moto,2.03
max_pressure,42,moto,11.15
max_pressure,42,auto,19.52
max_pressure,42,auto,1.16
max_pressure,42,auto,1.87
max_pressure,42,moto,6.04
max_pressure,42,moto,36.5
max_pressure,42,moto,42.22
max_pressure,42,auto,44.44
max_pressure,42,moto,32.03
max_pressure,42,moto,42.36
max_pressure,42,auto,29.21
max_pressure,42,moto,20.74
max_pressure,42,moto,30.16
max_pressure,42,auto,32.74
max_pressure,42,car,29.92
max_pressure,42,car,42.69
max_pressure,42,car,12.18
max_pressure,42,moto,2.11
max_pressure,42,moto,18.72
max_pressure,42,auto,17.54
max_pressure,42,moto,3.57
max_pressure,42,moto,2.85
max_pressure,42,car,8.09
max_pressure,42,auto,26.17
max_pressure,42,car,4.08
max_pressure,42,moto,51.81
max_pressure,42,moto,42.46
max_pressure,42,moto,45.68
max_pressure,42,moto,44.73
max_pressure,42,auto,32.94
max_pressure,42,moto,43.59
max_pressure,42,auto,23.3
max_pressure,42,auto,44.1
max_pressure,42,auto,28.4
max_pressure,42,auto,57.58
max_pressure,42,auto,59.15
max_pressure,42,auto,44.5
max_pressure,42,car,56.69
max_pressure,42,moto,48.41
max_pressure,42,car,55.06
max_pressure,42,moto,45.31
max_pressure,42,car,35.47
max_pressure,42,car,10.75
max_pressure,42,auto,1.64
max_pressure,42,auto,1.85
max_pressure,42,moto,2.22
max_pressure,42,moto,12.26
max_pressure,42,car,13.77
max_pressure,42,moto,15.79
max_pressure,42,moto,6.72
max_pressure,42,car,2.85
max_pressure,42,car,8.26
max_pressure,42,car,44.18
max_pressure,42,moto,37.38
max_pressure,42,car,42.35
max_pressure,42,moto,41.56
max_pressure,42,moto,41.95
max_pressure,42,moto,37.66
max_pressure,42,car,41.27
max_pressure,42,moto,52.56
max_pressure,42,moto,33.73
max_pressure,42,moto,52.12
max_pressure,42,auto,25.71
max_pressure,42,auto,59.69
max_pressure,42,moto,52.66
max_pressure,42,car,23.71
max_pressure,42,auto,46.7
max_pressure,42,auto,24.34
max_pressure,42,auto,45.9
max_pressure,42,auto,46.3
max_pressure,42,moto,37.42
max_pressure,42,moto,23.93
max_pressure,42,moto,35.79
max_pressure,42,moto,15.27
max_pressure,42,moto,13.18
max_pressure,42,auto,11.13
max_pressure,42,car,10.33
max_pressure,42,moto,3.36
max_pressure,42,moto,12.83
max_pressure,42,moto,7.52
max_pressure,42,moto,2.61
max_pressure,42,auto,13.96
max_pressure,42,car,49.46
max_pressure,42,moto,35.65
max_pressure,42,moto,3.22
max_pressure,42,moto,41.95
max_pressure,42,moto,21.07
max_pressure,42,auto,23.51
max_pressure,42,auto,34.15
max_pressure,42,moto,32.61
max_pressure,42,auto,47.4
max_pressure,42,auto,28.51
max_pressure,42,moto,54.33
max_pressure,42,car,51.72
max_pressure,42,moto,27.37
max_pressure,42,auto,36.9
max_pressure,42,auto,34.23
max_pressure,42,auto,46.93
max_pressure,42,moto,13.95
max_pressure,42,auto,25.69
max_pressure,42,moto,19.34
max_pressure,42,moto,12.37
max_pressure,42,moto,16.53
max_pressure,42,moto,12.46
max_pressure,42,moto,20.55
max_pressure,42,auto,22.01
max_pressure,42,auto,12.14
max_pressure,42,moto,24.27
max_pressure,42,car,33.23
max_pressure,42,auto,43.79
max_pressure,42,auto,25.16
max_pressure,42,moto,29.36
max_pressure,42,auto,33.69
max_pressure,42,auto,49.59
max_pressure,42,moto,21.43
max_pressure,42,car,19.6
max_pressure,42,auto,5.01
max_pressure,42,moto,21.51
max_pressure,42,moto,2.43
max_pressure,42,moto,17.98
max_pressure,42,moto,3.55
max_pressure,42,moto,21.32
max_pressure,42,moto,17.62
max_pressure,42,auto,21.67
max_pressure,42,moto,10.64
max_pressure,42,moto,43.45
max_pressure,42,moto,43.97
max_pressure,42,moto,36.69
max_pressure,42,moto,4.04
max_pressure,42,moto,42.24
max_pressure,42,car,37.19
max_pressure,42,car,36.39
max_pressure,42,moto,40.32
max_pressure,42,moto,43.44
max_pressure,42,moto,36.4
max_pressure,42,auto,34.31
max_pressure,42,auto,52.84
max_pressure,42,auto,37.03
max_pressure,42,moto,39.75
max_pressure,42,moto,26.09
max_pressure,42,auto,45.49
max_pressure,42,auto,48.7
max_pressure,42,moto,41.71
max_pressure,42,auto,36.44
max_pressure,42,car,38.98
max_pressure,42,car,41.22
max_pressure,42,moto,18.06
max_pressure,42,moto,18.09
max_pressure,42,moto,2.75
max_pressure,42,moto,19.12
max_pressure,42,auto,13.14
max_pressure,42,moto,5.87
max_pressure,42,moto,2.34
max_pressure,42,moto,19.08
max_pressure,42,moto,9.54
max_pressure,42,car,2.03
max_pressure,42,moto,3.72
max_pressure,42,auto,4.89
max_pressure,42,moto,21.99
max_pressure,42,car,10.13
max_pressure,42,auto,8.21
max_pressure,42,moto,49.89
max_pressure,42,moto,2.7
max_pressure,42,moto,35.19
max_pressure,42,moto,38.48
max_pressure,42,auto,48.41
max_pressure,42,moto,39.65
max_pressure,42,car,30.66
max_pressure,42,moto,35.91
max_pressure,42,car,58.71
max_pressure,42,moto,25.11
max_pressure,42,moto,30.12
max_pressure,42,auto,54.16
max_pressure,42,auto,23.2
max_pressure,42,car,53.85
max_pressure,42,car,36.62
max_pressure,42,auto,52.12
max_pressure,42,car,50.6
max_pressure,42,car,31.13
max_pressure,42,car,30.86
max_pressure,42,moto,14.65
max_pressure,42,auto,18.91
max_pressure,42,moto,15.95
max_pressure,42,moto,1.8
max_pressure,42,moto,26.79
max_pressure,42,moto,29.92
max_pressure,42,auto,24.98
max_pressure,42,moto,30.27
max_pressure,42,car,49.93
max_pressure,42,auto,50.14
max_pressure,42,moto,43.83
max_pressure,42,auto,42.89
max_pressure,42,auto,47.86
max_pressure,42,auto,17.33
max_pressure,42,auto,42.33
max_pressure,42,moto,28.44
max_pressure,42,moto,35.24
max_pressure,42,moto,32.1
max_pressure,42,moto,11.19
max_pressure,42,moto,3.55
max_pressure,42,moto,42.77
max_pressure,42,car,46.57
max_pressure,42,moto,28.32
max_pressure,42,auto,47.8
max_pressure,42,moto,40.49
max_pressure,42,moto,32.55
max_pressure,42,moto,28.9
max_pressure,42,moto,38.83
max_pressure,42,moto,35.74
max_pressure,42,car,39.84
max_pressure,42,moto,44.78
max_pressure,42,auto,57.78
max_pressure,42,moto,48.56
max_pressure,42,moto,39.65
max_pressure,42,car,38.24
max_pressure,42,auto,32.89
max_pressure,42,moto,6.19
max_pressure,42,moto,15.54
max_pressure,42,car,6.48
max_pressure,42,moto,10.25
max_pressure,42,moto,6.92
max_pressure,42,car,16.52
max_pressure,42,moto,2.41
max_pressure,42,moto,47.13
max_pressure,42,auto,41.58
max_pressure,42,auto,36.58
max_pressure,42,moto,37.9
max_pressure,42,moto,27.92
max_pressure,42,moto,29.07
max_pressure,42,moto,24.06
max_pressure,42,auto,35.44
max_pressure,42,moto,32.87
max_pressure,42,car,22.8
max_pressure,42,car,34.39
max_pressure,42,auto,32.96
max_pressure,42,auto,32.89
max_pressure,42,moto,23.29
max_pressure,42,auto,45.23
max_pressure,42,moto,31.53
max_pressure,42,moto,14.1
max_pressure,42,moto,13.29
max_pressure,42,moto,13.07
max_pressure,42,car,12.27
max_pressure,42,auto,14.8
max_pressure,42,moto,15.39
max_pressure,42,moto,4.87
max_pressure,42,auto,2.79
max_pressure,42,moto,7.62
max_pressure,42,auto,3.0
max_pressure,42,car,1.52
max_pressure,42,moto,2.81
max_pressure,42,moto,38.68
max_pressure,42,moto,34.49
max_pressure,42,moto,25.89
max_pressure,42,moto,39.23
max_pressure,42,auto,29.96
max_pressure,42,auto,25.46
max_pressure,42,moto,56.76
max_pressure,42,auto,55.55
max_pressure,42,moto,52.71
max_pressure,42,auto,36.72
max_pressure,42,moto,19.1
max_pressure,42,moto,9.03
max_pressure,42,auto,17.1
max_pressure,42,moto,3.08
max_pressure,42,moto,20.24
max_pressure,42,moto,4.69
max_pressure,42,auto,4.27
max_pressure,42,moto,2.6
max_pressure,42,moto,41.32
max_pressure,42,moto,34.9
max_pressure,42,moto,32.84
max_pressure,42,moto,28.75
max_pressure,42,car,38.46
max_pressure,42,moto,59.39
max_pressure,42,car,54.06
max_pressure,42,auto,43.93
max_pressure,42,moto,45.37
max_pressure,42,car,37.27
max_pressure,42,moto,38.25
max_pressure,42,moto,40.37
max_pressure,42,auto,36.91
max_pressure,42,moto,34.34
max_pressure,42,moto,2.87
max_pressure,42,moto,27.18
max_pressure,42,auto,1.4
max_pressure,42,auto,15.95
max_pressure,42,car,8.35
max_pressure,42,car,20.65
max_pressure,42,auto,10.59
max_pressure,42,moto,2.32
max_pressure,42,moto,8.54
max_pressure,42,moto,13.05
max_pressure,42,moto,2.18
max_pressure,42,moto,1.85
max_pressure,42,moto,51.33
max_pressure,42,moto,39.22
max_pressure,42,moto,41.26
max_pressure,42,auto,47.82
max_pressure,42,moto,42.88
max_pressure,42,auto,27.66
max_pressure,42,auto,33.36
max_pressure,42,moto,56.85
max_pressure,42,moto,42.15
max_pressure,42,moto,50.56
max_pressure,42,auto,55.74
max_pressure,42,auto,57.42
max_pressure,42,auto,33.63
max_pressure,42,auto,45.86
max_pressure,42,moto,45.51
max_pressure,42,moto,19.92
max_pressure,42,moto,16.09
max_pressure,42,moto,13.13
max_pressure,42,moto,19.5
max_pressure,42,car,11.03
max_pressure,42,car,1.95
max_pressure,42,moto,12.87
max_pressure,42,moto,6.92
max_pressure,42,moto,2.21
max_pressure,42,moto,3.82
max_pressure,42,auto,1.6
max_pressure,42,moto,46.77
max_pressure,42,moto,35.83
max_pressure,42,moto,24.75
max_pressure,42,auto,33.2
max_pressure,42,auto,24.54
max_pressure,42,car,30.78
max_pressure,42,moto,52.75
max_pressure,42,moto,47.03
max_pressure,42,auto,53.57
max_pressure,42,moto,52.58
max_pressure,42,car,55.43
max_pressure,42,auto,53.38
max_pressure,42,auto,49.52
max_pressure,42,moto,45.49
max_pressure,42,car,47.54
max_pressure,42,moto,41.23
max_pressure,42,moto,34.87
max_pressure,42,auto,41.27
max_pressure,42,moto,43.8
max_pressure,42,moto,51.96
max_pressure,42,moto,42.11
max_pressure,42,moto,53.79
max_pressure,42,moto,42.56
max_pressure,42,moto,43.41
max_pressure,42,moto,13.18
max_pressure,42,car,20.63
max_pressure,42,moto,19.95
max_pressure,42,car,4.14
max_pressure,42,auto,2.05
max_pressure,42,moto,39.99
max_pressure,42,moto,5.64
max_pressure,42,car,37.54
max_pressure,42,moto,29.36
max_pressure,42,auto,32.6
max_pressure,42,moto,21.54
max_pressure,42,car,29.57
max_pressure,42,moto,52.88
max_pressure,42,moto,40.01
max_pressure,42,car,50.73
max_pressure,42,moto,34.6
max_pressure,42,auto,52.05
max_pressure,42,auto,42.4
max_pressure,42,moto,40.62
max_pressure,42,moto,18.3
max_pressure,42,moto,14.84
max_pressure,42,moto,12.67
max_pressure,42,moto,8.87
max_pressure,42,auto,17.52
max_pressure,42,auto,9.08
max_pressure,42,auto,10.42
max_pressure,42,car,2.01
max_pressure,42,auto,4.32
max_pressure,42,auto,22.84
max_pressure,42,auto,20.84
max_pressure,42,auto,4.53
max_pressure,42,moto,52.05
max_pressure,42,moto,24.51
max_pressure,42,moto,22.56
max_pressure,42,moto,19.24
max_pressure,42,moto,34.04
max_pressure,42,auto,28.3
max_pressure,42,moto,56.08
max_pressure,42,auto,49.56
max_pressure,42,moto,39.37
max_pressure,42,moto,37.11
max_pressure,42,auto,41.18
max_pressure,42,auto,32.32
max_pressure,42,moto,39.53
max_pressure,42,car,33.94
max_pressure,42,moto,21.11
max_pressure,42,moto,6.83
max_pressure,42,moto,20.62
max_pressure,42,moto,21.21
max_pressure,42,auto,7.94
max_pressure,42,auto,5.71
max_pressure,42,moto,3.81
max_pressure,42,moto,2.7
max_pressure,42,moto,46.56
max_pressure,42,moto,41.16
max_pressure,42,moto,35.6
max_pressure,42,moto,40.08
max_pressure,42,moto,31.9
max_pressure,42,auto,37.15
max_pressure,42,moto,24.92
max_pressure,42,auto,38.12
max_pressure,42,moto,39.65
max_pressure,42,moto,29.0
max_pressure,42,moto,31.43
max_pressure,42,car,24.61
max_pressure,42,moto,43.7
max_pressure,42,auto,26.75
max_pressure,42,auto,45.05
max_pressure,42,moto,25.87
max_pressure,42,auto,48.34
max_pressure,42,moto,48.54
max_pressure,42,moto,42.17
max_pressure,42,moto,40.47
max_pressure,42,auto,36.89
max_pressure,42,moto,45.02
max_pressure,42,auto,1.28
max_pressure,42,moto,26.59
max_pressure,42,moto,21.58
max_pressure,42,moto,43.97
max_pressure,42,moto,29.04
max_pressure,42,auto,23.59
max_pressure,42,auto,36.38
max_pressure,42,car,47.6
max_pressure,42,auto,46.93
max_pressure,42,moto,51.21
max_pressure,42,moto,35.34
max_pressure,42,moto,48.49
max_pressure,42,moto,45.64
max_pressure,42,car,54.64
max_pressure,42,auto,54.67
max_pressure,42,auto,46.34
max_pressure,42,moto,32.14
max_pressure,42,moto,2.24
max_pressure,42,moto,13.51
max_pressure,42,auto,18.26
max_pressure,42,moto,4.38
max_pressure,42,moto,44.21
max_pressure,42,moto,36.42
max_pressure,42,auto,46.88
max_pressure,42,moto,33.1
max_pressure,42,moto,41.97
max_pressure,42,moto,23.57
max_pressure,42,auto,41.76
max_pressure,42,moto,36.36
max_pressure,42,moto,32.38
max_pressure,42,moto,32.03
max_pressure,42,auto,28.75
max_pressure,42,moto,53.11
max_pressure,42,car,44.67
max_pressure,42,moto,39.29
max_pressure,42,auto,55.53
max_pressure,42,auto,37.73
max_pressure,42,moto,35.15
max_pressure,42,moto,49.15
max_pressure,42,car,51.24
max_pressure,42,car,27.78
max_pressure,42,moto,7.08
max_pressure,42,auto,0.94
max_pressure,42,moto,13.04
max_pressure,42,moto,14.95
max_pressure,42,moto,8.97
max_pressure,42,moto,15.47
max_pressure,42,moto,18.64
max_pressure,42,moto,2.41
max_pressure,42,auto,15.23
max_pressure,42,moto,11.34
max_pressure,42,moto,4.35
max_pressure,42,moto,10.12
max_pressure,42,auto,8.03
max_pressure,42,moto,49.09
max_pressure,42,moto,36.92
max_pressure,42,moto,39.39
max_pressure,42,car,38.85
max_pressure,42,moto,37.09
max_pressure,42,car,38.44
max_pressure,42,auto,22.77
max_pressure,42,moto,23.87
max_pressure,42,car,33.4
max_pressure,42,moto,27.09
max_pressure,42,moto,24.3
max_pressure,42,auto,44.84
max_pressure,42,moto,34.17
max_pressure,42,moto,2.56
max_pressure,42,moto,25.14
max_pressure,42,car,9.85
max_pressure,42,auto,0.97
max_pressure,42,moto,41.08
max_pressure,42,moto,25.58
max_pressure,42,moto,43.15
max_pressure,42,auto,34.06
max_pressure,42,auto,36.33
max_pressure,42,moto,29.18
max_pressure,42,moto,41.4
max_pressure,42,moto,49.06
max_pressure,42,moto,37.03
max_pressure,42,auto,49.06
max_pressure,42,auto,40.0
max_pressure,42,moto,18.18
max_pressure,42,auto,50.69
max_pressure,42,moto,28.14
max_pressure,42,moto,28.44
max_pressure,42,moto,25.22
max_pressure,42,moto,2.58
max_pressure,42,moto,4.03
max_pressure,42,moto,21.88
max_pressure,42,moto,21.1
max_pressure,42,auto,15.54
max_pressure,42,moto,10.21
max_pressure,42,moto,4.6
max_pressure,42,moto,14.72
max_pressure,42,moto,4.63
max_pressure,42,moto,20.98
max_pressure,42,moto,3.19
max_pressure,42,moto,32.99
max_pressure,42,car,47.44
max_pressure,42,car,44.56
max_pressure,42,car,43.37
max_pressure,42,auto,25.91
max_pressure,42,moto,36.44
max_pressure,42,moto,50.74
max_pressure,42,auto,40.96
max_pressure,42,auto,48.1
max_pressure,42,moto,44.49
max_pressure,42,car,46.88
max_pressure,42,moto,16.72
max_pressure,42,moto,28.57
max_pressure,42,moto,10.11
max_pressure,42,moto,8.13
max_pressure,42,moto,20.77
max_pressure,42,auto,4.85
max_pressure,42,moto,22.36
max_pressure,42,moto,21.13
max_pressure,42,moto,15.38
max_pressure,42,moto,4.6
max_pressure,42,moto,42.51
max_pressure,42,moto,45.2
max_pressure,42,moto,44.65
max_pressure,42,moto,26.71
max_pressure,42,car,42.48
max_pressure,42,auto,34.98
max_pressure,42,car,36.55
max_pressure,42,moto,37.41
max_pressure,42,moto,35.4
max_pressure,42,moto,32.94
max_pressure,42,moto,35.7
max_pressure,42,auto,39.87
max_pressure,42,moto,34.5
max_pressure,42,moto,20.21
max_pressure,42,moto,18.03
max_pressure,42,moto,35.17
max_pressure,42,car,17.69
max_pressure,42,moto,19.58
max_pressure,42,moto,5.8
max_pressure,42,auto,1.24
max_pressure,42,auto,1.38
max_pressure,42,moto,4.51
max_pressure,42,auto,0.97
max_pressure,42,auto,44.09
max_pressure,42,auto,46.59
max_pressure,42,auto,43.36
max_pressure,42,auto,41.93
max_pressure,42,moto,35.44
max_pressure,42,auto,44.32
max_pressure,42,car,46.56
max_pressure,42,moto,33.18
max_pressure,42,moto,38.83
max_pressure,42,moto,45.66
max_pressure,42,moto,42.18
max_pressure,42,moto,22.96
max_pressure,42,moto,24.64
max_pressure,42,moto,35.7
max_pressure,42,car,50.14
max_pressure,42,auto,30.2
max_pressure,42,moto,48.21
max_pressure,42,car,53.28
max_pressure,42,car,36.84
max_pressure,42,auto,35.07
max_pressure,42,moto,37.8
max_pressure,42,moto,44.08
max_pressure,42,moto,32.97
max_pressure,42,moto,45.88
max_pressure,42,moto,35.89
max_pressure,42,moto,45.28
max_pressure,42,moto,37.03
max_pressure,42,auto,1.3
max_pressure,42,moto,20.37
max_pressure,42,moto,5.6
max_pressure,42,moto,14.54
max_pressure,42,auto,11.33
max_pressure,42,car,2.02
max_pressure,42,moto,48.7
max_pressure,42,moto,52.41
max_pressure,42,moto,42.66
max_pressure,42,auto,46.7
max_pressure,42,car,34.01
max_pressure,42,moto,34.09
max_pressure,42,moto,38.44
max_pressure,42,auto,26.34
max_pressure,42,moto,32.69
max_pressure,42,car,41.7
max_pressure,42,moto,34.79
max_pressure,42,moto,17.09
max_pressure,42,moto,37.29
max_pressure,42,moto,2.14
max_pressure,42,moto,24.22
max_pressure,42,car,13.37
max_pressure,42,auto,16.64
max_pressure,42,auto,4.53
max_pressure,42,car,2.0
max_pressure,42,moto,1.48
max_pressure,42,moto,42.57
max_pressure,42,moto,33.97
max_pressure,42,moto,42.86
max_pressure,42,moto,26.1
max_pressure,42,moto,56.38
max_pressure,42,auto,33.39
max_pressure,42,moto,51.67
max_pressure,42,auto,30.3
max_pressure,42,auto,52.88
max_pressure,42,auto,47.08
max_pressure,42,moto,32.0
max_pressure,42,auto,52.48
max_pressure,42,car,30.93
max_pressure,42,moto,24.35
max_pressure,42,moto,6.51
max_pressure,42,moto,33.65
max_pressure,42,moto,27.07
max_pressure,42,moto,1.92
max_pressure,42,moto,3.23
max_pressure,42,moto,2.03
max_pressure,42,moto,10.24
max_pressure,42,auto,4.8
max_pressure,42,auto,1.22
max_pressure,42,moto,2.54
max_pressure,42,car,48.75
max_pressure,42,moto,47.36
max_pressure,42,moto,40.64
max_pressure,42,moto,29.11
max_pressure,42,moto,32.46
max_pressure,42,moto,22.05
max_pressure,42,moto,46.88
max_pressure,42,moto,29.49
max_pressure,42,moto,45.97
max_pressure,42,moto,32.53
max_pressure,42,auto,38.02
max_pressure,42,moto,32.17
max_pressure,42,moto,21.68
max_pressure,42,auto,7.81
max_pressure,42,moto,2.74
max_pressure,42,moto,3.01
max_pressure,42,moto,46.53
max_pressure,42,auto,44.67
max_pressure,42,moto,43.53
max_pressure,42,moto,27.29
max_pressure,42,moto,39.5
max_pressure,42,auto,41.57
max_pressure,42,moto,27.87
max_pressure,42,moto,47.77
max_pressure,42,moto,43.71
max_pressure,42,car,36.08
max_pressure,42,auto,30.15
max_pressure,42,auto,50.76
max_pressure,42,moto,52.82
max_pressure,42,moto,46.55
max_pressure,42,moto,23.46
max_pressure,42,auto,30.09
max_pressure,42,moto,38.46
max_pressure,42,moto,30.34
max_pressure,42,auto,42.08
max_pressure,42,moto,2.67
max_pressure,42,moto,2.38
max_pressure,42,moto,12.84
max_pressure,42,auto,3.34
max_pressure,42,moto,2.21
max_pressure,42,moto,2.07
max_pressure,42,moto,44.32
max_pressure,42,moto,41.87
max_pressure,42,moto,47.75
max_pressure,42,moto,23.48
max_pressure,42,auto,31.77
max_pressure,42,car,38.3
max_pressure,42,moto,20.94
max_pressure,42,moto,33.95
max_pressure,42,moto,46.51
max_pressure,42,moto,33.46
max_pressure,42,auto,43.13
max_pressure,42,moto,38.55
max_pressure,42,moto,29.13
max_pressure,42,moto,37.69
max_pressure,42,moto,15.56
max_pressure,42,auto,1.45
max_pressure,42,moto,21.16
max_pressure,42,auto,9.03
max_pressure,42,moto,2.37
max_pressure,42,car,9.13
max_pressure,42,auto,3.61
max_pressure,42,moto,39.91
max_pressure,42,moto,42.48
max_pressure,42,car,43.44
max_pressure,42,car,29.02
max_pressure,42,moto,58.67
max_pressure,42,auto,47.33
max_pressure,42,car,40.31
max_pressure,42,moto,47.23
max_pressure,42,auto,54.96
max_pressure,42,moto,37.89
max_pressure,42,moto,39.45
max_pressure,42,moto,29.23
max_pressure,42,car,31.18
max_pressure,42,auto,22.42
max_pressure,42,car,33.11
max_pressure,42,car,30.55
max_pressure,42,moto,13.38
max_pressure,42,car,6.44
max_pressure,42,auto,1.09
max_pressure,42,moto,2.58
max_pressure,42,moto,3.7
max_pressure,42,moto,2.6
max_pressure,42,auto,1.19
max_pressure,42,moto,3.73
max_pressure,42,moto,2.2
max_pressure,42,car,49.64
max_pressure,42,moto,45.98
max_pressure,42,moto,40.36
max_pressure,42,car,43.08
max_pressure,42,moto,36.9
max_pressure,42,moto,36.83
max_pressure,42,moto,4.16
max_pressure,42,moto,25.82
max_pressure,42,moto,48.37
max_pressure,42,car,36.43
max_pressure,42,moto,46.91
max_pressure,42,moto,50.91
max_pressure,42,auto,32.71
max_pressure,42,auto,53.1
max_pressure,42,moto,49.2
max_pressure,42,auto,48.83
max_pressure,42,moto,56.98
max_pressure,42,moto,44.54
max_pressure,42,auto,52.07
max_pressure,42,moto,39.05
max_pressure,42,moto,48.43
max_pressure,42,car,62.9
max_pressure,42,car,45.16
max_pressure,42,auto,57.14
max_pressure,42,car,37.64
max_pressure,42,moto,43.91
max_pressure,42,moto,37.89
max_pressure,42,moto,35.47
max_pressure,42,moto,21.3
max_pressure,42,moto,10.54
max_pressure,42,moto,1.43
max_pressure,42,auto,5.01
max_pressure,42,auto,1.18
max_pressure,42,moto,37.01
max_pressure,42,car,39.22
max_pressure,42,moto,40.62
max_pressure,42,auto,35.37
max_pressure,42,auto,28.87
max_pressure,42,auto,65.76
max_pressure,42,auto,37.59
max_pressure,42,auto,46.96
max_pressure,42,moto,41.88
max_pressure,42,auto,41.49
max_pressure,42,moto,51.03
max_pressure,42,auto,35.63
max_pressure,42,moto,35.1
max_pressure,42,moto,33.64
max_pressure,42,car,43.37
max_pressure,42,moto,2.99
max_pressure,42,auto,1.05
max_pressure,42,moto,20.51
max_pressure,42,auto,19.92
max_pressure,42,car,13.33
max_pressure,42,moto,12.32
max_pressure,42,moto,4.99
max_pressure,42,auto,2.34
max_pressure,42,moto,2.68
max_pressure,42,moto,12.06
max_pressure,42,auto,19.78
max_pressure,42,auto,14.41
max_pressure,42,car,10.95
max_pressure,42,moto,8.16
max_pressure,42,moto,13.37
max_pressure,42,moto,38.22
max_pressure,42,moto,20.89
max_pressure,42,moto,41.35
max_pressure,42,auto,42.58
max_pressure,42,moto,31.55
max_pressure,42,moto,50.12
max_pressure,42,moto,28.82
max_pressure,42,moto,21.9
max_pressure,42,auto,49.1
max_pressure,42,moto,47.99
max_pressure,42,car,51.63
max_pressure,42,auto,42.63
max_pressure,42,car,46.27
max_pressure,42,moto,27.79
max_pressure,42,moto,25.04
max_pressure,42,moto,36.08
max_pressure,42,moto,12.45
max_pressure,42,car,20.08
max_pressure,42,moto,18.71
max_pressure,42,auto,16.61
max_pressure,42,auto,1.32
max_pressure,42,auto,18.07
max_pressure,42,auto,23.55
max_pressure,42,auto,17.25
max_pressure,42,auto,14.9
max_pressure,42,moto,11.23
max_pressure,42,moto,48.34
max_pressure,42,moto,46.16
max_pressure,42,moto,49.38
max_pressure,42,auto,49.59
max_pressure,42,moto,44.51
max_pressure,42,moto,40.36
max_pressure,42,moto,23.18
max_pressure,42,moto,38.76
max_pressure,42,auto,46.93
max_pressure,42,moto,28.68
max_pressure,42,moto,23.56
max_pressure,42,moto,35.25
max_pressure,42,auto,49.81
max_pressure,42,moto,44.71
max_pressure,42,car,37.75
max_pressure,42,moto,21.87
max_pressure,42,auto,45.92
max_pressure,42,auto,39.05
max_pressure,42,car,36.19
max_pressure,42,moto,32.21
max_pressure,42,moto,7.23
max_pressure,42,moto,28.64
max_pressure,42,moto,21.83
max_pressure,42,moto,16.27
max_pressure,42,car,18.01
max_pressure,42,moto,2.63
max_pressure,42,moto,25.57
max_pressure,42,auto,21.39
max_pressure,42,moto,2.76
max_pressure,42,moto,6.95
max_pressure,42,moto,20.44
max_pressure,42,moto,8.45
max_pressure,42,moto,4.1
max_pressure,42,moto,35.58
max_pressure,42,car,41.07
max_pressure,42,car,25.59
max_pressure,42,auto,44.72
max_pressure,42,auto,41.61
max_pressure,42,moto,31.26
max_pressure,42,moto,24.79
max_pressure,42,moto,27.92
max_pressure,42,moto,32.26
max_pressure,42,moto,37.61
max_pressure,42,car,47.78
max_pressure,42,moto,40.29
max_pressure,42,auto,33.39
max_pressure,42,moto,35.68
max_pressure,42,car,31.59
max_pressure,42,moto,21.33
max_pressure,42,moto,18.76
max_pressure,42,auto,22.56
max_pressure,42,auto,11.85
max_pressure,42,moto,21.61
max_pressure,42,moto,6.55
max_pressure,42,moto,11.8
max_pressure,42,auto,8.99
max_pressure,42,auto,18.6
max_pressure,42,auto,2.08
max_pressure,42,auto,4.63
max_pressure,42,moto,44.5
max_pressure,42,moto,30.1
max_pressure,42,moto,53.27
max_pressure,42,moto,42.06
max_pressure,42,moto,45.04
max_pressure,42,auto,39.59
max_pressure,42,moto,27.34
max_pressure,42,moto,48.83
max_pressure,42,moto,22.19
max_pressure,42,auto,36.96
max_pressure,42,moto,29.36
max_pressure,42,auto,33.43
max_pressure,42,auto,34.41
max_pressure,42,car,35.95
max_pressure,42,moto,39.54
max_pressure,42,moto,17.21
max_pressure,42,moto,39.47
max_pressure,42,moto,12.9
max_pressure,42,moto,2.07
max_pressure,42,car,24.47
max_pressure,42,moto,12.74
max_pressure,42,auto,7.98
max_pressure,42,auto,14.01
max_pressure,42,moto,12.15
max_pressure,42,moto,43.04
max_pressure,42,moto,30.86
max_pressure,42,moto,28.34
max_pressure,42,moto,3.94
max_pressure,42,car,28.61
max_pressure,42,moto,36.1
max_pressure,42,moto,27.26
max_pressure,42,moto,20.52
max_pressure,42,car,38.4
max_pressure,42,auto,48.48
max_pressure,42,auto,32.73
max_pressure,42,moto,27.48
max_pressure,42,moto,36.72
max_pressure,42,car,29.55
max_pressure,42,moto,8.61
max_pressure,42,car,7.23
max_pressure,42,auto,1.0
max_pressure,42,moto,2.25
max_pressure,42,car,1.35
max_pressure,42,moto,20.78
max_pressure,42,moto,2.36
max_pressure,42,moto,29.37
max_pressure,42,auto,45.23
max_pressure,42,auto,48.96
max_pressure,42,auto,44.66
max_pressure,42,moto,24.26
max_pressure,42,auto,29.39
max_pressure,42,moto,56.91
max_pressure,42,moto,34.24
max_pressure,42,moto,39.53
max_pressure,42,moto,40.35
max_pressure,42,car,51.44
max_pressure,42,auto,42.26
max_pressure,42,moto,45.42
max_pressure,42,auto,28.01
max_pressure,42,moto,37.41
max_pressure,42,moto,35.06
max_pressure,42,moto,38.05
max_pressure,42,moto,8.48
max_pressure,42,auto,14.73
max_pressure,42,car,21.25
max_pressure,42,moto,4.45
max_pressure,42,moto,49.09
max_pressure,42,moto,24.58
max_pressure,42,car,45.94
max_pressure,42,auto,31.4
max_pressure,42,moto,25.52
max_pressure,42,auto,48.06
max_pressure,42,auto,48.95
max_pressure,42,car,33.9
max_pressure,42,auto,38.6
max_pressure,42,moto,53.29
max_pressure,42,moto,27.46
max_pressure,42,moto,20.44
max_pressure,42,moto,15.87
max_pressure,42,moto,21.47
max_pressure,42,moto,30.44
max_pressure,42,moto,37.22
max_pressure,42,moto,39.19
max_pressure,42,moto,31.29
max_pressure,42,moto,40.04
max_pressure,42,moto,36.55
max_pressure,42,moto,33.98
max_pressure,42,moto,21.66
max_pressure,42,auto,29.68
max_pressure,42,auto,33.7
max_pressure,42,moto,43.82
max_pressure,42,moto,56.44
max_pressure,42,moto,45.18
max_pressure,42,moto,18.2
max_pressure,42,auto,46.49
max_pressure,42,moto,43.16
max_pressure,42,moto,36.16
max_pressure,42,moto,28.25
max_pressure,42,moto,21.19
max_pressure,42,moto,2.27
max_pressure,42,auto,18.73
max_pressure,42,moto,4.56
max_pressure,42,moto,18.96
max_pressure,42,moto,1.86
max_pressure,42,moto,49.4
max_pressure,42,moto,42.03
max_pressure,42,moto,19.82
max_pressure,42,moto,29.04
max_pressure,42,auto,35.67
max_pressure,42,auto,32.05
max_pressure,42,moto,54.41
max_pressure,42,moto,32.27
max_pressure,42,auto,57.75
max_pressure,42,moto,50.44
max_pressure,42,auto,44.63
max_pressure,42,auto,35.28
max_pressure,42,car,35.87
max_pressure,42,moto,26.21
max_pressure,42,moto,1.84
max_pressure,42,moto,15.77
max_pressure,42,auto,21.25
max_pressure,42,moto,17.12
max_pressure,42,auto,6.9
max_pressure,42,auto,6.48
max_pressure,42,moto,2.76
max_pressure,42,moto,18.98
max_pressure,42,moto,19.57
max_pressure,42,car,19.08
max_pressure,42,car,19.17
max_pressure,42,moto,15.95
max_pressure,42,moto,2.69
max_pressure,42,car,3.91
max_pressure,42,car,5.29
max_pressure,42,moto,38.56
max_pressure,42,moto,41.94
max_pressure,42,moto,27.72
max_pressure,42,moto,3.5
max_pressure,42,moto,40.86
max_pressure,42,moto,47.17
max_pressure,42,moto,34.6
max_pressure,42,moto,33.31
max_pressure,42,auto,48.36
max_pressure,42,moto,38.69
max_pressure,42,moto,18.4
max_pressure,42,moto,33.15
max_pressure,42,moto,32.78
max_pressure,42,moto,42.56
max_pressure,42,car,44.37
max_pressure,42,car,37.2
max_pressure,42,auto,56.0
max_pressure,42,auto,50.28
max_pressure,42,car,40.78
max_pressure,42,car,38.84
max_pressure,42,auto,26.06
max_pressure,42,moto,30.13
max_pressure,42,moto,41.44
max_pressure,42,moto,52.51
max_pressure,42,moto,34.47
max_pressure,42,moto,51.04
max_pressure,42,moto,38.68
max_pressure,42,moto,26.46
max_pressure,42,auto,39.32
max_pressure,42,moto,51.94
max_pressure,42,moto,38.98
max_pressure,42,moto,35.54
max_pressure,42,car,37.01
max_pressure,42,moto,2.32
max_pressure,42,moto,20.15
max_pressure,43,moto,1.7
max_pressure,43,car,8.27
max_pressure,43,car,2.09
max_pressure,43,auto,1.12
max_pressure,43,auto,14.05
max_pressure,43,auto,6.64
max_pressure,43,moto,3.98
max_pressure,43,moto,18.01
max_pressure,43,moto,20.9
max_pressure,43,moto,17.9
max_pressure,43,moto,20.24
max_pressure,43,moto,15.51
max_pressure,43,moto,24.61
max_pressure,43,moto,13.54
max_pressure,43,car,2.13
max_pressure,43,auto,6.74
max_pressure,43,moto,15.69
max_pressure,43,car,1.01
max_pressure,43,auto,5.39
max_pressure,43,car,3.68
max_pressure,43,moto,24.58
max_pressure,43,moto,33.14
max_pressure,43,car,16.53
max_pressure,43,moto,24.34
max_pressure,43,car,21.07
max_pressure,43,car,1.13
max_pressure,43,car,15.26
max_pressure,43,car,20.67
max_pressure,43,moto,31.47
max_pressure,43,moto,26.18
max_pressure,43,moto,6.6
max_pressure,43,auto,13.04
max_pressure,43,moto,30.8
max_pressure,43,auto,4.86
max_pressure,43,moto,9.35
max_pressure,43,car,20.99
max_pressure,43,moto,19.99
max_pressure,43,moto,2.81
max_pressure,43,car,1.36
max_pressure,43,auto,10.94
max_pressure,43,auto,9.47
max_pressure,43,moto,2.23
max_pressure,43,auto,1.8
max_pressure,43,auto,1.7
max_pressure,43,moto,24.86
max_pressure,43,auto,3.57
max_pressure,43,moto,37.23
max_pressure,43,moto,33.01
max_pressure,43,car,31.24
max_pressure,43,moto,36.58
max_pressure,43,auto,23.8
max_pressure,43,auto,23.98
max_pressure,43,auto,23.36
max_pressure,43,moto,30.63
max_pressure,43,car,26.34
max_pressure,43,car,29.07
max_pressure,43,moto,14.44
max_pressure,43,moto,31.13
max_pressure,43,moto,18.95
max_pressure,43,car,20.7
max_pressure,43,moto,14.34
max_pressure,43,moto,21.07
max_pressure,43,moto,22.73
max_pressure,43,auto,31.57
max_pressure,43,car,8.04
max_pressure,43,moto,18.2
max_pressure,43,moto,12.95
max_pressure,43,moto,2.15
max_pressure,43,auto,0.96
max_pressure,43,car,16.29
max_pressure,43,auto,0.92
max_pressure,43,moto,1.53
max_pressure,43,moto,4.75
max_pressure,43,moto,35.95
max_pressure,43,moto,47.54
max_pressure,43,car,43.43
max_pressure,43,moto,27.05
max_pressure,43,car,23.88
max_pressure,43,moto,32.03
max_pressure,43,moto,24.49
max_pressure,43,auto,10.64
max_pressure,43,moto,11.8
max_pressure,43,auto,8.32
max_pressure,43,moto,19.22
max_pressure,43,moto,27.05
max_pressure,43,auto,23.64
max_pressure,43,moto,32.15
max_pressure,43,moto,22.46
max_pressure,43,auto,16.28
max_pressure,43,auto,10.84
max_pressure,43,moto,13.24
max_pressure,43,moto,2.56
max_pressure,43,moto,12.37
max_pressure,43,moto,21.18
max_pressure,43,moto,4.91
max_pressure,43,auto,2.49
max_pressure,43,moto,2.57
max_pressure,43,moto,33.19
max_pressure,43,moto,22.52
max_pressure,43,car,24.49
max_pressure,43,moto,27.33
max_pressure,43,moto,20.35
max_pressure,43,auto,19.14
max_pressure,43,car,34.68
max_pressure,43,moto,16.36
max_pressure,43,moto,26.56
max_pressure,43,moto,30.57
max_pressure,43,moto,21.93
max_pressure,43,moto,9.99
max_pressure,43,moto,20.31
max_pressure,43,moto,35.42
max_pressure,43,moto,15.36
max_pressure,43,moto,26.28
max_pressure,43,moto,3.19
max_pressure,43,moto,29.68
max_pressure,43,moto,32.89
max_pressure,43,moto,20.97
max_pressure,43,moto,18.2
max_pressure,43,auto,30.0
max_pressure,43,auto,18.43
max_pressure,43,moto,21.54
max_pressure,43,moto,8.8
max_pressure,43,moto,20.77
max_pressure,43,moto,5.35
max_pressure,43,moto,10.03
max_pressure,43,car,4.02
max_pressure,43,moto,44.59
max_pressure,43,car,42.93
max_pressure,43,moto,43.93
max_pressure,43,auto,39.5
max_pressure,43,car,41.26
max_pressure,43,moto,39.68
max_pressure,43,moto,33.85
max_pressure,43,auto,38.32
max_pressure,43,moto,22.83
max_pressure,43,auto,39.24
max_pressure,43,moto,6.47
max_pressure,43,moto,25.47
max_pressure,43,moto,21.99
max_pressure,43,moto,19.76
max_pressure,43,moto,33.53
max_pressure,43,auto,33.95
max_pressure,43,moto,18.78
max_pressure,43,moto,5.62
max_pressure,43,moto,35.68
max_pressure,43,moto,18.75
max_pressure,43,car,8.91
max_pressure,43,moto,21.55
max_pressure,43,auto,24.6
max_pressure,43,car,5.13
max_pressure,43,auto,28.83
max_pressure,43,moto,3.87
max_pressure,43,car,8.99
max_pressure,43,auto,19.42
max_pressure,43,moto,5.73
max_pressure,43,auto,18.34
max_pressure,43,moto,21.12
max_pressure,43,moto,21.74
max_pressure,43,moto,4.78
max_pressure,43,auto,5.39
max_pressure,43,car,21.34
max_pressure,43,moto,18.41
max_pressure,43,moto,38.23
max_pressure,43,auto,34.93
max_pressure,43,moto,34.7
max_pressure,43,auto,34.79
max_pressure,43,moto,25.76
max_pressure,43,car,35.72
max_pressure,43,car,6.37
max_pressure,43,moto,27.74
max_pressure,43,car,25.88
max_pressure,43,moto,6.54
max_pressure,43,moto,32.77
max_pressure,43,moto,32.11
max_pressure,43,auto,28.29
max_pressure,43,moto,20.42
max_pressure,43,auto,23.97
max_pressure,43,auto,28.3
max_pressure,43,moto,15.76
max_pressure,43,moto,1.5
max_pressure,43,moto,2.27
max_pressure,43,moto,15.35
max_pressure,43,car,1.91
max_pressure,43,moto,2.75
max_pressure,43,moto,36.68
max_pressure,43,moto,2.31
max_pressure,43,moto,24.61
max_pressure,43,moto,30.22
max_pressure,43,auto,24.29
max_pressure,43,moto,43.13
max_pressure,43,moto,41.84
max_pressure,43,moto,25.45
max_pressure,43,auto,28.82
max_pressure,43,moto,33.32
max_pressure,43,moto,20.88
max_pressure,43,car,28.81
max_pressure,43,moto,20.08
max_pressure,43,auto,12.84
max_pressure,43,auto,20.58
max_pressure,43,auto,21.48
max_pressure,43,car,13.55
max_pressure,43,moto,19.46
max_pressure,43,auto,10.29
max_pressure,43,moto,44.64
max_pressure,43,moto,41.78
max_pressure,43,moto,41.65
max_pressure,43,moto,36.55
max_pressure,43,moto,27.41
max_pressure,43,car,37.92
max_pressure,43,car,45.69
max_pressure,43,moto,24.26
max_pressure,43,car,30.75
max_pressure,43,car,26.82
max_pressure,43,auto,30.64
max_pressure,43,moto,22.39
max_pressure,43,moto,11.01
max_pressure,43,auto,16.68
max_pressure,43,moto,19.44
max_pressure,43,moto,29.63
max_pressure,43,moto,15.96
max_pressure,43,moto,9.91
max_pressure,43,auto,27.72
max_pressure,43,moto,19.28
max_pressure,43,moto,21.15
max_pressure,43,auto,28.09
max_pressure,43,moto,25.57
max_pressure,43,car,2.86
max_pressure,43,moto,17.25
max_pressure,43,moto,8.16
max_pressure,43,auto,23.93
max_pressure,43,moto,11.73
max_pressure,43,moto,13.85
max_pressure,43,auto,25.27
max_pressure,43,car,2.22
max_pressure,43,moto,1.8
max_pressure,43,moto,3.2
max_pressure,43,auto,0.86
max_pressure,43,car,35.35
max_pressure,43,moto,34.16
max_pressure,43,moto,36.82
max_pressure,43,auto,34.82
max_pressure,43,auto,22.61
max_pressure,43,moto,28.56
max_pressure,43,auto,26.12
max_pressure,43,auto,31.8
max_pressure,43,car,25.38
max_pressure,43,auto,37.14
max_pressure,43,car,30.51
max_pressure,43,car,12.68
max_pressure,43,car,21.27
max_pressure,43,auto,19.68
max_pressure,43,moto,2.2
max_pressure,43,moto,21.98
max_pressure,43,car,2.17
max_pressure,43,moto,4.42
max_pressure,43,moto,2.85
max_pressure,43,auto,0.82
max_pressure,43,car,9.09
max_pressure,43,moto,33.14
max_pressure,43,auto,31.34
max_pressure,43,moto,45.93
max_pressure,43,moto,28.15
max_pressure,43,auto,27.03
max_pressure,43,moto,29.35
max_pressure,43,car,42.25
max_pressure,43,moto,25.96
max_pressure,43,moto,25.01
max_pressure,43,auto,26.86
max_pressure,43,auto,25.36
max_pressure,43,moto,20.23
max_pressure,43,moto,16.94
max_pressure,43,moto,15.79
max_pressure,43,auto,27.43
max_pressure,43,moto,28.67
max_pressure,43,auto,10.61
max_pressure,43,moto,34.28
max_pressure,43,auto,27.41
max_pressure,43,moto,13.21
max_pressure,43,moto,24.06
max_pressure,43,auto,16.65
max_pressure,43,auto,16.12
max_pressure,43,auto,20.52
max_pressure,43,moto,18.34
max_pressure,43,moto,17.35
max_pressure,43,moto,31.45
max_pressure,43,car,33.34
max_pressure,43,moto,28.48
max_pressure,43,auto,36.15
max_pressure,43,auto,35.64
max_pressure,43,car,26.71
max_pressure,43,moto,8.91
max_pressure,43,car,24.03
max_pressure,43,moto,13.79
max_pressure,43,moto,17.16
max_pressure,43,auto,0.94
max_pressure,43,moto,29.31
max_pressure,43,moto,12.84
max_pressure,43,moto,18.01
max_pressure,43,moto,13.99
max_pressure,43,moto,13.24
max_pressure,43,moto,4.33
max_pressure,43,moto,30.22
max_pressure,43,auto,11.21
max_pressure,43,auto,18.74
max_pressure,43,moto,24.81
max_pressure,43,auto,20.85
max_pressure,43,auto,21.51
max_pressure,43,auto,9.5
max_pressure,43,moto,3.69
max_pressure,43,car,1.82
max_pressure,43,moto,4.44
max_pressure,43,moto,23.7
max_pressure,43,moto,22.4
max_pressure,43,auto,38.58
max_pressure,43,car,37.84
max_pressure,43,moto,27.1
max_pressure,43,auto,28.22
max_pressure,43,moto,18.44
max_pressure,43,moto,24.99
max_pressure,43,moto,14.88
max_pressure,43,moto,11.05
max_pressure,43,moto,12.24
max_pressure,43,car,26.37
max_pressure,43,auto,16.27
max_pressure,43,auto,13.33
max_pressure,43,moto,12.07
max_pressure,43,moto,8.18
max_pressure,43,car,15.69
max_pressure,43,moto,13.64
max_pressure,43,moto,30.7
max_pressure,43,moto,15.84
max_pressure,43,moto,24.76
max_pressure,43,moto,12.28
max_pressure,43,moto,20.52
max_pressure,43,auto,5.78
max_pressure,43,moto,3.18
max_pressure,43,moto,34.35
max_pressure,43,auto,43.51
max_pressure,43,auto,40.27
max_pressure,43,moto,43.28
max_pressure,43,auto,27.48
max_pressure,43,moto,36.17
max_pressure,43,moto,35.52
max_pressure,43,car,36.62
max_pressure,43,moto,13.11
max_pressure,43,auto,22.25
max_pressure,43,moto,20.69
max_pressure,43,moto,17.44
max_pressure,43,car,8.99
max_pressure,43,auto,19.61
max_pressure,43,auto,27.42
max_pressure,43,car,1.86
max_pressure,43,moto,20.27
max_pressure,43,moto,3.34
max_pressure,43,car,9.93
max_pressure,43,moto,9.12
max_pressure,43,moto,14.88
max_pressure,43,car,11.75
max_pressure,43,auto,15.26
max_pressure,43,auto,2.43
max_pressure,43,car,16.82
max_pressure,43,car,1.72
max_pressure,43,moto,26.07
max_pressure,43,car,20.59
max_pressure,43,car,5.55
max_pressure,43,moto,3.43
max_pressure,43,moto,5.45
max_pressure,43,moto,46.22
max_pressure,43,moto,32.53
max_pressure,43,moto,42.07
max_pressure,43,auto,26.0
max_pressure,43,car,27.73
max_pressure,43,auto,37.51
max_pressure,43,auto,15.59
max_pressure,43,moto,26.13
max_pressure,43,auto,19.24
max_pressure,43,moto,14.77
max_pressure,43,moto,36.64
max_pressure,43,moto,31.92
max_pressure,43,car,29.24
max_pressure,43,car,24.65
max_pressure,43,moto,10.3
max_pressure,43,auto,4.82
max_pressure,43,moto,25.96
max_pressure,43,moto,18.72
max_pressure,43,moto,14.28
max_pressure,43,auto,25.86
max_pressure,43,moto,16.33
max_pressure,43,auto,15.0
max_pressure,43,moto,13.46
max_pressure,43,moto,3.19
max_pressure,43,auto,22.16
max_pressure,43,moto,2.72
max_pressure,43,auto,9.21
max_pressure,43,moto,3.37
max_pressure,43,moto,2.69
max_pressure,43,auto,1.09
max_pressure,43,car,1.66
max_pressure,43,moto,31.12
max_pressure,43,moto,34.98
max_pressure,43,moto,37.2
max_pressure,43,moto,20.07
max_pressure,43,moto,1.94
max_pressure,43,moto,28.24
max_pressure,43,moto,28.17
max_pressure,43,moto,6.33
max_pressure,43,auto,37.71
max_pressure,43,moto,34.88
max_pressure,43,car,24.02
max_pressure,43,moto,19.89
max_pressure,43,moto,22.31
max_pressure,43,moto,9.39
max_pressure,43,auto,19.46
max_pressure,43,moto,17.6
max_pressure,43,auto,29.02
max_pressure,43,moto,6.14
max_pressure,43,auto,16.84
max_pressure,43,car,28.62
max_pressure,43,moto,5.37
max_pressure,43,moto,32.62
max_pressure,43,moto,23.76
max_pressure,43,moto,23.04
max_pressure,43,moto,27.56
max_pressure,43,car,38.66
max_pressure,43,moto,27.35
max_pressure,43,auto,14.95
max_pressure,43,moto,4.59
max_pressure,43,moto,27.42
max_pressure,43,auto,12.44
max_pressure,43,moto,2.15
max_pressure,43,car,31.11
max_pressure,43,auto,12.76
max_pressure,43,auto,32.18
max_pressure,43,car,33.92
max_pressure,43,car,15.79
max_pressure,43,moto,20.01
max_pressure,43,auto,14.13
max_pressure,43,moto,2.32
max_pressure,43,moto,25.1
max_pressure,43,moto,23.22
max_pressure,43,moto,36.97
max_pressure,43,auto,37.33
max_pressure,43,moto,25.17
max_pressure,43,moto,25.58
max_pressure,43,auto,21.56
max_pressure,43,moto,19.08
max_pressure,43,car,26.22
max_pressure,43,moto,15.18
max_pressure,43,moto,5.7
max_pressure,43,moto,20.97
max_pressure,43,moto,29.94
max_pressure,43,auto,30.32
max_pressure,43,moto,22.65
max_pressure,43,auto,20.99
max_pressure,43,moto,12.26
max_pressure,43,moto,9.71
max_pressure,43,auto,25.77
max_pressure,43,auto,25.21
max_pressure,43,moto,11.7
max_pressure,43,car,4.38
max_pressure,43,moto,20.57
max_pressure,43,car,4.19
max_pressure,43,moto,10.32
max_pressure,43,moto,9.48
max_pressure,43,car,13.42
max_pressure,43,moto,16.99
max_pressure,43,car,29.96
max_pressure,43,auto,34.34
max_pressure,43,car,36.7
max_pressure,43,moto,22.71
max_pressure,43,moto,19.86
max_pressure,43,moto,31.5
max_pressure,43,auto,24.86
max_pressure,43,auto,22.24
max_pressure,43,moto,19.07
max_pressure,43,moto,21.83
max_pressure,43,car,22.81
max_pressure,43,moto,16.22
max_pressure,43,auto,33.07
max_pressure,43,car,30.36
max_pressure,43,moto,17.14
max_pressure,43,auto,9.36
max_pressure,43,moto,15.59
max_pressure,43,moto,15.32
max_pressure,43,auto,22.17
max_pressure,43,moto,48.63
max_pressure,43,moto,40.33
max_pressure,43,moto,36.14
max_pressure,43,auto,35.02
max_pressure,43,moto,23.69
max_pressure,43,moto,33.37
max_pressure,43,moto,5.16
max_pressure,43,moto,19.59
max_pressure,43,moto,10.41
max_pressure,43,moto,18.73
max_pressure,43,moto,13.25
max_pressure,43,moto,27.58
max_pressure,43,car,21.29
max_pressure,43,auto,21.39
max_pressure,43,car,24.46
max_pressure,43,moto,12.04
max_pressure,43,moto,10.88
max_pressure,43,car,28.73
max_pressure,43,car,20.39
max_pressure,43,auto,19.87
max_pressure,43,auto,24.68
max_pressure,43,auto,17.21
max_pressure,43,moto,4.61
max_pressure,43,auto,11.66
max_pressure,43,moto,20.2
max_pressure,43,auto,3.78
max_pressure,43,car,10.59
max_pressure,43,moto,16.41
max_pressure,43,moto,4.09
max_pressure,43,moto,17.7
max_pressure,43,moto,43.87
max_pressure,43,auto,21.88
max_pressure,43,car,23.14
max_pressure,43,auto,23.29
max_pressure,43,car,32.78
max_pressure,43,auto,28.24
max_pressure,43,moto,28.11
max_pressure,43,moto,14.19
max_pressure,43,moto,26.2
max_pressure,43,moto,35.0
max_pressure,43,moto,16.45
max_pressure,43,car,19.45
max_pressure,43,auto,32.59
max_pressure,43,auto,21.45
max_pressure,43,car,35.9
max_pressure,43,moto,31.8
max_pressure,43,auto,29.11
max_pressure,43,moto,25.51
max_pressure,43,moto,4.45
max_pressure,43,moto,2.2
max_pressure,43,auto,18.94
max_pressure,43,moto,3.32
max_pressure,43,moto,1.86
max_pressure,43,moto,42.89
max_pressure,43,moto,34.82
max_pressure,43,moto,23.82
max_pressure,43,moto,33.86
max_pressure,43,car,34.77
max_pressure,43,auto,31.77
max_pressure,43,moto,38.33
max_pressure,43,auto,25.45
max_pressure,43,moto,22.6
max_pressure,43,moto,17.68
max_pressure,43,car,13.59
max_pressure,43,car,6.8
max_pressure,43,car,32.63
max_pressure,43,moto,34.29
max_pressure,43,auto,28.09
max_pressure,43,moto,23.32
max_pressure,43,moto,11.83
max_pressure,43,moto,22.1
max_pressure,43,moto,19.17
max_pressure,43,moto,24.52
max_pressure,43,auto,1.06
max_pressure,43,moto,26.74
max_pressure,43,moto,14.53
max_pressure,43,moto,1.76
max_pressure,43,moto,2.56
max_pressure,43,moto,1.78
max_pressure,43,moto,32.53
max_pressure,43,car,29.56
max_pressure,43,moto,28.01
max_pressure,43,auto,31.9
max_pressure,43,moto,30.88
max_pressure,43,moto,31.65
max_pressure,43,moto,28.88
max_pressure,43,car,20.92
max_pressure,43,moto,25.85
max_pressure,43,auto,25.18
max_pressure,43,auto,2.83
max_pressure,43,auto,27.55
max_pressure,43,auto,21.34
max_pressure,43,moto,23.67
max_pressure,43,moto,13.36
max_pressure,43,moto,17.82
max_pressure,43,auto,10.78
max_pressure,43,auto,9.63
max_pressure,43,car,29.31
max_pressure,43,moto,2.0
max_pressure,43,moto,2.31
max_pressure,43,moto,37.44
max_pressure,43,moto,32.01
max_pressure,43,moto,34.71
max_pressure,43,car,28.64
max_pressure,43,moto,21.39
max_pressure,43,auto,27.36
max_pressure,43,moto,23.84
max_pressure,43,moto,38.31
max_pressure,43,car,18.9
max_pressure,43,moto,33.46
max_pressure,43,car,30.47
max_pressure,43,moto,26.66
max_pressure,43,moto,21.31
max_pressure,43,moto,25.75
max_pressure,43,moto,18.37
max_pressure,43,moto,13.45
max_pressure,43,moto,3.09
max_pressure,43,car,8.4
max_pressure,43,auto,1.11
max_pressure,43,moto,2.85
max_pressure,43,moto,3.24
max_pressure,43,car,10.24
max_pressure,43,moto,1.96
max_pressure,43,moto,2.55
max_pressure,43,moto,2.76
max_pressure,43,moto,24.63
max_pressure,43,moto,27.91
max_pressure,43,auto,38.21
max_pressure,43,moto,21.19
max_pressure,43,car,20.75
max_pressure,43,auto,35.74
max_pressure,43,moto,24.84
max_pressure,43,moto,16.98
max_pressure,43,car,30.07
max_pressure,43,auto,13.61
max_pressure,43,moto,22.56
max_pressure,43,moto,9.94
max_pressure,43,auto,21.68
max_pressure,43,moto,7.49
max_pressure,43,auto,23.76
max_pressure,43,auto,28.84
max_pressure,43,moto,2.56
max_pressure,43,auto,19.31
max_pressure,43,auto,40.54
max_pressure,43,moto,44.48
max_pressure,43,moto,29.4
max_pressure,43,car,42.1
max_pressure,43,auto,29.49
max_pressure,43,car,37.8
max_pressure,43,auto,42.26
max_pressure,43,moto,27.82
max_pressure,43,moto,33.15
max_pressure,43,moto,4.07
max_pressure,43,auto,27.52
max_pressure,43,moto,13.02
max_pressure,43,moto,20.68
max_pressure,43,auto,33.26
max_pressure,43,car,19.87
max_pressure,43,moto,33.24
max_pressure,43,moto,26.81
max_pressure,43,moto,16.78
max_pressure,43,moto,14.31
max_pressure,43,moto,2.44
max_pressure,43,moto,29.79
max_pressure,43,car,6.43
max_pressure,43,car,32.43
max_pressure,43,moto,17.39
max_pressure,43,auto,18.55
max_pressure,43,auto,11.7
max_pressure,43,moto,3.44
max_pressure,43,moto,4.77
max_pressure,43,moto,39.99
max_pressure,43,auto,35.26
max_pressure,43,moto,38.52
max_pressure,43,auto,20.8
max_pressure,43,car,35.05
max_pressure,43,moto,35.38
max_pressure,43,car,20.06
max_pressure,43,auto,32.56
max_pressure,43,moto,21.23
max_pressure,43,moto,22.29
max_pressure,43,auto,3.2
max_pressure,43,moto,20.9
max_pressure,43,moto,17.79
max_pressure,43,auto,27.34
max_pressure,43,car,19.93
max_pressure,43,moto,19.66
max_pressure,43,car,16.38
max_pressure,43,auto,12.81
max_pressure,43,moto,2.59
max_pressure,43,auto,18.61
max_pressure,43,moto,2.77
max_pressure,43,moto,11.27
max_pressure,43,moto,2.49
max_pressure,43,auto,22.3
max_pressure,43,auto,21.17
max_pressure,43,auto,2.82
max_pressure,43,moto,41.26
max_pressure,43,moto,36.26
max_pressure,43,moto,43.79
max_pressure,43,moto,41.18
max_pressure,43,moto,24.89
max_pressure,43,auto,34.63
max_pressure,43,moto,39.51
max_pressure,43,auto,30.02
max_pressure,43,car,25.92
max_pressure,43,moto,24.73
max_pressure,43,moto,25.05
max_pressure,43,car,26.61
max_pressure,43,moto,9.51
max_pressure,43,auto,24.91
max_pressure,43,moto,12.19
max_pressure,43,auto,30.71
max_pressure,43,auto,31.35
max_pressure,43,auto,8.23
max_pressure,43,auto,24.66
max_pressure,43,car,8.63
max_pressure,43,moto,15.57
max_pressure,43,moto,17.64
max_pressure,43,car,8.04
max_pressure,43,car,41.88
max_pressure,43,moto,29.76
max_pressure,43,car,33.45
max_pressure,43,moto,33.67
max_pressure,43,moto,22.5
max_pressure,43,auto,32.77
max_pressure,43,moto,33.34
max_pressure,43,auto,21.0
max_pressure,43,moto,34.52
max_pressure,43,moto,9.98
max_pressure,43,moto,21.35
max_pressure,43,moto,11.08
max_pressure,43,car,16.79
max_pressure,43,car,8.05
max_pressure,43,auto,22.52
max_pressure,43,moto,18.44
max_pressure,43,auto,22.76
max_pressure,43,car,15.61
max_pressure,43,moto,10.03
max_pressure,43,auto,21.32
max_pressure,43,moto,8.18
max_pressure,43,moto,25.67
max_pressure,43,car,3.55
max_pressure,43,car,7.66
max_pressure,43,auto,11.42
max_pressure,43,moto,2.42
max_pressure,43,moto,3.26
max_pressure,43,moto,47.39
max_pressure,43,moto,42.88
max_pressure,43,moto,44.57
max_pressure,43,moto,30.84
max_pressure,43,moto,2.92
max_pressure,43,moto,23.9
max_pressure,43,car,34.06
max_pressure,43,moto,25.36
max_pressure,43,moto,33.19
max_pressure,43,auto,35.77
max_pressure,43,moto,23.83
max_pressure,43,moto,17.44
max_pressure,43,car,21.22
max_pressure,43,auto,11.77
max_pressure,43,moto,11.67
max_pressure,43,moto,21.73
max_pressure,43,moto,13.67
max_pressure,43,moto,16.42
max_pressure,43,auto,9.08
max_pressure,43,car,1.24
max_pressure,43,car,2.86
max_pressure,43,moto,9.92
max_pressure,43,car,1.49
max_pressure,43,auto,1.09
max_pressure,43,moto,27.31
max_pressure,43,moto,23.43
max_pressure,43,auto,1.62
max_pressure,43,car,27.31
max_pressure,43,auto,29.3
max_pressure,43,auto,21.21
max_pressure,43,moto,23.03
max_pressure,43,moto,28.12
max_pressure,43,moto,23.84
max_pressure,43,auto,7.74
max_pressure,43,moto,3.16
max_pressure,43,car,12.02
max_pressure,43,moto,11.82
max_pressure,43,car,5.98
max_pressure,43,moto,14.75
max_pressure,43,moto,16.81
max_pressure,43,car,17.72
max_pressure,43,moto,22.52
max_pressure,43,moto,2.88
max_pressure,43,car,15.69
max_pressure,43,auto,1.18
max_pressure,43,auto,6.19
max_pressure,43,moto,35.31
max_pressure,43,moto,34.99
max_pressure,43,moto,31.87
max_pressure,43,moto,17.8
max_pressure,43,moto,31.1
max_pressure,43,moto,29.15
max_pressure,43,moto,21.57
max_pressure,43,moto,11.97
max_pressure,43,auto,28.73
max_pressure,43,auto,25.61
max_pressure,43,moto,26.71
max_pressure,43,moto,24.7
max_pressure,43,moto,8.16
max_pressure,43,moto,27.51
max_pressure,43,moto,26.99
max_pressure,43,auto,16.61
max_pressure,43,auto,34.15
max_pressure,43,moto,18.22
max_pressure,43,car,32.57
max_pressure,43,moto,21.05
max_pressure,43,moto,2.55
max_pressure,43,auto,20.01
max_pressure,43,auto,5.26
max_pressure,43,moto,23.61
max_pressure,43,moto,3.79
max_pressure,43,car,17.61
max_pressure,43,moto,22.84
max_pressure,43,auto,4.07
max_pressure,43,auto,18.95
max_pressure,43,car,3.5
max_pressure,43,moto,43.0
max_pressure,43,auto,40.74
max_pressure,43,auto,41.1
max_pressure,43,moto,23.07
max_pressure,43,car,39.74
max_pressure,43,moto,33.3
max_pressure,43,auto,35.86
max_pressure,43,moto,42.96
max_pressure,43,auto,34.02
max_pressure,43,auto,48.93
max_pressure,43,auto,39.53
max_pressure,43,car,31.11
max_pressure,43,moto,1.79
max_pressure,43,auto,33.85
max_pressure,43,auto,28.01
max_pressure,43,car,36.71
max_pressure,43,moto,30.34
max_pressure,43,moto,40.66
max_pressure,43,moto,32.27
max_pressure,43,car,12.58
max_pressure,43,auto,25.3
max_pressure,43,auto,13.26
max_pressure,43,moto,2.78
max_pressure,43,moto,14.59
max_pressure,43,moto,43.98
max_pressure,43,auto,41.44
max_pressure,43,auto,47.66
max_pressure,43,moto,12.78
max_pressure,43,auto,20.61
max_pressure,43,moto,21.32
max_pressure,43,moto,35.04
max_pressure,43,moto,35.08
max_pressure,43,moto,26.68
max_pressure,43,moto,12.88
max_pressure,43,moto,28.1
max_pressure,43,moto,19.08
max_pressure,43,moto,22.51
max_pressure,43,moto,12.18
max_pressure,43,moto,23.69
max_pressure,43,moto,7.31
max_pressure,43,moto,20.22
max_pressure,43,auto,25.23
max_pressure,43,moto,3.76
max_pressure,43,moto,18.85
max_pressure,43,car,10.3
max_pressure,43,car,13.75
max_pressure,43,moto,19.85
max_pressure,43,moto,2.52
max_pressure,43,auto,1.8
max_pressure,43,car,5.78
max_pressure,43,auto,1.7
max_pressure,43,moto,2.72
max_pressure,43,auto,3.48
max_pressure,43,moto,24.92
max_pressure,43,moto,31.97
max_pressure,43,auto,35.49
max_pressure,43,moto,32.43
max_pressure,43,moto,40.56
max_pressure,43,auto,36.44
max_pressure,43,moto,40.2
max_pressure,43,moto,29.05
max_pressure,43,car,34.08
max_pressure,43,moto,36.75
max_pressure,43,moto,22.26
max_pressure,43,moto,27.05
max_pressure,43,auto,49.91
max_pressure,43,auto,42.3
max_pressure,43,auto,41.81
max_pressure,43,moto,24.98
max_pressure,43,moto,44.33
max_pressure,43,auto,44.31
max_pressure,43,moto,6.24
max_pressure,43,moto,51.31
max_pressure,43,auto,29.29
max_pressure,43,auto,39.05
max_pressure,43,car,17.82
max_pressure,43,car,36.03
max_pressure,43,moto,33.67
max_pressure,43,car,29.1
max_pressure,43,moto,20.01
max_pressure,43,auto,20.54
max_pressure,43,moto,22.68
max_pressure,43,moto,1.86
max_pressure,43,moto,18.48
max_pressure,43,car,27.79
max_pressure,43,auto,1.19
max_pressure,43,moto,21.52
max_pressure,43,auto,1.61
max_pressure,43,moto,35.41
max_pressure,43,car,33.44
max_pressure,43,moto,23.71
max_pressure,43,moto,26.23
max_pressure,43,auto,41.56
max_pressure,43,moto,35.67
max_pressure,43,auto,36.24
max_pressure,43,car,27.28
max_pressure,43,moto,24.04
max_pressure,43,moto,21.36
max_pressure,43,moto,4.41
max_pressure,43,auto,31.78
max_pressure,43,moto,35.24
max_pressure,43,auto,24.6
max_pressure,43,moto,14.74
max_pressure,43,car,35.21
max_pressure,43,moto,39.17
max_pressure,43,moto,25.69
max_pressure,43,moto,11.03
max_pressure,43,moto,38.22
max_pressure,43,moto,13.77
max_pressure,43,moto,3.25
max_pressure,43,moto,17.93
max_pressure,43,moto,29.64
max_pressure,43,moto,4.2
max_pressure,43,auto,25.16
max_pressure,43,auto,24.55
max_pressure,43,auto,28.08
max_pressure,43,car,28.31
max_pressure,43,auto,1.1
max_pressure,43,moto,20.97
max_pressure,43,auto,26.37
max_pressure,43,auto,13.18
max_pressure,43,auto,9.08
max_pressure,43,car,15.04
max_pressure,43,auto,8.62
max_pressure,43,auto,1.02
max_pressure,43,car,10.4
max_pressure,43,moto,37.56
max_pressure,43,moto,41.71
max_pressure,43,auto,37.72
max_pressure,43,auto,44.31
max_pressure,43,moto,28.62
max_pressure,43,moto,31.42
max_pressure,43,moto,24.5
max_pressure,43,moto,36.16
max_pressure,43,moto,31.92
max_pressure,43,auto,29.33
max_pressure,43,moto,35.75
max_pressure,43,car,23.13
max_pressure,43,moto,27.63
max_pressure,43,car,34.48
max_pressure,43,moto,27.91
max_pressure,43,car,21.25
max_pressure,43,moto,35.92
max_pressure,43,moto,23.97
max_pressure,43,auto,21.23
max_pressure,43,moto,18.47
max_pressure,43,car,19.17
max_pressure,43,moto,12.49
max_pressure,43,moto,20.97
max_pressure,43,moto,7.05
max_pressure,43,auto,30.56
max_pressure,43,moto,30.86
max_pressure,43,auto,30.95
max_pressure,43,moto,21.07
max_pressure,43,moto,2.13
max_pressure,43,moto,3.67
max_pressure,43,car,2.76
max_pressure,43,moto,1.84
max_pressure,43,moto,1.72
max_pressure,43,car,40.89
max_pressure,43,moto,2.22
max_pressure,43,moto,41.64
max_pressure,43,moto,22.71
max_pressure,43,moto,29.54
max_pressure,43,car,37.45
max_pressure,43,auto,40.24
max_pressure,43,moto,27.01
max_pressure,43,auto,25.48
max_pressure,43,auto,17.38
max_pressure,43,moto,26.34
max_pressure,43,moto,8.65
max_pressure,43,auto,22.92
max_pressure,43,auto,19.44
max_pressure,43,moto,11.05
max_pressure,43,auto,8.4
max_pressure,43,car,10.63
max_pressure,43,moto,11.84
max_pressure,43,moto,18.95
max_pressure,43,moto,6.59
max_pressure,43,moto,14.77
max_pressure,43,car,8.9
max_pressure,43,moto,4.41
max_pressure,43,auto,0.91
max_pressure,43,auto,0.9
max_pressure,43,car,39.12
max_pressure,43,moto,38.66
max_pressure,43,auto,46.44
max_pressure,43,moto,29.53
max_pressure,43,car,43.49
max_pressure,43,auto,36.26
max_pressure,43,auto,41.29
max_pressure,43,moto,26.68
max_pressure,43,auto,32.62
max_pressure,43,car,43.31
max_pressure,43,moto,34.36
max_pressure,43,car,36.72
max_pressure,43,moto,14.82
max_pressure,43,moto,31.2
max_pressure,43,moto,11.12
max_pressure,43,moto,3.87
max_pressure,43,moto,11.16
max_pressure,43,auto,15.1
max_pressure,43,auto,13.2
max_pressure,43,auto,30.22
max_pressure,43,auto,31.64
max_pressure,43,moto,24.44
max_pressure,43,moto,15.99
max_pressure,43,auto,9.01
max_pressure,43,moto,11.6
max_pressure,43,car,10.66
max_pressure,43,moto,22.72
max_pressure,43,moto,20.42
max_pressure,43,auto,21.99
max_pressure,43,moto,13.52
max_pressure,43,moto,33.85
max_pressure,43,moto,9.52
max_pressure,43,moto,8.01
max_pressure,43,car,11.51
max_pressure,43,moto,16.74
max_pressure,43,auto,14.23
max_pressure,43,moto,20.3
max_pressure,43,moto,6.54
max_pressure,43,auto,13.22
max_pressure,43,auto,11.45
max_pressure,43,moto,1.98
max_pressure,43,auto,20.8
max_pressure,43,car,4.68
max_pressure,43,moto,15.34
max_pressure,43,moto,4.31
max_pressure,43,moto,46.37
max_pressure,43,moto,23.1
max_pressure,43,moto,30.06
max_pressure,43,auto,26.57
max_pressure,43,car,39.82
max_pressure,43,auto,27.72
max_pressure,43,moto,27.56
max_pressure,43,moto,26.43
max_pressure,43,moto,23.92
max_pressure,43,moto,17.6
max_pressure,43,moto,49.43
max_pressure,43,moto,13.38
max_pressure,43,car,5.45
max_pressure,43,auto,11.81
max_pressure,43,auto,1.55
max_pressure,43,car,18.84
max_pressure,43,moto,29.78
max_pressure,43,car,39.05
max_pressure,43,moto,31.24
max_pressure,43,moto,28.6
max_pressure,43,auto,25.45
max_pressure,43,moto,33.21
max_pressure,43,auto,23.28
max_pressure,43,auto,28.21
max_pressure,43,auto,26.15
max_pressure,43,moto,31.21
max_pressure,43,moto,25.64
max_pressure,43,auto,43.01
max_pressure,43,moto,9.97
max_pressure,43,moto,33.85
max_pressure,43,moto,33.96
max_pressure,43,moto,22.35
max_pressure,43,auto,11.56
max_pressure,43,auto,36.57
max_pressure,43,moto,5.6
max_pressure,43,moto,2.05
max_pressure,43,car,26.23
max_pressure,43,car,21.78
max_pressure,43,moto,16.52
max_pressure,43,moto,12.85
max_pressure,43,moto,14.48
max_pressure,43,moto,11.17
max_pressure,43,moto,14.26
max_pressure,43,moto,13.93
max_pressure,43,car,14.74
max_pressure,43,moto,13.82
max_pressure,43,auto,14.41
max_pressure,43,car,5.14
max_pressure,43,moto,26.3
max_pressure,43,moto,36.44
max_pressure,43,auto,23.56
max_pressure,43,car,21.05
max_pressure,43,auto,26.64
max_pressure,43,moto,18.23
max_pressure,43,moto,22.91
max_pressure,43,auto,22.29
max_pressure,43,moto,14.77
max_pressure,43,moto,19.13
max_pressure,43,auto,18.48
max_pressure,43,moto,7.05
max_pressure,43,moto,16.07
max_pressure,43,moto,5.64
max_pressure,43,moto,3.68
max_pressure,43,moto,2.47
max_pressure,43,moto,1.75
max_pressure,43,car,29.46
max_pressure,43,auto,0.9
max_pressure,43,moto,37.76
max_pressure,43,auto,29.98
max_pressure,43,car,22.16
max_pressure,43,car,5.96
max_pressure,43,moto,7.24
max_pressure,43,car,29.52
max_pressure,43,moto,14.19
max_pressure,43,moto,12.81
max_pressure,43,auto,16.57
max_pressure,43,moto,9.02
max_pressure,43,moto,31.55
max_pressure,43,moto,10.13
max_pressure,43,auto,6.22
max_pressure,43,auto,16.33
max_pressure,43,car,9.81
max_pressure,43,moto,8.26
max_pressure,43,moto,15.47
max_pressure,43,moto,2.22
max_pressure,43,auto,13.95
max_pressure,43,moto,2.96
max_pressure,43,moto,39.49
max_pressure,43,moto,22.48
max_pressure,43,moto,38.48
max_pressure,43,auto,43.06
max_pressure,43,auto,26.38
max_pressure,43,auto,30.43
max_pressure,43,car,35.71
max_pressure,43,moto,30.71
max_pressure,43,moto,26.35
max_pressure,43,moto,17.31
max_pressure,43,moto,26.28
max_pressure,43,moto,24.05
max_pressure,43,moto,21.31
max_pressure,43,auto,22.21
max_pressure,43,auto,30.95
max_pressure,43,moto,20.7
max_pressure,43,moto,2.09
max_pressure,43,moto,7.28
max_pressure,43,moto,3.2
max_pressure,43,moto,2.29
max_pressure,43,moto,42.97
max_pressure,43,car,30.12
max_pressure,43,moto,24.06
max_pressure,43,auto,36.67
max_pressure,43,auto,46.26
max_pressure,43,moto,39.43
max_pressure,43,moto,26.06
max_pressure,43,auto,43.76
max_pressure,43,moto,30.37
max_pressure,43,auto,29.2
max_pressure,43,auto,45.87
max_pressure,43,moto,18.5
max_pressure,43,auto,31.24
max_pressure,43,moto,28.61
max_pressure,43,moto,30.98
max_pressure,43,moto,26.43
max_pressure,43,moto,32.68
max_pressure,43,moto,33.21
max_pressure,43,car,23.92
max_pressure,43,moto,9.21
max_pressure,43,moto,32.03
max_pressure,43,auto,29.28
max_pressure,43,auto,13.83
max_pressure,43,car,22.81
max_pressure,43,moto,12.84
max_pressure,43,moto,8.22
max_pressure,43,moto,18.16
max_pressure,43,moto,24.01
max_pressure,43,auto,29.0
max_pressure,43,moto,6.71
max_pressure,43,moto,8.01
max_pressure,43,moto,3.37
max_pressure,43,car,1.16
max_pressure,43,moto,30.81
max_pressure,43,moto,1.96
max_pressure,43,moto,29.36
max_pressure,43,moto,44.6
max_pressure,43,moto,34.55
max_pressure,43,car,38.09
max_pressure,43,moto,48.6
max_pressure,43,moto,38.18
max_pressure,43,moto,42.6
max_pressure,43,moto,43.6
max_pressure,43,auto,36.27
max_pressure,43,moto,26.37
max_pressure,43,car,44.09
max_pressure,43,moto,17.93
max_pressure,43,moto,13.61
max_pressure,43,car,28.39
max_pressure,43,moto,18.17
max_pressure,43,moto,29.89
max_pressure,43,moto,24.38
max_pressure,43,moto,28.82
max_pressure,43,moto,25.64
max_pressure,43,moto,19.1
max_pressure,43,moto,2.94
max_pressure,43,auto,36.3
max_pressure,43,auto,23.81
max_pressure,43,moto,15.78
max_pressure,43,auto,19.77
max_pressure,43,auto,25.25
max_pressure,43,auto,12.07
max_pressure,43,moto,12.26
max_pressure,43,auto,1.03
max_pressure,43,moto,1.98
max_pressure,43,auto,0.94
max_pressure,43,car,34.32
max_pressure,43,car,41.82
max_pressure,43,moto,26.5
max_pressure,43,auto,38.31
max_pressure,43,moto,32.59
max_pressure,43,car,24.73
max_pressure,43,moto,14.81
max_pressure,43,moto,27.68
max_pressure,43,car,28.23
max_pressure,43,auto,11.58
max_pressure,43,moto,16.95
max_pressure,43,moto,13.98
max_pressure,43,auto,0.99
max_pressure,43,auto,11.91
max_pressure,43,moto,2.33
max_pressure,43,auto,7.69
max_pressure,43,car,29.89
max_pressure,43,moto,39.92
max_pressure,43,moto,40.11
max_pressure,43,auto,36.05
max_pressure,43,moto,34.67
max_pressure,43,moto,3.46
max_pressure,43,moto,32.69
max_pressure,43,auto,23.01
max_pressure,43,auto,22.44
max_pressure,43,moto,26.29
max_pressure,43,car,25.27
max_pressure,43,auto,22.73
max_pressure,43,moto,25.6
max_pressure,43,moto,28.23
max_pressure,43,car,22.27
max_pressure,43,auto,1.23
max_pressure,43,moto,2.16
max_pressure,43,auto,21.87
max_pressure,43,moto,3.94
max_pressure,43,moto,32.56
max_pressure,43,car,49.44
max_pressure,43,moto,38.29
max_pressure,43,moto,32.71
max_pressure,43,moto,28.45
max_pressure,43,car,33.89
max_pressure,43,moto,23.12
max_pressure,43,moto,20.47
max_pressure,43,auto,5.16
max_pressure,43,moto,11.49
max_pressure,43,auto,23.78
max_pressure,43,moto,26.0
max_pressure,43,moto,16.56
max_pressure,43,moto,20.35
max_pressure,43,car,18.45
max_pressure,43,moto,14.65
max_pressure,43,car,13.1
max_pressure,43,moto,4.1
max_pressure,43,moto,19.35
max_pressure,43,moto,19.7
max_pressure,43,moto,21.75
max_pressure,43,auto,4.19
max_pressure,43,auto,24.46
max_pressure,43,car,8.98
max_pressure,43,moto,4.96
max_pressure,43,auto,6.76
max_pressure,43,moto,4.46
max_pressure,43,moto,22.54
max_pressure,43,moto,24.12
max_pressure,43,auto,43.07
max_pressure,43,moto,45.57
max_pressure,43,moto,27.03
max_pressure,43,moto,38.38
max_pressure,43,moto,2.69
max_pressure,43,moto,19.63
max_pressure,43,moto,6.33
max_pressure,43,moto,27.97
max_pressure,43,car,21.65
max_pressure,43,moto,14.19
max_pressure,43,auto,6.02
max_pressure,43,car,11.93
max_pressure,43,moto,26.41
max_pressure,43,moto,11.37
max_pressure,43,moto,13.88
max_pressure,43,car,8.48
max_pressure,43,moto,10.97
max_pressure,43,auto,22.67
max_pressure,43,moto,18.91
max_pressure,43,moto,21.59
max_pressure,43,car,3.96
max_pressure,43,moto,12.55
max_pressure,43,auto,17.2
max_pressure,43,car,23.89
max_pressure,43,auto,44.52
max_pressure,43,car,23.46
max_pressure,43,car,32.57
max_pressure,43,auto,20.44
max_pressure,43,auto,22.29
max_pressure,43,moto,21.87
max_pressure,43,car,17.77
max_pressure,43,moto,2.65
max_pressure,43,moto,26.08
max_pressure,43,moto,29.15
max_pressure,43,car,27.99
max_pressure,43,car,27.41
max_pressure,43,moto,12.67
max_pressure,43,moto,28.74
max_pressure,43,auto,25.16
max_pressure,43,moto,2.31
max_pressure,43,moto,12.75
max_pressure,43,moto,28.85
max_pressure,43,moto,5.93
max_pressure,43,auto,13.81
max_pressure,43,moto,14.34
max_pressure,43,auto,10.2
max_pressure,43,auto,8.14
max_pressure,43,moto,2.56
max_pressure,43,car,8.06
max_pressure,43,moto,1.96
max_pressure,43,auto,37.36
max_pressure,43,moto,20.74
max_pressure,43,moto,33.45
max_pressure,43,car,26.84
max_pressure,43,auto,18.99
max_pressure,43,auto,22.74
max_pressure,43,car,31.78
max_pressure,43,moto,12.84
max_pressure,43,moto,24.19
max_pressure,43,auto,25.03
max_pressure,43,car,24.94
max_pressure,43,moto,11.71
max_pressure,43,moto,29.08
max_pressure,43,moto,16.16
max_pressure,43,moto,28.94
max_pressure,43,auto,11.55
max_pressure,43,auto,24.23
max_pressure,43,moto,17.36
max_pressure,43,auto,23.14
max_pressure,43,moto,1.6
max_pressure,43,moto,32.31
max_pressure,43,auto,7.19
max_pressure,43,moto,16.47
max_pressure,43,moto,19.1
max_pressure,43,auto,1.21
max_pressure,43,moto,32.04
max_pressure,43,auto,5.54
max_pressure,43,moto,20.93
max_pressure,43,auto,22.93
max_pressure,43,moto,33.92
max_pressure,43,car,30.65
max_pressure,43,moto,32.22
max_pressure,43,moto,30.4
max_pressure,43,auto,24.89
max_pressure,43,car,17.71
max_pressure,43,moto,30.59
max_pressure,43,moto,22.69
max_pressure,43,auto,17.54
max_pressure,43,auto,20.84
max_pressure,43,car,22.14
max_pressure,43,moto,26.93
max_pressure,43,moto,20.63
max_pressure,43,car,19.6
max_pressure,43,moto,22.77
max_pressure,43,auto,18.57
max_pressure,43,car,4.5
max_pressure,43,auto,5.06
max_pressure,43,moto,21.56
max_pressure,43,car,12.6
max_pressure,43,moto,13.07
max_pressure,43,car,10.45
max_pressure,43,moto,33.75
max_pressure,43,moto,40.32
max_pressure,43,car,23.33
max_pressure,43,moto,19.29
max_pressure,43,moto,23.36
max_pressure,43,auto,26.96
max_pressure,43,moto,35.3
max_pressure,43,moto,36.59
max_pressure,43,moto,37.7
max_pressure,43,auto,38.2
max_pressure,43,moto,29.74
max_pressure,43,moto,35.48
max_pressure,43,car,37.16
max_pressure,43,auto,34.68
max_pressure,43,moto,34.91
max_pressure,43,car,1.43
max_pressure,43,auto,26.24
max_pressure,43,moto,30.59
max_pressure,43,moto,15.14
max_pressure,43,moto,3.32
max_pressure,43,moto,27.12
max_pressure,43,auto,14.07
max_pressure,43,auto,31.37
max_pressure,43,auto,12.61
max_pressure,43,moto,14.31
max_pressure,43,moto,17.55
max_pressure,43,moto,2.23
max_pressure,43,moto,8.66
max_pressure,43,moto,15.75
max_pressure,43,car,17.96
max_pressure,43,auto,20.85
max_pressure,43,moto,46.32
max_pressure,43,moto,40.54
max_pressure,43,moto,36.27
max_pressure,43,moto,43.07
max_pressure,43,moto,35.25
max_pressure,43,auto,29.87
max_pressure,43,auto,39.94
max_pressure,43,moto,28.95
max_pressure,43,moto,26.4
max_pressure,43,moto,30.15
max_pressure,43,moto,22.76
max_pressure,43,moto,21.7
max_pressure,43,moto,21.36
max_pressure,43,auto,31.56
max_pressure,43,moto,17.32
max_pressure,43,auto,31.31
max_pressure,43,auto,23.98
max_pressure,43,moto,14.97
max_pressure,43,car,2.02
max_pressure,43,moto,2.0
max_pressure,43,car,23.99
max_pressure,43,car,23.7
max_pressure,43,auto,9.66
max_pressure,43,moto,5.06
max_pressure,43,moto,17.62
max_pressure,43,moto,28.14
max_pressure,43,car,43.17
max_pressure,43,car,33.3
max_pressure,43,moto,21.26
max_pressure,43,moto,29.56
max_pressure,43,moto,8.78
max_pressure,43,moto,16.59
max_pressure,43,moto,16.73
max_pressure,43,moto,11.18
max_pressure,43,moto,13.06
max_pressure,43,auto,24.49
max_pressure,43,auto,12.61
max_pressure,43,moto,12.84
max_pressure,43,car,6.86
max_pressure,43,car,16.34
max_pressure,43,moto,8.94
max_pressure,43,moto,20.05
max_pressure,43,moto,3.08
max_pressure,43,auto,2.67
max_pressure,43,moto,2.55
max_pressure,43,moto,33.63
max_pressure,43,car,31.57
max_pressure,43,moto,47.46
max_pressure,43,auto,25.43
max_pressure,43,moto,6.08
max_pressure,43,moto,22.35
max_pressure,43,auto,8.63
max_pressure,43,moto,36.32
max_pressure,43,auto,24.8
max_pressure,43,moto,27.33
max_pressure,43,moto,10.25
max_pressure,43,auto,25.43
max_pressure,43,moto,17.97
max_pressure,43,auto,15.34
max_pressure,43,auto,26.68
max_pressure,43,moto,17.53
max_pressure,43,moto,16.76
max_pressure,43,moto,9.2
max_pressure,43,auto,13.45
max_pressure,43,moto,10.19
max_pressure,43,moto,4.16
max_pressure,43,auto,13.4
max_pressure,43,car,1.75
max_pressure,43,car,16.63
max_pressure,43,auto,5.31
max_pressure,43,auto,36.81
max_pressure,43,moto,27.45
max_pressure,43,car,26.29
max_pressure,43,moto,21.17
max_pressure,43,auto,25.9
max_pressure,43,moto,27.32
max_pressure,43,moto,21.25
max_pressure,43,moto,1.58
max_pressure,43,moto,25.69
max_pressure,43,car,20.77
max_pressure,43,moto,30.87
max_pressure,43,moto,33.54
max_pressure,43,moto,28.17
max_pressure,43,auto,6.23
max_pressure,43,moto,3.96
max_pressure,43,moto,2.15
max_pressure,43,moto,2.45
max_pressure,43,moto,1.7
max_pressure,43,car,43.55
max_pressure,43,auto,36.77
max_pressure,43,auto,42.71
max_pressure,43,auto,34.15
max_pressure,43,auto,35.97
max_pressure,43,car,36.65
max_pressure,43,moto,34.12
max_pressure,43,moto,32.55
max_pressure,43,moto,36.22
max_pressure,43,car,32.26
max_pressure,43,moto,28.41
max_pressure,43,moto,28.35
max_pressure,43,moto,14.23
max_pressure,43,car,46.5
max_pressure,43,moto,31.43
max_pressure,43,moto,28.7
max_pressure,43,moto,21.53
max_pressure,43,auto,12.87
max_pressure,43,moto,13.68
max_pressure,43,moto,49.68
max_pressure,43,moto,7.27
max_pressure,43,moto,15.79
max_pressure,43,car,14.54
max_pressure,43,auto,35.53
max_pressure,43,moto,26.74
max_pressure,43,moto,23.41
max_pressure,43,moto,32.26
max_pressure,43,auto,23.26
max_pressure,43,moto,15.18
max_pressure,43,moto,6.45
max_pressure,43,moto,36.04
max_pressure,43,moto,31.94
max_pressure,43,moto,4.02
max_pressure,43,moto,20.8
max_pressure,43,car,2.9
max_pressure,43,moto,2.96
max_pressure,43,moto,27.41
max_pressure,43,auto,34.95
max_pressure,43,auto,19.18
max_pressure,43,moto,43.38
max_pressure,43,moto,37.45
max_pressure,43,auto,51.59
max_pressure,43,car,49.51
max_pressure,43,moto,41.59
max_pressure,43,moto,43.69
max_pressure,43,car,48.29
max_pressure,43,moto,32.89
max_pressure,43,moto,32.74
max_pressure,43,car,32.55
max_pressure,43,auto,30.33
max_pressure,43,auto,30.31
max_pressure,43,auto,22.41
max_pressure,43,moto,29.3
max_pressure,43,moto,25.05
max_pressure,43,moto,2.49
max_pressure,43,moto,2.05
max_pressure,43,moto,2.8
max_pressure,43,moto,34.03
max_pressure,43,auto,23.74
max_pressure,43,car,40.58
max_pressure,43,moto,37.17
max_pressure,43,moto,47.34
max_pressure,43,moto,40.29
max_pressure,43,moto,41.72
max_pressure,43,auto,52.71
max_pressure,43,auto,38.96
max_pressure,43,auto,32.19
max_pressure,43,moto,30.89
max_pressure,43,moto,10.55
max_pressure,43,moto,52.06
max_pressure,43,moto,28.17
max_pressure,43,moto,18.89
max_pressure,43,auto,19.64
max_pressure,43,moto,22.11
max_pressure,43,moto,12.7
max_pressure,43,auto,27.22
max_pressure,43,moto,2.38
max_pressure,43,moto,20.81
max_pressure,43,moto,16.99
max_pressure,43,moto,6.37
max_pressure,43,moto,21.66
max_pressure,43,auto,19.22
max_pressure,43,moto,4.12
max_pressure,43,moto,26.74
max_pressure,43,car,21.32
max_pressure,43,moto,18.36
max_pressure,43,auto,20.65
max_pressure,43,auto,15.71
max_pressure,43,auto,42.7
max_pressure,43,moto,27.04
max_pressure,43,auto,26.37
max_pressure,43,auto,24.85
max_pressure,43,moto,29.49
max_pressure,43,auto,20.47
max_pressure,43,moto,19.28
max_pressure,43,moto,24.94
max_pressure,43,moto,18.25
max_pressure,43,moto,19.39
max_pressure,43,auto,30.27
max_pressure,43,moto,20.02
max_pressure,43,auto,28.93
max_pressure,43,auto,19.58
max_pressure,43,auto,5.2
max_pressure,43,car,15.12
max_pressure,43,moto,9.82
max_pressure,43,auto,4.63
max_pressure,43,moto,2.13
max_pressure,43,moto,7.17
max_pressure,43,moto,2.01
max_pressure,43,auto,1.04
max_pressure,43,moto,20.04
max_pressure,43,auto,30.33
max_pressure,43,auto,34.24
max_pressure,43,auto,30.3
max_pressure,43,moto,25.99
max_pressure,43,auto,1.62
max_pressure,43,auto,1.24
max_pressure,43,auto,37.67
max_pressure,43,moto,7.85
max_pressure,43,moto,20.19
max_pressure,43,moto,31.76
max_pressure,43,moto,17.03
max_pressure,43,auto,1.2
max_pressure,43,moto,1.99
max_pressure,43,car,25.24
max_pressure,43,auto,37.29
max_pressure,43,auto,23.82
max_pressure,43,moto,27.82
max_pressure,43,moto,24.48
max_pressure,43,moto,29.33
max_pressure,43,moto,1.62
max_pressure,43,moto,33.74
max_pressure,43,moto,2.86
max_pressure,43,auto,1.18
max_pressure,43,car,38.56
max_pressure,43,moto,38.24
max_pressure,43,auto,27.07
max_pressure,43,moto,22.7
max_pressure,43,moto,46.43
max_pressure,43,auto,27.3
max_pressure,43,car,36.45
max_pressure,43,car,11.59
max_pressure,43,moto,33.52
max_pressure,43,car,27.96
max_pressure,43,moto,27.14
max_pressure,43,moto,24.8
max_pressure,43,auto,5.57
max_pressure,43,moto,12.34
max_pressure,43,moto,27.23
max_pressure,43,moto,15.89
max_pressure,43,moto,29.27
max_pressure,43,moto,5.56
max_pressure,43,car,23.69
max_pressure,43,moto,3.49
max_pressure,43,moto,8.71
max_pressure,43,moto,11.91
max_pressure,43,moto,3.39
max_pressure,43,moto,25.06
max_pressure,43,moto,24.64
max_pressure,43,moto,41.89
max_pressure,43,moto,46.74
max_pressure,43,auto,44.68
max_pressure,43,auto,22.46
max_pressure,43,moto,38.67
max_pressure,43,auto,34.1
max_pressure,43,car,27.58
max_pressure,43,car,30.92
max_pressure,43,auto,40.07
max_pressure,43,car,24.35
max_pressure,43,moto,28.83
max_pressure,43,moto,28.13
max_pressure,43,moto,28.16
max_pressure,43,moto,18.46
max_pressure,43,car,1.29
max_pressure,43,car,19.05
max_pressure,43,auto,26.91
max_pressure,43,moto,15.25
max_pressure,43,moto,30.57
max_pressure,43,auto,20.77
max_pressure,43,moto,9.77
max_pressure,43,car,17.53
max_pressure,43,moto,1.85
max_pressure,43,auto,21.48
max_pressure,43,car,20.82
max_pressure,43,moto,2.99
max_pressure,43,auto,1.66
max_pressure,43,moto,35.8
max_pressure,43,auto,29.83
max_pressure,43,auto,1.78
max_pressure,43,moto,32.45
max_pressure,43,moto,31.26
max_pressure,43,car,33.71
max_pressure,43,car,28.89
max_pressure,43,moto,24.89
max_pressure,43,moto,3.28
max_pressure,43,moto,28.01
max_pressure,43,auto,30.45
max_pressure,43,moto,23.93
max_pressure,43,moto,15.58
max_pressure,43,moto,2.09
max_pressure,43,moto,29.39
max_pressure,43,moto,2.19
max_pressure,43,auto,1.13
max_pressure,43,auto,1.16
max_pressure,43,moto,2.64
max_pressure,43,moto,35.85
max_pressure,43,moto,45.31
max_pressure,43,moto,25.24
max_pressure,43,moto,47.7
max_pressure,43,moto,32.34
max_pressure,43,auto,45.29
max_pressure,43,moto,32.39
max_pressure,43,moto,28.48
max_pressure,43,auto,25.87
max_pressure,43,moto,32.47
max_pressure,43,moto,28.49
max_pressure,43,car,30.18
max_pressure,43,moto,18.29
max_pressure,43,auto,5.71
max_pressure,43,moto,28.85
max_pressure,43,car,19.5
max_pressure,43,moto,16.27
max_pressure,43,car,5.0
max_pressure,43,moto,2.56
max_pressure,43,moto,2.55
max_pressure,43,moto,45.62
max_pressure,43,moto,34.64
max_pressure,43,moto,41.56
max_pressure,43,moto,39.9
max_pressure,43,auto,41.06
max_pressure,43,moto,32.22
max_pressure,43,car,41.49
max_pressure,43,moto,31.5
max_pressure,43,auto,38.36
max_pressure,43,auto,41.94
max_pressure,43,moto,30.8
max_pressure,43,auto,28.1
max_pressure,43,moto,32.35
max_pressure,43,auto,7.05
max_pressure,43,moto,18.7
max_pressure,43,moto,29.22
max_pressure,43,moto,22.14
max_pressure,43,auto,29.45
max_pressure,43,moto,31.52
max_pressure,43,moto,31.25
max_pressure,43,auto,14.77
max_pressure,43,auto,25.53
max_pressure,43,moto,29.37
max_pressure,43,moto,24.5
max_pressure,43,moto,15.46
max_pressure,43,auto,23.14
max_pressure,43,moto,10.04
max_pressure,43,moto,2.17
max_pressure,43,moto,45.32
max_pressure,43,moto,39.61
max_pressure,43,car,25.9
max_pressure,43,moto,31.09
max_pressure,43,moto,28.9
max_pressure,43,auto,28.69
max_pressure,43,auto,38.96
max_pressure,43,auto,24.41
max_pressure,43,auto,23.56
max_pressure,43,moto,23.78
max_pressure,43,moto,16.05
max_pressure,43,moto,4.54
max_pressure,43,moto,8.32
max_pressure,43,moto,25.69
max_pressure,43,moto,31.28
max_pressure,43,auto,32.68
max_pressure,43,moto,28.23
max_pressure,43,moto,2.04
max_pressure,43,moto,21.25
max_pressure,43,auto,23.51
max_pressure,43,moto,12.47
max_pressure,43,auto,23.75
max_pressure,43,moto,28.99
max_pressure,43,moto,8.01
max_pressure,43,moto,10.45
max_pressure,43,auto,4.52
max_pressure,43,moto,11.51
max_pressure,43,auto,11.81
max_pressure,43,moto,23.95
max_pressure,43,car,39.87
max_pressure,43,moto,11.24
max_pressure,43,moto,5.89
max_pressure,43,moto,30.47
max_pressure,43,moto,15.71
max_pressure,43,car,32.63
max_pressure,43,auto,34.57
max_pressure,43,auto,27.14
max_pressure,43,moto,16.73
max_pressure,43,auto,31.68
max_pressure,43,moto,32.1
max_pressure,43,car,21.64
max_pressure,43,car,18.45
max_pressure,43,moto,2.32
max_pressure,43,car,15.71
max_pressure,43,moto,2.54
max_pressure,43,moto,19.07
max_pressure,43,moto,2.37
max_pressure,43,moto,26.75
max_pressure,43,moto,27.68
max_pressure,43,moto,28.04
max_pressure,43,car,25.52
max_pressure,43,moto,28.35
max_pressure,43,moto,22.59
max_pressure,43,moto,34.81
max_pressure,43,moto,5.01
max_pressure,43,car,40.1
max_pressure,43,moto,25.09
max_pressure,43,auto,44.56
max_pressure,43,car,42.4
max_pressure,43,car,34.54
max_pressure,43,moto,27.7
max_pressure,43,moto,22.75
max_pressure,43,moto,39.01
max_pressure,43,car,41.35
max_pressure,43,moto,30.89
max_pressure,43,moto,19.63
max_pressure,43,car,30.37
max_pressure,43,moto,26.75
max_pressure,43,moto,32.24
max_pressure,43,moto,29.63
max_pressure,43,car,24.23
max_pressure,43,car,12.43
max_pressure,43,moto,17.08
max_pressure,43,auto,7.27
max_pressure,43,moto,3.28
max_pressure,43,moto,20.49
max_pressure,43,moto,34.4
max_pressure,43,auto,27.75
max_pressure,43,auto,11.23
max_pressure,43,moto,37.67
max_pressure,43,auto,38.0
max_pressure,43,moto,29.55
max_pressure,43,car,27.38
max_pressure,43,car,28.72
max_pressure,43,auto,22.23
max_pressure,43,moto,20.29
max_pressure,43,car,18.92
max_pressure,43,moto,20.57
max_pressure,43,auto,6.89
max_pressure,43,auto,17.76
max_pressure,43,moto,15.79
max_pressure,43,moto,10.7
max_pressure,43,auto,0.94
max_pressure,43,auto,10.82
max_pressure,43,auto,15.86
max_pressure,43,moto,33.09
max_pressure,43,moto,22.06
max_pressure,43,moto,33.92
max_pressure,43,moto,24.44
max_pressure,43,auto,22.33
max_pressure,43,moto,20.22
max_pressure,43,moto,15.3
max_pressure,43,moto,9.42
max_pressure,43,moto,2.78
max_pressure,43,auto,22.96
max_pressure,43,auto,31.19
max_pressure,43,moto,21.36
max_pressure,43,moto,11.0
max_pressure,43,auto,9.48
max_pressure,43,moto,26.71
max_pressure,43,moto,12.71
max_pressure,43,moto,21.16
max_pressure,43,auto,27.24
max_pressure,43,auto,11.89
max_pressure,43,moto,4.32
max_pressure,43,auto,10.49
max_pressure,43,moto,16.19
max_pressure,43,moto,2.38
max_pressure,43,moto,16.78
max_pressure,43,moto,3.57
max_pressure,43,moto,25.31
max_pressure,43,moto,34.32
max_pressure,43,moto,26.5
max_pressure,43,moto,43.76
max_pressure,43,moto,41.21
max_pressure,43,moto,47.6
max_pressure,43,moto,29.94
max_pressure,43,auto,50.86
max_pressure,43,auto,45.15
max_pressure,43,moto,37.0
max_pressure,43,car,32.11
max_pressure,43,auto,25.11
max_pressure,43,moto,22.51
max_pressure,43,auto,41.71
max_pressure,43,moto,32.25
max_pressure,43,moto,20.58
max_pressure,43,moto,34.63
max_pressure,43,moto,27.46
max_pressure,43,moto,8.76
max_pressure,43,moto,22.0
max_pressure,43,moto,27.7
max_pressure,43,auto,22.95
max_pressure,43,car,28.7
max_pressure,43,moto,12.27
max_pressure,43,car,19.55
max_pressure,43,moto,11.21
max_pressure,43,moto,3.22
max_pressure,43,auto,3.75
max_pressure,43,auto,12.7
max_pressure,43,auto,7.81
max_pressure,43,auto,9.34
max_pressure,43,car,1.5
max_pressure,43,moto,4.56
max_pressure,43,auto,21.85
max_pressure,43,moto,24.58
max_pressure,43,auto,41.85
max_pressure,43,auto,25.96
max_pressure,43,moto,21.9
max_pressure,43,moto,24.12
max_pressure,43,moto,25.37
max_pressure,43,moto,20.39
max_pressure,43,auto,17.31
max_pressure,43,moto,20.06
max_pressure,43,auto,30.11
max_pressure,43,car,16.21
max_pressure,43,moto,13.66
max_pressure,43,moto,9.91
max_pressure,43,moto,34.37
max_pressure,43,moto,23.31
max_pressure,43,auto,14.82
max_pressure,43,moto,12.44
max_pressure,43,auto,3.6
max_pressure,43,auto,29.48
max_pressure,43,car,23.94
max_pressure,43,moto,17.62
max_pressure,43,car,15.34
max_pressure,43,moto,26.57
max_pressure,43,moto,22.0
max_pressure,43,car,22.72
max_pressure,43,moto,6.39
max_pressure,43,moto,36.72
max_pressure,43,moto,43.01
max_pressure,43,moto,34.65
max_pressure,43,moto,24.83
max_pressure,43,moto,20.4
max_pressure,43,moto,35.69
max_pressure,43,moto,22.48
max_pressure,43,moto,31.84
max_pressure,43,moto,27.19
max_pressure,43,moto,32.99
max_pressure,43,auto,24.96
max_pressure,43,moto,28.22
max_pressure,43,moto,19.7
max_pressure,43,car,36.1
max_pressure,43,car,20.05
max_pressure,43,moto,20.71
max_pressure,43,moto,28.09
max_pressure,43,car,2.29
max_pressure,43,moto,12.01
max_pressure,43,moto,2.91
max_pressure,43,auto,23.77
max_pressure,43,moto,19.4
max_pressure,43,car,2.86
max_pressure,43,auto,1.05
max_pressure,43,moto,2.39
max_pressure,43,moto,4.17
max_pressure,43,moto,42.8
max_pressure,43,moto,24.25
max_pressure,43,auto,3.01
max_pressure,43,moto,37.0
max_pressure,43,moto,29.82
max_pressure,43,moto,41.05
max_pressure,43,car,36.59
max_pressure,43,moto,32.48
max_pressure,43,moto,32.6
max_pressure,43,moto,42.44
max_pressure,43,auto,35.29
max_pressure,43,moto,11.48
max_pressure,43,moto,24.46
max_pressure,43,auto,20.63
max_pressure,43,car,45.15
max_pressure,43,moto,18.25
max_pressure,43,moto,37.41
max_pressure,43,moto,38.34
max_pressure,43,car,45.85
max_pressure,43,auto,12.23
max_pressure,43,moto,22.9
max_pressure,43,auto,26.66
max_pressure,43,moto,12.3
max_pressure,43,moto,38.83
max_pressure,43,moto,29.12
max_pressure,43,moto,21.85
max_pressure,43,auto,19.03
max_pressure,43,auto,11.44
max_pressure,43,car,8.01
max_pressure,43,car,11.2
max_pressure,43,moto,13.44
max_pressure,43,moto,4.68
max_pressure,43,moto,2.04
max_pressure,43,car,1.65
max_pressure,43,moto,46.01
max_pressure,43,moto,30.77
max_pressure,43,auto,30.63
max_pressure,43,moto,28.7
max_pressure,43,auto,17.04
max_pressure,43,moto,3.94
max_pressure,43,moto,24.9
max_pressure,43,moto,19.58
max_pressure,43,auto,29.98
max_pressure,43,car,27.5
max_pressure,43,moto,30.22
max_pressure,43,moto,22.09
max_pressure,43,car,17.52
max_pressure,43,moto,22.98
max_pressure,43,auto,29.37
max_pressure,43,moto,24.46
max_pressure,43,moto,17.17
max_pressure,43,moto,9.66
max_pressure,43,moto,17.65
max_pressure,43,moto,2.72
max_pressure,43,car,34.29
max_pressure,43,moto,16.8
max_pressure,43,moto,12.81
max_pressure,43,moto,30.7
max_pressure,43,moto,33.87
max_pressure,43,moto,26.22
max_pressure,43,moto,21.1
max_pressure,43,car,28.66
max_pressure,43,moto,28.54
max_pressure,43,moto,15.88
max_pressure,43,moto,26.92
max_pressure,43,moto,28.2
max_pressure,43,car,20.3
max_pressure,43,car,11.5
max_pressure,43,moto,4.0
max_pressure,43,moto,16.45
max_pressure,43,auto,34.56
max_pressure,43,moto,26.63
max_pressure,43,moto,19.35
max_pressure,43,moto,10.9
max_pressure,43,moto,2.53
max_pressure,43,moto,20.06
max_pressure,43,auto,11.6
max_pressure,43,auto,8.68
max_pressure,43,moto,31.93
max_pressure,43,moto,1.77
max_pressure,43,moto,39.67
max_pressure,43,moto,32.63
max_pressure,43,moto,3.12
max_pressure,43,moto,13.9
max_pressure,43,auto,45.28
max_pressure,43,auto,41.96
max_pressure,43,moto,19.01
max_pressure,43,moto,13.09
max_pressure,43,auto,17.86
max_pressure,43,auto,8.32
max_pressure,43,car,9.26
max_pressure,43,car,18.91
max_pressure,43,moto,14.83
max_pressure,43,moto,11.95
max_pressure,43,moto,19.09
max_pressure,43,moto,1.93
max_pressure,43,auto,9.1
max_pressure,43,auto,4.61
max_pressure,43,moto,2.48
max_pressure,43,moto,15.08
max_pressure,43,auto,21.83
max_pressure,43,car,37.0
max_pressure,43,car,39.71
max_pressure,43,auto,37.48
max_pressure,43,auto,27.59
max_pressure,43,moto,33.28
max_pressure,43,auto,21.03
max_pressure,43,auto,23.9
max_pressure,43,moto,26.9
max_pressure,43,moto,18.61
max_pressure,43,moto,4.87
max_pressure,43,moto,23.98
max_pressure,43,moto,24.5
max_pressure,43,moto,24.36
max_pressure,43,auto,13.39
max_pressure,43,moto,28.89
max_pressure,43,moto,20.65
max_pressure,43,auto,20.16
max_pressure,43,moto,19.92
max_pressure,43,moto,3.19
max_pressure,43,moto,21.82
max_pressure,43,auto,8.62
max_pressure,43,moto,44.49
max_pressure,43,moto,41.03
max_pressure,43,moto,29.06
max_pressure,43,auto,30.31
max_pressure,43,auto,39.06
max_pressure,43,car,24.74
max_pressure,43,moto,24.48
max_pressure,43,moto,24.04
max_pressure,43,moto,10.81
max_pressure,43,moto,16.53
max_pressure,43,auto,15.78
max_pressure,43,moto,32.39
max_pressure,43,moto,8.97
max_pressure,43,car,28.28
max_pressure,43,auto,10.81
max_pressure,43,auto,16.19
max_pressure,43,moto,3.63
max_pressure,43,moto,2.64
max_pressure,43,auto,15.21
max_pressure,43,moto,3.15
max_pressure,43,moto,37.74
max_pressure,43,car,45.66
max_pressure,43,car,43.12
max_pressure,43,moto,34.95
max_pressure,43,moto,30.12
max_pressure,43,car,32.75
max_pressure,43,car,36.88
max_pressure,43,moto,32.99
max_pressure,43,auto,24.84
max_pressure,43,auto,33.49
max_pressure,43,moto,15.21
max_pressure,43,moto,30.91
max_pressure,43,moto,2.6
max_pressure,43,car,27.2
max_pressure,43,moto,27.28
max_pressure,43,moto,21.68
max_pressure,43,moto,28.02
max_pressure,43,moto,8.56
max_pressure,43,moto,14.54
max_pressure,43,moto,20.72
max_pressure,43,auto,26.75
max_pressure,43,moto,15.71
max_pressure,43,auto,25.46
max_pressure,43,auto,14.24
max_pressure,43,moto,12.37
max_pressure,43,moto,4.0
max_pressure,43,auto,24.33
max_pressure,43,moto,16.55
max_pressure,43,moto,3.99
max_pressure,43,auto,12.36
max_pressure,43,car,1.29
max_pressure,43,car,2.31
max_pressure,43,auto,44.53
max_pressure,43,auto,39.15
max_pressure,43,moto,25.66
max_pressure,43,car,23.62
max_pressure,43,car,27.29
max_pressure,43,moto,28.38
max_pressure,43,car,27.34
max_pressure,43,moto,21.39
max_pressure,43,moto,21.23
max_pressure,43,moto,24.21
max_pressure,43,moto,25.39
max_pressure,43,car,12.44
max_pressure,43,moto,19.34
max_pressure,43,auto,15.87
max_pressure,43,moto,18.54
max_pressure,43,moto,10.48
max_pressure,43,moto,4.08
max_pressure,43,moto,21.25
max_pressure,43,car,6.43
max_pressure,43,moto,30.7
max_pressure,43,auto,5.17
max_pressure,43,auto,15.35
max_pressure,43,auto,1.0
max_pressure,43,auto,4.76
max_pressure,43,moto,4.84
max_pressure,43,moto,30.14
max_pressure,43,moto,44.78
max_pressure,43,moto,19.06
max_pressure,43,auto,39.68
max_pressure,43,car,35.92
max_pressure,43,moto,7.68
max_pressure,43,moto,24.94
max_pressure,43,moto,15.47
max_pressure,43,auto,23.28
max_pressure,43,moto,30.08
max_pressure,43,auto,24.19
max_pressure,43,auto,26.89
max_pressure,43,auto,22.32
max_pressure,43,auto,24.81
max_pressure,43,moto,17.72
max_pressure,43,car,15.18
max_pressure,43,moto,15.16
max_pressure,43,moto,11.21
max_pressure,43,auto,23.34
max_pressure,43,moto,26.22
max_pressure,43,car,11.66
max_pressure,43,auto,1.28
max_pressure,43,moto,12.91
max_pressure,43,moto,5.85
max_pressure,43,car,26.38
max_pressure,43,auto,29.94
max_pressure,43,car,19.27
max_pressure,43,auto,52.21
max_pressure,43,moto,27.55
max_pressure,43,car,14.59
max_pressure,43,auto,25.31
max_pressure,43,moto,17.57
max_pressure,43,moto,12.1
max_pressure,43,moto,12.99
max_pressure,43,car,21.36
max_pressure,43,moto,24.4
max_pressure,43,moto,19.05
max_pressure,43,auto,20.84
max_pressure,43,moto,28.79
max_pressure,43,moto,27.67
max_pressure,43,moto,19.86
max_pressure,43,moto,9.87
max_pressure,43,moto,30.96
max_pressure,43,moto,17.95
max_pressure,43,auto,31.32
max_pressure,43,moto,21.66
max_pressure,43,auto,5.2
max_pressure,43,moto,14.05
max_pressure,43,car,1.64
max_pressure,43,car,1.12
max_pressure,43,moto,29.45
max_pressure,43,moto,29.56
max_pressure,43,moto,25.89
max_pressure,43,moto,27.44
max_pressure,43,auto,24.33
max_pressure,43,moto,40.91
max_pressure,43,moto,31.71
max_pressure,43,auto,30.74
max_pressure,43,moto,23.91
max_pressure,43,moto,20.8
max_pressure,43,auto,29.4
max_pressure,43,auto,19.74
max_pressure,43,moto,7.4
max_pressure,43,moto,24.32
max_pressure,43,moto,29.08
max_pressure,43,moto,20.22
max_pressure,43,moto,13.42
max_pressure,43,moto,31.68
max_pressure,43,auto,24.51
max_pressure,43,moto,20.87
max_pressure,43,moto,22.63
max_pressure,43,auto,19.05
max_pressure,43,moto,9.42
max_pressure,43,auto,11.61
max_pressure,43,moto,7.26
max_pressure,43,moto,12.25
max_pressure,43,auto,7.15
max_pressure,43,moto,2.33
max_pressure,43,moto,20.62
max_pressure,43,moto,30.1
max_pressure,43,moto,32.62
max_pressure,43,car,22.81
max_pressure,43,moto,23.69
max_pressure,43,moto,27.13
max_pressure,43,moto,24.5
max_pressure,43,moto,18.03
max_pressure,43,moto,25.7
max_pressure,43,car,32.84
max_pressure,43,car,28.69
max_pressure,43,moto,23.39
max_pressure,43,auto,14.24
max_pressure,43,moto,8.84
max_pressure,43,moto,27.57
max_pressure,43,moto,21.4
max_pressure,43,auto,14.64
max_pressure,43,moto,1.87
max_pressure,43,auto,34.21
max_pressure,43,moto,13.63
max_pressure,43,auto,11.35
max_pressure,43,moto,3.37
max_pressure,43,car,16.21
max_pressure,43,car,41.82
max_pressure,43,auto,35.46
max_pressure,43,moto,31.54
max_pressure,43,moto,39.01
max_pressure,43,moto,22.77
max_pressure,43,moto,33.11
max_pressure,43,auto,38.16
max_pressure,43,moto,27.94
max_pressure,43,auto,40.48
max_pressure,43,moto,37.29
max_pressure,43,moto,28.02
max_pressure,43,moto,29.23
max_pressure,43,auto,49.32
max_pressure,43,car,41.29
max_pressure,43,auto,7.88
max_pressure,43,auto,1.41
max_pressure,43,car,57.0
max_pressure,43,moto,32.84
max_pressure,43,moto,24.86
max_pressure,43,moto,10.99
max_pressure,43,moto,28.9
max_pressure,43,auto,21.78
max_pressure,43,moto,17.41
max_pressure,43,auto,45.32
max_pressure,43,auto,19.33
max_pressure,43,moto,20.96
max_pressure,43,moto,22.78
max_pressure,43,car,7.28
max_pressure,43,auto,14.09
max_pressure,43,moto,11.77
max_pressure,43,moto,5.86
max_pressure,43,moto,12.96
max_pressure,43,moto,3.73
max_pressure,43,moto,24.08
max_pressure,43,moto,40.58
max_pressure,43,auto,32.48
max_pressure,43,auto,31.23
max_pressure,43,moto,18.99
max_pressure,43,moto,34.87
max_pressure,43,car,21.24
max_pressure,43,car,31.56
max_pressure,43,car,14.64
max_pressure,43,moto,24.68
max_pressure,43,auto,17.18
max_pressure,43,moto,33.26
max_pressure,43,moto,29.41
max_pressure,43,moto,20.03
max_pressure,43,moto,12.71
max_pressure,43,moto,8.22
max_pressure,43,moto,13.13
max_pressure,43,moto,21.18
max_pressure,43,moto,3.5
max_pressure,43,moto,2.51
max_pressure,43,moto,4.32
max_pressure,43,moto,2.57
max_pressure,43,car,36.47
max_pressure,43,auto,32.65
max_pressure,43,moto,30.31
max_pressure,43,auto,22.54
max_pressure,43,moto,25.08
max_pressure,43,moto,19.89
max_pressure,43,moto,40.34
max_pressure,43,moto,22.81
max_pressure,43,moto,15.81
max_pressure,43,moto,10.85
max_pressure,43,moto,2.59
max_pressure,43,moto,24.79
max_pressure,43,moto,23.03
max_pressure,43,auto,14.37
max_pressure,43,auto,19.24
max_pressure,43,moto,2.34
max_pressure,43,moto,24.92
max_pressure,43,car,26.65
max_pressure,43,moto,18.26
max_pressure,43,moto,25.7
max_pressure,43,auto,14.58
max_pressure,43,car,4.32
max_pressure,43,moto,31.5
max_pressure,43,moto,2.79
max_pressure,43,moto,43.89
max_pressure,43,moto,19.85
max_pressure,43,car,31.7
max_pressure,43,moto,33.09
max_pressure,43,moto,31.09
max_pressure,43,moto,32.99
max_pressure,43,moto,17.52
max_pressure,43,moto,25.61
max_pressure,43,car,8.22
max_pressure,43,moto,25.53
max_pressure,43,car,23.65
max_pressure,43,car,23.01
max_pressure,43,moto,19.97
max_pressure,43,car,14.84
max_pressure,43,moto,13.83
max_pressure,43,moto,19.54
max_pressure,43,car,17.94
max_pressure,43,auto,28.03
max_pressure,43,moto,17.69
max_pressure,43,car,15.75
max_pressure,43,auto,1.07
max_pressure,43,moto,2.13
max_pressure,43,moto,40.08
max_pressure,43,moto,22.89
max_pressure,43,auto,29.37
max_pressure,43,moto,43.66
max_pressure,43,moto,33.32
max_pressure,43,moto,26.52
max_pressure,43,moto,20.57
max_pressure,43,auto,29.27
max_pressure,43,car,17.16
max_pressure,43,auto,28.27
max_pressure,43,auto,18.92
max_pressure,43,moto,1.75
max_pressure,43,car,17.4
max_pressure,43,auto,16.41
max_pressure,43,moto,24.15
max_pressure,43,car,10.2
max_pressure,43,moto,18.6
max_pressure,43,auto,26.17
max_pressure,43,auto,20.45
max_pressure,43,moto,18.01
max_pressure,43,moto,8.52
max_pressure,43,moto,22.79
max_pressure,43,moto,21.7
max_pressure,43,auto,37.99
max_pressure,43,moto,22.29
max_pressure,43,moto,19.68
max_pressure,43,moto,16.92
max_pressure,43,auto,32.89
max_pressure,43,car,37.57
max_pressure,43,moto,21.18
max_pressure,43,moto,36.8
max_pressure,43,moto,16.64
max_pressure,43,moto,10.51
max_pressure,43,moto,32.16
max_pressure,43,moto,22.41
max_pressure,43,moto,16.43
max_pressure,43,moto,18.65
max_pressure,43,moto,14.09
max_pressure,43,moto,13.99
max_pressure,43,moto,12.91
max_pressure,43,moto,19.25
max_pressure,43,car,16.22
max_pressure,43,moto,7.3
max_pressure,43,moto,14.52
max_pressure,43,auto,21.27
max_pressure,43,moto,15.6
max_pressure,43,auto,2.07
max_pressure,43,moto,2.35
max_pressure,43,auto,2.8
max_pressure,43,moto,5.23
max_pressure,43,moto,3.05
max_pressure,43,moto,19.34
max_pressure,43,moto,18.91
max_pressure,43,moto,29.36
max_pressure,43,moto,17.38
max_pressure,43,auto,23.54
max_pressure,43,moto,18.47
max_pressure,43,moto,43.95
max_pressure,43,moto,21.88
max_pressure,43,moto,4.68
max_pressure,43,car,15.78
max_pressure,43,moto,20.53
max_pressure,43,moto,12.15
max_pressure,43,auto,24.03
max_pressure,43,moto,23.78
max_pressure,43,car,27.05
max_pressure,43,auto,2.24
max_pressure,43,car,24.17
max_pressure,43,moto,29.74
max_pressure,43,car,4.65
max_pressure,43,auto,23.8
max_pressure,43,moto,1.9
max_pressure,43,moto,44.05
max_pressure,43,auto,34.87
max_pressure,43,auto,39.95
max_pressure,43,moto,30.83
max_pressure,43,moto,29.9
max_pressure,43,car,36.09
max_pressure,43,auto,33.3
max_pressure,43,car,47.22
max_pressure,43,moto,29.61
max_pressure,43,car,38.95
max_pressure,43,auto,21.69
max_pressure,43,moto,31.22
max_pressure,43,moto,25.2
max_pressure,43,car,39.08
max_pressure,43,moto,26.65
max_pressure,43,auto,20.86
max_pressure,43,moto,20.83
max_pressure,43,moto,21.34
max_pressure,43,moto,24.48
max_pressure,43,moto,26.9
max_pressure,43,auto,33.6
max_pressure,43,auto,19.47
max_pressure,43,moto,7.04
max_pressure,43,moto,29.59
max_pressure,43,moto,23.13
max_pressure,43,auto,30.39
max_pressure,43,moto,21.74
max_pressure,43,car,4.38
max_pressure,43,auto,28.48
max_pressure,43,auto,19.76
max_pressure,43,moto,3.28
max_pressure,43,moto,3.19
max_pressure,43,moto,19.15
max_pressure,43,car,6.38
max_pressure,43,auto,23.96
max_pressure,43,moto,37.94
max_pressure,43,moto,28.03
max_pressure,43,auto,36.44
max_pressure,43,car,33.45
max_pressure,43,moto,26.11
max_pressure,43,car,23.6
max_pressure,43,moto,17.06
max_pressure,43,auto,18.89
max_pressure,43,auto,15.19
max_pressure,43,auto,30.82
max_pressure,43,moto,16.42
max_pressure,43,auto,32.9
max_pressure,43,auto,30.09
max_pressure,43,moto,28.29
max_pressure,43,moto,13.03
max_pressure,43,car,8.96
max_pressure,43,moto,15.85
max_pressure,43,moto,11.31
max_pressure,43,auto,1.77
max_pressure,43,moto,6.82
max_pressure,43,moto,36.5
max_pressure,43,moto,31.97
max_pressure,43,moto,36.7
max_pressure,43,car,22.55
max_pressure,43,moto,2.51
max_pressure,43,moto,29.53
max_pressure,43,moto,29.1
max_pressure,43,moto,29.11
max_pressure,43,moto,18.68
max_pressure,43,moto,35.36
max_pressure,43,auto,29.77
max_pressure,43,moto,18.63
max_pressure,43,moto,32.41
max_pressure,43,moto,27.09
max_pressure,43,moto,31.38
max_pressure,43,moto,20.21
max_pressure,43,moto,22.26
max_pressure,43,moto,11.89
max_pressure,43,moto,10.19
max_pressure,43,auto,28.93
max_pressure,43,auto,27.29
max_pressure,43,moto,20.61
max_pressure,43,moto,18.71
max_pressure,43,moto,19.53
max_pressure,43,car,21.35
max_pressure,43,auto,19.19
max_pressure,43,auto,8.71
max_pressure,43,moto,25.73
max_pressure,43,moto,19.7
max_pressure,43,auto,13.03
max_pressure,43,moto,10.17
max_pressure,43,car,21.13
max_pressure,43,auto,11.7
max_pressure,43,moto,4.54
max_pressure,43,moto,47.21
max_pressure,43,car,1.63
max_pressure,43,moto,45.5
max_pressure,43,auto,42.92
max_pressure,43,moto,30.78
max_pressure,43,auto,41.25
max_pressure,43,car,54.37
max_pressure,43,moto,37.01
max_pressure,43,moto,40.62
max_pressure,43,moto,40.77
max_pressure,43,moto,45.65
max_pressure,43,moto,32.65
max_pressure,43,moto,36.79
max_pressure,43,moto,31.27
max_pressure,43,moto,26.08
max_pressure,43,moto,28.28
max_pressure,43,moto,8.47
max_pressure,43,moto,6.43
max_pressure,43,auto,33.43
max_pressure,43,auto,26.39
max_pressure,43,moto,1.7
max_pressure,43,auto,28.42
max_pressure,43,auto,13.99
max_pressure,43,moto,24.45
max_pressure,43,car,9.98
max_pressure,43,moto,4.24
max_pressure,43,moto,10.91
max_pressure,43,auto,15.46
max_pressure,43,moto,29.5
max_pressure,43,moto,43.52
max_pressure,43,moto,40.44
max_pressure,43,auto,36.66
max_pressure,43,auto,37.68
max_pressure,43,car,24.09
max_pressure,43,car,29.13
max_pressure,43,car,22.63
max_pressure,43,moto,18.47
max_pressure,43,car,4.73
max_pressure,43,moto,3.3
max_pressure,43,moto,31.31
max_pressure,43,auto,18.06
max_pressure,43,moto,9.51
max_pressure,43,auto,1.02
max_pressure,43,moto,23.16
max_pressure,43,auto,23.45
max_pressure,43,moto,1.81
max_pressure,43,moto,8.8
max_pressure,43,moto,28.24
max_pressure,43,moto,21.09
max_pressure,43,moto,12.19
max_pressure,43,moto,32.7
max_pressure,43,car,1.3
max_pressure,43,auto,35.9
max_pressure,43,car,2.15
max_pressure,43,moto,2.71
max_pressure,43,moto,1.98
max_pressure,43,auto,9.37
max_pressure,43,moto,1.87
max_pressure,43,moto,23.55
max_pressure,43,moto,37.38
max_pressure,43,moto,31.52
max_pressure,43,auto,24.26
max_pressure,43,car,36.21
max_pressure,43,moto,9.11
max_pressure,43,moto,23.7
max_pressure,43,moto,11.85
max_pressure,43,car,10.31
max_pressure,43,auto,26.74
max_pressure,43,moto,22.29
max_pressure,43,moto,17.38
max_pressure,43,moto,24.55
max_pressure,43,auto,23.21
max_pressure,43,moto,15.61
max_pressure,43,auto,19.71
max_pressure,43,moto,8.8
max_pressure,43,moto,4.71
max_pressure,43,moto,13.15
max_pressure,43,car,28.05
max_pressure,43,auto,3.91
max_pressure,43,car,26.4
max_pressure,43,moto,40.13
max_pressure,43,moto,4.65
max_pressure,43,auto,36.45
max_pressure,43,auto,32.21
max_pressure,43,auto,35.13
max_pressure,43,auto,35.31
max_pressure,43,moto,45.54
max_pressure,43,auto,33.89
max_pressure,43,auto,3.3
max_pressure,43,auto,28.01
max_pressure,43,moto,24.08
max_pressure,43,moto,14.45
max_pressure,43,auto,37.27
max_pressure,43,auto,32.15
max_pressure,43,auto,8.78
max_pressure,43,moto,15.25
max_pressure,43,moto,45.99
max_pressure,43,auto,26.31
max_pressure,43,moto,17.56
max_pressure,43,moto,9.91
max_pressure,43,car,54.95
max_pressure,43,auto,20.66
max_pressure,43,auto,30.55
max_pressure,43,moto,16.92
max_pressure,43,auto,19.21
max_pressure,43,car,21.15
max_pressure,43,moto,21.69
max_pressure,43,moto,2.97
max_pressure,43,car,14.89
max_pressure,43,moto,4.4
max_pressure,43,auto,1.39
max_pressure,43,moto,5.54
max_pressure,43,moto,21.05
max_pressure,43,moto,21.16
max_pressure,43,moto,13.97
max_pressure,43,moto,35.91
max_pressure,43,moto,32.96
max_pressure,43,auto,36.77
max_pressure,43,moto,8.17
max_pressure,43,moto,22.62
max_pressure,43,car,20.41
max_pressure,43,auto,19.62
max_pressure,43,moto,16.84
max_pressure,43,car,12.09
max_pressure,43,auto,1.45
max_pressure,43,moto,21.76
max_pressure,43,car,1.19
max_pressure,43,car,22.96
max_pressure,43,moto,34.82
max_pressure,43,car,26.28
max_pressure,43,auto,12.81
max_pressure,43,moto,11.75
max_pressure,43,moto,31.62
max_pressure,43,auto,17.1
max_pressure,43,moto,16.51
max_pressure,43,auto,11.16
max_pressure,43,auto,20.78
max_pressure,43,auto,19.96
max_pressure,43,moto,13.33
max_pressure,43,car,11.75
max_pressure,43,moto,2.67
max_pressure,43,moto,16.04
max_pressure,43,moto,14.06
max_pressure,43,moto,13.0
max_pressure,43,auto,6.69
max_pressure,43,moto,43.25
max_pressure,43,moto,45.53
max_pressure,43,moto,42.24
max_pressure,43,auto,31.45
max_pressure,43,moto,35.11
max_pressure,43,auto,19.4
max_pressure,43,moto,23.97
max_pressure,43,moto,17.99
max_pressure,43,car,30.77
max_pressure,43,moto,8.72
max_pressure,43,moto,3.54
max_pressure,43,moto,19.39
max_pressure,43,moto,24.26
max_pressure,43,moto,1.81
max_pressure,43,moto,31.09
max_pressure,43,auto,25.56
max_pressure,43,car,29.31
max_pressure,43,auto,1.82
max_pressure,43,moto,1.91
max_pressure,43,moto,49.11
max_pressure,43,moto,46.9
max_pressure,43,moto,48.99
max_pressure,43,moto,26.02
max_pressure,43,moto,31.89
max_pressure,43,car,36.49
max_pressure,43,car,29.66
max_pressure,43,moto,30.41
max_pressure,43,auto,33.88
max_pressure,43,moto,41.27
max_pressure,43,moto,37.4
max_pressure,43,auto,32.45
max_pressure,43,auto,48.17
max_pressure,43,moto,50.55
max_pressure,43,auto,33.53
max_pressure,43,moto,23.32
max_pressure,43,car,26.01
max_pressure,43,auto,37.89
max_pressure,43,moto,14.9
max_pressure,43,moto,42.52
max_pressure,43,moto,33.19
max_pressure,43,moto,18.41
max_pressure,43,auto,25.95
max_pressure,43,moto,12.64
max_pressure,43,moto,25.32
max_pressure,43,moto,15.86
max_pressure,43,moto,15.92
max_pressure,43,moto,2.3
max_pressure,43,moto,27.62
max_pressure,43,auto,22.73
max_pressure,43,moto,16.9
max_pressure,43,car,14.8
max_pressure,43,car,29.74
max_pressure,43,auto,19.0
max_pressure,43,car,23.9
max_pressure,43,moto,15.66
max_pressure,43,moto,3.75
max_pressure,43,moto,32.8
max_pressure,43,moto,42.58
max_pressure,43,moto,34.99
max_pressure,43,auto,34.21
max_pressure,43,auto,32.94
max_pressure,43,moto,42.77
max_pressure,43,auto,31.07
max_pressure,43,moto,34.65
max_pressure,43,moto,22.6
max_pressure,43,moto,24.85
max_pressure,43,moto,32.94
max_pressure,43,car,30.32
max_pressure,43,moto,24.1
max_pressure,43,moto,31.99
max_pressure,43,moto,28.07
max_pressure,43,moto,16.75
max_pressure,43,auto,1.02
max_pressure,43,auto,14.99
max_pressure,43,moto,12.66
max_pressure,43,moto,14.37
max_pressure,43,car,2.14
max_pressure,43,moto,4.42
max_pressure,43,auto,16.37
max_pressure,43,moto,2.84
max_pressure,43,moto,19.1
max_pressure,43,car,26.46
max_pressure,43,auto,4.91
max_pressure,43,auto,42.35
max_pressure,43,auto,21.18
max_pressure,43,moto,22.32
max_pressure,43,auto,41.6
max_pressure,43,moto,23.38
max_pressure,43,moto,33.4
max_pressure,43,moto,11.62
max_pressure,43,car,26.91
max_pressure,43,auto,1.08
max_pressure,43,moto,15.29
max_pressure,43,auto,20.6
max_pressure,43,moto,25.86
max_pressure,43,auto,26.8
max_pressure,43,moto,21.73
max_pressure,43,moto,15.9
max_pressure,43,moto,17.03
max_pressure,43,moto,3.98
max_pressure,43,auto,18.13
max_pressure,43,moto,23.52
max_pressure,43,auto,34.35
max_pressure,43,moto,42.39
max_pressure,43,car,41.27
max_pressure,43,moto,36.08
max_pressure,43,moto,22.06
max_pressure,43,moto,34.68
max_pressure,43,moto,13.68
max_pressure,43,car,36.38
max_pressure,43,moto,25.42
max_pressure,43,moto,36.84
max_pressure,43,auto,22.26
max_pressure,43,moto,18.62
max_pressure,43,auto,30.96
max_pressure,43,auto,12.56
max_pressure,43,auto,1.74
max_pressure,43,moto,24.07
max_pressure,43,moto,22.29
max_pressure,43,auto,26.49
max_pressure,43,moto,12.38
max_pressure,43,moto,23.23
max_pressure,43,car,11.63
max_pressure,43,moto,19.16
max_pressure,43,moto,18.94
max_pressure,43,moto,6.65
max_pressure,43,car,44.38
max_pressure,43,moto,33.8
max_pressure,43,car,33.73
max_pressure,43,moto,24.55
max_pressure,43,car,39.77
max_pressure,43,auto,39.34
max_pressure,43,moto,22.33
max_pressure,43,moto,22.29
max_pressure,43,moto,20.17
max_pressure,43,car,42.96
max_pressure,43,moto,20.49
max_pressure,43,moto,33.38
max_pressure,43,moto,24.59
max_pressure,43,auto,29.74
max_pressure,43,moto,15.05
max_pressure,43,car,4.39
max_pressure,43,moto,30.33
max_pressure,43,moto,23.67
max_pressure,43,moto,31.38
max_pressure,43,auto,32.01
max_pressure,43,auto,27.86
max_pressure,43,moto,27.95
max_pressure,43,moto,21.03
max_pressure,43,moto,20.1
max_pressure,43,auto,21.52
max_pressure,43,auto,21.26
max_pressure,43,auto,21.81
max_pressure,43,auto,10.12
max_pressure,43,car,4.18
max_pressure,43,moto,12.98
max_pressure,43,moto,7.02
max_pressure,43,car,35.49
max_pressure,43,moto,44.49
max_pressure,43,moto,40.99
max_pressure,43,auto,36.22
max_pressure,43,car,40.87
max_pressure,43,auto,25.23
max_pressure,43,car,45.0
max_pressure,43,car,38.81
max_pressure,43,auto,21.57
max_pressure,43,auto,42.23
max_pressure,43,moto,25.67
max_pressure,43,car,33.46
max_pressure,43,car,26.6
max_pressure,43,car,11.98
max_pressure,43,moto,19.96
max_pressure,43,moto,28.37
max_pressure,43,moto,12.82
max_pressure,43,auto,12.48
max_pressure,43,moto,28.93
max_pressure,43,auto,18.72
max_pressure,43,moto,17.81
max_pressure,43,moto,10.84
max_pressure,43,moto,22.93
max_pressure,43,moto,4.28
max_pressure,43,car,24.47
max_pressure,43,moto,21.59
max_pressure,43,auto,24.22
max_pressure,43,car,28.47
max_pressure,43,moto,21.39
max_pressure,43,moto,5.51
max_pressure,43,car,20.55
max_pressure,43,car,17.89
max_pressure,43,auto,1.75
max_pressure,43,auto,31.96
max_pressure,43,car,30.07
max_pressure,43,moto,38.62
max_pressure,43,moto,28.19
max_pressure,43,moto,36.31
max_pressure,43,moto,39.08
max_pressure,43,car,39.4
max_pressure,43,car,29.21
max_pressure,43,moto,28.3
max_pressure,43,auto,41.28
max_pressure,43,moto,24.43
max_pressure,43,moto,42.55
max_pressure,43,moto,33.85
max_pressure,43,auto,40.9
max_pressure,43,moto,19.4
max_pressure,43,moto,33.52
max_pressure,43,auto,25.06
max_pressure,43,auto,26.87
max_pressure,43,moto,29.0
max_pressure,43,moto,19.76
max_pressure,43,auto,19.27
max_pressure,43,car,29.12
max_pressure,43,auto,17.27
max_pressure,43,auto,11.38
max_pressure,43,auto,26.88
max_pressure,43,moto,2.57
max_pressure,43,car,1.64
max_pressure,43,moto,18.5
max_pressure,43,moto,33.55
max_pressure,43,auto,24.5
max_pressure,43,moto,28.84
max_pressure,43,car,22.54
max_pressure,43,auto,27.71
max_pressure,43,auto,29.55
max_pressure,43,car,30.82
max_pressure,43,moto,5.82
max_pressure,43,moto,18.78
max_pressure,43,auto,22.6
max_pressure,43,auto,18.37
max_pressure,43,auto,1.02
max_pressure,43,moto,35.28
max_pressure,43,moto,17.25
max_pressure,43,car,25.73
max_pressure,43,moto,13.71
max_pressure,43,car,28.22
max_pressure,43,moto,9.84
max_pressure,43,moto,12.02
max_pressure,43,moto,6.72
max_pressure,43,moto,28.29
max_pressure,43,moto,3.91
max_pressure,43,moto,2.31
max_pressure,43,moto,29.26
max_pressure,43,moto,25.26
max_pressure,43,moto,25.59
max_pressure,43,car,33.6
max_pressure,43,auto,20.17
max_pressure,43,moto,33.43
max_pressure,43,moto,26.79
max_pressure,43,auto,23.84
max_pressure,43,moto,32.2
max_pressure,43,moto,22.87
max_pressure,43,moto,16.77
max_pressure,43,moto,27.44
max_pressure,43,moto,25.35
max_pressure,43,auto,23.05
max_pressure,43,auto,29.73
max_pressure,43,moto,1.63
max_pressure,43,car,16.71
max_pressure,43,moto,19.7
max_pressure,43,moto,14.22
max_pressure,43,moto,19.14
max_pressure,43,car,16.05
max_pressure,43,moto,13.96
max_pressure,43,moto,4.17
max_pressure,43,moto,40.21
max_pressure,43,moto,44.19
max_pressure,43,moto,39.85
max_pressure,43,moto,36.02
max_pressure,43,moto,37.8
max_pressure,43,car,42.91
max_pressure,43,auto,40.55
max_pressure,43,moto,29.41
max_pressure,43,moto,37.03
max_pressure,43,car,39.8
max_pressure,43,moto,25.84
max_pressure,43,auto,35.83
max_pressure,43,auto,31.11
max_pressure,43,moto,41.78
max_pressure,43,auto,31.53
max_pressure,43,moto,22.62
max_pressure,43,moto,17.58
max_pressure,43,car,23.76
max_pressure,43,auto,0.95
max_pressure,43,moto,33.89
max_pressure,43,auto,11.2
max_pressure,43,moto,7.93
max_pressure,43,moto,13.59
max_pressure,43,car,10.21
max_pressure,43,moto,14.96
max_pressure,43,moto,23.86
max_pressure,43,moto,38.47
max_pressure,43,moto,20.42
max_pressure,43,auto,22.93
max_pressure,43,moto,42.02
max_pressure,43,moto,19.5
max_pressure,43,moto,22.27
max_pressure,43,moto,21.27
max_pressure,43,moto,28.33
max_pressure,43,moto,16.81
max_pressure,43,auto,7.07
max_pressure,43,auto,17.64
max_pressure,43,moto,8.06
max_pressure,43,moto,18.01
max_pressure,43,moto,21.5
max_pressure,43,auto,17.93
max_pressure,43,auto,17.88
max_pressure,43,car,18.05
max_pressure,43,moto,2.8
max_pressure,43,auto,7.42
max_pressure,43,auto,1.15
max_pressure,43,moto,10.23
max_pressure,43,car,14.31
max_pressure,43,car,4.54
max_pressure,43,moto,28.38
max_pressure,43,moto,46.39
max_pressure,43,auto,38.44
max_pressure,43,car,22.35
max_pressure,43,auto,48.25
max_pressure,43,car,22.96
max_pressure,43,car,25.86
max_pressure,43,moto,15.19
max_pressure,43,auto,20.41
max_pressure,43,moto,25.8
max_pressure,43,auto,31.77
max_pressure,43,car,15.54
max_pressure,43,moto,12.13
max_pressure,43,auto,31.33
max_pressure,43,car,27.96
max_pressure,43,moto,8.41
max_pressure,44,moto,3.39
max_pressure,44,auto,2.54
max_pressure,44,auto,17.58
max_pressure,44,auto,9.22
max_pressure,44,moto,1.73
max_pressure,44,moto,4.71
max_pressure,44,car,24.65
max_pressure,44,moto,15.46
max_pressure,44,car,24.64
max_pressure,44,car,16.88
max_pressure,44,moto,2.74
max_pressure,44,moto,3.55
max_pressure,44,moto,14.15
max_pressure,44,moto,16.79
max_pressure,44,auto,17.6
max_pressure,44,moto,32.33
max_pressure,44,moto,33.11
max_pressure,44,car,34.54
max_pressure,44,moto,34.46
max_pressure,44,moto,35.89
max_pressure,44,moto,27.16
max_pressure,44,auto,46.19
max_pressure,44,moto,40.71
max_pressure,44,moto,26.61
max_pressure,44,moto,37.69
max_pressure,44,moto,37.62
max_pressure,44,moto,26.2
max_pressure,44,auto,25.97
max_pressure,44,auto,32.79
max_pressure,44,moto,24.02
max_pressure,44,auto,26.39
max_pressure,44,moto,27.12
max_pressure,44,moto,16.6
max_pressure,44,car,20.06
max_pressure,44,moto,15.71
max_pressure,44,moto,1.71
max_pressure,44,moto,20.38
max_pressure,44,car,3.93
max_pressure,44,moto,1.98
max_pressure,44,moto,53.17
max_pressure,44,moto,24.84
max_pressure,44,moto,48.52
max_pressure,44,auto,46.82
max_pressure,44,auto,48.45
max_pressure,44,auto,41.14
max_pressure,44,auto,28.34
max_pressure,44,car,45.63
max_pressure,44,auto,37.64
max_pressure,44,auto,32.82
max_pressure,44,car,32.02
max_pressure,44,auto,40.83
max_pressure,44,moto,16.2
max_pressure,44,moto,13.03
max_pressure,44,moto,27.8
max_pressure,44,moto,21.2
max_pressure,44,moto,10.76
max_pressure,44,moto,32.88
max_pressure,44,auto,21.51
max_pressure,44,auto,19.89
max_pressure,44,moto,16.86
max_pressure,44,moto,1.47
max_pressure,44,car,14.83
max_pressure,44,moto,14.27
max_pressure,44,moto,15.99
max_pressure,44,moto,43.82
max_pressure,44,moto,42.96
max_pressure,44,moto,34.37
max_pressure,44,moto,50.19
max_pressure,44,auto,47.88
max_pressure,44,auto,35.52
max_pressure,44,moto,50.28
max_pressure,44,moto,46.03
max_pressure,44,moto,43.31
max_pressure,44,moto,23.79
max_pressure,44,moto,48.93
max_pressure,44,auto,38.6
max_pressure,44,auto,33.45
max_pressure,44,car,37.56
max_pressure,44,auto,31.16
max_pressure,44,auto,52.29
max_pressure,44,car,31.98
max_pressure,44,auto,48.86
max_pressure,44,moto,19.26
max_pressure,44,moto,22.99
max_pressure,44,car,22.06
max_pressure,44,moto,15.64
max_pressure,44,moto,15.65
max_pressure,44,moto,12.21
max_pressure,44,moto,16.65
max_pressure,44,auto,9.12
max_pressure,44,moto,3.13
max_pressure,44,moto,3.92
max_pressure,44,moto,38.2
max_pressure,44,moto,37.0
max_pressure,44,moto,49.23
max_pressure,44,moto,42.16
max_pressure,44,moto,53.12
max_pressure,44,moto,50.25
max_pressure,44,auto,27.04
max_pressure,44,auto,51.3
max_pressure,44,moto,36.01
max_pressure,44,auto,39.1
max_pressure,44,moto,34.92
max_pressure,44,moto,42.22
max_pressure,44,moto,31.23
max_pressure,44,auto,29.29
max_pressure,44,moto,33.53
max_pressure,44,auto,44.12
max_pressure,44,moto,35.9
max_pressure,44,car,31.1
max_pressure,44,moto,22.49
max_pressure,44,car,22.35
max_pressure,44,moto,33.66
max_pressure,44,moto,4.52
max_pressure,44,car,17.49
max_pressure,44,moto,22.45
max_pressure,44,auto,17.96
max_pressure,44,auto,14.74
max_pressure,44,moto,20.35
max_pressure,44,auto,5.3
max_pressure,44,moto,4.04
max_pressure,44,moto,38.93
max_pressure,44,auto,53.34
max_pressure,44,moto,39.62
max_pressure,44,auto,34.92
max_pressure,44,car,29.49
max_pressure,44,moto,33.41
max_pressure,44,moto,25.43
max_pressure,44,moto,24.61
max_pressure,44,car,32.6
max_pressure,44,moto,27.23
max_pressure,44,car,38.35
max_pressure,44,auto,35.81
max_pressure,44,moto,35.45
max_pressure,44,moto,26.46
max_pressure,44,moto,17.85
max_pressure,44,moto,33.95
max_pressure,44,moto,23.27
max_pressure,44,car,24.97
max_pressure,44,car,12.71
max_pressure,44,car,8.1
max_pressure,44,car,8.95
max_pressure,44,moto,51.98
max_pressure,44,auto,53.72
max_pressure,44,auto,40.88
max_pressure,44,moto,31.48
max_pressure,44,auto,28.99
max_pressure,44,auto,48.77
max_pressure,44,car,33.62
max_pressure,44,moto,34.62
max_pressure,44,auto,30.0
max_pressure,44,moto,34.23
max_pressure,44,moto,29.59
max_pressure,44,moto,21.74
max_pressure,44,moto,11.96
max_pressure,44,moto,2.99
max_pressure,44,moto,52.98
max_pressure,44,moto,50.2
max_pressure,44,auto,53.58
max_pressure,44,moto,49.99
max_pressure,44,moto,44.14
max_pressure,44,auto,47.98
max_pressure,44,moto,45.35
max_pressure,44,moto,32.22
max_pressure,44,auto,51.76
max_pressure,44,auto,32.68
max_pressure,44,auto,45.75
max_pressure,44,moto,44.57
max_pressure,44,moto,36.42
max_pressure,44,car,31.93
max_pressure,44,moto,42.03
max_pressure,44,car,29.1
max_pressure,44,moto,39.21
max_pressure,44,moto,30.31
max_pressure,44,moto,32.23
max_pressure,44,auto,13.36
max_pressure,44,auto,12.42
max_pressure,44,car,14.48
max_pressure,44,car,12.43
max_pressure,44,moto,19.19
max_pressure,44,moto,6.01
max_pressure,44,moto,4.38
max_pressure,44,moto,48.41
max_pressure,44,moto,47.76
max_pressure,44,moto,52.36
max_pressure,44,auto,53.58
max_pressure,44,auto,40.46
max_pressure,44,moto,32.73
max_pressure,44,auto,37.1
max_pressure,44,moto,41.64
max_pressure,44,moto,39.18
max_pressure,44,moto,34.02
max_pressure,44,moto,34.11
max_pressure,44,moto,38.23
max_pressure,44,auto,39.29
max_pressure,44,car,35.69
max_pressure,44,auto,33.61
max_pressure,44,car,44.22
max_pressure,44,moto,2.26
max_pressure,44,moto,6.85
max_pressure,44,moto,2.65
max_pressure,44,auto,2.99
max_pressure,44,auto,1.54
max_pressure,44,moto,1.69
max_pressure,44,auto,13.53
max_pressure,44,car,2.09
max_pressure,44,auto,1.39
max_pressure,44,moto,52.01
max_pressure,44,moto,51.65
max_pressure,44,moto,47.74
max_pressure,44,car,39.17
max_pressure,44,moto,36.57
max_pressure,44,moto,45.79
max_pressure,44,auto,51.33
max_pressure,44,auto,51.51
max_pressure,44,car,40.76
max_pressure,44,moto,48.31
max_pressure,44,auto,42.89
max_pressure,44,moto,34.78
max_pressure,44,auto,28.37
max_pressure,44,auto,31.79
max_pressure,44,auto,32.43
max_pressure,44,moto,30.48
max_pressure,44,moto,31.49
max_pressure,44,moto,12.52
max_pressure,44,moto,18.5
max_pressure,44,moto,25.02
max_pressure,44,moto,28.31
max_pressure,44,auto,7.58
max_pressure,44,auto,13.55
max_pressure,44,auto,11.07
max_pressure,44,car,3.42
max_pressure,44,auto,4.18
max_pressure,44,moto,13.81
max_pressure,44,moto,2.38
max_pressure,44,moto,38.13
max_pressure,44,moto,26.56
max_pressure,44,auto,55.49
max_pressure,44,auto,31.37
max_pressure,44,auto,27.94
max_pressure,44,auto,31.49
max_pressure,44,auto,44.14
max_pressure,44,car,30.7
max_pressure,44,moto,13.48
max_pressure,44,moto,10.55
max_pressure,44,moto,29.03
max_pressure,44,moto,10.43
max_pressure,44,car,5.56
max_pressure,44,auto,22.16
max_pressure,44,auto,1.19
max_pressure,44,moto,3.13
max_pressure,44,moto,4.34
max_pressure,44,moto,16.87
max_pressure,44,car,3.05
max_pressure,44,moto,20.89
max_pressure,44,auto,9.59
max_pressure,44,moto,12.78
max_pressure,44,auto,5.07
max_pressure,44,car,50.2
max_pressure,44,auto,39.35
max_pressure,44,moto,5.8
max_pressure,44,moto,21.68
max_pressure,44,moto,28.26
max_pressure,44,moto,13.93
max_pressure,44,moto,9.69
max_pressure,44,auto,1.36
max_pressure,44,moto,8.11
max_pressure,44,car,10.3
max_pressure,44,auto,20.45
max_pressure,44,auto,9.78
max_pressure,44,car,2.35
max_pressure,44,moto,43.55
max_pressure,44,moto,24.18
max_pressure,44,auto,27.06
max_pressure,44,auto,52.62
max_pressure,44,car,43.79
max_pressure,44,moto,36.58
max_pressure,44,auto,40.63
max_pressure,44,moto,25.85
max_pressure,44,auto,47.06
max_pressure,44,moto,45.53
max_pressure,44,moto,44.43
max_pressure,44,moto,36.82
max_pressure,44,moto,32.14
max_pressure,44,moto,22.85
max_pressure,44,moto,46.64
max_pressure,44,moto,38.37
max_pressure,44,moto,35.95
max_pressure,44,car,19.68
max_pressure,44,moto,4.72
max_pressure,44,moto,2.09
max_pressure,44,moto,11.75
max_pressure,44,auto,23.31
max_pressure,44,auto,19.49
max_pressure,44,car,11.54
max_pressure,44,moto,4.17
max_pressure,44,car,38.66
max_pressure,44,moto,35.94
max_pressure,44,car,47.37
max_pressure,44,car,47.82
max_pressure,44,moto,30.59
max_pressure,44,moto,45.76
max_pressure,44,moto,39.97
max_pressure,44,car,48.8
max_pressure,44,auto,47.51
max_pressure,44,moto,36.85
max_pressure,44,car,30.94
max_pressure,44,auto,41.88
max_pressure,44,auto,42.89
max_pressure,44,moto,37.55
max_pressure,44,auto,38.86
max_pressure,44,moto,29.65
max_pressure,44,auto,29.18
max_pressure,44,auto,29.63
max_pressure,44,moto,34.23
max_pressure,44,moto,31.58
max_pressure,44,car,4.23
max_pressure,44,moto,18.57
max_pressure,44,moto,12.8
max_pressure,44,moto,20.17
max_pressure,44,car,19.76
max_pressure,44,moto,3.08
max_pressure,44,auto,20.78
max_pressure,44,moto,17.84
max_pressure,44,auto,4.97
max_pressure,44,moto,4.74
max_pressure,44,moto,26.64
max_pressure,44,moto,53.27
max_pressure,44,auto,47.44
max_pressure,44,auto,36.93
max_pressure,44,auto,45.31
max_pressure,44,moto,33.72
max_pressure,44,moto,48.37
max_pressure,44,auto,41.63
max_pressure,44,car,36.99
max_pressure,44,moto,37.01
max_pressure,44,moto,29.27
max_pressure,44,moto,26.32
max_pressure,44,auto,33.24
max_pressure,44,car,38.51
max_pressure,44,auto,38.38
max_pressure,44,car,33.12
max_pressure,44,auto,40.76
max_pressure,44,car,30.65
max_pressure,44,car,20.84
max_pressure,44,auto,1.14
max_pressure,44,moto,19.7
max_pressure,44,moto,4.6
max_pressure,44,car,2.04
max_pressure,44,auto,15.79
max_pressure,44,moto,10.72
max_pressure,44,car,4.16
max_pressure,44,moto,7.88
max_pressure,44,moto,4.35
max_pressure,44,auto,1.24
max_pressure,44,moto,36.85
max_pressure,44,moto,35.75
max_pressure,44,moto,30.88
max_pressure,44,auto,47.5
max_pressure,44,moto,38.37
max_pressure,44,moto,39.41
max_pressure,44,auto,27.66
max_pressure,44,moto,23.9
max_pressure,44,auto,25.5
max_pressure,44,car,43.66
max_pressure,44,auto,37.77
max_pressure,44,moto,34.94
max_pressure,44,moto,26.8
max_pressure,44,moto,32.11
max_pressure,44,moto,18.06
max_pressure,44,moto,21.81
max_pressure,44,car,12.97
max_pressure,44,auto,21.78
max_pressure,44,moto,20.38
max_pressure,44,moto,7.74
max_pressure,44,moto,19.9
max_pressure,44,auto,13.54
max_pressure,44,car,7.04
max_pressure,44,moto,3.06
max_pressure,44,moto,20.08
max_pressure,44,auto,10.75
max_pressure,44,moto,3.73
max_pressure,44,auto,54.99
max_pressure,44,moto,35.05
max_pressure,44,moto,22.55
max_pressure,44,car,31.81
max_pressure,44,moto,12.16
max_pressure,44,moto,24.18
max_pressure,44,car,12.03
max_pressure,44,moto,21.27
max_pressure,44,moto,15.04
max_pressure,44,moto,10.43
max_pressure,44,moto,2.31
max_pressure,44,auto,15.59
max_pressure,44,auto,1.9
max_pressure,44,auto,1.18
max_pressure,44,moto,2.45
max_pressure,44,moto,53.2
max_pressure,44,moto,52.4
max_pressure,44,auto,33.66
max_pressure,44,auto,54.6
max_pressure,44,auto,46.25
max_pressure,44,moto,25.08
max_pressure,44,car,37.09
max_pressure,44,auto,48.11
max_pressure,44,auto,30.44
max_pressure,44,moto,26.71
max_pressure,44,moto,21.68
max_pressure,44,moto,22.92
max_pressure,44,moto,15.11
max_pressure,44,moto,12.56
max_pressure,44,car,28.07
max_pressure,44,moto,2.28
max_pressure,44,moto,2.58
max_pressure,44,car,5.08
max_pressure,44,moto,12.34
max_pressure,44,car,13.08
max_pressure,44,auto,18.19
max_pressure,44,auto,17.72
max_pressure,44,auto,9.72
max_pressure,44,moto,3.1
max_pressure,44,moto,2.34
max_pressure,44,moto,34.42
max_pressure,44,moto,51.04
max_pressure,44,moto,31.93
max_pressure,44,moto,29.52
max_pressure,44,auto,53.74
max_pressure,44,moto,34.89
max_pressure,44,auto,35.55
max_pressure,44,auto,47.86
max_pressure,44,auto,41.35
max_pressure,44,auto,48.12
max_pressure,44,moto,39.46
max_pressure,44,car,36.11
max_pressure,44,car,46.09
max_pressure,44,auto,27.59
max_pressure,44,moto,26.7
max_pressure,44,moto,23.57
max_pressure,44,moto,2.95
max_pressure,44,moto,15.12
max_pressure,44,car,11.04
max_pressure,44,moto,19.52
max_pressure,44,moto,2.61
max_pressure,44,moto,1.81
max_pressure,44,car,18.03
max_pressure,44,moto,9.29
max_pressure,44,car,50.91
max_pressure,44,moto,49.95
max_pressure,44,moto,41.81
max_pressure,44,moto,35.94
max_pressure,44,auto,50.33
max_pressure,44,moto,35.39
max_pressure,44,auto,42.79
max_pressure,44,moto,29.96
max_pressure,44,moto,37.95
max_pressure,44,moto,41.9
max_pressure,44,auto,55.37
max_pressure,44,moto,41.65
max_pressure,44,car,32.93
max_pressure,44,auto,43.73
max_pressure,44,auto,37.28
max_pressure,44,car,38.77
max_pressure,44,moto,26.23
max_pressure,44,moto,26.19
max_pressure,44,moto,32.53
max_pressure,44,car,32.18
max_pressure,44,car,33.33
max_pressure,44,moto,10.07
max_pressure,44,moto,10.15
max_pressure,44,car,17.25
max_pressure,44,moto,5.36
max_pressure,44,moto,18.61
max_pressure,44,moto,2.28
max_pressure,44,car,1.65
max_pressure,44,moto,5.11
max_pressure,44,moto,15.57
max_pressure,44,auto,10.01
max_pressure,44,auto,17.54
max_pressure,44,moto,48.32
max_pressure,44,moto,46.06
max_pressure,44,moto,42.31
max_pressure,44,moto,36.75
max_pressure,44,auto,49.17
max_pressure,44,moto,36.1
max_pressure,44,moto,43.15
max_pressure,44,auto,47.15
max_pressure,44,moto,47.25
max_pressure,44,moto,38.2
max_pressure,44,auto,41.72
max_pressure,44,moto,39.07
max_pressure,44,auto,50.18
max_pressure,44,moto,28.93
max_pressure,44,moto,43.04
max_pressure,44,auto,53.45
max_pressure,44,auto,46.71
max_pressure,44,car,44.56
max_pressure,44,auto,36.34
max_pressure,44,moto,42.88
max_pressure,44,moto,30.53
max_pressure,44,moto,27.28
max_pressure,44,moto,30.24
max_pressure,44,moto,24.16
max_pressure,44,moto,14.27
max_pressure,44,car,7.05
max_pressure,44,moto,18.87
max_pressure,44,moto,2.63
max_pressure,44,car,1.48
max_pressure,44,moto,4.4
max_pressure,44,auto,2.12
max_pressure,44,moto,47.32
max_pressure,44,moto,51.09
max_pressure,44,moto,46.17
max_pressure,44,moto,43.77
max_pressure,44,moto,45.6
max_pressure,44,car,37.86
max_pressure,44,moto,49.04
max_pressure,44,auto,48.06
max_pressure,44,moto,44.41
max_pressure,44,moto,30.75
max_pressure,44,auto,58.82
max_pressure,44,auto,44.66
max_pressure,44,moto,45.78
max_pressure,44,auto,37.43
max_pressure,44,moto,32.44
max_pressure,44,auto,48.02
max_pressure,44,moto,40.82
max_pressure,44,auto,38.35
max_pressure,44,auto,31.67
max_pressure,44,moto,32.38
max_pressure,44,car,35.11
max_pressure,44,moto,28.46
max_pressure,44,moto,18.76
max_pressure,44,car,24.78
max_pressure,44,car,16.77
max_pressure,44,auto,14.34
max_pressure,44,moto,5.56
max_pressure,44,moto,18.3
max_pressure,44,moto,4.62
max_pressure,44,moto,2.8
max_pressure,44,moto,2.82
max_pressure,44,moto,49.33
max_pressure,44,moto,47.77
max_pressure,44,moto,31.31
max_pressure,44,car,32.18
max_pressure,44,moto,27.23
max_pressure,44,auto,55.96
max_pressure,44,auto,41.47
max_pressure,44,auto,36.16
max_pressure,44,moto,37.19
max_pressure,44,moto,30.48
max_pressure,44,moto,34.68
max_pressure,44,moto,36.06
max_pressure,44,moto,33.49
max_pressure,44,moto,23.52
max_pressure,44,moto,26.93
max_pressure,44,moto,23.85
max_pressure,44,moto,23.55
max_pressure,44,moto,15.16
max_pressure,44,car,27.32
max_pressure,44,moto,12.62
max_pressure,44,moto,13.74
max_pressure,44,moto,7.44
max_pressure,44,moto,20.0
max_pressure,44,moto,23.67
max_pressure,44,moto,15.34
max_pressure,44,auto,1.38
max_pressure,44,car,1.31
max_pressure,44,auto,10.54
max_pressure,44,auto,4.56
max_pressure,44,moto,3.13
max_pressure,44,moto,2.62
max_pressure,44,car,2.35
max_pressure,44,moto,26.37
max_pressure,44,moto,47.27
max_pressure,44,moto,44.91
max_pressure,44,moto,40.4
max_pressure,44,auto,39.32
max_pressure,44,auto,37.27
max_pressure,44,auto,24.23
max_pressure,44,auto,30.65
max_pressure,44,car,25.17
max_pressure,44,car,22.73
max_pressure,44,moto,14.27
max_pressure,44,moto,9.37
max_pressure,44,moto,16.41
max_pressure,44,moto,2.86
max_pressure,44,moto,2.59
max_pressure,44,moto,35.75
max_pressure,44,moto,40.71
max_pressure,44,moto,50.01
max_pressure,44,auto,42.74
max_pressure,44,auto,50.78
max_pressure,44,moto,36.53
max_pressure,44,moto,30.32
max_pressure,44,auto,43.18
max_pressure,44,moto,33.07
max_pressure,44,auto,34.71
max_pressure,44,auto,34.07
max_pressure,44,moto,34.8
max_pressure,44,car,38.67
max_pressure,44,moto,33.56
max_pressure,44,auto,25.34
max_pressure,44,moto,25.56
max_pressure,44,auto,40.72
max_pressure,44,moto,20.5
max_pressure,44,moto,23.09
max_pressure,44,moto,20.36
max_pressure,44,moto,17.41
max_pressure,44,moto,23.74
max_pressure,44,auto,18.5
max_pressure,44,moto,17.02
max_pressure,44,auto,3.7
max_pressure,44,moto,5.54
max_pressure,44,moto,21.86
max_pressure,44,moto,3.45
max_pressure,44,car,40.46
max_pressure,44,moto,42.42
max_pressure,44,moto,26.7
max_pressure,44,car,22.24
max_pressure,44,moto,44.61
max_pressure,44,auto,39.94
max_pressure,44,auto,40.65
max_pressure,44,auto,45.4
max_pressure,44,auto,34.53
max_pressure,44,auto,40.57
max_pressure,44,car,38.19
max_pressure,44,moto,38.96
max_pressure,44,auto,27.53
max_pressure,44,car,38.03
max_pressure,44,moto,17.81
max_pressure,44,moto,30.28
max_pressure,44,moto,29.93
max_pressure,44,moto,8.15
max_pressure,44,auto,18.51
max_pressure,44,moto,6.12
max_pressure,44,car,22.4
max_pressure,44,auto,22.32
max_pressure,44,auto,1.71
max_pressure,44,moto,32.54
max_pressure,44,moto,29.28
max_pressure,44,moto,45.92
max_pressure,44,moto,41.99
max_pressure,44,auto,33.73
max_pressure,44,moto,44.95
max_pressure,44,moto,43.84
max_pressure,44,moto,40.35
max_pressure,44,auto,38.5
max_pressure,44,moto,30.77
max_pressure,44,car,27.45
max_pressure,44,car,33.84
max_pressure,44,auto,34.54
max_pressure,44,moto,43.08
max_pressure,44,moto,26.16
max_pressure,44,moto,25.02
max_pressure,44,moto,26.16
max_pressure,44,auto,1.08
max_pressure,44,car,30.88
max_pressure,44,moto,14.14
max_pressure,44,moto,3.08
max_pressure,44,moto,11.85
max_pressure,44,moto,14.27
max_pressure,44,moto,4.66
max_pressure,44,auto,1.44
max_pressure,44,moto,34.63
max_pressure,44,moto,30.93
max_pressure,44,moto,34.8
max_pressure,44,car,32.14
max_pressure,44,moto,48.76
max_pressure,44,auto,49.17
max_pressure,44,auto,32.02
max_pressure,44,moto,29.56
max_pressure,44,auto,47.65
max_pressure,44,moto,38.56
max_pressure,44,moto,1.89
max_pressure,44,moto,21.91
max_pressure,44,car,17.38
max_pressure,44,moto,11.49
max_pressure,44,moto,14.91
max_pressure,44,moto,2.65
max_pressure,44,auto,0.84
max_pressure,44,moto,49.24
max_pressure,44,moto,44.18
max_pressure,44,moto,29.95
max_pressure,44,moto,41.77
max_pressure,44,moto,39.55
max_pressure,44,car,33.05
max_pressure,44,auto,31.68
max_pressure,44,moto,44.31
max_pressure,44,car,37.06
max_pressure,44,auto,36.06
max_pressure,44,auto,28.65
max_pressure,44,car,27.52
max_pressure,44,car,29.79
max_pressure,44,moto,27.56
max_pressure,44,auto,28.42
max_pressure,44,moto,25.99
max_pressure,44,car,23.84
max_pressure,44,moto,30.83
max_pressure,44,moto,15.69
max_pressure,44,moto,12.48
max_pressure,44,moto,1.9
max_pressure,44,moto,3.46
max_pressure,44,moto,12.55
max_pressure,44,auto,13.08
max_pressure,44,moto,14.4
max_pressure,44,auto,7.81
max_pressure,44,auto,2.19
max_pressure,44,moto,16.21
max_pressure,44,car,54.97
max_pressure,44,moto,53.2
max_pressure,44,moto,50.26
max_pressure,44,moto,52.42
max_pressure,44,auto,51.49
max_pressure,44,moto,38.87
max_pressure,44,moto,34.3
max_pressure,44,car,39.41
max_pressure,44,moto,38.15
max_pressure,44,auto,36.67
max_pressure,44,moto,37.66
max_pressure,44,auto,26.44
max_pressure,44,car,30.06
max_pressure,44,moto,29.97
max_pressure,44,moto,28.43
max_pressure,44,moto,34.04
max_pressure,44,moto,10.54
max_pressure,44,moto,14.41
max_pressure,44,moto,22.01
max_pressure,44,moto,24.37
max_pressure,44,moto,21.3
max_pressure,44,car,21.61
max_pressure,44,moto,17.32
max_pressure,44,moto,15.13
max_pressure,44,moto,5.1
max_pressure,44,moto,16.68
max_pressure,44,moto,21.65
max_pressure,44,auto,8.67
max_pressure,44,car,1.07
max_pressure,44,moto,52.21
max_pressure,44,auto,53.85
max_pressure,44,moto,38.16
max_pressure,44,moto,32.89
max_pressure,44,moto,28.38
max_pressure,44,moto,42.65
max_pressure,44,car,36.04
max_pressure,44,auto,42.32
max_pressure,44,car,47.2
max_pressure,44,auto,47.78
max_pressure,44,moto,50.82
max_pressure,44,moto,37.86
max_pressure,44,moto,13.39
max_pressure,44,moto,31.73
max_pressure,44,moto,14.4
max_pressure,44,auto,4.31
max_pressure,44,auto,9.64
max_pressure,44,moto,2.88
max_pressure,44,moto,1.92
max_pressure,44,moto,2.71
max_pressure,44,moto,2.83
max_pressure,44,moto,48.34
max_pressure,44,moto,34.07
max_pressure,44,moto,48.46
max_pressure,44,auto,41.69
max_pressure,44,auto,34.6
max_pressure,44,auto,51.18
max_pressure,44,moto,34.77
max_pressure,44,moto,27.96
max_pressure,44,moto,39.52
max_pressure,44,moto,38.62
max_pressure,44,moto,32.3
max_pressure,44,moto,31.73
max_pressure,44,auto,46.76
max_pressure,44,moto,31.8
max_pressure,44,auto,31.5
max_pressure,44,moto,25.23
max_pressure,44,moto,33.84
max_pressure,44,moto,20.2
max_pressure,44,moto,15.8
max_pressure,44,moto,2.89
max_pressure,44,auto,0.99
max_pressure,44,car,2.14
max_pressure,44,moto,3.58
max_pressure,44,car,14.49
max_pressure,44,moto,1.8
max_pressure,44,moto,2.24
max_pressure,44,car,41.93
max_pressure,44,moto,33.41
max_pressure,44,auto,37.83
max_pressure,44,moto,25.91
max_pressure,44,auto,50.48
max_pressure,44,moto,47.58
max_pressure,44,moto,38.58
max_pressure,44,moto,20.01
max_pressure,44,moto,51.27
max_pressure,44,auto,39.03
max_pressure,44,moto,29.54
max_pressure,44,auto,34.05
max_pressure,44,moto,27.28
max_pressure,44,moto,21.97
max_pressure,44,moto,35.34
max_pressure,44,car,14.97
max_pressure,44,auto,21.37
max_pressure,44,auto,2.4
max_pressure,44,moto,11.56
max_pressure,44,car,11.36
max_pressure,44,moto,4.25
max_pressure,44,moto,3.6
max_pressure,44,moto,5.41
max_pressure,44,moto,2.55
max_pressure,44,auto,2.35
max_pressure,44,moto,3.08
max_pressure,44,auto,2.84
max_pressure,44,moto,32.99
max_pressure,44,moto,38.62
max_pressure,44,auto,40.87
max_pressure,44,auto,33.07
max_pressure,44,auto,49.94
max_pressure,44,auto,36.07
max_pressure,44,moto,46.81
max_pressure,44,moto,32.53
max_pressure,44,moto,46.38
max_pressure,44,moto,45.44
max_pressure,44,auto,34.11
max_pressure,44,moto,36.3
max_pressure,44,moto,34.68
max_pressure,44,moto,35.84
max_pressure,44,auto,32.75
max_pressure,44,moto,4.16
max_pressure,44,moto,38.68
max_pressure,44,moto,8.51
max_pressure,44,moto,1.97
max_pressure,44,moto,19.49
max_pressure,44,moto,3.49
max_pressure,44,auto,1.35
max_pressure,44,moto,10.51
max_pressure,44,moto,17.04
max_pressure,44,auto,1.28
max_pressure,44,moto,17.27
max_pressure,44,moto,1.73
max_pressure,44,car,2.64
max_pressure,44,auto,20.57
max_pressure,44,moto,3.31
max_pressure,44,moto,38.2
max_pressure,44,moto,27.38
max_pressure,44,auto,29.95
max_pressure,44,auto,54.24
max_pressure,44,moto,27.05
max_pressure,44,auto,32.22
max_pressure,44,auto,53.15
max_pressure,44,auto,24.49
max_pressure,44,moto,20.17
max_pressure,44,moto,3.25
max_pressure,44,moto,33.93
max_pressure,44,moto,13.65
max_pressure,44,auto,12.77
max_pressure,44,moto,17.46
max_pressure,44,car,11.77
max_pressure,44,moto,3.09
max_pressure,44,moto,45.19
max_pressure,44,moto,39.42
max_pressure,44,car,47.31
max_pressure,44,auto,51.06
max_pressure,44,auto,42.49
max_pressure,44,auto,41.79
max_pressure,44,moto,35.48
max_pressure,44,moto,45.24
max_pressure,44,moto,37.12
max_pressure,44,moto,48.68
max_pressure,44,auto,39.62
max_pressure,44,moto,45.77
max_pressure,44,auto,37.45
max_pressure,44,moto,40.09
max_pressure,44,moto,37.95
max_pressure,44,car,33.95
max_pressure,44,auto,50.95
max_pressure,44,moto,38.1
max_pressure,44,moto,27.36
max_pressure,44,auto,31.78
max_pressure,44,car,38.13
max_pressure,44,moto,15.03
max_pressure,44,moto,10.52
max_pressure,44,moto,23.43
max_pressure,44,moto,14.06
max_pressure,44,moto,23.04
max_pressure,44,auto,15.96
max_pressure,44,moto,5.41
max_pressure,44,moto,12.94
max_pressure,44,moto,21.63
max_pressure,44,moto,6.88
max_pressure,44,car,1.41
max_pressure,44,moto,43.53
max_pressure,44,auto,29.83
max_pressure,44,car,40.54
max_pressure,44,moto,41.54
max_pressure,44,auto,46.31
max_pressure,44,moto,33.92
max_pressure,44,moto,37.87
max_pressure,44,moto,36.76
max_pressure,44,auto,43.88
max_pressure,44,car,42.29
max_pressure,44,moto,48.17
max_pressure,44,moto,36.64
max_pressure,44,moto,35.15
max_pressure,44,moto,25.65
max_pressure,44,car,18.74
max_pressure,44,car,2.15
max_pressure,44,moto,2.55
max_pressure,44,moto,21.29
max_pressure,44,moto,7.27
max_pressure,44,auto,1.24
max_pressure,44,moto,8.32
max_pressure,44,auto,1.8
max_pressure,44,car,47.65
max_pressure,44,moto,53.58
max_pressure,44,car,48.28
max_pressure,44,moto,48.09
max_pressure,44,moto,39.05
max_pressure,44,auto,50.91
max_pressure,44,auto,53.22
max_pressure,44,moto,48.54
max_pressure,44,moto,55.83
max_pressure,44,auto,49.78
max_pressure,44,moto,43.46
max_pressure,44,moto,44.69
max_pressure,44,moto,45.08
max_pressure,44,moto,38.09
max_pressure,44,car,45.83
max_pressure,44,auto,31.46
max_pressure,44,auto,34.14
max_pressure,44,moto,25.91
max_pressure,44,moto,2.92
max_pressure,44,moto,19.76
max_pressure,44,moto,3.03
max_pressure,44,moto,3.01
max_pressure,44,moto,4.44
max_pressure,44,moto,12.86
max_pressure,44,moto,2.6
max_pressure,44,auto,10.44
max_pressure,44,auto,54.97
max_pressure,44,auto,48.64
max_pressure,44,auto,46.68
max_pressure,44,moto,40.02
max_pressure,44,auto,44.05
max_pressure,44,car,46.33
max_pressure,44,moto,46.59
max_pressure,44,moto,36.63
max_pressure,44,car,52.44
max_pressure,44,auto,34.38
max_pressure,44,auto,39.55
max_pressure,44,auto,30.8
max_pressure,44,moto,9.83
max_pressure,44,moto,38.1
max_pressure,44,auto,27.07
max_pressure,44,moto,28.73
max_pressure,44,moto,35.25
max_pressure,44,moto,27.71
max_pressure,44,car,19.29
max_pressure,44,moto,2.12
max_pressure,44,moto,33.25
max_pressure,44,moto,9.51
max_pressure,44,moto,13.75
max_pressure,44,auto,11.71
max_pressure,44,car,4.23
max_pressure,44,moto,53.04
max_pressure,44,moto,46.72
max_pressure,44,car,44.29
max_pressure,44,auto,37.11
max_pressure,44,auto,44.92
max_pressure,44,moto,26.09
max_pressure,44,moto,25.0
max_pressure,44,car,27.59
max_pressure,44,auto,30.58
max_pressure,44,moto,45.27
max_pressure,44,auto,24.36
max_pressure,44,moto,32.77
max_pressure,44,car,32.92
max_pressure,44,moto,31.41
max_pressure,44,moto,4.45
max_pressure,44,car,10.76
max_pressure,44,moto,27.77
max_pressure,44,moto,5.81
max_pressure,44,auto,12.43
max_pressure,44,moto,2.05
max_pressure,44,auto,19.69
max_pressure,44,moto,14.34
max_pressure,44,moto,15.03
max_pressure,44,auto,16.59
max_pressure,44,moto,6.09
max_pressure,44,moto,2.71
max_pressure,44,moto,45.46
max_pressure,44,moto,24.09
max_pressure,44,moto,28.89
max_pressure,44,auto,44.49
max_pressure,44,auto,39.36
max_pressure,44,auto,23.72
max_pressure,44,moto,41.34
max_pressure,44,moto,30.96
max_pressure,44,car,39.23
max_pressure,44,auto,39.66
max_pressure,44,moto,29.81
max_pressure,44,moto,26.92
max_pressure,44,car,29.37
max_pressure,44,moto,17.16
max_pressure,44,auto,17.69
max_pressure,44,moto,2.59
max_pressure,44,moto,3.71
max_pressure,44,moto,23.78
max_pressure,44,moto,20.04
max_pressure,44,moto,17.28
max_pressure,44,car,15.26
max_pressure,44,moto,14.3
max_pressure,44,auto,2.63
max_pressure,44,moto,14.64
max_pressure,44,car,19.45
max_pressure,44,moto,46.72
max_pressure,44,car,43.39
max_pressure,44,car,31.71
max_pressure,44,moto,42.53
max_pressure,44,moto,44.88
max_pressure,44,auto,37.51
max_pressure,44,auto,33.97
max_pressure,44,car,34.2
max_pressure,44,moto,32.49
max_pressure,44,moto,29.32
max_pressure,44,auto,47.07
max_pressure,44,moto,40.9
max_pressure,44,moto,30.91
max_pressure,44,moto,16.39
max_pressure,44,moto,31.4
max_pressure,44,moto,28.09
max_pressure,44,moto,11.48
max_pressure,44,moto,20.59
max_pressure,44,moto,23.35
max_pressure,44,car,18.67
max_pressure,44,moto,16.57
max_pressure,44,car,23.57
max_pressure,44,auto,5.03
max_pressure,44,moto,19.72
max_pressure,44,auto,23.45
max_pressure,44,car,19.03
max_pressure,44,auto,5.22
max_pressure,44,moto,32.7
max_pressure,44,moto,29.8
max_pressure,44,moto,28.4
max_pressure,44,moto,47.55
max_pressure,44,moto,30.06
max_pressure,44,auto,31.13
max_pressure,44,auto,49.16
max_pressure,44,moto,41.98
max_pressure,44,auto,44.49
max_pressure,44,auto,31.64
max_pressure,44,moto,36.49
max_pressure,44,moto,31.72
max_pressure,44,car,15.93
max_pressure,44,car,27.86
max_pressure,44,moto,17.76
max_pressure,44,moto,17.67
max_pressure,44,auto,21.24
max_pressure,44,moto,17.82
max_pressure,44,auto,1.07
max_pressure,44,car,44.17
max_pressure,44,moto,40.3
max_pressure,44,moto,44.05
max_pressure,44,moto,39.39
max_pressure,44,moto,39.55
max_pressure,44,moto,51.7
max_pressure,44,moto,47.24
max_pressure,44,moto,42.21
max_pressure,44,moto,35.69
max_pressure,44,moto,27.89
max_pressure,44,moto,37.41
max_pressure,44,moto,24.58
max_pressure,44,auto,43.3
max_pressure,44,moto,38.54
max_pressure,44,auto,36.55
max_pressure,44,moto,48.17
max_pressure,44,car,27.09
max_pressure,44,moto,15.7
max_pressure,44,moto,34.8
max_pressure,44,moto,12.91
max_pressure,44,moto,13.57
max_pressure,44,auto,13.82
max_pressure,44,moto,9.22
max_pressure,44,auto,12.62
max_pressure,44,moto,8.71
max_pressure,44,moto,14.71
max_pressure,44,car,7.2
max_pressure,44,auto,12.26
max_pressure,44,moto,1.89
max_pressure,44,moto,27.82
max_pressure,44,moto,40.18
max_pressure,44,moto,33.12
max_pressure,44,auto,52.71
max_pressure,44,auto,47.91
max_pressure,44,auto,47.56
max_pressure,44,auto,40.31
max_pressure,44,car,34.47
max_pressure,44,moto,30.34
max_pressure,44,auto,40.04
max_pressure,44,moto,47.32
max_pressure,44,auto,41.92
max_pressure,44,car,36.52
max_pressure,44,auto,20.74
max_pressure,44,auto,31.16
max_pressure,44,auto,31.37
max_pressure,44,moto,33.84
max_pressure,44,moto,20.46
max_pressure,44,moto,12.41
max_pressure,44,moto,18.92
max_pressure,44,moto,11.05
max_pressure,44,moto,26.34
max_pressure,44,moto,17.18
max_pressure,44,moto,12.52
max_pressure,44,auto,22.29
max_pressure,44,moto,19.91
max_pressure,44,auto,4.55
max_pressure,44,auto,17.3
max_pressure,44,auto,10.85
max_pressure,44,auto,1.97
max_pressure,44,moto,38.07
max_pressure,44,moto,37.45
max_pressure,44,moto,35.51
max_pressure,44,moto,52.35
max_pressure,44,auto,50.8
max_pressure,44,moto,45.0
max_pressure,44,moto,27.51
max_pressure,44,moto,38.72
max_pressure,44,auto,38.3
max_pressure,44,moto,36.47
max_pressure,44,moto,34.5
max_pressure,44,auto,36.99
max_pressure,44,car,38.75
max_pressure,44,auto,24.68
max_pressure,44,moto,27.53
max_pressure,44,moto,30.92
max_pressure,44,moto,34.38
max_pressure,44,moto,33.82
max_pressure,44,moto,28.65
max_pressure,44,moto,29.28
max_pressure,44,car,26.71
max_pressure,44,moto,17.74
max_pressure,44,auto,11.5
max_pressure,44,auto,10.26
max_pressure,44,auto,0.94
max_pressure,44,moto,2.86
max_pressure,44,moto,3.88
max_pressure,44,car,45.47
max_pressure,44,moto,43.15
max_pressure,44,moto,44.59
max_pressure,44,moto,40.2
max_pressure,44,moto,41.39
max_pressure,44,moto,27.99
max_pressure,44,moto,41.05
max_pressure,44,auto,48.13
max_pressure,44,moto,34.72
max_pressure,44,moto,34.15
max_pressure,44,auto,39.07
max_pressure,44,moto,37.24
max_pressure,44,auto,36.57
max_pressure,44,auto,39.68
max_pressure,44,auto,37.68
max_pressure,44,moto,30.23
max_pressure,44,auto,37.62
max_pressure,44,moto,29.94
max_pressure,44,moto,7.13
max_pressure,44,moto,22.09
max_pressure,44,moto,17.77
max_pressure,44,auto,4.61
max_pressure,44,auto,6.05
max_pressure,44,moto,11.11
max_pressure,44,auto,3.73
max_pressure,44,moto,10.03
max_pressure,44,moto,4.78
max_pressure,44,auto,8.35
max_pressure,44,moto,2.72
max_pressure,44,moto,2.29
max_pressure,44,moto,2.69
max_pressure,44,moto,2.73
max_pressure,44,moto,41.89
max_pressure,44,moto,42.48
max_pressure,44,moto,46.9
max_pressure,44,moto,39.92
max_pressure,44,car,46.4
max_pressure,44,moto,45.22
max_pressure,44,moto,33.05
max_pressure,44,moto,30.43
max_pressure,44,car,37.1
max_pressure,44,auto,41.34
max_pressure,44,moto,36.98
max_pressure,44,moto,24.26
max_pressure,44,moto,31.63
max_pressure,44,car,37.34
max_pressure,44,auto,27.12
max_pressure,44,moto,49.06
max_pressure,44,moto,26.46
max_pressure,44,moto,22.85
max_pressure,44,moto,15.94
max_pressure,44,car,32.23
max_pressure,44,moto,22.09
max_pressure,44,moto,10.93
max_pressure,44,auto,9.48
max_pressure,44,auto,11.38
max_pressure,44,moto,7.48
max_pressure,44,car,18.56
max_pressure,44,auto,5.64
max_pressure,44,car,6.68
max_pressure,44,moto,26.26
max_pressure,44,moto,27.66
max_pressure,44,moto,43.93
max_pressure,44,moto,39.84
max_pressure,44,moto,29.71
max_pressure,44,auto,46.92
max_pressure,44,auto,34.22
max_pressure,44,auto,25.27
max_pressure,44,moto,38.68
max_pressure,44,moto,35.99
max_pressure,44,moto,28.67
max_pressure,44,auto,28.61
max_pressure,44,auto,40.39
max_pressure,44,auto,41.56
max_pressure,44,moto,29.89
max_pressure,44,moto,20.16
max_pressure,44,moto,18.79
max_pressure,44,car,25.29
max_pressure,44,moto,7.3
max_pressure,44,moto,15.77
max_pressure,44,auto,12.28
max_pressure,44,auto,21.28
max_pressure,44,auto,17.39
max_pressure,44,moto,3.25
max_pressure,44,moto,2.79
max_pressure,44,moto,4.07
max_pressure,44,moto,43.76
max_pressure,44,auto,44.0
max_pressure,44,auto,38.86
max_pressure,44,moto,37.72
max_pressure,44,auto,32.23
max_pressure,44,auto,48.99
max_pressure,44,auto,52.03
max_pressure,44,moto,33.34
max_pressure,44,car,38.29
max_pressure,44,moto,39.51
max_pressure,44,auto,38.2
max_pressure,44,auto,42.21
max_pressure,44,moto,33.01
max_pressure,44,moto,32.73
max_pressure,44,moto,32.57
max_pressure,44,moto,38.49
max_pressure,44,car,38.32
max_pressure,44,auto,27.62
max_pressure,44,moto,33.7
max_pressure,44,moto,30.67
max_pressure,44,moto,24.88
max_pressure,44,moto,1.74
max_pressure,44,moto,7.39
max_pressure,44,moto,17.44
max_pressure,44,auto,1.28
max_pressure,44,moto,1.84
max_pressure,44,moto,43.4
max_pressure,44,moto,3.79
max_pressure,44,moto,31.84
max_pressure,44,moto,45.86
max_pressure,44,moto,38.66
max_pressure,44,car,43.4
max_pressure,44,car,50.84
max_pressure,44,moto,47.62
max_pressure,44,moto,43.73
max_pressure,44,auto,45.5
max_pressure,44,auto,39.93
max_pressure,44,auto,32.26
max_pressure,44,moto,32.71
max_pressure,44,auto,38.88
max_pressure,44,car,44.12
max_pressure,44,car,29.41
max_pressure,44,moto,40.86
max_pressure,44,moto,36.98
max_pressure,44,auto,36.3
max_pressure,44,car,50.69
max_pressure,44,moto,34.25
max_pressure,44,moto,28.49
max_pressure,44,moto,25.87
max_pressure,44,car,33.85
max_pressure,44,moto,14.55
max_pressure,44,moto,16.9
max_pressure,44,moto,21.27
max_pressure,44,moto,9.8
max_pressure,44,moto,8.56
max_pressure,44,auto,9.22
max_pressure,44,moto,2.06
max_pressure,44,auto,1.08
max_pressure,44,moto,55.08
max_pressure,44,moto,37.74
max_pressure,44,moto,49.14
max_pressure,44,auto,53.29
max_pressure,44,moto,41.2
max_pressure,44,auto,42.0
max_pressure,44,moto,39.09
max_pressure,44,moto,31.59
max_pressure,44,moto,31.05
max_pressure,44,moto,40.84
max_pressure,44,moto,32.13
max_pressure,44,auto,32.47
max_pressure,44,moto,30.74
max_pressure,44,moto,25.07
max_pressure,44,moto,15.9
max_pressure,44,moto,17.83
max_pressure,44,moto,25.27
max_pressure,44,moto,9.62
max_pressure,44,moto,27.11
max_pressure,44,auto,1.95
max_pressure,44,auto,9.17
max_pressure,44,moto,12.87
max_pressure,44,moto,9.66
max_pressure,44,auto,22.19
max_pressure,44,moto,43.35
max_pressure,44,moto,44.57
max_pressure,44,moto,41.2
max_pressure,44,moto,47.91
max_pressure,44,moto,37.88
max_pressure,44,moto,5.0
max_pressure,44,auto,54.83
max_pressure,44,auto,38.05
max_pressure,44,moto,31.87
max_pressure,44,moto,45.08
max_pressure,44,moto,42.44
max_pressure,44,moto,31.07
max_pressure,44,car,41.42
max_pressure,44,moto,36.78
max_pressure,44,car,31.83
max_pressure,44,moto,46.45
max_pressure,44,car,34.15
max_pressure,44,car,34.07
max_pressure,44,moto,33.39
max_pressure,44,moto,34.25
max_pressure,44,moto,35.62
max_pressure,44,moto,7.66
max_pressure,44,car,28.99
max_pressure,44,moto,1.96
max_pressure,44,moto,1.68
max_pressure,44,moto,14.25
max_pressure,44,moto,1.85
max_pressure,44,moto,2.64
max_pressure,44,moto,40.14
max_pressure,44,moto,30.92
max_pressure,44,moto,30.43
max_pressure,44,moto,47.15
max_pressure,44,auto,52.84
max_pressure,44,car,39.62
max_pressure,44,moto,40.57
max_pressure,44,moto,35.42
max_pressure,44,auto,50.2
max_pressure,44,auto,47.64
max_pressure,44,moto,26.69
max_pressure,44,moto,33.47
max_pressure,44,car,32.8
max_pressure,44,auto,33.09
max_pressure,44,moto,30.45
max_pressure,44,car,29.48
max_pressure,44,auto,27.96
max_pressure,44,car,34.11
max_pressure,44,moto,31.0
max_pressure,44,moto,1.81
max_pressure,44,car,23.75
max_pressure,44,moto,28.57
max_pressure,44,car,20.61
max_pressure,44,car,18.75
max_pressure,44,car,21.47
max_pressure,44,moto,2.24
max_pressure,44,moto,44.84
max_pressure,44,auto,45.88
max_pressure,44,auto,42.55
max_pressure,44,car,30.92
max_pressure,44,moto,30.0
max_pressure,44,auto,51.27
max_pressure,44,auto,31.47
max_pressure,44,auto,29.65
max_pressure,44,moto,24.04
max_pressure,44,moto,18.11
max_pressure,44,moto,31.23
max_pressure,44,car,3.95
max_pressure,44,moto,15.05
max_pressure,44,moto,17.53
max_pressure,44,moto,2.72
max_pressure,44,moto,19.36
max_pressure,44,moto,14.58
max_pressure,44,moto,47.44
max_pressure,44,moto,51.86
max_pressure,44,moto,46.62
max_pressure,44,moto,30.04
max_pressure,44,moto,50.42
max_pressure,44,auto,54.31
max_pressure,44,moto,43.49
max_pressure,44,moto,25.44
max_pressure,44,auto,47.39
max_pressure,44,car,51.75
max_pressure,44,moto,44.76
max_pressure,44,moto,50.33
max_pressure,44,moto,36.87
max_pressure,44,auto,41.26
max_pressure,44,auto,39.04
max_pressure,44,moto,33.41
max_pressure,44,auto,41.7
max_pressure,44,moto,37.85
max_pressure,44,car,21.17
max_pressure,44,moto,28.4
max_pressure,44,auto,32.07
max_pressure,44,moto,37.43
max_pressure,44,moto,31.51
max_pressure,44,moto,27.21
max_pressure,44,car,35.79
max_pressure,44,moto,10.01
max_pressure,44,moto,16.48
max_pressure,44,moto,9.56
max_pressure,44,moto,18.18
max_pressure,44,auto,16.15
max_pressure,44,auto,16.17
max_pressure,44,moto,11.95
max_pressure,44,moto,4.45
max_pressure,44,moto,50.87
max_pressure,44,car,32.67
max_pressure,44,car,44.95
max_pressure,44,moto,31.87
max_pressure,44,moto,25.57
max_pressure,44,moto,49.42
max_pressure,44,moto,50.29
max_pressure,44,moto,26.29
max_pressure,44,car,42.79
max_pressure,44,moto,28.01
max_pressure,44,auto,42.45
max_pressure,44,car,38.24
max_pressure,44,auto,25.22
max_pressure,44,moto,29.29
max_pressure,44,moto,37.47
max_pressure,44,moto,37.56
max_pressure,44,moto,30.42
max_pressure,44,car,23.69
max_pressure,44,auto,39.74
max_pressure,44,auto,44.19
max_pressure,44,moto,22.17
max_pressure,44,moto,6.73
max_pressure,44,moto,12.31
max_pressure,44,moto,17.36
max_pressure,44,moto,10.46
max_pressure,44,moto,16.97
max_pressure,44,moto,25.89
max_pressure,44,auto,42.78
max_pressure,44,moto,31.01
max_pressure,44,auto,45.97
max_pressure,44,moto,31.25
max_pressure,44,moto,28.04
max_pressure,44,car,44.72
max_pressure,44,auto,30.46
max_pressure,44,auto,49.37
max_pressure,44,auto,23.57
max_pressure,44,car,23.46
max_pressure,44,moto,29.93
max_pressure,44,moto,2.38
max_pressure,44,moto,9.31
max_pressure,44,moto,13.99
max_pressure,44,moto,3.25
max_pressure,44,moto,13.14
max_pressure,44,moto,4.02
max_pressure,44,moto,15.57
max_pressure,44,moto,23.51
max_pressure,44,moto,7.23
max_pressure,44,car,2.74
max_pressure,44,moto,23.03
max_pressure,44,auto,1.57
max_pressure,44,moto,11.07
max_pressure,44,auto,3.91
max_pressure,44,moto,36.19
max_pressure,44,moto,36.44
max_pressure,44,moto,47.93
max_pressure,44,auto,49.93
max_pressure,44,moto,37.77
max_pressure,44,auto,55.38
max_pressure,44,moto,39.59
max_pressure,44,moto,27.96
max_pressure,44,moto,47.56
max_pressure,44,car,61.96
max_pressure,44,moto,35.06
max_pressure,44,auto,43.02
max_pressure,44,auto,54.69
max_pressure,44,moto,33.61
max_pressure,44,auto,37.04
max_pressure,44,auto,42.15
max_pressure,44,moto,39.44
max_pressure,44,moto,27.43
max_pressure,44,moto,14.41
max_pressure,44,car,3.58
max_pressure,44,moto,7.25
max_pressure,44,auto,1.23
max_pressure,44,moto,2.24
max_pressure,44,moto,2.05
max_pressure,44,moto,2.58
max_pressure,44,moto,40.26
max_pressure,44,car,51.09
max_pressure,44,moto,51.69
max_pressure,44,moto,45.57
max_pressure,44,moto,42.26
max_pressure,44,auto,42.83
max_pressure,44,car,39.93
max_pressure,44,auto,47.39
max_pressure,44,moto,52.88
max_pressure,44,auto,36.02
max_pressure,44,moto,27.4
max_pressure,44,moto,28.92
max_pressure,44,car,35.68
max_pressure,44,auto,35.24
max_pressure,44,moto,29.79
max_pressure,44,moto,15.29
max_pressure,44,moto,8.22
max_pressure,44,moto,2.42
max_pressure,44,moto,14.22
max_pressure,44,moto,3.47
max_pressure,44,moto,48.5
max_pressure,44,moto,28.78
max_pressure,44,moto,34.17
max_pressure,44,moto,29.2
max_pressure,44,auto,35.92
max_pressure,44,moto,55.33
max_pressure,44,car,27.89
max_pressure,44,auto,50.41
max_pressure,44,car,41.35
max_pressure,44,moto,26.84
max_pressure,44,auto,48.61
max_pressure,44,auto,52.05
max_pressure,44,auto,36.41
max_pressure,44,moto,41.99
max_pressure,44,auto,49.52
max_pressure,44,auto,49.47
max_pressure,44,moto,39.07
max_pressure,44,auto,33.04
max_pressure,44,auto,34.94
max_pressure,44,moto,38.18
max_pressure,44,moto,25.58
max_pressure,44,moto,35.64
max_pressure,44,moto,2.42
max_pressure,44,car,14.3
max_pressure,44,auto,1.2
max_pressure,44,auto,22.35
max_pressure,44,moto,3.48
max_pressure,44,auto,0.92
max_pressure,44,car,21.38
max_pressure,44,moto,2.55
max_pressure,44,moto,52.57
max_pressure,44,auto,49.9
max_pressure,44,auto,36.49
max_pressure,44,moto,26.16
max_pressure,44,moto,52.22
max_pressure,44,moto,36.88
max_pressure,44,moto,24.84
max_pressure,44,car,30.76
max_pressure,44,moto,28.5
max_pressure,44,moto,23.79
max_pressure,44,moto,19.01
max_pressure,44,moto,3.26
max_pressure,44,moto,2.36
max_pressure,44,moto,18.99
max_pressure,44,moto,5.01
max_pressure,44,auto,4.88
max_pressure,44,moto,33.22
max_pressure,44,moto,46.26
max_pressure,44,auto,44.29
max_pressure,44,moto,34.45
max_pressure,44,car,30.91
max_pressure,44,moto,47.99
max_pressure,44,auto,39.2
max_pressure,44,car,45.58
max_pressure,44,car,34.04
max_pressure,44,auto,35.37
max_pressure,44,auto,35.75
max_pressure,44,moto,30.52
max_pressure,44,moto,26.07
max_pressure,44,moto,27.51
max_pressure,44,moto,4.54
max_pressure,44,moto,13.94
max_pressure,44,car,1.48
max_pressure,44,auto,14.41
max_pressure,44,moto,31.84
max_pressure,44,auto,27.99
max_pressure,44,auto,39.27
max_pressure,44,auto,51.53
max_pressure,44,moto,34.7
max_pressure,44,moto,37.03
max_pressure,44,auto,30.31
max_pressure,44,auto,32.17
max_pressure,44,auto,30.38
max_pressure,44,auto,18.75
max_pressure,44,car,7.97
max_pressure,44,moto,1.61
max_pressure,44,moto,14.68
max_pressure,44,auto,8.82
max_pressure,44,moto,12.3
max_pressure,44,moto,10.38
max_pressure,44,car,3.91
max_pressure,44,moto,51.28
max_pressure,44,car,44.68
max_pressure,44,auto,48.57
max_pressure,44,moto,39.16
max_pressure,44,moto,35.29
max_pressure,44,moto,48.26
max_pressure,44,moto,34.32
max_pressure,44,moto,35.9
max_pressure,44,car,39.02
max_pressure,44,auto,31.94
max_pressure,44,auto,28.98
max_pressure,44,car,38.15
max_pressure,44,auto,29.56
max_pressure,44,moto,32.99
max_pressure,44,moto,32.39
max_pressure,44,auto,34.71
max_pressure,44,moto,13.21
max_pressure,44,moto,29.62
max_pressure,44,car,26.56
max_pressure,44,moto,16.88
max_pressure,44,moto,20.7
max_pressure,44,moto,2.06
max_pressure,44,moto,19.12
max_pressure,44,auto,7.87
max_pressure,44,auto,1.21
max_pressure,44,moto,41.51
max_pressure,44,moto,27.63
max_pressure,44,car,48.52
max_pressure,44,moto,43.72
max_pressure,44,moto,43.78
max_pressure,44,moto,44.66
max_pressure,44,auto,29.95
max_pressure,44,moto,45.84
max_pressure,44,moto,42.07
max_pressure,44,moto,29.16
max_pressure,44,moto,45.08
max_pressure,44,moto,41.27
max_pressure,44,moto,29.45
max_pressure,44,auto,38.88
max_pressure,44,auto,23.34
max_pressure,44,moto,33.02
max_pressure,44,moto,7.38
max_pressure,44,moto,7.75
max_pressure,44,car,24.07
max_pressure,44,auto,3.17
max_pressure,44,moto,6.57
max_pressure,44,moto,6.64
max_pressure,44,auto,1.19
max_pressure,44,moto,44.83
max_pressure,44,auto,53.46
max_pressure,44,moto,45.81
max_pressure,44,moto,47.39
max_pressure,44,moto,43.09
max_pressure,44,moto,47.01
max_pressure,44,auto,47.84
max_pressure,44,moto,46.09
max_pressure,44,auto,50.69
max_pressure,44,moto,49.65
max_pressure,44,auto,40.75
max_pressure,44,moto,42.29
max_pressure,44,auto,48.45
max_pressure,44,auto,26.9
max_pressure,44,moto,31.97
max_pressure,44,moto,40.31
max_pressure,44,car,33.72
max_pressure,44,moto,34.98
max_pressure,44,moto,32.4
max_pressure,44,moto,23.65
max_pressure,44,moto,19.12
max_pressure,44,auto,39.11
max_pressure,44,auto,38.1
max_pressure,44,moto,34.17
max_pressure,44,auto,16.21
max_pressure,44,moto,9.23
max_pressure,44,moto,2.29
max_pressure,44,moto,2.05
max_pressure,44,car,32.65
max_pressure,44,moto,49.25
max_pressure,44,moto,46.21
max_pressure,44,moto,42.49
max_pressure,44,auto,53.36
max_pressure,44,auto,52.16
max_pressure,44,moto,39.04
max_pressure,44,moto,45.01
max_pressure,44,auto,43.78
max_pressure,44,auto,21.37
max_pressure,44,auto,51.16
max_pressure,44,auto,40.6
max_pressure,44,car,45.36
max_pressure,44,moto,39.42
max_pressure,44,moto,48.55
max_pressure,44,moto,20.81
max_pressure,44,moto,27.43
max_pressure,44,car,28.35
max_pressure,44,moto,20.52
max_pressure,44,moto,4.44
max_pressure,44,moto,3.16
max_pressure,44,car,0.94
max_pressure,44,moto,1.47
max_pressure,44,moto,13.05
max_pressure,44,moto,18.87
max_pressure,44,moto,5.32
max_pressure,44,moto,50.78
max_pressure,44,moto,45.64
max_pressure,44,auto,49.99
max_pressure,44,moto,42.36
max_pressure,44,auto,47.17
max_pressure,44,auto,39.51
max_pressure,44,car,33.3
max_pressure,44,moto,38.24
max_pressure,44,auto,42.7
max_pressure,44,auto,38.76
max_pressure,44,moto,39.83
max_pressure,44,car,47.03
max_pressure,44,moto,30.79
max_pressure,44,moto,39.25
max_pressure,44,auto,32.1
max_pressure,44,moto,32.54
max_pressure,44,auto,25.9
max_pressure,44,moto,26.22
max_pressure,44,moto,20.13
max_pressure,44,car,31.83
max_pressure,44,car,19.55
max_pressure,44,moto,13.43
max_pressure,44,auto,20.88
max_pressure,44,auto,5.5
max_pressure,44,moto,10.85
max_pressure,44,moto,2.9
max_pressure,44,auto,19.15
max_pressure,44,moto,3.58
max_pressure,44,moto,28.17
max_pressure,44,moto,51.01
max_pressure,44,auto,40.41
max_pressure,44,moto,35.5
max_pressure,44,moto,32.62
max_pressure,44,auto,35.82
max_pressure,44,moto,33.35
max_pressure,44,moto,29.19
max_pressure,44,auto,39.21
max_pressure,44,auto,38.71
max_pressure,44,moto,27.2
max_pressure,44,moto,36.02
max_pressure,44,car,20.07
max_pressure,44,moto,15.94
max_pressure,44,moto,34.32
max_pressure,44,moto,14.77
max_pressure,44,auto,19.29
max_pressure,44,moto,3.06
max_pressure,44,moto,17.27
max_pressure,44,moto,10.34
max_pressure,44,moto,1.99
max_pressure,44,auto,18.61
max_pressure,44,moto,15.12
max_pressure,44,moto,8.97
max_pressure,44,moto,6.54
max_pressure,44,moto,5.03
max_pressure,44,auto,20.65
max_pressure,44,auto,8.15
max_pressure,44,moto,6.97
max_pressure,44,moto,2.9
max_pressure,44,auto,3.03
max_pressure,44,moto,36.03
max_pressure,44,moto,38.88
max_pressure,44,moto,26.68
max_pressure,44,car,51.65
max_pressure,44,moto,49.02
max_pressure,44,moto,34.75
max_pressure,44,moto,44.68
max_pressure,44,moto,39.33
max_pressure,44,auto,43.49
max_pressure,44,moto,48.27
max_pressure,44,moto,44.76
max_pressure,44,auto,36.33
max_pressure,44,moto,35.58
max_pressure,44,moto,45.99
max_pressure,44,moto,34.23
max_pressure,44,car,23.82
max_pressure,44,moto,21.95
max_pressure,44,moto,14.17
max_pressure,44,moto,16.74
max_pressure,44,auto,13.1
max_pressure,44,car,1.57
max_pressure,44,car,50.09
max_pressure,44,moto,36.31
max_pressure,44,moto,47.6
max_pressure,44,auto,48.27
max_pressure,44,moto,31.58
max_pressure,44,auto,37.45
max_pressure,44,auto,35.76
max_pressure,44,moto,36.4
max_pressure,44,car,49.25
max_pressure,44,moto,36.67
max_pressure,44,auto,36.53
max_pressure,44,moto,31.94
max_pressure,44,auto,49.45
max_pressure,44,moto,11.26
max_pressure,44,moto,30.57
max_pressure,44,moto,10.6
max_pressure,44,moto,22.49
max_pressure,44,moto,14.95
max_pressure,44,auto,1.6
max_pressure,44,moto,20.82
max_pressure,44,moto,1.84
max_pressure,44,moto,14.86
max_pressure,44,moto,3.92
max_pressure,44,moto,1.69
max_pressure,44,moto,31.68
max_pressure,44,moto,46.06
max_pressure,44,moto,40.76
max_pressure,44,moto,35.36
max_pressure,44,auto,46.49
max_pressure,44,moto,35.0
max_pressure,44,auto,24.17
max_pressure,44,auto,40.69
max_pressure,44,auto,39.68
max_pressure,44,auto,27.24
max_pressure,44,moto,30.71
max_pressure,44,auto,23.61
max_pressure,44,car,26.6
max_pressure,44,moto,11.39
max_pressure,44,moto,22.58
max_pressure,44,moto,12.03
max_pressure,44,moto,8.35
max_pressure,44,car,10.28
max_pressure,44,moto,19.07
max_pressure,44,auto,19.14
max_pressure,44,moto,12.07
max_pressure,44,moto,7.43
max_pressure,44,car,21.08
max_pressure,44,moto,41.69
max_pressure,44,moto,30.62
max_pressure,44,auto,54.05
max_pressure,44,moto,47.51
max_pressure,44,moto,33.44
max_pressure,44,moto,47.01
max_pressure,44,car,40.87
max_pressure,44,moto,38.26
max_pressure,44,auto,32.02
max_pressure,44,auto,31.55
max_pressure,44,moto,37.22
max_pressure,44,moto,32.2
max_pressure,44,car,45.0
max_pressure,44,car,31.18
max_pressure,44,auto,26.74
max_pressure,44,moto,34.58
max_pressure,44,auto,32.51
max_pressure,44,moto,38.49
max_pressure,44,moto,30.57
max_pressure,44,car,37.91
max_pressure,44,moto,32.81
max_pressure,44,car,32.57
max_pressure,44,moto,15.76
max_pressure,44,car,1.07
max_pressure,44,car,20.77
max_pressure,44,moto,12.0
max_pressure,44,auto,24.41
max_pressure,44,moto,4.58
max_pressure,44,moto,32.1
max_pressure,44,moto,48.37
max_pressure,44,auto,32.42
max_pressure,44,auto,52.78
max_pressure,44,moto,48.01
max_pressure,44,auto,38.05
max_pressure,44,moto,30.42
max_pressure,44,auto,35.71
max_pressure,44,auto,30.83
max_pressure,44,car,43.39
max_pressure,44,auto,38.38
max_pressure,44,moto,25.48
max_pressure,44,moto,18.53
max_pressure,44,moto,32.45
max_pressure,44,auto,15.02
max_pressure,44,moto,17.08
max_pressure,44,car,1.63
max_pressure,44,moto,17.55
max_pressure,44,auto,8.0
max_pressure,44,moto,4.33
max_pressure,44,car,1.97
max_pressure,44,auto,1.93
max_pressure,44,moto,41.87
max_pressure,44,moto,38.62
max_pressure,44,moto,48.06
max_pressure,44,car,50.03
max_pressure,44,moto,41.89
max_pressure,44,moto,38.91
max_pressure,44,moto,46.1
max_pressure,44,moto,41.58
max_pressure,44,moto,44.1
max_pressure,44,moto,40.59
max_pressure,44,auto,48.45
max_pressure,44,moto,49.09
max_pressure,44,moto,38.54
max_pressure,44,moto,41.59
max_pressure,44,car,50.14
max_pressure,44,moto,40.07
max_pressure,44,auto,35.88
max_pressure,44,moto,33.26
max_pressure,44,auto,28.33
max_pressure,44,moto,38.01
max_pressure,44,auto,41.73
max_pressure,44,moto,38.22
max_pressure,44,auto,32.24
max_pressure,44,auto,48.37
max_pressure,44,auto,31.55
max_pressure,44,moto,16.84
max_pressure,44,moto,19.13
max_pressure,44,moto,12.96
max_pressure,44,moto,28.72
max_pressure,44,moto,27.79
max_pressure,44,moto,29.13
max_pressure,44,auto,13.18
max_pressure,44,moto,3.94
max_pressure,44,moto,4.83
max_pressure,44,moto,6.53
max_pressure,44,moto,6.48
max_pressure,44,moto,11.4
max_pressure,44,auto,18.29
max_pressure,44,car,3.98
max_pressure,44,moto,2.37
max_pressure,44,moto,2.31
max_pressure,44,moto,49.55
max_pressure,44,moto,36.58
max_pressure,44,auto,42.68
max_pressure,44,car,38.71
max_pressure,44,moto,23.92
max_pressure,44,moto,50.11
max_pressure,44,moto,34.68
max_pressure,44,moto,34.28
max_pressure,44,auto,38.57
max_pressure,44,moto,33.06
max_pressure,44,moto,46.96
max_pressure,44,moto,16.3
max_pressure,44,moto,7.04
max_pressure,44,auto,1.13
max_pressure,44,auto,1.25
max_pressure,44,moto,1.94
max_pressure,44,moto,46.41
max_pressure,44,moto,30.59
max_pressure,44,moto,49.31
max_pressure,44,moto,40.49
max_pressure,44,moto,37.29
max_pressure,44,moto,30.94
max_pressure,44,car,44.58
max_pressure,44,auto,35.72
max_pressure,44,auto,57.01
max_pressure,44,moto,32.47
max_pressure,44,auto,43.92
max_pressure,44,moto,42.47
max_pressure,44,moto,32.95
max_pressure,44,auto,47.97
max_pressure,44,auto,31.54
max_pressure,44,moto,41.41
max_pressure,44,car,44.45
max_pressure,44,moto,30.97
max_pressure,44,moto,21.57
max_pressure,44,moto,29.99
max_pressure,44,moto,14.66
max_pressure,44,car,13.31
max_pressure,44,moto,18.23
max_pressure,44,moto,3.02
max_pressure,44,moto,10.46
max_pressure,44,auto,14.48
max_pressure,44,auto,1.0
max_pressure,44,moto,3.31
max_pressure,44,moto,52.28
max_pressure,44,moto,51.72
max_pressure,44,auto,48.28
max_pressure,44,moto,37.78
max_pressure,44,moto,39.02
max_pressure,44,car,31.9
max_pressure,44,auto,31.49
max_pressure,44,car,43.57
max_pressure,44,moto,31.06
max_pressure,44,auto,24.31
max_pressure,44,moto,26.26
max_pressure,44,moto,22.87
max_pressure,44,moto,18.98
max_pressure,44,moto,9.46
max_pressure,44,moto,30.03
max_pressure,44,moto,26.39
max_pressure,44,car,18.31
max_pressure,44,moto,3.07
max_pressure,44,moto,18.15
max_pressure,44,auto,20.13
max_pressure,44,moto,3.04
max_pressure,44,moto,2.89
max_pressure,44,moto,1.71
max_pressure,44,car,43.95
max_pressure,44,moto,42.96
max_pressure,44,moto,34.82
max_pressure,44,car,33.99
max_pressure,44,moto,40.28
max_pressure,44,moto,43.01
max_pressure,44,car,32.07
max_pressure,44,auto,25.33
max_pressure,44,car,18.97
max_pressure,44,auto,26.98
max_pressure,44,car,18.56
max_pressure,44,moto,14.32
max_pressure,44,auto,14.33
max_pressure,44,moto,3.14
max_pressure,44,auto,15.05
max_pressure,44,auto,11.33
max_pressure,44,moto,48.6
max_pressure,44,moto,38.98
max_pressure,44,moto,34.33
max_pressure,44,moto,26.96
max_pressure,44,auto,40.81
max_pressure,44,moto,39.39
max_pressure,44,moto,29.77
max_pressure,44,auto,44.66
max_pressure,44,moto,27.32
max_pressure,44,car,36.31
max_pressure,44,car,36.76
max_pressure,44,moto,28.69
max_pressure,44,moto,39.64
max_pressure,44,car,39.75
max_pressure,44,car,35.7
max_pressure,44,car,32.72
max_pressure,44,moto,31.6
max_pressure,44,auto,29.65
max_pressure,44,moto,30.37
max_pressure,44,moto,21.66
max_pressure,44,auto,1.03
max_pressure,44,moto,9.32
max_pressure,44,car,31.73
max_pressure,44,moto,21.87
max_pressure,44,car,0.92
max_pressure,44,car,21.74
max_pressure,44,moto,11.15
max_pressure,44,moto,2.29
max_pressure,44,auto,1.06
max_pressure,44,moto,3.31
max_pressure,44,moto,5.13
max_pressure,44,moto,1.79
max_pressure,44,auto,1.53
max_pressure,44,moto,3.17
max_pressure,44,moto,36.18
max_pressure,44,auto,49.56
max_pressure,44,moto,36.49
max_pressure,44,moto,46.2
max_pressure,44,auto,52.44
max_pressure,44,auto,37.94
max_pressure,44,moto,23.2
max_pressure,44,moto,36.66
max_pressure,44,moto,38.11
max_pressure,44,auto,28.19
max_pressure,44,moto,34.89
max_pressure,44,moto,26.41
max_pressure,44,car,27.17
max_pressure,44,moto,1.61
max_pressure,44,car,1.22
max_pressure,44,moto,21.56
max_pressure,44,moto,2.71
max_pressure,44,moto,1.7
max_pressure,44,moto,5.32
max_pressure,44,moto,51.91
max_pressure,44,moto,31.07
max_pressure,44,moto,51.29
max_pressure,44,moto,52.23
max_pressure,44,moto,44.38
max_pressure,44,moto,46.41
max_pressure,44,moto,42.0
max_pressure,44,moto,25.41
max_pressure,44,auto,53.32
max_pressure,44,moto,43.0
max_pressure,44,car,34.35
max_pressure,44,auto,45.37
max_pressure,44,car,38.81
max_pressure,44,car,50.09
max_pressure,44,moto,21.4
max_pressure,44,car,15.54
max_pressure,44,moto,5.39
max_pressure,44,car,1.28
max_pressure,44,auto,15.97
max_pressure,44,moto,11.03
max_pressure,44,auto,12.48
max_pressure,44,car,4.48
max_pressure,44,car,47.64
max_pressure,44,auto,42.44
max_pressure,44,moto,37.55
max_pressure,44,moto,30.1
max_pressure,44,auto,51.5
max_pressure,44,auto,46.26
max_pressure,44,auto,41.53
max_pressure,44,moto,21.98
max_pressure,44,auto,28.51
max_pressure,44,moto,41.94
max_pressure,44,moto,29.64
max_pressure,44,auto,26.24
max_pressure,44,moto,10.24
max_pressure,44,moto,35.95
max_pressure,44,moto,30.74
max_pressure,44,moto,8.47
max_pressure,44,auto,3.65
max_pressure,44,moto,31.99
max_pressure,44,moto,11.07
max_pressure,44,auto,17.86
max_pressure,44,moto,1.84
max_pressure,44,moto,2.69
max_pressure,44,moto,2.74
max_pressure,44,moto,3.55
max_pressure,44,auto,1.13
max_pressure,44,moto,25.03
max_pressure,44,moto,38.5
max_pressure,44,moto,30.35
max_pressure,44,moto,50.7
max_pressure,44,auto,50.74
max_pressure,44,auto,45.34
max_pressure,44,car,40.23
max_pressure,44,auto,38.2
max_pressure,44,moto,35.48
max_pressure,44,auto,26.89
max_pressure,44,auto,33.72
max_pressure,44,moto,20.93
max_pressure,44,moto,36.71
max_pressure,44,car,30.73
max_pressure,44,auto,1.19
max_pressure,44,moto,6.89
max_pressure,44,moto,19.92
max_pressure,44,car,13.71
max_pressure,44,moto,3.44
max_pressure,44,moto,2.91
max_pressure,44,auto,1.28
max_pressure,44,moto,34.34
max_pressure,44,moto,38.65
max_pressure,44,moto,50.85
max_pressure,44,auto,53.54
max_pressure,44,moto,49.68
max_pressure,44,auto,49.42
max_pressure,44,moto,30.67
max_pressure,44,moto,49.56
max_pressure,44,moto,38.4
max_pressure,44,moto,46.37
max_pressure,44,moto,28.47
max_pressure,44,moto,28.61
max_pressure,44,car,52.83
max_pressure,44,car,53.19
max_pressure,44,auto,37.29
max_pressure,44,auto,31.02
max_pressure,44,car,37.22
max_pressure,44,moto,32.33
max_pressure,44,moto,29.14
max_pressure,44,moto,10.47
max_pressure,44,car,8.48
max_pressure,44,auto,3.33
max_pressure,44,auto,20.46
max_pressure,44,moto,3.24
max_pressure,44,car,1.73
max_pressure,44,moto,51.44
max_pressure,44,moto,41.51
max_pressure,44,auto,48.86
max_pressure,44,auto,39.31
max_pressure,44,moto,24.57
max_pressure,44,moto,44.83
max_pressure,44,moto,38.8
max_pressure,44,auto,34.05
max_pressure,44,auto,36.69
max_pressure,44,auto,46.29
max_pressure,44,moto,28.71
max_pressure,44,auto,27.05
max_pressure,44,moto,15.84
max_pressure,44,moto,8.22
max_pressure,44,moto,19.7
max_pressure,44,auto,23.22
max_pressure,44,moto,2.43
max_pressure,44,auto,17.09
max_pressure,44,moto,2.05
max_pressure,44,moto,51.36
max_pressure,44,moto,46.38
max_pressure,44,moto,28.14
max_pressure,44,moto,51.23
max_pressure,44,moto,45.42
max_pressure,44,auto,48.59
max_pressure,44,auto,39.39
max_pressure,44,moto,50.95
max_pressure,44,moto,41.21
max_pressure,44,auto,36.43
max_pressure,44,auto,29.4
max_pressure,44,car,44.45
max_pressure,44,moto,27.09
max_pressure,44,moto,18.67
max_pressure,44,moto,33.31
max_pressure,44,car,25.11
max_pressure,44,moto,10.32
max_pressure,44,moto,2.48
max_pressure,44,moto,3.18
max_pressure,44,moto,2.5
max_pressure,44,car,22.96
max_pressure,44,moto,16.66
max_pressure,44,moto,4.15
max_pressure,44,car,50.46
max_pressure,44,moto,41.31
max_pressure,44,moto,34.54
max_pressure,44,car,46.28
max_pressure,44,auto,39.12
max_pressure,44,moto,35.77
max_pressure,44,car,48.77
max_pressure,44,car,44.94
max_pressure,44,auto,31.89
max_pressure,44,moto,28.79
max_pressure,44,moto,29.94
max_pressure,44,moto,43.22
max_pressure,44,car,41.47
max_pressure,44,moto,35.7
max_pressure,44,moto,37.09
max_pressure,44,moto,29.36
max_pressure,44,moto,19.62
max_pressure,44,car,1.53
max_pressure,44,moto,35.25
max_pressure,44,auto,15.82
max_pressure,44,moto,7.89
max_pressure,44,car,1.3
max_pressure,44,auto,12.18
max_pressure,44,auto,1.41
max_pressure,44,moto,41.22
max_pressure,44,moto,34.91
max_pressure,44,moto,48.25
max_pressure,44,auto,54.76
max_pressure,44,moto,49.85
max_pressure,44,car,46.79
max_pressure,44,moto,35.83
max_pressure,44,auto,53.84
max_pressure,44,moto,37.65
max_pressure,44,moto,31.93
max_pressure,44,car,52.71
max_pressure,44,auto,35.75
max_pressure,44,moto,41.62
max_pressure,44,car,29.23
max_pressure,44,moto,29.21
max_pressure,44,car,33.03
max_pressure,44,moto,21.84
max_pressure,44,auto,46.54
max_pressure,44,auto,40.72
max_pressure,44,moto,23.26
max_pressure,44,moto,25.36
max_pressure,44,moto,11.46
max_pressure,44,car,3.82
max_pressure,44,moto,17.96
max_pressure,44,moto,2.44
max_pressure,44,car,3.78
max_pressure,44,car,1.72
max_pressure,44,moto,49.39
max_pressure,44,auto,54.7
max_pressure,44,auto,45.58
max_pressure,44,auto,37.39
max_pressure,44,auto,34.24
max_pressure,44,moto,39.37
max_pressure,44,car,37.77
max_pressure,44,car,41.02
max_pressure,44,auto,30.13
max_pressure,44,car,35.99
max_pressure,44,auto,32.97
max_pressure,44,auto,29.91
max_pressure,44,car,27.29
max_pressure,44,moto,29.63
max_pressure,44,moto,27.55
max_pressure,44,moto,16.5
max_pressure,44,moto,17.52
max_pressure,44,auto,10.41
max_pressure,44,moto,3.33
max_pressure,44,moto,13.24
max_pressure,44,moto,14.54
max_pressure,44,moto,20.1
max_pressure,44,car,5.94
max_pressure,44,moto,2.58
max_pressure,44,moto,3.05
max_pressure,44,car,20.46
max_pressure,44,moto,4.52
max_pressure,44,auto,2.47
max_pressure,44,car,4.39
max_pressure,44,car,2.31
max_pressure,44,auto,1.53
max_pressure,44,moto,33.56
max_pressure,44,moto,28.37
max_pressure,44,auto,41.45
max_pressure,44,moto,35.73
max_pressure,44,auto,30.88
max_pressure,44,moto,25.66
max_pressure,44,auto,27.28
max_pressure,44,auto,39.94
max_pressure,44,moto,37.45
max_pressure,44,moto,3.99
max_pressure,44,moto,22.47
max_pressure,44,moto,27.69
max_pressure,44,auto,16.63
max_pressure,44,moto,7.5
max_pressure,44,moto,3.45
max_pressure,44,moto,2.0
max_pressure,44,car,1.03
max_pressure,44,moto,4.88
max_pressure,44,auto,1.11
max_pressure,44,moto,49.34
max_pressure,44,moto,36.55
max_pressure,44,auto,48.71
max_pressure,44,moto,42.77
max_pressure,44,auto,37.0
max_pressure,44,moto,23.57
max_pressure,44,moto,23.08
max_pressure,44,auto,33.11
max_pressure,44,car,38.93
max_pressure,44,moto,29.95
max_pressure,44,auto,32.64
max_pressure,44,car,33.04
max_pressure,44,moto,2.33
max_pressure,44,moto,14.7
max_pressure,44,car,22.09
max_pressure,44,moto,6.71
max_pressure,44,car,3.49
max_pressure,44,car,17.8
max_pressure,44,car,14.94
max_pressure,44,moto,3.36
max_pressure,44,auto,20.46
max_pressure,44,moto,4.88
max_pressure,44,moto,3.17
max_pressure,44,moto,5.27
max_pressure,44,moto,4.19
max_pressure,44,auto,19.82
max_pressure,44,car,5.86
max_pressure,44,moto,2.65
max_pressure,44,moto,50.95
max_pressure,44,moto,38.99
max_pressure,44,auto,53.3
max_pressure,44,moto,32.14
max_pressure,44,moto,28.27
max_pressure,44,moto,25.97
max_pressure,44,auto,54.53
max_pressure,44,auto,53.19
max_pressure,44,auto,41.28
max_pressure,44,auto,39.8
max_pressure,44,moto,33.46
max_pressure,44,moto,34.15
max_pressure,44,auto,36.63
max_pressure,44,moto,42.43
max_pressure,44,car,27.69
max_pressure,44,auto,34.47
max_pressure,44,moto,31.52
max_pressure,44,auto,29.14
max_pressure,44,auto,32.76
max_pressure,44,moto,23.62
max_pressure,44,moto,28.8
max_pressure,44,moto,6.45
max_pressure,44,moto,6.7
max_pressure,44,moto,2.35
max_pressure,44,auto,17.84
max_pressure,44,moto,2.26
max_pressure,44,moto,2.94
max_pressure,44,auto,1.62
max_pressure,44,moto,51.01
max_pressure,44,car,38.63
max_pressure,44,moto,31.37
max_pressure,44,auto,49.86
max_pressure,44,auto,32.35
max_pressure,44,car,45.1
max_pressure,44,moto,42.21
max_pressure,44,moto,36.45
max_pressure,44,auto,54.35
max_pressure,44,moto,56.41
max_pressure,44,auto,28.16
max_pressure,44,moto,49.04
max_pressure,44,moto,13.8
max_pressure,44,moto,23.43
max_pressure,44,car,22.64
max_pressure,44,moto,13.62
max_pressure,44,moto,18.96
max_pressure,44,moto,3.63
max_pressure,44,moto,13.84
max_pressure,44,auto,21.34
max_pressure,44,auto,9.22
max_pressure,44,moto,5.13
max_pressure,44,moto,46.35
max_pressure,44,car,35.93
max_pressure,44,moto,23.99
max_pressure,44,auto,29.06
max_pressure,44,auto,33.9
max_pressure,44,auto,31.84
max_pressure,44,car,31.53
max_pressure,44,moto,29.23
max_pressure,44,moto,28.22
max_pressure,44,car,26.19
max_pressure,44,moto,22.38
max_pressure,44,moto,26.84
max_pressure,44,moto,18.91
max_pressure,44,moto,15.93
max_pressure,44,moto,16.43
max_pressure,44,auto,21.59
max_pressure,44,car,10.72
max_pressure,44,moto,12.41
max_pressure,44,moto,3.33
max_pressure,44,moto,1.6
max_pressure,44,auto,0.99
max_pressure,44,auto,1.38
max_pressure,44,moto,42.32
max_pressure,44,moto,42.08
max_pressure,44,moto,41.16
max_pressure,44,moto,42.71
max_pressure,44,moto,30.63
max_pressure,44,moto,25.61
max_pressure,44,moto,48.72
max_pressure,44,moto,29.84
max_pressure,44,moto,44.72
max_pressure,44,moto,34.65
max_pressure,44,moto,49.78
max_pressure,44,auto,36.54
max_pressure,44,moto,23.07
max_pressure,44,moto,22.82
max_pressure,44,car,34.05
max_pressure,44,moto,33.59
max_pressure,44,car,41.01
max_pressure,44,moto,27.79
max_pressure,44,car,37.72
max_pressure,44,moto,12.85
max_pressure,44,auto,25.25
max_pressure,44,auto,14.33
max_pressure,44,moto,19.29
max_pressure,44,car,19.14
max_pressure,44,car,8.69
max_pressure,44,auto,1.03
max_pressure,44,auto,16.05
max_pressure,44,auto,5.47
max_pressure,44,moto,3.57
max_pressure,44,moto,29.16
max_pressure,44,car,53.56
max_pressure,44,moto,44.53
max_pressure,44,moto,34.82
max_pressure,44,moto,37.64
max_pressure,44,moto,49.05
max_pressure,44,car,45.67
max_pressure,44,moto,41.26
max_pressure,44,auto,40.41
max_pressure,44,car,41.87
max_pressure,44,car,31.45
max_pressure,44,car,56.14
max_pressure,44,moto,1.74
max_pressure,44,moto,37.25
max_pressure,44,moto,25.67
max_pressure,44,moto,33.15
max_pressure,44,moto,14.99
max_pressure,44,moto,20.1
max_pressure,44,auto,22.11
max_pressure,44,moto,2.34
max_pressure,44,car,4.92
max_pressure,44,car,1.95
max_pressure,44,moto,2.47
max_pressure,44,moto,2.12
max_pressure,44,auto,1.33
max_pressure,44,car,42.35
max_pressure,44,moto,38.42
max_pressure,44,moto,45.23
max_pressure,44,moto,32.05
max_pressure,44,moto,49.86
max_pressure,44,car,39.07
max_pressure,44,moto,32.35
max_pressure,44,moto,43.7
max_pressure,44,auto,40.07
max_pressure,44,car,30.15
max_pressure,44,moto,28.84
max_pressure,44,moto,26.67
max_pressure,44,moto,22.99
max_pressure,44,car,35.28
max_pressure,44,moto,21.98
max_pressure,44,moto,32.61
max_pressure,44,car,26.87
max_pressure,44,car,15.42
max_pressure,44,car,19.8
max_pressure,44,car,13.99
max_pressure,44,auto,1.3
max_pressure,44,moto,2.17
max_pressure,44,moto,3.98
max_pressure,44,moto,1.75
max_pressure,44,moto,44.99
max_pressure,44,auto,46.56
max_pressure,44,auto,43.99
max_pressure,44,auto,40.86
max_pressure,44,moto,44.47
max_pressure,44,auto,33.51
max_pressure,44,auto,34.36
max_pressure,44,auto,27.98
max_pressure,44,moto,41.15
max_pressure,44,moto,30.55
max_pressure,44,car,38.17
max_pressure,44,auto,29.95
max_pressure,44,car,40.64
max_pressure,44,car,32.01
max_pressure,44,moto,21.96
max_pressure,44,moto,14.54
max_pressure,44,moto,22.74
max_pressure,44,moto,29.25
max_pressure,44,auto,1.02
max_pressure,44,moto,8.1
max_pressure,44,auto,0.96
max_pressure,44,moto,10.18
max_pressure,44,auto,19.46
max_pressure,44,moto,4.17
max_pressure,44,moto,2.4
max_pressure,44,moto,44.01
max_pressure,44,moto,41.22
max_pressure,44,car,34.63
max_pressure,44,car,38.97
max_pressure,44,moto,30.87
max_pressure,44,auto,48.76
max_pressure,44,moto,46.88
max_pressure,44,moto,26.75
max_pressure,44,auto,55.45
max_pressure,44,auto,37.5
max_pressure,44,auto,36.8
max_pressure,44,moto,35.41
max_pressure,44,auto,35.88
max_pressure,44,auto,46.39
max_pressure,44,moto,26.01
max_pressure,44,moto,16.98
max_pressure,44,moto,27.1
max_pressure,44,auto,12.58
max_pressure,44,moto,3.2
max_pressure,44,moto,8.08
max_pressure,44,moto,1.67
max_pressure,44,car,2.45
max_pressure,44,auto,16.04
max_pressure,44,car,4.12
max_pressure,44,moto,1.92
max_pressure,44,moto,42.74
max_pressure,44,moto,38.75
max_pressure,44,moto,36.98
max_pressure,44,car,47.59
max_pressure,44,moto,48.17
max_pressure,44,moto,43.38
max_pressure,44,moto,56.76
max_pressure,44,auto,34.99
max_pressure,44,auto,49.12
max_pressure,44,moto,31.94
max_pressure,44,moto,37.85
max_pressure,44,auto,45.51
max_pressure,44,car,44.32
max_pressure,44,moto,29.32
max_pressure,44,moto,35.16
max_pressure,44,moto,35.25
max_pressure,44,auto,23.69
max_pressure,44,moto,19.67
max_pressure,44,moto,23.15
max_pressure,44,moto,21.03
max_pressure,44,moto,31.71
max_pressure,44,auto,15.42
max_pressure,44,auto,15.92
max_pressure,44,moto,10.86
max_pressure,44,auto,12.06
max_pressure,44,moto,2.13
max_pressure,44,moto,2.58
max_pressure,44,car,55.36
max_pressure,44,moto,49.24
max_pressure,44,car,36.09
max_pressure,44,moto,41.4
max_pressure,44,moto,33.56
max_pressure,44,auto,39.59
max_pressure,44,car,28.49
max_pressure,44,moto,37.23
max_pressure,44,car,24.04
max_pressure,44,auto,40.79
max_pressure,44,auto,48.4
max_pressure,44,moto,32.06
max_pressure,44,auto,7.66
max_pressure,44,moto,11.82
max_pressure,44,moto,35.1
max_pressure,44,moto,19.79
max_pressure,44,moto,12.24
max_pressure,44,auto,14.61
max_pressure,44,moto,44.2
max_pressure,44,moto,35.61
max_pressure,44,moto,33.03
max_pressure,44,auto,50.37
max_pressure,44,auto,53.27
max_pressure,44,moto,47.71
max_pressure,44,car,47.44
max_pressure,44,auto,28.14
max_pressure,44,auto,42.93
max_pressure,44,moto,44.9
max_pressure,44,moto,2.56
max_pressure,44,auto,33.44
max_pressure,44,car,31.53
max_pressure,44,moto,30.08
max_pressure,44,moto,31.2
max_pressure,44,car,15.23
max_pressure,44,moto,16.45
max_pressure,44,moto,11.15
max_pressure,44,moto,14.2
max_pressure,44,moto,18.89
max_pressure,44,moto,14.3
max_pressure,44,auto,3.98
max_pressure,44,auto,1.78
max_pressure,44,moto,28.95
max_pressure,44,moto,41.78
max_pressure,44,moto,31.41
max_pressure,44,moto,44.69
max_pressure,44,auto,43.8
max_pressure,44,moto,38.75
max_pressure,44,car,50.53
max_pressure,44,auto,42.13
max_pressure,44,moto,30.43
max_pressure,44,car,49.8
max_pressure,44,car,47.93
max_pressure,44,moto,39.01
max_pressure,44,moto,30.54
max_pressure,44,moto,36.26
max_pressure,44,moto,46.93
max_pressure,44,moto,28.7
max_pressure,44,moto,32.07
max_pressure,44,moto,36.0
max_pressure,44,auto,29.23
max_pressure,44,car,39.28
max_pressure,44,moto,49.85
max_pressure,44,moto,32.6
max_pressure,44,moto,24.99
max_pressure,44,moto,34.74
max_pressure,44,moto,15.38
max_pressure,44,car,15.24
max_pressure,44,auto,14.85
max_pressure,44,auto,8.99
max_pressure,44,auto,8.29
max_pressure,44,moto,7.88
max_pressure,44,auto,1.13
max_pressure,44,moto,43.78
max_pressure,44,car,48.35
max_pressure,44,car,30.12
max_pressure,44,moto,52.26
max_pressure,44,car,34.13
max_pressure,44,auto,47.41
max_pressure,44,auto,41.38
max_pressure,44,moto,34.72
max_pressure,44,car,41.74
max_pressure,44,moto,30.5
max_pressure,44,moto,35.27
max_pressure,44,moto,21.39
max_pressure,44,moto,45.27
max_pressure,44,moto,31.34
max_pressure,44,moto,15.27
max_pressure,44,auto,13.78
max_pressure,44,moto,13.66
max_pressure,44,auto,12.35
max_pressure,44,moto,12.46
max_pressure,44,car,51.08
max_pressure,44,moto,30.91
max_pressure,44,moto,32.05
max_pressure,44,auto,37.35
max_pressure,44,moto,41.18
max_pressure,44,auto,31.91
max_pressure,44,auto,34.75
max_pressure,44,car,36.1
max_pressure,44,moto,21.54
max_pressure,44,auto,24.21
max_pressure,44,moto,24.92
max_pressure,44,car,22.63
max_pressure,44,moto,20.16
max_pressure,44,auto,1.29
max_pressure,44,car,20.9
max_pressure,44,moto,8.19
max_pressure,44,car,11.34
max_pressure,44,moto,2.09
max_pressure,44,moto,17.28
max_pressure,44,car,1.39
max_pressure,44,moto,50.73
max_pressure,44,moto,49.53
max_pressure,44,moto,40.59
max_pressure,44,moto,51.31
max_pressure,44,moto,44.37
max_pressure,44,moto,34.87
max_pressure,44,car,34.47
max_pressure,44,auto,39.36
max_pressure,44,car,30.39
max_pressure,44,moto,20.98
max_pressure,44,moto,30.23
max_pressure,44,auto,44.71
max_pressure,44,moto,18.14
max_pressure,44,moto,18.62
max_pressure,44,moto,5.36
max_pressure,44,moto,25.1
max_pressure,44,moto,14.81
max_pressure,44,auto,20.77
max_pressure,44,car,10.91
max_pressure,44,moto,18.88
max_pressure,44,moto,4.89
max_pressure,44,moto,4.34
max_pressure,44,car,28.84
max_pressure,44,moto,48.46
max_pressure,44,auto,49.55
max_pressure,44,moto,44.84
max_pressure,44,moto,42.84
max_pressure,44,moto,31.94
max_pressure,44,auto,31.99
max_pressure,44,auto,54.71
max_pressure,44,car,33.71
max_pressure,44,moto,26.81
max_pressure,44,moto,29.56
max_pressure,44,moto,28.04
max_pressure,44,auto,41.47
max_pressure,44,moto,15.43
max_pressure,44,moto,17.66
max_pressure,44,moto,11.11
max_pressure,44,auto,20.48
max_pressure,44,auto,21.87
max_pressure,44,moto,11.37
max_pressure,44,moto,17.81
max_pressure,44,moto,14.85
max_pressure,44,moto,4.17
max_pressure,44,moto,17.05
max_pressure,44,moto,22.17
max_pressure,44,moto,3.39
max_pressure,44,car,2.3
max_pressure,44,car,4.47
max_pressure,44,auto,4.73
max_pressure,44,moto,49.46
max_pressure,44,moto,50.74
max_pressure,44,auto,47.19
max_pressure,44,moto,32.43
max_pressure,44,auto,31.99
max_pressure,44,moto,36.78
max_pressure,44,car,45.07
max_pressure,44,auto,34.04
max_pressure,44,moto,45.67
max_pressure,44,auto,28.85
max_pressure,44,auto,37.36
max_pressure,44,moto,32.21
max_pressure,44,moto,33.47
max_pressure,44,auto,43.8
max_pressure,44,moto,31.25
max_pressure,44,moto,36.7
max_pressure,44,car,35.62
max_pressure,44,moto,33.69
max_pressure,44,moto,8.02
max_pressure,44,moto,15.13
max_pressure,44,car,20.24
max_pressure,44,moto,2.32
max_pressure,44,moto,6.18
max_pressure,44,auto,19.08
max_pressure,44,moto,15.55
max_pressure,44,moto,3.16
max_pressure,44,moto,12.3
max_pressure,44,car,42.13
max_pressure,44,moto,31.15
max_pressure,44,auto,29.79
max_pressure,44,moto,22.34
max_pressure,44,auto,34.66
max_pressure,44,moto,27.7
max_pressure,44,moto,34.91
max_pressure,44,auto,37.57
max_pressure,44,moto,29.43
max_pressure,44,moto,35.54
max_pressure,44,moto,27.9
max_pressure,44,moto,28.65
max_pressure,44,auto,11.83
max_pressure,44,auto,17.21
max_pressure,44,car,10.96
max_pressure,44,moto,2.72
max_pressure,44,moto,19.36
max_pressure,44,moto,3.92
max_pressure,44,moto,4.02
max_pressure,44,moto,41.83
max_pressure,44,moto,32.05
max_pressure,44,moto,51.48
max_pressure,44,auto,46.71
max_pressure,44,auto,44.0
max_pressure,44,auto,37.82
max_pressure,44,auto,30.13
max_pressure,44,moto,38.28
max_pressure,44,moto,28.52
max_pressure,44,auto,35.06
max_pressure,44,car,36.83
max_pressure,44,moto,25.09
max_pressure,44,moto,31.64
max_pressure,44,moto,20.06
max_pressure,44,moto,31.95
max_pressure,44,moto,34.42
max_pressure,44,moto,32.9
max_pressure,44,moto,24.74
max_pressure,44,moto,11.18
max_pressure,44,moto,2.17
max_pressure,44,moto,21.72
max_pressure,44,auto,6.81
max_pressure,44,moto,1.29
max_pressure,44,moto,53.27
max_pressure,44,auto,49.85
max_pressure,44,moto,36.59
max_pressure,44,moto,34.33
max_pressure,44,auto,38.5
max_pressure,44,moto,34.43
max_pressure,44,auto,38.49
max_pressure,44,auto,39.14
max_pressure,44,car,40.17
max_pressure,44,auto,31.05
max_pressure,44,moto,29.31
max_pressure,44,moto,42.13
max_pressure,44,moto,34.27
max_pressure,44,auto,30.28
max_pressure,44,moto,29.61
max_pressure,44,auto,31.39
max_pressure,44,moto,26.87
max_pressure,44,auto,29.66
max_pressure,44,auto,30.73
max_pressure,44,moto,36.64
max_pressure,44,moto,30.82
max_pressure,44,moto,31.75
max_pressure,44,moto,15.43
max_pressure,44,moto,34.24
max_pressure,44,moto,33.56
max_pressure,44,moto,32.24
max_pressure,44,moto,39.68
max_pressure,44,moto,13.89
max_pressure,44,auto,15.6
max_pressure,44,auto,0.98
max_pressure,44,moto,2.86
max_pressure,44,moto,8.42
max_pressure,44,moto,2.72
max_pressure,44,moto,2.0
max_pressure,44,moto,44.19
max_pressure,44,moto,30.41
max_pressure,44,moto,32.15
max_pressure,44,auto,48.58
max_pressure,44,auto,51.15
max_pressure,44,car,26.34
max_pressure,44,car,26.42
max_pressure,44,auto,34.79
max_pressure,44,car,30.19
max_pressure,44,car,2.42
max_pressure,44,moto,30.62
max_pressure,44,moto,28.24
max_pressure,44,moto,15.55
max_pressure,44,auto,20.36
max_pressure,44,moto,9.13
max_pressure,44,auto,16.03
max_pressure,44,car,50.38
max_pressure,44,moto,45.4
max_pressure,44,moto,38.7
max_pressure,44,moto,52.1
max_pressure,44,auto,42.28
max_pressure,44,moto,45.68
max_pressure,44,moto,40.27
max_pressure,44,moto,37.83
max_pressure,44,auto,41.03
max_pressure,44,moto,30.3
max_pressure,44,auto,34.02
max_pressure,44,car,39.24
max_pressure,44,moto,27.94
max_pressure,44,auto,34.31
max_pressure,44,moto,33.17
max_pressure,44,moto,37.33
max_pressure,44,car,31.53
max_pressure,44,moto,27.39
max_pressure,44,moto,28.76
max_pressure,44,moto,26.93
max_pressure,44,moto,15.13
max_pressure,44,moto,18.06
max_pressure,44,moto,1.52
max_pressure,44,moto,15.94
max_pressure,44,auto,2.19
max_pressure,44,auto,1.17
max_pressure,44,car,11.06
max_pressure,44,moto,6.58
max_pressure,44,moto,2.81
max_pressure,44,moto,2.67
max_pressure,44,moto,40.2
max_pressure,44,auto,43.64
max_pressure,44,auto,28.83
max_pressure,44,moto,32.71
max_pressure,44,auto,42.39
max_pressure,44,moto,26.34
max_pressure,44,auto,31.29
max_pressure,44,moto,19.96
max_pressure,44,moto,44.27
max_pressure,44,moto,50.56
max_pressure,44,car,26.44
max_pressure,44,car,28.81
max_pressure,44,auto,37.92
max_pressure,44,moto,25.8
max_pressure,44,moto,27.47
max_pressure,44,moto,23.28
max_pressure,44,moto,23.06
max_pressure,44,moto,10.97
max_pressure,44,car,14.56
max_pressure,44,moto,16.79
max_pressure,44,moto,17.78
max_pressure,44,moto,2.74
max_pressure,44,moto,4.55
max_pressure,44,car,1.29
max_pressure,44,auto,4.31
max_pressure,44,moto,4.0
max_pressure,44,auto,1.27
max_pressure,44,moto,30.87
max_pressure,44,moto,31.75
max_pressure,44,moto,39.91
max_pressure,44,moto,48.23
max_pressure,44,auto,49.59
max_pressure,44,auto,31.62
max_pressure,44,moto,28.16
max_pressure,44,car,35.27
max_pressure,44,car,43.38
max_pressure,44,moto,26.68
max_pressure,44,auto,36.73
max_pressure,44,moto,40.28
max_pressure,44,moto,32.97
max_pressure,44,auto,27.22
max_pressure,44,moto,32.0
max_pressure,44,auto,44.86
max_pressure,44,moto,37.85
max_pressure,44,auto,44.25
max_pressure,44,auto,37.76
max_pressure,44,moto,40.39
max_pressure,44,car,53.01
max_pressure,44,moto,26.38
max_pressure,44,car,39.74
max_pressure,44,moto,5.48
max_pressure,44,auto,36.23
max_pressure,44,moto,4.59
max_pressure,44,moto,3.91
max_pressure,44,moto,10.71
max_pressure,44,moto,13.03
max_pressure,44,car,1.51
max_pressure,44,car,1.61
max_pressure,44,moto,2.89
max_pressure,44,moto,2.46
max_pressure,44,moto,53.54
max_pressure,44,moto,42.07
max_pressure,44,moto,52.64
max_pressure,44,moto,47.23
max_pressure,44,car,45.71
max_pressure,44,moto,42.59
max_pressure,44,car,48.13
max_pressure,44,moto,37.39
max_pressure,44,moto,34.79
max_pressure,44,moto,45.89
max_pressure,44,car,41.7
max_pressure,44,car,42.59
max_pressure,44,moto,41.87
max_pressure,44,moto,34.3
max_pressure,44,car,41.8
max_pressure,44,moto,39.62
max_pressure,44,moto,29.42
max_pressure,44,car,44.75
max_pressure,44,moto,28.18
max_pressure,44,moto,32.84
max_pressure,44,moto,20.39
max_pressure,44,moto,27.52
max_pressure,44,moto,21.13
max_pressure,45,moto,1.93
max_pressure,45,auto,0.89
max_pressure,45,moto,3.17
max_pressure,45,moto,20.19
max_pressure,45,moto,10.45
max_pressure,45,moto,14.72
max_pressure,45,auto,12.79
max_pressure,45,auto,7.2
max_pressure,45,auto,2.95
max_pressure,45,moto,4.14
max_pressure,45,moto,17.89
max_pressure,45,auto,1.16
max_pressure,45,auto,14.37
max_pressure,45,moto,8.08
max_pressure,45,moto,22.7
max_pressure,45,moto,20.37
max_pressure,45,auto,13.15
max_pressure,45,moto,9.05
max_pressure,45,moto,12.0
max_pressure,45,auto,13.47
max_pressure,45,car,19.82
max_pressure,45,auto,24.92
max_pressure,45,auto,0.88
max_pressure,45,moto,4.51
max_pressure,45,moto,25.03
max_pressure,45,moto,35.73
max_pressure,45,auto,35.58
max_pressure,45,auto,23.28
max_pressure,45,moto,21.19
max_pressure,45,moto,25.76
max_pressure,45,moto,26.27
max_pressure,45,moto,28.35
max_pressure,45,auto,26.7
max_pressure,45,moto,25.3
max_pressure,45,moto,24.7
max_pressure,45,auto,0.98
max_pressure,45,auto,24.11
max_pressure,45,auto,21.0
max_pressure,45,moto,21.97
max_pressure,45,moto,17.34
max_pressure,45,moto,14.63
max_pressure,45,moto,2.15
max_pressure,45,moto,10.61
max_pressure,45,auto,2.09
max_pressure,45,car,2.23
max_pressure,45,moto,2.35
max_pressure,45,moto,2.26
max_pressure,45,moto,44.3
max_pressure,45,car,43.81
max_pressure,45,car,27.51
max_pressure,45,auto,34.33
max_pressure,45,auto,33.67
max_pressure,45,auto,22.69
max_pressure,45,moto,21.88
max_pressure,45,moto,41.8
max_pressure,45,moto,34.25
max_pressure,45,moto,24.38
max_pressure,45,moto,28.02
max_pressure,45,auto,20.77
max_pressure,45,car,4.29
max_pressure,45,auto,20.23
max_pressure,45,moto,10.92
max_pressure,45,auto,26.2
max_pressure,45,auto,12.35
max_pressure,45,moto,16.21
max_pressure,45,moto,17.65
max_pressure,45,moto,23.7
max_pressure,45,moto,44.46
max_pressure,45,moto,28.47
max_pressure,45,moto,27.23
max_pressure,45,moto,23.8
max_pressure,45,moto,30.76
max_pressure,45,car,20.81
max_pressure,45,moto,26.03
max_pressure,45,auto,20.72
max_pressure,45,moto,25.12
max_pressure,45,moto,11.37
max_pressure,45,moto,23.95
max_pressure,45,moto,11.68
max_pressure,45,moto,29.71
max_pressure,45,moto,6.46
max_pressure,45,auto,4.87
max_pressure,45,moto,32.45
max_pressure,45,moto,15.04
max_pressure,45,moto,21.75
max_pressure,45,moto,7.03
max_pressure,45,moto,3.0
max_pressure,45,moto,9.37
max_pressure,45,moto,2.31
max_pressure,45,moto,4.49
max_pressure,45,car,21.54
max_pressure,45,auto,2.11
max_pressure,45,moto,35.75
max_pressure,45,moto,44.13
max_pressure,45,moto,33.76
max_pressure,45,moto,29.75
max_pressure,45,car,43.6
max_pressure,45,moto,29.01
max_pressure,45,auto,30.49
max_pressure,45,moto,26.76
max_pressure,45,moto,27.15
max_pressure,45,car,28.81
max_pressure,45,moto,15.81
max_pressure,45,auto,16.22
max_pressure,45,car,22.51
max_pressure,45,moto,1.81
max_pressure,45,moto,12.12
max_pressure,45,auto,29.12
max_pressure,45,moto,17.32
max_pressure,45,car,23.61
max_pressure,45,auto,1.0
max_pressure,45,auto,1.12
max_pressure,45,auto,28.83
max_pressure,45,auto,1.35
max_pressure,45,moto,3.8
max_pressure,45,moto,1.8
max_pressure,45,moto,42.84
max_pressure,45,auto,37.35
max_pressure,45,car,32.88
max_pressure,45,auto,27.83
max_pressure,45,moto,31.88
max_pressure,45,car,28.5
max_pressure,45,car,32.29
max_pressure,45,auto,18.29
max_pressure,45,auto,27.48
max_pressure,45,auto,24.27
max_pressure,45,moto,29.09
max_pressure,45,auto,26.2
max_pressure,45,moto,20.18
max_pressure,45,auto,23.54
max_pressure,45,car,17.73
max_pressure,45,moto,20.83
max_pressure,45,auto,16.17
max_pressure,45,moto,23.81
max_pressure,45,auto,8.72
max_pressure,45,car,4.93
max_pressure,45,moto,12.78
max_pressure,45,moto,2.77
max_pressure,45,moto,20.89
max_pressure,45,auto,0.97
max_pressure,45,car,17.37
max_pressure,45,moto,2.59
max_pressure,45,auto,1.25
max_pressure,45,moto,33.12
max_pressure,45,auto,40.11
max_pressure,45,moto,37.55
max_pressure,45,moto,26.36
max_pressure,45,moto,44.74
max_pressure,45,car,38.32
max_pressure,45,moto,32.55
max_pressure,45,car,37.05
max_pressure,45,moto,23.21
max_pressure,45,moto,31.26
max_pressure,45,moto,24.03
max_pressure,45,auto,24.83
max_pressure,45,moto,24.99
max_pressure,45,moto,14.24
max_pressure,45,moto,33.79
max_pressure,45,car,32.8
max_pressure,45,auto,31.84
max_pressure,45,auto,27.38
max_pressure,45,moto,17.63
max_pressure,45,moto,4.75
max_pressure,45,moto,33.51
max_pressure,45,moto,16.03
max_pressure,45,moto,3.19
max_pressure,45,auto,13.88
max_pressure,45,auto,9.42
max_pressure,45,moto,7.4
max_pressure,45,moto,15.54
max_pressure,45,moto,3.15
max_pressure,45,car,1.96
max_pressure,45,moto,23.1
max_pressure,45,auto,44.34
max_pressure,45,auto,28.47
max_pressure,45,auto,22.82
max_pressure,45,moto,25.74
max_pressure,45,moto,22.57
max_pressure,45,car,33.34
max_pressure,45,moto,24.79
max_pressure,45,moto,14.13
max_pressure,45,moto,17.86
max_pressure,45,car,29.56
max_pressure,45,moto,26.34
max_pressure,45,moto,5.65
max_pressure,45,moto,17.06
max_pressure,45,auto,37.58
max_pressure,45,moto,10.55
max_pressure,45,moto,14.04
max_pressure,45,car,11.69
max_pressure,45,moto,1.85
max_pressure,45,moto,20.35
max_pressure,45,auto,9.14
max_pressure,45,moto,25.12
max_pressure,45,moto,29.67
max_pressure,45,moto,19.5
max_pressure,45,moto,20.85
max_pressure,45,moto,40.01
max_pressure,45,moto,25.63
max_pressure,45,auto,29.83
max_pressure,45,car,39.77
max_pressure,45,moto,25.66
max_pressure,45,moto,25.0
max_pressure,45,moto,25.33
max_pressure,45,moto,27.1
max_pressure,45,moto,23.83
max_pressure,45,auto,1.0
max_pressure,45,car,29.05
max_pressure,45,moto,30.73
max_pressure,45,moto,8.66
max_pressure,45,moto,19.95
max_pressure,45,moto,18.81
max_pressure,45,car,13.23
max_pressure,45,car,17.71
max_pressure,45,moto,2.22
max_pressure,45,moto,2.64
max_pressure,45,moto,17.14
max_pressure,45,moto,3.01
max_pressure,45,moto,4.04
max_pressure,45,auto,18.54
max_pressure,45,auto,4.95
max_pressure,45,moto,43.32
max_pressure,45,moto,43.45
max_pressure,45,moto,36.78
max_pressure,45,moto,28.01
max_pressure,45,moto,27.81
max_pressure,45,auto,39.96
max_pressure,45,auto,31.66
max_pressure,45,auto,44.61
max_pressure,45,moto,31.55
max_pressure,45,auto,23.16
max_pressure,45,car,30.53
max_pressure,45,auto,39.48
max_pressure,45,auto,31.52
max_pressure,45,moto,18.11
max_pressure,45,moto,5.99
max_pressure,45,moto,22.08
max_pressure,45,moto,26.97
max_pressure,45,moto,11.08
max_pressure,45,car,20.78
max_pressure,45,auto,1.14
max_pressure,45,car,1.28
max_pressure,45,moto,3.27
max_pressure,45,moto,10.42
max_pressure,45,moto,6.54
max_pressure,45,car,15.52
max_pressure,45,moto,5.07
max_pressure,45,auto,1.11
max_pressure,45,auto,2.37
max_pressure,45,moto,39.45
max_pressure,45,moto,33.99
max_pressure,45,auto,26.07
max_pressure,45,auto,37.33
max_pressure,45,moto,28.67
max_pressure,45,moto,16.33
max_pressure,45,moto,30.85
max_pressure,45,car,27.33
max_pressure,45,moto,19.22
max_pressure,45,moto,14.11
max_pressure,45,moto,31.16
max_pressure,45,moto,27.51
max_pressure,45,moto,6.11
max_pressure,45,car,21.69
max_pressure,45,moto,18.69
max_pressure,45,moto,23.51
max_pressure,45,auto,14.17
max_pressure,45,moto,30.94
max_pressure,45,car,6.74
max_pressure,45,moto,17.14
max_pressure,45,auto,1.13
max_pressure,45,auto,11.23
max_pressure,45,moto,2.59
max_pressure,45,moto,19.25
max_pressure,45,moto,30.42
max_pressure,45,auto,33.95
max_pressure,45,auto,32.66
max_pressure,45,moto,17.59
max_pressure,45,car,22.73
max_pressure,45,moto,14.63
max_pressure,45,auto,27.86
max_pressure,45,auto,10.93
max_pressure,45,moto,31.89
max_pressure,45,auto,18.24
max_pressure,45,moto,19.28
max_pressure,45,moto,20.99
max_pressure,45,moto,19.75
max_pressure,45,moto,27.92
max_pressure,45,car,18.34
max_pressure,45,car,20.78
max_pressure,45,moto,2.82
max_pressure,45,auto,26.34
max_pressure,45,moto,14.36
max_pressure,45,moto,3.06
max_pressure,45,car,3.78
max_pressure,45,auto,0.94
max_pressure,45,moto,35.22
max_pressure,45,moto,3.61
max_pressure,45,moto,35.49
max_pressure,45,moto,33.29
max_pressure,45,moto,24.08
max_pressure,45,auto,21.37
max_pressure,45,moto,9.94
max_pressure,45,moto,15.8
max_pressure,45,auto,19.49
max_pressure,45,moto,13.77
max_pressure,45,moto,7.27
max_pressure,45,moto,23.44
max_pressure,45,auto,17.39
max_pressure,45,moto,20.82
max_pressure,45,moto,15.11
max_pressure,45,auto,27.44
max_pressure,45,moto,17.19
max_pressure,45,moto,17.04
max_pressure,45,moto,11.96
max_pressure,45,moto,3.07
max_pressure,45,auto,15.94
max_pressure,45,moto,43.99
max_pressure,45,moto,27.85
max_pressure,45,moto,30.84
max_pressure,45,moto,27.49
max_pressure,45,moto,34.54
max_pressure,45,car,38.23
max_pressure,45,moto,31.21
max_pressure,45,moto,34.13
max_pressure,45,auto,29.46
max_pressure,45,moto,24.25
max_pressure,45,auto,35.09
max_pressure,45,moto,23.61
max_pressure,45,moto,28.93
max_pressure,45,moto,14.36
max_pressure,45,moto,4.48
max_pressure,45,moto,17.97
max_pressure,45,moto,31.76
max_pressure,45,car,1.54
max_pressure,45,moto,2.59
max_pressure,45,moto,21.36
max_pressure,45,auto,1.25
max_pressure,45,moto,22.94
max_pressure,45,moto,17.34
max_pressure,45,moto,6.18
max_pressure,45,moto,3.18
max_pressure,45,moto,29.64
max_pressure,45,car,30.09
max_pressure,45,moto,10.36
max_pressure,45,car,10.91
max_pressure,45,moto,28.0
max_pressure,45,auto,17.13
max_pressure,45,moto,14.77
max_pressure,45,car,4.02
max_pressure,45,moto,25.99
max_pressure,45,moto,22.83
max_pressure,45,auto,28.16
max_pressure,45,auto,31.87
max_pressure,45,moto,36.82
max_pressure,45,moto,21.82
max_pressure,45,moto,20.02
max_pressure,45,moto,10.13
max_pressure,45,moto,30.75
max_pressure,45,auto,16.27
max_pressure,45,moto,20.03
max_pressure,45,auto,32.99
max_pressure,45,car,10.45
max_pressure,45,auto,14.99
max_pressure,45,moto,23.22
max_pressure,45,auto,24.08
max_pressure,45,moto,27.16
max_pressure,45,car,23.35
max_pressure,45,car,34.19
max_pressure,45,moto,21.47
max_pressure,45,auto,17.58
max_pressure,45,moto,11.4
max_pressure,45,moto,2.92
max_pressure,45,moto,23.28
max_pressure,45,moto,23.58
max_pressure,45,auto,16.58
max_pressure,45,car,17.28
max_pressure,45,car,9.83
max_pressure,45,moto,15.2
max_pressure,45,car,30.02
max_pressure,45,auto,13.37
max_pressure,45,moto,33.42
max_pressure,45,car,1.34
max_pressure,45,moto,15.55
max_pressure,45,car,12.95
max_pressure,45,moto,3.21
max_pressure,45,moto,12.3
max_pressure,45,auto,12.7
max_pressure,45,auto,8.74
max_pressure,45,moto,48.81
max_pressure,45,car,20.09
max_pressure,45,car,23.83
max_pressure,45,moto,32.41
max_pressure,45,moto,29.46
max_pressure,45,car,18.97
max_pressure,45,moto,15.37
max_pressure,45,auto,27.36
max_pressure,45,moto,26.83
max_pressure,45,moto,19.19
max_pressure,45,moto,24.53
max_pressure,45,moto,30.71
max_pressure,45,moto,25.19
max_pressure,45,moto,16.31
max_pressure,45,moto,10.69
max_pressure,45,auto,31.05
max_pressure,45,car,23.22
max_pressure,45,moto,20.98
max_pressure,45,auto,23.47
max_pressure,45,moto,3.89
max_pressure,45,moto,23.6
max_pressure,45,moto,23.66
max_pressure,45,car,9.61
max_pressure,45,moto,8.24
max_pressure,45,moto,16.64
max_pressure,45,moto,36.98
max_pressure,45,moto,34.57
max_pressure,45,moto,35.7
max_pressure,45,car,44.4
max_pressure,45,moto,23.3
max_pressure,45,moto,44.87
max_pressure,45,moto,31.51
max_pressure,45,moto,41.83
max_pressure,45,moto,33.41
max_pressure,45,auto,33.61
max_pressure,45,moto,17.0
max_pressure,45,moto,11.87
max_pressure,45,moto,12.71
max_pressure,45,moto,17.75
max_pressure,45,moto,11.96
max_pressure,45,moto,12.42
max_pressure,45,moto,30.12
max_pressure,45,moto,29.23
max_pressure,45,car,1.24
max_pressure,45,auto,27.72
max_pressure,45,moto,14.04
max_pressure,45,moto,3.73
max_pressure,45,auto,32.01
max_pressure,45,auto,22.39
max_pressure,45,moto,9.3
max_pressure,45,moto,6.28
max_pressure,45,moto,8.8
max_pressure,45,moto,13.89
max_pressure,45,moto,13.91
max_pressure,45,moto,20.1
max_pressure,45,moto,3.49
max_pressure,45,moto,11.17
max_pressure,45,moto,3.67
max_pressure,45,auto,28.62
max_pressure,45,moto,42.72
max_pressure,45,moto,37.86
max_pressure,45,car,26.32
max_pressure,45,moto,26.65
max_pressure,45,moto,30.23
max_pressure,45,moto,26.81
max_pressure,45,moto,18.43
max_pressure,45,moto,15.88
max_pressure,45,moto,27.68
max_pressure,45,auto,29.91
max_pressure,45,auto,10.35
max_pressure,45,car,27.02
max_pressure,45,moto,31.99
max_pressure,45,car,29.95
max_pressure,45,moto,11.6
max_pressure,45,moto,20.48
max_pressure,45,moto,4.13
max_pressure,45,car,1.69
max_pressure,45,moto,32.5
max_pressure,45,moto,26.69
max_pressure,45,moto,29.89
max_pressure,45,moto,34.45
max_pressure,45,moto,36.04
max_pressure,45,moto,42.48
max_pressure,45,auto,31.08
max_pressure,45,auto,24.14
max_pressure,45,car,25.23
max_pressure,45,moto,27.7
max_pressure,45,car,23.82
max_pressure,45,moto,26.83
max_pressure,45,auto,35.38
max_pressure,45,car,24.51
max_pressure,45,car,24.51
max_pressure,45,car,30.05
max_pressure,45,moto,25.98
max_pressure,45,moto,15.22
max_pressure,45,moto,15.89
max_pressure,45,moto,24.47
max_pressure,45,moto,30.99
max_pressure,45,moto,32.18
max_pressure,45,moto,22.29
max_pressure,45,moto,26.93
max_pressure,45,moto,24.56
max_pressure,45,moto,15.74
max_pressure,45,auto,4.45
max_pressure,45,moto,9.06
max_pressure,45,moto,18.26
max_pressure,45,moto,17.35
max_pressure,45,moto,2.72
max_pressure,45,car,11.49
max_pressure,45,moto,18.19
max_pressure,45,auto,19.59
max_pressure,45,moto,30.24
max_pressure,45,car,3.96
max_pressure,45,moto,4.62
max_pressure,45,moto,25.95
max_pressure,45,moto,29.3
max_pressure,45,moto,4.01
max_pressure,45,moto,47.04
max_pressure,45,auto,36.73
max_pressure,45,moto,38.23
max_pressure,45,car,20.67
max_pressure,45,car,45.1
max_pressure,45,car,46.7
max_pressure,45,auto,36.57
max_pressure,45,moto,31.43
max_pressure,45,moto,29.02
max_pressure,45,moto,29.89
max_pressure,45,moto,51.3
max_pressure,45,moto,21.16
max_pressure,45,moto,9.75
max_pressure,45,moto,20.53
max_pressure,45,moto,25.92
max_pressure,45,moto,11.1
max_pressure,45,car,29.32
max_pressure,45,moto,12.38
max_pressure,45,auto,18.85
max_pressure,45,moto,13.57
max_pressure,45,moto,20.78
max_pressure,45,auto,20.91
max_pressure,45,moto,19.02
max_pressure,45,moto,16.11
max_pressure,45,car,12.2
max_pressure,45,auto,16.84
max_pressure,45,moto,14.08
max_pressure,45,car,17.52
max_pressure,45,moto,3.62
max_pressure,45,auto,3.56
max_pressure,45,car,4.86
max_pressure,45,moto,34.51
max_pressure,45,moto,45.51
max_pressure,45,auto,37.88
max_pressure,45,moto,38.11
max_pressure,45,moto,29.09
max_pressure,45,car,27.55
max_pressure,45,auto,37.53
max_pressure,45,moto,10.99
max_pressure,45,moto,6.36
max_pressure,45,car,30.01
max_pressure,45,moto,23.29
max_pressure,45,moto,20.87
max_pressure,45,moto,22.47
max_pressure,45,car,20.11
max_pressure,45,auto,15.09
max_pressure,45,moto,25.51
max_pressure,45,moto,27.87
max_pressure,45,car,30.34
max_pressure,45,moto,21.35
max_pressure,45,moto,13.15
max_pressure,45,moto,1.98
max_pressure,45,auto,29.45
max_pressure,45,moto,22.45
max_pressure,45,auto,27.86
max_pressure,45,auto,1.43
max_pressure,45,moto,2.21
max_pressure,45,moto,6.62
max_pressure,45,moto,3.32
max_pressure,45,moto,2.04
max_pressure,45,moto,32.81
max_pressure,45,auto,24.73
max_pressure,45,car,35.49
max_pressure,45,auto,23.49
max_pressure,45,moto,24.9
max_pressure,45,car,40.44
max_pressure,45,auto,27.79
max_pressure,45,moto,35.11
max_pressure,45,moto,28.11
max_pressure,45,moto,36.51
max_pressure,45,moto,19.65
max_pressure,45,auto,21.13
max_pressure,45,auto,18.0
max_pressure,45,auto,21.7
max_pressure,45,auto,20.72
max_pressure,45,moto,24.56
max_pressure,45,moto,22.74
max_pressure,45,moto,24.43
max_pressure,45,car,21.97
max_pressure,45,moto,14.06
max_pressure,45,car,1.55
max_pressure,45,car,20.55
max_pressure,45,moto,3.33
max_pressure,45,car,4.16
max_pressure,45,moto,2.35
max_pressure,45,moto,35.51
max_pressure,45,moto,31.65
max_pressure,45,moto,40.47
max_pressure,45,car,28.38
max_pressure,45,auto,39.05
max_pressure,45,auto,30.82
max_pressure,45,car,37.45
max_pressure,45,auto,23.99
max_pressure,45,moto,27.02
max_pressure,45,auto,26.3
max_pressure,45,moto,21.61
max_pressure,45,moto,25.12
max_pressure,45,car,25.22
max_pressure,45,auto,25.13
max_pressure,45,moto,26.02
max_pressure,45,moto,16.06
max_pressure,45,moto,20.7
max_pressure,45,moto,26.63
max_pressure,45,auto,10.98
max_pressure,45,auto,21.78
max_pressure,45,moto,2.73
max_pressure,45,auto,10.28
max_pressure,45,car,2.75
max_pressure,45,moto,8.66
max_pressure,45,car,15.33
max_pressure,45,moto,21.52
max_pressure,45,moto,13.63
max_pressure,45,car,17.99
max_pressure,45,moto,44.15
max_pressure,45,moto,30.89
max_pressure,45,moto,42.84
max_pressure,45,moto,33.53
max_pressure,45,car,33.75
max_pressure,45,moto,27.81
max_pressure,45,auto,40.96
max_pressure,45,moto,23.76
max_pressure,45,moto,15.48
max_pressure,45,moto,33.59
max_pressure,45,moto,18.46
max_pressure,45,moto,30.1
max_pressure,45,auto,28.47
max_pressure,45,car,17.32
max_pressure,45,moto,25.09
max_pressure,45,moto,23.11
max_pressure,45,auto,11.06
max_pressure,45,moto,34.51
max_pressure,45,car,15.41
max_pressure,45,moto,4.66
max_pressure,45,moto,22.22
max_pressure,45,moto,15.59
max_pressure,45,moto,2.52
max_pressure,45,moto,27.55
max_pressure,45,car,34.34
max_pressure,45,moto,18.85
max_pressure,45,auto,23.15
max_pressure,45,moto,39.42
max_pressure,45,moto,30.56
max_pressure,45,moto,32.51
max_pressure,45,moto,27.9
max_pressure,45,moto,27.0
max_pressure,45,auto,35.35
max_pressure,45,moto,29.28
max_pressure,45,moto,21.11
max_pressure,45,auto,22.06
max_pressure,45,car,3.95
max_pressure,45,moto,35.09
max_pressure,45,moto,25.28
max_pressure,45,auto,35.4
max_pressure,45,moto,13.38
max_pressure,45,auto,0.88
max_pressure,45,car,28.68
max_pressure,45,moto,22.16
max_pressure,45,auto,17.59
max_pressure,45,auto,36.71
max_pressure,45,auto,20.79
max_pressure,45,car,19.6
max_pressure,45,moto,12.25
max_pressure,45,moto,32.89
max_pressure,45,moto,23.65
max_pressure,45,moto,6.38
max_pressure,45,moto,23.4
max_pressure,45,moto,4.24
max_pressure,45,moto,2.47
max_pressure,45,auto,23.03
max_pressure,45,moto,5.51
max_pressure,45,moto,44.72
max_pressure,45,moto,35.71
max_pressure,45,auto,51.53
max_pressure,45,auto,26.09
max_pressure,45,car,26.86
max_pressure,45,moto,44.49
max_pressure,45,moto,26.36
max_pressure,45,moto,29.93
max_pressure,45,moto,16.73
max_pressure,45,car,25.43
max_pressure,45,moto,24.0
max_pressure,45,car,28.82
max_pressure,45,moto,22.68
max_pressure,45,auto,23.73
max_pressure,45,moto,19.34
max_pressure,45,car,33.76
max_pressure,45,auto,7.52
max_pressure,45,moto,6.97
max_pressure,45,moto,29.99
max_pressure,45,moto,18.78
max_pressure,45,moto,13.65
max_pressure,45,moto,3.34
max_pressure,45,moto,7.0
max_pressure,45,moto,27.56
max_pressure,45,moto,26.93
max_pressure,45,car,39.27
max_pressure,45,auto,28.15
max_pressure,45,moto,23.56
max_pressure,45,auto,26.7
max_pressure,45,auto,26.28
max_pressure,45,auto,34.91
max_pressure,45,moto,20.01
max_pressure,45,auto,33.79
max_pressure,45,auto,9.72
max_pressure,45,auto,33.24
max_pressure,45,moto,1.63
max_pressure,45,moto,22.08
max_pressure,45,moto,2.74
max_pressure,45,auto,17.67
max_pressure,45,car,6.1
max_pressure,45,auto,21.56
max_pressure,45,moto,13.1
max_pressure,45,moto,19.03
max_pressure,45,car,14.72
max_pressure,45,auto,5.61
max_pressure,45,moto,3.79
max_pressure,45,moto,1.51
max_pressure,45,moto,30.45
max_pressure,45,auto,39.17
max_pressure,45,moto,19.11
max_pressure,45,moto,40.28
max_pressure,45,auto,17.61
max_pressure,45,moto,28.19
max_pressure,45,moto,27.02
max_pressure,45,moto,18.66
max_pressure,45,auto,30.83
max_pressure,45,car,16.49
max_pressure,45,auto,25.25
max_pressure,45,moto,25.33
max_pressure,45,auto,26.74
max_pressure,45,moto,2.0
max_pressure,45,auto,21.23
max_pressure,45,auto,12.47
max_pressure,45,moto,15.38
max_pressure,45,moto,23.32
max_pressure,45,auto,19.15
max_pressure,45,auto,1.77
max_pressure,45,moto,16.96
max_pressure,45,moto,24.54
max_pressure,45,moto,26.77
max_pressure,45,auto,33.89
max_pressure,45,moto,27.57
max_pressure,45,auto,37.58
max_pressure,45,car,35.98
max_pressure,45,moto,30.02
max_pressure,45,auto,32.99
max_pressure,45,moto,29.38
max_pressure,45,moto,34.0
max_pressure,45,auto,18.45
max_pressure,45,moto,17.59
max_pressure,45,moto,16.53
max_pressure,45,moto,32.53
max_pressure,45,moto,22.78
max_pressure,45,moto,20.37
max_pressure,45,auto,14.3
max_pressure,45,moto,2.65
max_pressure,45,auto,17.32
max_pressure,45,moto,13.08
max_pressure,45,auto,14.84
max_pressure,45,moto,29.14
max_pressure,45,car,16.89
max_pressure,45,moto,19.02
max_pressure,45,moto,38.1
max_pressure,45,moto,27.32
max_pressure,45,auto,38.37
max_pressure,45,car,32.43
max_pressure,45,moto,20.21
max_pressure,45,moto,11.7
max_pressure,45,moto,10.74
max_pressure,45,auto,12.12
max_pressure,45,moto,25.78
max_pressure,45,moto,14.98
max_pressure,45,moto,11.99
max_pressure,45,moto,24.74
max_pressure,45,moto,21.63
max_pressure,45,car,11.63
max_pressure,45,auto,26.03
max_pressure,45,car,7.72
max_pressure,45,auto,1.23
max_pressure,45,moto,19.99
max_pressure,45,auto,14.78
max_pressure,45,car,3.23
max_pressure,45,moto,24.63
max_pressure,45,moto,19.92
max_pressure,45,car,25.43
max_pressure,45,moto,20.57
max_pressure,45,moto,26.97
max_pressure,45,moto,30.74
max_pressure,45,moto,19.39
max_pressure,45,moto,12.74
max_pressure,45,auto,1.17
max_pressure,45,moto,15.99
max_pressure,45,moto,25.52
max_pressure,45,moto,22.11
max_pressure,45,moto,14.78
max_pressure,45,auto,18.09
max_pressure,45,moto,23.5
max_pressure,45,auto,20.33
max_pressure,45,moto,11.5
max_pressure,45,auto,28.55
max_pressure,45,moto,2.5
max_pressure,45,car,7.04
max_pressure,45,moto,12.58
max_pressure,45,auto,9.74
max_pressure,45,car,1.87
max_pressure,45,moto,19.92
max_pressure,45,moto,36.74
max_pressure,45,moto,36.4
max_pressure,45,moto,41.01
max_pressure,45,moto,40.58
max_pressure,45,moto,27.43
max_pressure,45,moto,28.03
max_pressure,45,auto,27.84
max_pressure,45,auto,38.41
max_pressure,45,auto,35.91
max_pressure,45,moto,27.64
max_pressure,45,moto,21.77
max_pressure,45,moto,14.08
max_pressure,45,moto,35.1
max_pressure,45,auto,21.97
max_pressure,45,moto,17.35
max_pressure,45,moto,15.23
max_pressure,45,auto,22.92
max_pressure,45,auto,26.96
max_pressure,45,moto,18.16
max_pressure,45,moto,24.51
max_pressure,45,car,1.33
max_pressure,45,car,7.01
max_pressure,45,moto,34.98
max_pressure,45,auto,30.81
max_pressure,45,car,18.37
max_pressure,45,car,24.53
max_pressure,45,moto,24.16
max_pressure,45,moto,18.96
max_pressure,45,auto,17.34
max_pressure,45,auto,21.03
max_pressure,45,moto,19.3
max_pressure,45,moto,1.56
max_pressure,45,moto,4.8
max_pressure,45,auto,9.56
max_pressure,45,moto,22.33
max_pressure,45,moto,1.92
max_pressure,45,auto,8.9
max_pressure,45,moto,13.01
max_pressure,45,moto,47.7
max_pressure,45,moto,22.39
max_pressure,45,moto,31.11
max_pressure,45,moto,24.32
max_pressure,45,moto,33.39
max_pressure,45,moto,21.26
max_pressure,45,moto,29.71
max_pressure,45,moto,17.9
max_pressure,45,moto,17.84
max_pressure,45,auto,24.5
max_pressure,45,auto,22.07
max_pressure,45,moto,16.11
max_pressure,45,car,23.59
max_pressure,45,moto,26.14
max_pressure,45,moto,20.77
max_pressure,45,moto,33.92
max_pressure,45,moto,21.4
max_pressure,45,moto,16.64
max_pressure,45,moto,13.22
max_pressure,45,moto,22.39
max_pressure,45,auto,16.3
max_pressure,45,car,8.64
max_pressure,45,moto,4.18
max_pressure,45,moto,15.32
max_pressure,45,auto,13.44
max_pressure,45,moto,20.69
max_pressure,45,moto,13.81
max_pressure,45,moto,14.91
max_pressure,45,car,17.12
max_pressure,45,moto,19.93
max_pressure,45,moto,11.17
max_pressure,45,auto,19.13
max_pressure,45,moto,15.11
max_pressure,45,auto,1.5
max_pressure,45,car,42.74
max_pressure,45,moto,37.34
max_pressure,45,moto,3.1
max_pressure,45,moto,35.98
max_pressure,45,moto,2.84
max_pressure,45,moto,4.66
max_pressure,45,moto,27.74
max_pressure,45,moto,31.36
max_pressure,45,auto,33.71
max_pressure,45,auto,33.74
max_pressure,45,moto,22.05
max_pressure,45,moto,16.77
max_pressure,45,auto,23.25
max_pressure,45,car,16.47
max_pressure,45,moto,32.93
max_pressure,45,moto,14.96
max_pressure,45,moto,7.75
max_pressure,45,moto,13.42
max_pressure,45,car,18.14
max_pressure,45,moto,11.34
max_pressure,45,moto,17.35
max_pressure,45,moto,13.63
max_pressure,45,moto,14.66
max_pressure,45,car,11.96
max_pressure,45,moto,2.69
max_pressure,45,auto,19.66
max_pressure,45,auto,4.28
max_pressure,45,car,3.98
max_pressure,45,moto,21.29
max_pressure,45,auto,43.4
max_pressure,45,car,27.75
max_pressure,45,auto,23.13
max_pressure,45,auto,24.86
max_pressure,45,car,18.55
max_pressure,45,car,24.12
max_pressure,45,moto,28.19
max_pressure,45,moto,40.16
max_pressure,45,auto,10.48
max_pressure,45,auto,30.44
max_pressure,45,auto,21.43
max_pressure,45,moto,20.37
max_pressure,45,auto,16.59
max_pressure,45,moto,20.74
max_pressure,45,car,16.93
max_pressure,45,auto,14.72
max_pressure,45,car,12.45
max_pressure,45,moto,19.59
max_pressure,45,moto,5.74
max_pressure,45,moto,21.4
max_pressure,45,moto,21.4
max_pressure,45,auto,25.14
max_pressure,45,car,11.04
max_pressure,45,moto,2.2
max_pressure,45,moto,29.97
max_pressure,45,moto,34.13
max_pressure,45,auto,28.6
max_pressure,45,moto,19.16
max_pressure,45,auto,27.2
max_pressure,45,moto,30.96
max_pressure,45,auto,37.35
max_pressure,45,auto,24.3
max_pressure,45,moto,26.57
max_pressure,45,moto,21.93
max_pressure,45,moto,26.88
max_pressure,45,moto,20.56
max_pressure,45,moto,14.71
max_pressure,45,auto,6.9
max_pressure,45,moto,14.25
max_pressure,45,moto,19.49
max_pressure,45,car,13.31
max_pressure,45,car,7.32
max_pressure,45,moto,38.8
max_pressure,45,moto,28.92
max_pressure,45,moto,46.7
max_pressure,45,moto,27.89
max_pressure,45,car,25.4
max_pressure,45,moto,33.53
max_pressure,45,moto,18.29
max_pressure,45,moto,1.94
max_pressure,45,auto,26.02
max_pressure,45,moto,2.17
max_pressure,45,moto,12.17
max_pressure,45,moto,15.02
max_pressure,45,auto,30.83
max_pressure,45,auto,33.79
max_pressure,45,auto,19.42
max_pressure,45,car,12.69
max_pressure,45,moto,3.09
max_pressure,45,auto,1.15
max_pressure,45,moto,3.33
max_pressure,45,moto,42.0
max_pressure,45,moto,36.52
max_pressure,45,moto,37.56
max_pressure,45,moto,25.6
max_pressure,45,moto,24.74
max_pressure,45,car,34.41
max_pressure,45,moto,31.59
max_pressure,45,moto,27.53
max_pressure,45,moto,27.05
max_pressure,45,moto,37.14
max_pressure,45,moto,6.99
max_pressure,45,auto,24.42
max_pressure,45,moto,26.0
max_pressure,45,moto,28.87
max_pressure,45,moto,27.96
max_pressure,45,car,2.85
max_pressure,45,car,6.03
max_pressure,45,moto,33.14
max_pressure,45,auto,4.38
max_pressure,45,moto,6.59
max_pressure,45,moto,24.89
max_pressure,45,auto,15.19
max_pressure,45,moto,13.87
max_pressure,45,auto,9.75
max_pressure,45,moto,8.06
max_pressure,45,moto,10.07
max_pressure,45,moto,46.55
max_pressure,45,car,43.52
max_pressure,45,moto,27.1
max_pressure,45,moto,41.0
max_pressure,45,moto,39.27
max_pressure,45,auto,42.39
max_pressure,45,auto,33.72
max_pressure,45,auto,39.22
max_pressure,45,car,32.49
max_pressure,45,moto,30.24
max_pressure,45,auto,31.35
max_pressure,45,moto,25.1
max_pressure,45,moto,25.72
max_pressure,45,moto,13.81
max_pressure,45,moto,35.07
max_pressure,45,moto,30.66
max_pressure,45,moto,30.48
max_pressure,45,auto,1.23
max_pressure,45,moto,28.29
max_pressure,45,auto,21.45
max_pressure,45,car,14.34
max_pressure,45,car,1.98
max_pressure,45,moto,3.79
max_pressure,45,moto,2.03
max_pressure,45,moto,30.73
max_pressure,45,auto,10.22
max_pressure,45,car,28.5
max_pressure,45,moto,18.86
max_pressure,45,auto,11.65
max_pressure,45,moto,2.65
max_pressure,45,auto,1.52
max_pressure,45,moto,13.24
max_pressure,45,auto,22.59
max_pressure,45,moto,3.32
max_pressure,45,moto,26.3
max_pressure,45,moto,36.47
max_pressure,45,moto,27.1
max_pressure,45,auto,27.96
max_pressure,45,moto,26.3
max_pressure,45,moto,48.4
max_pressure,45,moto,24.44
max_pressure,45,car,1.73
max_pressure,45,moto,34.14
max_pressure,45,moto,25.13
max_pressure,45,moto,2.35
max_pressure,45,moto,24.83
max_pressure,45,moto,19.35
max_pressure,45,auto,30.96
max_pressure,45,car,29.6
max_pressure,45,moto,1.67
max_pressure,45,car,1.26
max_pressure,45,moto,13.93
max_pressure,45,moto,40.18
max_pressure,45,moto,33.82
max_pressure,45,auto,33.48
max_pressure,45,auto,28.13
max_pressure,45,auto,23.67
max_pressure,45,auto,55.04
max_pressure,45,moto,21.15
max_pressure,45,car,43.99
max_pressure,45,auto,49.51
max_pressure,45,car,26.4
max_pressure,45,auto,51.4
max_pressure,45,moto,43.58
max_pressure,45,car,35.28
max_pressure,45,auto,41.7
max_pressure,45,moto,39.53
max_pressure,45,moto,40.24
max_pressure,45,car,2.91
max_pressure,45,car,47.32
max_pressure,45,car,20.52
max_pressure,45,car,42.84
max_pressure,45,car,13.92
max_pressure,45,auto,1.45
max_pressure,45,auto,8.12
max_pressure,45,moto,2.01
max_pressure,45,car,47.37
max_pressure,45,moto,28.63
max_pressure,45,moto,22.11
max_pressure,45,moto,31.65
max_pressure,45,moto,32.33
max_pressure,45,moto,30.04
max_pressure,45,moto,31.12
max_pressure,45,auto,30.62
max_pressure,45,moto,30.14
max_pressure,45,moto,31.68
max_pressure,45,moto,26.94
max_pressure,45,car,3.53
max_pressure,45,moto,36.67
max_pressure,45,moto,23.64
max_pressure,45,moto,14.5
max_pressure,45,auto,30.95
max_pressure,45,moto,10.27
max_pressure,45,moto,14.84
max_pressure,45,moto,9.16
max_pressure,45,moto,31.94
max_pressure,45,moto,13.78
max_pressure,45,auto,12.48
max_pressure,45,moto,11.64
max_pressure,45,moto,11.97
max_pressure,45,moto,6.55
max_pressure,45,moto,11.69
max_pressure,45,moto,16.5
max_pressure,45,moto,9.07
max_pressure,45,moto,36.51
max_pressure,45,moto,42.19
max_pressure,45,auto,48.62
max_pressure,45,moto,40.75
max_pressure,45,auto,44.78
max_pressure,45,auto,29.76
max_pressure,45,moto,13.54
max_pressure,45,moto,23.14
max_pressure,45,moto,11.94
max_pressure,45,auto,25.59
max_pressure,45,moto,24.7
max_pressure,45,moto,13.08
max_pressure,45,auto,28.6
max_pressure,45,auto,19.4
max_pressure,45,auto,12.82
max_pressure,45,auto,27.72
max_pressure,45,moto,15.97
max_pressure,45,auto,21.49
max_pressure,45,moto,1.58
max_pressure,45,auto,15.91
max_pressure,45,auto,15.15
max_pressure,45,moto,31.81
max_pressure,45,moto,11.45
max_pressure,45,moto,13.9
max_pressure,45,auto,2.56
max_pressure,45,car,1.26
max_pressure,45,moto,1.63
max_pressure,45,moto,2.44
max_pressure,45,moto,32.08
max_pressure,45,moto,28.95
max_pressure,45,moto,43.3
max_pressure,45,moto,39.48
max_pressure,45,moto,30.49
max_pressure,45,moto,28.73
max_pressure,45,moto,22.08
max_pressure,45,auto,26.72
max_pressure,45,moto,25.6
max_pressure,45,moto,30.76
max_pressure,45,auto,24.78
max_pressure,45,auto,35.76
max_pressure,45,car,24.06
max_pressure,45,moto,16.96
max_pressure,45,car,26.62
max_pressure,45,auto,20.6
max_pressure,45,moto,32.81
max_pressure,45,car,7.38
max_pressure,45,moto,8.06
max_pressure,45,auto,22.63
max_pressure,45,car,18.79
max_pressure,45,car,12.24
max_pressure,45,moto,4.63
max_pressure,45,moto,30.0
max_pressure,45,moto,26.3
max_pressure,45,auto,12.18
max_pressure,45,moto,4.04
max_pressure,45,moto,17.67
max_pressure,45,moto,3.28
max_pressure,45,car,30.57
max_pressure,45,auto,23.43
max_pressure,45,moto,22.8
max_pressure,45,moto,39.0
max_pressure,45,auto,26.73
max_pressure,45,auto,35.51
max_pressure,45,auto,29.18
max_pressure,45,moto,35.31
max_pressure,45,auto,21.88
max_pressure,45,moto,14.54
max_pressure,45,auto,1.64
max_pressure,45,moto,14.34
max_pressure,45,moto,11.18
max_pressure,45,moto,15.32
max_pressure,45,moto,7.78
max_pressure,45,car,24.07
max_pressure,45,moto,3.76
max_pressure,45,auto,6.15
max_pressure,45,moto,15.75
max_pressure,45,car,11.24
max_pressure,45,moto,7.38
max_pressure,45,moto,19.43
max_pressure,45,moto,3.09
max_pressure,45,moto,2.92
max_pressure,45,auto,46.76
max_pressure,45,auto,32.42
max_pressure,45,moto,30.16
max_pressure,45,moto,36.13
max_pressure,45,moto,50.44
max_pressure,45,moto,24.94
max_pressure,45,car,28.99
max_pressure,45,auto,24.83
max_pressure,45,auto,27.62
max_pressure,45,moto,21.58
max_pressure,45,car,19.49
max_pressure,45,moto,18.53
max_pressure,45,car,27.68
max_pressure,45,moto,20.74
max_pressure,45,moto,7.83
max_pressure,45,moto,29.05
max_pressure,45,auto,25.46
max_pressure,45,moto,12.19
max_pressure,45,moto,16.89
max_pressure,45,moto,9.91
max_pressure,45,car,1.51
max_pressure,45,moto,16.11
max_pressure,45,moto,14.53
max_pressure,45,car,11.75
max_pressure,45,moto,33.9
max_pressure,45,moto,29.24
max_pressure,45,moto,18.32
max_pressure,45,moto,24.68
max_pressure,45,moto,33.51
max_pressure,45,moto,22.45
max_pressure,45,car,9.5
max_pressure,45,moto,7.42
max_pressure,45,moto,18.82
max_pressure,45,moto,18.26
max_pressure,45,moto,19.87
max_pressure,45,moto,15.44
max_pressure,45,moto,24.25
max_pressure,45,moto,19.45
max_pressure,45,moto,25.77
max_pressure,45,moto,16.74
max_pressure,45,moto,20.12
max_pressure,45,auto,10.46
max_pressure,45,moto,29.84
max_pressure,45,moto,20.21
max_pressure,45,moto,30.37
max_pressure,45,auto,16.95
max_pressure,45,auto,2.0
max_pressure,45,auto,10.94
max_pressure,45,auto,1.26
max_pressure,45,moto,34.6
max_pressure,45,moto,35.22
max_pressure,45,moto,30.23
max_pressure,45,moto,23.49
max_pressure,45,moto,18.89
max_pressure,45,moto,27.02
max_pressure,45,moto,25.98
max_pressure,45,auto,16.2
max_pressure,45,auto,13.55
max_pressure,45,moto,12.39
max_pressure,45,moto,21.47
max_pressure,45,auto,0.91
max_pressure,45,auto,30.98
max_pressure,45,moto,16.18
max_pressure,45,moto,14.56
max_pressure,45,moto,21.66
max_pressure,45,moto,16.15
max_pressure,45,moto,14.26
max_pressure,45,moto,2.15
max_pressure,45,moto,30.71
max_pressure,45,auto,16.9
max_pressure,45,moto,6.17
max_pressure,45,auto,4.75
max_pressure,45,auto,24.17
max_pressure,45,moto,2.62
max_pressure,45,moto,3.9
max_pressure,45,moto,2.85
max_pressure,45,moto,40.99
max_pressure,45,moto,27.55
max_pressure,45,moto,49.31
max_pressure,45,moto,23.01
max_pressure,45,car,26.67
max_pressure,45,auto,44.89
max_pressure,45,auto,37.93
max_pressure,45,moto,14.82
max_pressure,45,car,24.42
max_pressure,45,auto,28.85
max_pressure,45,car,26.38
max_pressure,45,moto,6.8
max_pressure,45,auto,31.72
max_pressure,45,auto,21.59
max_pressure,45,moto,24.11
max_pressure,45,auto,16.05
max_pressure,45,moto,2.28
max_pressure,45,moto,27.72
max_pressure,45,auto,9.59
max_pressure,45,moto,14.1
max_pressure,45,moto,17.63
max_pressure,45,moto,11.81
max_pressure,45,moto,13.57
max_pressure,45,moto,11.15
max_pressure,45,moto,3.59
max_pressure,45,moto,19.62
max_pressure,45,moto,22.42
max_pressure,45,moto,4.54
max_pressure,45,moto,5.15
max_pressure,45,moto,2.79
max_pressure,45,auto,29.73
max_pressure,45,moto,20.23
max_pressure,45,moto,4.1
max_pressure,45,moto,46.41
max_pressure,45,moto,38.61
max_pressure,45,car,36.09
max_pressure,45,moto,13.4
max_pressure,45,moto,27.99
max_pressure,45,moto,17.6
max_pressure,45,moto,15.96
max_pressure,45,moto,31.76
max_pressure,45,moto,28.04
max_pressure,45,moto,40.63
max_pressure,45,moto,23.36
max_pressure,45,auto,15.76
max_pressure,45,car,29.14
max_pressure,45,moto,19.2
max_pressure,45,car,1.67
max_pressure,45,car,19.61
max_pressure,45,auto,18.87
max_pressure,45,auto,3.71
max_pressure,45,auto,14.02
max_pressure,45,moto,20.58
max_pressure,45,car,8.18
max_pressure,45,moto,3.88
max_pressure,45,moto,26.43
max_pressure,45,moto,21.94
max_pressure,45,moto,38.67
max_pressure,45,auto,35.63
max_pressure,45,car,27.92
max_pressure,45,moto,31.23
max_pressure,45,car,22.69
max_pressure,45,moto,29.56
max_pressure,45,moto,24.09
max_pressure,45,moto,19.51
max_pressure,45,car,18.3
max_pressure,45,moto,8.63
max_pressure,45,auto,11.35
max_pressure,45,moto,8.51
max_pressure,45,car,30.69
max_pressure,45,auto,23.39
max_pressure,45,moto,10.69
max_pressure,45,car,21.81
max_pressure,45,moto,42.72
max_pressure,45,moto,25.26
max_pressure,45,moto,25.26
max_pressure,45,car,33.83
max_pressure,45,moto,38.66
max_pressure,45,moto,35.84
max_pressure,45,car,29.8
max_pressure,45,moto,42.24
max_pressure,45,auto,46.27
max_pressure,45,car,47.94
max_pressure,45,auto,28.44
max_pressure,45,moto,11.86
max_pressure,45,auto,28.1
max_pressure,45,moto,27.41
max_pressure,45,moto,25.49
max_pressure,45,car,23.82
max_pressure,45,moto,16.72
max_pressure,45,car,23.83
max_pressure,45,auto,19.49
max_pressure,45,moto,25.04
max_pressure,45,moto,15.66
max_pressure,45,moto,22.31
max_pressure,45,car,19.48
max_pressure,45,moto,8.51
max_pressure,45,car,2.87
max_pressure,45,car,19.26
max_pressure,45,moto,16.33
max_pressure,45,car,17.58
max_pressure,45,car,22.8
max_pressure,45,moto,6.79
max_pressure,45,moto,9.08
max_pressure,45,moto,5.74
max_pressure,45,moto,36.17
max_pressure,45,moto,38.55
max_pressure,45,moto,25.67
max_pressure,45,moto,40.97
max_pressure,45,moto,22.37
max_pressure,45,moto,28.27
max_pressure,45,car,28.64
max_pressure,45,moto,30.43
max_pressure,45,moto,26.76
max_pressure,45,moto,22.2
max_pressure,45,moto,21.94
max_pressure,45,moto,26.88
max_pressure,45,moto,9.74
max_pressure,45,moto,29.1
max_pressure,45,car,11.99
max_pressure,45,moto,1.99
max_pressure,45,moto,19.62
max_pressure,45,moto,15.59
max_pressure,45,car,2.09
max_pressure,45,moto,21.52
max_pressure,45,car,4.93
max_pressure,45,auto,1.54
max_pressure,45,auto,32.82
max_pressure,45,auto,44.25
max_pressure,45,moto,27.55
max_pressure,45,moto,35.24
max_pressure,45,auto,10.53
max_pressure,45,moto,22.35
max_pressure,45,moto,28.41
max_pressure,45,auto,19.97
max_pressure,45,moto,24.49
max_pressure,45,auto,18.29
max_pressure,45,auto,14.09
max_pressure,45,auto,31.27
max_pressure,45,moto,26.54
max_pressure,45,moto,24.0
max_pressure,45,moto,3.67
max_pressure,45,moto,30.57
max_pressure,45,moto,9.35
max_pressure,45,moto,43.06
max_pressure,45,moto,20.53
max_pressure,45,moto,31.32
max_pressure,45,moto,22.87
max_pressure,45,moto,19.86
max_pressure,45,moto,19.59
max_pressure,45,moto,14.32
max_pressure,45,moto,20.82
max_pressure,45,moto,22.58
max_pressure,45,car,18.74
max_pressure,45,auto,31.98
max_pressure,45,moto,7.91
max_pressure,45,moto,12.54
max_pressure,45,moto,22.91
max_pressure,45,auto,10.53
max_pressure,45,car,1.62
max_pressure,45,moto,7.47
max_pressure,45,moto,44.92
max_pressure,45,moto,33.38
max_pressure,45,auto,27.33
max_pressure,45,moto,29.88
max_pressure,45,moto,33.02
max_pressure,45,auto,33.07
max_pressure,45,car,33.77
max_pressure,45,auto,38.0
max_pressure,45,car,32.44
max_pressure,45,moto,26.67
max_pressure,45,auto,38.82
max_pressure,45,auto,28.26
max_pressure,45,car,26.11
max_pressure,45,auto,24.95
max_pressure,45,moto,17.78
max_pressure,45,moto,29.83
max_pressure,45,moto,28.06
max_pressure,45,moto,25.86
max_pressure,45,moto,25.52
max_pressure,45,car,8.09
max_pressure,45,auto,1.37
max_pressure,45,moto,2.39
max_pressure,45,moto,7.5
max_pressure,45,moto,2.87
max_pressure,45,moto,44.19
max_pressure,45,auto,47.8
max_pressure,45,moto,28.84
max_pressure,45,moto,33.84
max_pressure,45,moto,23.36
max_pressure,45,moto,26.83
max_pressure,45,moto,25.5
max_pressure,45,moto,29.05
max_pressure,45,auto,21.46
max_pressure,45,car,23.36
max_pressure,45,moto,22.14
max_pressure,45,moto,22.74
max_pressure,45,moto,8.16
max_pressure,45,moto,2.17
max_pressure,45,auto,13.75
max_pressure,45,moto,34.59
max_pressure,45,car,4.77
max_pressure,45,car,10.02
max_pressure,45,moto,13.84
max_pressure,45,car,3.68
max_pressure,45,auto,5.24
max_pressure,45,moto,2.32
max_pressure,45,moto,43.65
max_pressure,45,moto,33.88
max_pressure,45,auto,36.32
max_pressure,45,car,29.02
max_pressure,45,moto,39.94
max_pressure,45,moto,28.54
max_pressure,45,moto,28.47
max_pressure,45,auto,27.29
max_pressure,45,moto,27.33
max_pressure,45,auto,11.46
max_pressure,45,moto,13.48
max_pressure,45,moto,6.74
max_pressure,45,moto,33.36
max_pressure,45,auto,33.98
max_pressure,45,auto,14.97
max_pressure,45,car,11.72
max_pressure,45,moto,24.13
max_pressure,45,moto,2.9
max_pressure,45,car,14.51
max_pressure,45,moto,3.15
max_pressure,45,auto,20.99
max_pressure,45,moto,29.34
max_pressure,45,auto,22.12
max_pressure,45,moto,17.12
max_pressure,45,auto,10.83
max_pressure,45,auto,23.7
max_pressure,45,car,13.05
max_pressure,45,moto,21.91
max_pressure,45,moto,13.51
max_pressure,45,auto,32.16
max_pressure,45,auto,30.19
max_pressure,45,auto,29.09
max_pressure,45,moto,30.71
max_pressure,45,car,29.61
max_pressure,45,auto,1.45
max_pressure,45,moto,27.25
max_pressure,45,moto,10.76
max_pressure,45,moto,6.26
max_pressure,45,moto,16.74
max_pressure,45,moto,3.52
max_pressure,45,moto,25.82
max_pressure,45,auto,46.84
max_pressure,45,auto,22.88
max_pressure,45,moto,9.43
max_pressure,45,car,29.51
max_pressure,45,moto,22.33
max_pressure,45,moto,11.75
max_pressure,45,moto,30.51
max_pressure,45,moto,21.99
max_pressure,45,auto,24.39
max_pressure,45,moto,25.46
max_pressure,45,moto,11.18
max_pressure,45,auto,26.42
max_pressure,45,auto,27.92
max_pressure,45,moto,11.21
max_pressure,45,moto,21.59
max_pressure,45,moto,19.76
max_pressure,45,auto,13.66
max_pressure,45,auto,18.4
max_pressure,45,moto,3.41
max_pressure,45,car,1.46
max_pressure,45,moto,35.66
max_pressure,45,moto,29.48
max_pressure,45,moto,20.66
max_pressure,45,auto,43.43
max_pressure,45,auto,34.16
max_pressure,45,moto,6.6
max_pressure,45,moto,17.55
max_pressure,45,moto,29.94
max_pressure,45,moto,4.58
max_pressure,45,moto,29.5
max_pressure,45,car,9.06
max_pressure,45,moto,2.41
max_pressure,45,moto,2.69
max_pressure,45,moto,30.68
max_pressure,45,moto,8.41
max_pressure,45,moto,8.16
max_pressure,45,auto,36.58
max_pressure,45,auto,22.9
max_pressure,45,moto,27.64
max_pressure,45,auto,24.12
max_pressure,45,moto,2.22
max_pressure,45,auto,23.11
max_pressure,45,moto,6.05
max_pressure,45,moto,4.67
max_pressure,45,auto,23.87
max_pressure,45,moto,13.32
max_pressure,45,car,20.35
max_pressure,45,moto,20.69
max_pressure,45,auto,19.44
max_pressure,45,auto,19.48
max_pressure,45,moto,16.26
max_pressure,45,moto,25.26
max_pressure,45,moto,20.77
max_pressure,45,moto,24.52
max_pressure,45,moto,26.53
max_pressure,45,auto,12.52
max_pressure,45,moto,14.04
max_pressure,45,car,16.96
max_pressure,45,moto,5.48
max_pressure,45,moto,21.36
max_pressure,45,moto,32.65
max_pressure,45,moto,23.92
max_pressure,45,car,22.89
max_pressure,45,car,30.36
max_pressure,45,moto,24.52
max_pressure,45,auto,20.38
max_pressure,45,moto,29.64
max_pressure,45,moto,18.95
max_pressure,45,moto,21.41
max_pressure,45,moto,20.08
max_pressure,45,moto,32.07
max_pressure,45,moto,34.58
max_pressure,45,moto,16.59
max_pressure,45,auto,27.32
max_pressure,45,car,23.52
max_pressure,45,moto,12.78
max_pressure,45,auto,26.58
max_pressure,45,auto,28.82
max_pressure,45,moto,21.83
max_pressure,45,auto,21.56
max_pressure,45,moto,14.78
max_pressure,45,moto,19.4
max_pressure,45,moto,29.97
max_pressure,45,auto,7.9
max_pressure,45,auto,14.16
max_pressure,45,car,1.49
max_pressure,45,auto,22.86
max_pressure,45,auto,1.09
max_pressure,45,car,28.34
max_pressure,45,moto,4.16
max_pressure,45,auto,40.07
max_pressure,45,moto,33.97
max_pressure,45,auto,1.88
max_pressure,45,moto,16.44
max_pressure,45,moto,22.65
max_pressure,45,auto,23.11
max_pressure,45,auto,17.46
max_pressure,45,moto,25.95
max_pressure,45,auto,15.22
max_pressure,45,moto,34.08
max_pressure,45,auto,22.32
max_pressure,45,car,25.83
max_pressure,45,auto,26.3
max_pressure,45,car,25.4
max_pressure,45,car,11.81
max_pressure,45,moto,8.86
max_pressure,45,car,18.18
max_pressure,45,moto,8.63
max_pressure,45,moto,21.21
max_pressure,45,moto,23.49
max_pressure,45,moto,20.06
max_pressure,45,moto,36.65
max_pressure,45,car,38.41
max_pressure,45,moto,30.37
max_pressure,45,moto,42.74
max_pressure,45,moto,21.27
max_pressure,45,auto,22.68
max_pressure,45,auto,27.56
max_pressure,45,moto,30.56
max_pressure,45,moto,25.27
max_pressure,45,moto,25.14
max_pressure,45,car,16.21
max_pressure,45,moto,18.57
max_pressure,45,auto,25.25
max_pressure,45,moto,26.41
max_pressure,45,auto,20.01
max_pressure,45,auto,30.48
max_pressure,45,auto,26.3
max_pressure,45,moto,10.7
max_pressure,45,moto,28.82
max_pressure,45,moto,19.49
max_pressure,45,moto,2.16
max_pressure,45,auto,11.32
max_pressure,45,auto,15.25
max_pressure,45,moto,3.45
max_pressure,45,car,39.05
max_pressure,45,moto,21.19
max_pressure,45,moto,23.28
max_pressure,45,moto,20.32
max_pressure,45,moto,38.25
max_pressure,45,auto,32.31
max_pressure,45,moto,38.44
max_pressure,45,moto,26.69
max_pressure,45,car,14.83
max_pressure,45,moto,9.09
max_pressure,45,auto,36.61
max_pressure,45,car,21.78
max_pressure,45,moto,19.99
max_pressure,45,car,27.12
max_pressure,45,car,15.33
max_pressure,45,moto,3.27
max_pressure,45,moto,20.05
max_pressure,45,moto,6.87
max_pressure,45,moto,11.69
max_pressure,45,car,15.79
max_pressure,45,car,11.33
max_pressure,45,moto,5.85
max_pressure,45,moto,21.88
max_pressure,45,moto,2.41
max_pressure,45,moto,32.26
max_pressure,45,auto,30.74
max_pressure,45,auto,28.23
max_pressure,45,moto,23.4
max_pressure,45,moto,32.66
max_pressure,45,moto,25.24
max_pressure,45,moto,18.34
max_pressure,45,moto,8.19
max_pressure,45,moto,16.07
max_pressure,45,moto,12.77
max_pressure,45,moto,14.57
max_pressure,45,moto,29.62
max_pressure,45,car,25.12
max_pressure,45,auto,33.32
max_pressure,45,moto,16.76
max_pressure,45,moto,10.17
max_pressure,45,auto,1.34
max_pressure,45,auto,26.83
max_pressure,45,auto,1.29
max_pressure,45,moto,2.06
max_pressure,45,car,5.0
max_pressure,45,moto,21.73
max_pressure,45,moto,20.54
max_pressure,45,moto,18.52
max_pressure,45,moto,36.16
max_pressure,45,auto,30.01
max_pressure,45,moto,15.1
max_pressure,45,auto,20.04
max_pressure,45,moto,2.44
max_pressure,45,car,12.19
max_pressure,45,moto,4.95
max_pressure,45,auto,22.04
max_pressure,45,moto,2.7
max_pressure,45,moto,22.9
max_pressure,45,moto,19.83
max_pressure,45,car,17.46
max_pressure,45,moto,11.78
max_pressure,45,moto,14.24
max_pressure,45,auto,12.99
max_pressure,45,moto,11.5
max_pressure,45,moto,12.94
max_pressure,45,car,16.98
max_pressure,45,car,10.5
max_pressure,45,car,4.02
max_pressure,45,auto,3.25
max_pressure,45,moto,24.55
max_pressure,45,auto,33.45
max_pressure,45,moto,2.3
max_pressure,45,moto,21.74
max_pressure,45,moto,2.95
max_pressure,45,moto,14.58
max_pressure,45,moto,21.46
max_pressure,45,moto,9.02
max_pressure,45,moto,24.02
max_pressure,45,moto,17.46
max_pressure,45,moto,25.41
max_pressure,45,moto,20.06
max_pressure,45,moto,3.42
max_pressure,45,auto,18.79
max_pressure,45,moto,19.16
max_pressure,45,moto,17.13
max_pressure,45,moto,14.31
max_pressure,45,moto,18.85
max_pressure,45,moto,7.38
max_pressure,45,auto,21.42
max_pressure,45,auto,1.86
max_pressure,45,moto,9.82
max_pressure,45,auto,20.46
max_pressure,45,auto,13.31
max_pressure,45,car,26.21
max_pressure,45,moto,36.6
max_pressure,45,auto,22.47
max_pressure,45,car,18.5
max_pressure,45,moto,20.97
max_pressure,45,moto,21.62
max_pressure,45,moto,16.15
max_pressure,45,moto,30.22
max_pressure,45,auto,21.61
max_pressure,45,moto,5.93
max_pressure,45,moto,27.73
max_pressure,45,car,9.69
max_pressure,45,moto,17.3
max_pressure,45,auto,14.22
max_pressure,45,moto,27.48
max_pressure,45,auto,10.28
max_pressure,45,moto,2.87
max_pressure,45,moto,37.13
max_pressure,45,auto,31.58
max_pressure,45,moto,42.84
max_pressure,45,moto,32.91
max_pressure,45,moto,31.41
max_pressure,45,moto,2.45
max_pressure,45,car,28.73
max_pressure,45,moto,21.39
max_pressure,45,auto,19.89
max_pressure,45,moto,29.19
max_pressure,45,moto,22.84
max_pressure,45,moto,26.05
max_pressure,45,moto,27.65
max_pressure,45,moto,25.87
max_pressure,45,auto,1.49
max_pressure,45,moto,36.51
max_pressure,45,car,12.97
max_pressure,45,moto,16.62
max_pressure,45,moto,16.7
max_pressure,45,auto,20.76
max_pressure,45,moto,25.4
max_pressure,45,moto,19.3
max_pressure,45,auto,4.82
max_pressure,45,moto,10.05
max_pressure,45,moto,2.92
max_pressure,45,auto,21.88
max_pressure,45,moto,18.18
max_pressure,45,moto,2.68
max_pressure,45,moto,4.02
max_pressure,45,moto,3.38
max_pressure,45,moto,1.86
max_pressure,45,auto,1.1
max_pressure,45,car,44.0
max_pressure,45,moto,33.3
max_pressure,45,moto,41.07
max_pressure,45,moto,41.38
max_pressure,45,auto,44.3
max_pressure,45,auto,35.48
max_pressure,45,moto,29.73
max_pressure,45,moto,34.25
max_pressure,45,auto,31.59
max_pressure,45,auto,32.6
max_pressure,45,moto,26.32
max_pressure,45,auto,14.31
max_pressure,45,auto,20.7
max_pressure,45,moto,25.13
max_pressure,45,moto,25.04
max_pressure,45,moto,22.73
max_pressure,45,moto,16.75
max_pressure,45,auto,13.72
max_pressure,45,moto,20.0
max_pressure,45,auto,28.55
max_pressure,45,car,6.62
max_pressure,45,auto,5.32
max_pressure,45,moto,30.55
max_pressure,45,moto,5.68
max_pressure,45,car,7.23
max_pressure,45,auto,14.82
max_pressure,45,car,34.79
max_pressure,45,auto,33.35
max_pressure,45,moto,37.97
max_pressure,45,moto,23.48
max_pressure,45,moto,39.35
max_pressure,45,moto,24.63
max_pressure,45,moto,2.43
max_pressure,45,car,27.63
max_pressure,45,auto,4.79
max_pressure,45,car,33.78
max_pressure,45,moto,17.9
max_pressure,45,auto,22.07
max_pressure,45,moto,16.27
max_pressure,45,moto,1.66
max_pressure,45,moto,19.03
max_pressure,45,moto,31.25
max_pressure,45,car,23.15
max_pressure,45,car,29.16
max_pressure,45,moto,14.56
max_pressure,45,moto,20.23
max_pressure,45,auto,17.06
max_pressure,45,moto,8.99
max_pressure,45,moto,21.89
max_pressure,45,moto,18.87
max_pressure,45,moto,17.76
max_pressure,45,moto,31.14
max_pressure,45,moto,20.18
max_pressure,45,car,10.87
max_pressure,45,auto,43.02
max_pressure,45,auto,42.78
max_pressure,45,auto,31.07
max_pressure,45,moto,20.24
max_pressure,45,moto,33.65
max_pressure,45,moto,6.94
max_pressure,45,auto,1.07
max_pressure,45,moto,28.32
max_pressure,45,car,18.15
max_pressure,45,moto,26.89
max_pressure,45,auto,16.49
max_pressure,45,auto,9.18
max_pressure,45,auto,16.23
max_pressure,45,moto,30.48
max_pressure,45,moto,14.48
max_pressure,45,auto,1.02
max_pressure,45,moto,2.13
max_pressure,45,moto,2.49
max_pressure,45,car,1.31
max_pressure,45,car,1.18
max_pressure,45,moto,24.41
max_pressure,45,auto,24.97
max_pressure,45,auto,29.25
max_pressure,45,moto,21.43
max_pressure,45,car,27.2
max_pressure,45,moto,21.25
max_pressure,45,auto,25.51
max_pressure,45,moto,2.6
max_pressure,45,moto,2.28
max_pressure,45,moto,24.56
max_pressure,45,auto,7.43
max_pressure,45,auto,33.88
max_pressure,45,car,26.45
max_pressure,45,moto,25.03
max_pressure,45,moto,25.76
max_pressure,45,moto,17.43
max_pressure,45,moto,13.35
max_pressure,45,moto,28.86
max_pressure,45,car,17.76
max_pressure,45,moto,14.74
max_pressure,45,moto,20.99
max_pressure,45,moto,19.19
max_pressure,45,moto,18.86
max_pressure,45,moto,3.04
max_pressure,45,moto,20.29
max_pressure,45,moto,41.45
max_pressure,45,car,32.06
max_pressure,45,moto,19.35
max_pressure,45,car,38.14
max_pressure,45,auto,34.09
max_pressure,45,moto,21.32
max_pressure,45,moto,13.27
max_pressure,45,moto,30.37
max_pressure,45,moto,30.13
max_pressure,45,car,9.88
max_pressure,45,moto,33.87
max_pressure,45,moto,30.05
max_pressure,45,auto,23.74
max_pressure,45,moto,11.1
max_pressure,45,car,11.41
max_pressure,45,auto,20.93
max_pressure,45,moto,16.73
max_pressure,45,moto,3.05
max_pressure,45,moto,10.0
max_pressure,45,moto,34.81
max_pressure,45,moto,9.0
max_pressure,45,auto,31.96
max_pressure,45,moto,1.79
max_pressure,45,moto,25.3
max_pressure,45,moto,23.27
max_pressure,45,auto,1.05
max_pressure,45,moto,43.39
max_pressure,45,auto,38.67
max_pressure,45,moto,27.97
max_pressure,45,moto,11.92
max_pressure,45,auto,0.91
max_pressure,45,moto,33.47
max_pressure,45,moto,24.99
max_pressure,45,moto,14.53
max_pressure,45,moto,25.81
max_pressure,45,moto,15.85
max_pressure,45,car,23.67
max_pressure,45,moto,32.27
max_pressure,45,moto,18.83
max_pressure,45,car,10.82
max_pressure,45,auto,33.09
max_pressure,45,car,24.65
max_pressure,45,moto,20.49
max_pressure,45,moto,17.41
max_pressure,45,auto,14.12
max_pressure,45,auto,6.38
max_pressure,45,auto,4.74
max_pressure,45,auto,4.28
max_pressure,45,moto,3.53
max_pressure,45,moto,18.5
max_pressure,45,car,11.1
max_pressure,45,auto,38.79
max_pressure,45,auto,25.05
max_pressure,45,moto,4.03
max_pressure,45,auto,1.51
max_pressure,45,moto,20.06
max_pressure,45,auto,23.11
max_pressure,45,car,19.5
max_pressure,45,moto,5.85
max_pressure,45,moto,1.75
max_pressure,45,auto,31.64
max_pressure,45,moto,32.86
max_pressure,45,moto,21.36
max_pressure,45,moto,18.61
max_pressure,45,moto,18.08
max_pressure,45,car,38.16
max_pressure,45,moto,29.39
max_pressure,45,auto,22.5
max_pressure,45,auto,32.88
max_pressure,45,auto,21.09
max_pressure,45,moto,19.87
max_pressure,45,car,34.37
max_pressure,45,auto,1.14
max_pressure,45,moto,13.46
max_pressure,45,moto,15.23
max_pressure,45,auto,22.25
max_pressure,45,moto,21.85
max_pressure,45,moto,32.73
max_pressure,45,moto,15.63
max_pressure,45,car,20.03
max_pressure,45,car,11.31
max_pressure,45,auto,12.49
max_pressure,45,car,19.67
max_pressure,45,moto,18.45
max_pressure,45,car,18.13
max_pressure,45,auto,22.31
max_pressure,45,moto,16.62
max_pressure,45,moto,1.7
max_pressure,45,moto,30.29
max_pressure,45,auto,45.7
max_pressure,45,moto,40.15
max_pressure,45,car,45.18
max_pressure,45,moto,19.83
max_pressure,45,car,39.01
max_pressure,45,auto,23.38
max_pressure,45,auto,28.3
max_pressure,45,moto,24.83
max_pressure,45,moto,18.09
max_pressure,45,car,35.23
max_pressure,45,moto,20.23
max_pressure,45,moto,30.75
max_pressure,45,moto,24.41
max_pressure,45,moto,24.47
max_pressure,45,moto,1.97
max_pressure,45,car,26.58
max_pressure,45,moto,22.79
max_pressure,45,car,6.22
max_pressure,45,moto,24.39
max_pressure,45,auto,14.31
max_pressure,45,auto,10.79
max_pressure,45,moto,15.13
max_pressure,45,moto,17.96
max_pressure,45,moto,15.97
max_pressure,45,auto,29.55
max_pressure,45,car,17.35
max_pressure,45,moto,13.73
max_pressure,45,moto,17.92
max_pressure,45,moto,13.85
max_pressure,45,auto,11.31
max_pressure,45,car,38.83
max_pressure,45,auto,33.42
max_pressure,45,auto,32.16
max_pressure,45,car,25.62
max_pressure,45,auto,31.79
max_pressure,45,moto,33.01
max_pressure,45,moto,25.53
max_pressure,45,auto,18.39
max_pressure,45,car,20.91
max_pressure,45,moto,32.21
max_pressure,45,moto,14.96
max_pressure,45,moto,24.1
max_pressure,45,moto,18.98
max_pressure,45,car,10.64
max_pressure,45,moto,20.1
max_pressure,45,moto,30.78
max_pressure,45,car,1.57
max_pressure,45,auto,7.08
max_pressure,45,auto,17.25
max_pressure,45,auto,15.61
max_pressure,45,auto,1.07
max_pressure,45,auto,4.81
max_pressure,45,car,10.94
max_pressure,45,moto,2.15
max_pressure,45,moto,2.73
max_pressure,45,car,2.36
max_pressure,45,moto,14.64
max_pressure,45,auto,19.71
max_pressure,45,moto,33.88
max_pressure,45,moto,35.81
max_pressure,45,moto,28.34
max_pressure,45,auto,34.28
max_pressure,45,moto,4.98
max_pressure,45,auto,41.18
max_pressure,45,moto,29.32
max_pressure,45,moto,26.2
max_pressure,45,moto,21.66
max_pressure,45,car,40.13
max_pressure,45,moto,12.69
max_pressure,45,moto,22.32
max_pressure,45,moto,22.93
max_pressure,45,moto,29.8
max_pressure,45,moto,24.55
max_pressure,45,moto,21.26
max_pressure,45,moto,30.9
max_pressure,45,moto,22.49
max_pressure,45,moto,21.87
max_pressure,45,moto,31.54
max_pressure,45,auto,6.56
max_pressure,45,moto,29.63
max_pressure,45,moto,10.41
max_pressure,45,car,1.5
max_pressure,45,moto,13.53
max_pressure,45,moto,2.99
max_pressure,45,moto,18.01
max_pressure,45,car,20.02
max_pressure,45,car,23.45
max_pressure,45,moto,16.54
max_pressure,45,car,12.67
max_pressure,45,auto,13.62
max_pressure,45,moto,12.73
max_pressure,45,moto,11.28
max_pressure,45,moto,10.88
max_pressure,45,auto,6.52
max_pressure,45,car,39.57
max_pressure,45,moto,35.25
max_pressure,45,car,4.04
max_pressure,45,auto,19.76
max_pressure,45,auto,34.18
max_pressure,45,moto,20.76
max_pressure,45,moto,29.04
max_pressure,45,moto,17.78
max_pressure,45,moto,16.14
max_pressure,45,auto,33.77
max_pressure,45,auto,21.53
max_pressure,45,moto,14.58
max_pressure,45,moto,17.1
max_pressure,45,auto,23.49
max_pressure,45,moto,22.68
max_pressure,45,auto,30.12
max_pressure,45,auto,17.94
max_pressure,45,moto,15.55
max_pressure,45,moto,14.77
max_pressure,45,car,10.47
max_pressure,45,moto,12.56
max_pressure,45,auto,19.62
max_pressure,45,moto,6.65
max_pressure,45,moto,9.23
max_pressure,45,moto,24.03
max_pressure,45,car,1.66
max_pressure,45,moto,30.79
max_pressure,45,moto,3.05
max_pressure,45,moto,40.13
max_pressure,45,car,32.86
max_pressure,45,auto,45.66
max_pressure,45,moto,28.26
max_pressure,45,auto,33.56
max_pressure,45,moto,35.15
max_pressure,45,moto,38.72
max_pressure,45,car,9.4
max_pressure,45,moto,15.11
max_pressure,45,moto,18.45
max_pressure,45,auto,33.51
max_pressure,45,moto,15.15
max_pressure,45,moto,9.45
max_pressure,45,moto,20.82
max_pressure,45,moto,27.4
max_pressure,45,moto,17.56
max_pressure,45,moto,32.76
max_pressure,45,moto,2.33
max_pressure,45,auto,12.6
max_pressure,45,moto,20.56
max_pressure,45,auto,12.15
max_pressure,45,moto,15.15
max_pressure,45,car,17.47
max_pressure,45,moto,15.28
max_pressure,45,car,12.2
max_pressure,45,auto,11.61
max_pressure,45,moto,20.89
max_pressure,45,auto,20.83
max_pressure,45,car,29.35
max_pressure,45,moto,17.66
max_pressure,45,car,1.23
max_pressure,45,auto,23.65
max_pressure,45,moto,32.39
max_pressure,45,moto,2.77
max_pressure,45,car,23.9
max_pressure,45,moto,20.27
max_pressure,45,car,17.16
max_pressure,45,moto,14.77
max_pressure,45,moto,12.76
max_pressure,45,car,10.78
max_pressure,45,moto,4.14
max_pressure,45,car,2.88
max_pressure,45,car,12.95
max_pressure,45,moto,23.12
max_pressure,45,moto,43.07
max_pressure,45,moto,39.76
max_pressure,45,moto,20.88
max_pressure,45,moto,30.32
max_pressure,45,moto,33.63
max_pressure,45,moto,33.32
max_pressure,45,moto,19.54
max_pressure,45,auto,32.8
max_pressure,45,moto,21.91
max_pressure,45,car,27.52
max_pressure,45,car,10.39
max_pressure,45,moto,10.77
max_pressure,45,moto,25.91
max_pressure,45,auto,28.99
max_pressure,45,moto,27.45
max_pressure,45,auto,38.35
max_pressure,45,moto,15.05
max_pressure,45,auto,19.33
max_pressure,45,auto,31.36
max_pressure,45,auto,27.27
max_pressure,45,auto,14.54
max_pressure,45,car,4.76
max_pressure,45,car,22.6
max_pressure,45,moto,19.45
max_pressure,45,moto,38.13
max_pressure,45,car,40.44
max_pressure,45,auto,30.44
max_pressure,45,car,23.4
max_pressure,45,auto,17.12
max_pressure,45,moto,16.81
max_pressure,45,moto,23.34
max_pressure,45,moto,28.44
max_pressure,45,moto,23.5
max_pressure,45,moto,15.28
max_pressure,45,auto,8.8
max_pressure,45,car,4.13
max_pressure,45,auto,23.89
max_pressure,45,moto,3.23
max_pressure,45,auto,21.65
max_pressure,45,car,16.45
max_pressure,45,moto,12.91
max_pressure,45,auto,37.4
max_pressure,45,auto,10.04
max_pressure,45,moto,15.83
max_pressure,45,auto,21.79
max_pressure,45,moto,2.79
max_pressure,45,auto,4.34
max_pressure,45,moto,20.37
max_pressure,45,moto,33.35
max_pressure,45,car,20.96
max_pressure,45,moto,8.32
max_pressure,45,moto,38.32
max_pressure,45,moto,36.41
max_pressure,45,moto,43.68
max_pressure,45,moto,32.03
max_pressure,45,auto,24.35
max_pressure,45,moto,23.2
max_pressure,45,auto,20.54
max_pressure,45,moto,18.09
max_pressure,45,moto,35.31
max_pressure,45,moto,7.81
max_pressure,45,moto,21.21
max_pressure,45,moto,30.74
max_pressure,45,auto,14.62
max_pressure,45,moto,32.36
max_pressure,45,moto,14.62
max_pressure,45,auto,22.86
max_pressure,45,auto,18.59
max_pressure,45,moto,8.53
max_pressure,45,auto,13.86
max_pressure,45,moto,2.38
max_pressure,45,moto,8.65
max_pressure,45,moto,2.83
max_pressure,45,moto,36.34
max_pressure,45,moto,34.61
max_pressure,45,moto,21.53
max_pressure,45,car,41.53
max_pressure,45,moto,1.56
max_pressure,45,moto,15.19
max_pressure,45,moto,27.84
max_pressure,45,car,31.25
max_pressure,45,moto,26.91
max_pressure,45,car,22.36
max_pressure,45,auto,29.72
max_pressure,45,moto,31.11
max_pressure,45,moto,2.54
max_pressure,45,auto,34.43
max_pressure,45,auto,17.43
max_pressure,45,moto,18.94
max_pressure,45,moto,19.47
max_pressure,45,moto,14.67
max_pressure,45,moto,2.96
max_pressure,45,moto,3.32
max_pressure,45,moto,30.23
max_pressure,45,auto,20.98
max_pressure,45,auto,28.67
max_pressure,45,car,29.18
max_pressure,45,moto,1.87
max_pressure,45,auto,1.2
max_pressure,45,moto,32.26
max_pressure,45,moto,28.13
max_pressure,45,auto,32.23
max_pressure,45,auto,29.86
max_pressure,45,moto,34.13
max_pressure,45,auto,33.19
max_pressure,45,moto,30.52
max_pressure,45,auto,37.51
max_pressure,45,auto,25.22
max_pressure,45,car,1.39
max_pressure,45,moto,18.88
max_pressure,45,moto,20.79
max_pressure,45,car,18.77
max_pressure,45,moto,21.05
max_pressure,45,moto,26.96
max_pressure,45,moto,24.68
max_pressure,45,auto,19.14
max_pressure,45,auto,34.48
max_pressure,45,moto,11.53
max_pressure,45,moto,2.25
max_pressure,45,moto,26.36
max_pressure,45,moto,2.35
max_pressure,45,moto,18.26
max_pressure,45,auto,11.0
max_pressure,45,moto,6.64
max_pressure,45,auto,14.82
max_pressure,45,moto,8.64
max_pressure,45,moto,7.39
max_pressure,45,moto,3.8
max_pressure,45,auto,20.61
max_pressure,45,auto,16.96
max_pressure,45,car,42.9
max_pressure,45,car,36.05
max_pressure,45,auto,42.08
max_pressure,45,moto,31.47
max_pressure,45,moto,22.38
max_pressure,45,auto,41.47
max_pressure,45,auto,5.13
max_pressure,45,moto,26.93
max_pressure,45,moto,21.09
max_pressure,45,moto,29.77
max_pressure,45,moto,26.57
max_pressure,45,moto,22.74
max_pressure,45,moto,11.59
max_pressure,45,moto,15.37
max_pressure,45,moto,28.98
max_pressure,45,moto,18.17
max_pressure,45,moto,17.09
max_pressure,45,car,5.12
max_pressure,45,auto,33.02
max_pressure,45,moto,20.21
max_pressure,45,auto,7.23
max_pressure,45,auto,20.24
max_pressure,45,moto,14.96
max_pressure,45,moto,10.05
max_pressure,45,car,2.24
max_pressure,45,moto,34.51
max_pressure,45,moto,2.0
max_pressure,45,moto,21.73
max_pressure,45,auto,1.15
max_pressure,45,moto,2.08
max_pressure,45,car,20.34
max_pressure,45,moto,14.79
max_pressure,45,moto,15.22
max_pressure,45,auto,16.0
max_pressure,45,auto,17.16
max_pressure,45,car,24.6
max_pressure,45,moto,20.85
max_pressure,45,moto,11.75
max_pressure,45,moto,16.63
max_pressure,45,moto,15.15
max_pressure,45,moto,23.51
max_pressure,45,moto,13.38
max_pressure,45,moto,20.83
max_pressure,45,car,16.69
max_pressure,45,moto,3.2
max_pressure,45,car,23.66
max_pressure,45,moto,10.57
max_pressure,45,auto,9.13
max_pressure,45,auto,4.9
max_pressure,45,auto,2.19
max_pressure,45,moto,1.95
max_pressure,45,moto,13.53
max_pressure,45,car,34.29
max_pressure,45,auto,29.57
max_pressure,45,auto,23.51
max_pressure,45,auto,20.6
max_pressure,45,auto,18.37
max_pressure,45,moto,34.03
max_pressure,45,auto,17.77
max_pressure,45,moto,23.44
max_pressure,45,moto,8.27
max_pressure,45,car,13.91
max_pressure,45,moto,13.06
max_pressure,45,auto,1.2
max_pressure,45,moto,24.94
max_pressure,45,moto,5.66
max_pressure,45,moto,3.07
max_pressure,45,auto,19.22
max_pressure,45,moto,36.14
max_pressure,45,car,3.81
max_pressure,45,moto,10.05
max_pressure,45,moto,20.78
max_pressure,45,auto,4.43
max_pressure,45,moto,2.28
max_pressure,45,car,22.52
max_pressure,45,moto,6.04
max_pressure,45,moto,6.34
max_pressure,45,moto,3.2
max_pressure,45,auto,38.3
max_pressure,45,moto,33.43
max_pressure,45,auto,25.27
max_pressure,45,auto,23.62
max_pressure,45,moto,6.83
max_pressure,45,moto,19.79
max_pressure,45,moto,29.36
max_pressure,45,moto,25.13
max_pressure,45,moto,24.45
max_pressure,45,moto,26.23
max_pressure,45,moto,18.01
max_pressure,45,moto,24.37
max_pressure,45,car,29.43
max_pressure,45,moto,25.0
max_pressure,45,car,16.81
max_pressure,45,moto,12.14
max_pressure,45,car,18.79
max_pressure,45,auto,7.88
max_pressure,45,auto,4.98
max_pressure,45,moto,17.61
max_pressure,45,car,8.05
max_pressure,45,car,2.65
max_pressure,45,moto,15.45
max_pressure,45,moto,3.76
max_pressure,45,moto,4.72
max_pressure,45,moto,34.09
max_pressure,45,car,15.42
max_pressure,45,auto,31.47
max_pressure,45,moto,27.2
max_pressure,45,car,13.41
max_pressure,45,moto,25.8
max_pressure,45,moto,20.25
max_pressure,45,moto,21.77
max_pressure,45,moto,2.62
max_pressure,45,auto,5.88
max_pressure,45,auto,17.8
max_pressure,45,moto,21.04
max_pressure,45,auto,1.05
max_pressure,45,moto,11.04
max_pressure,45,moto,12.35
max_pressure,45,moto,1.85
max_pressure,45,moto,9.34
max_pressure,45,auto,1.57
max_pressure,45,car,21.0
max_pressure,45,moto,32.65
max_pressure,45,moto,12.44
max_pressure,45,car,42.91
max_pressure,45,moto,24.26
max_pressure,45,moto,27.63
max_pressure,45,auto,38.93
max_pressure,45,moto,26.2
max_pressure,45,auto,33.26
max_pressure,45,auto,20.07
max_pressure,45,moto,25.63
max_pressure,45,moto,25.1
max_pressure,45,moto,29.32
max_pressure,45,moto,29.65
max_pressure,45,car,22.77
max_pressure,45,moto,19.98
max_pressure,45,moto,14.55
max_pressure,45,moto,31.46
max_pressure,45,auto,17.85
max_pressure,45,auto,10.19
max_pressure,45,moto,2.85
max_pressure,45,moto,34.93
max_pressure,45,moto,7.2
max_pressure,45,moto,30.4
max_pressure,45,auto,28.89
max_pressure,45,moto,15.84
max_pressure,45,auto,12.28
max_pressure,45,auto,18.86
max_pressure,45,auto,1.15
max_pressure,45,moto,3.08
max_pressure,45,moto,6.55
max_pressure,45,moto,2.67
max_pressure,45,moto,2.65
max_pressure,45,moto,24.71
max_pressure,45,moto,21.64
max_pressure,45,moto,28.29
max_pressure,45,moto,36.03
max_pressure,45,moto,35.79
max_pressure,45,moto,8.01
max_pressure,45,moto,20.86
max_pressure,45,moto,11.34
max_pressure,45,moto,26.75
max_pressure,45,moto,18.27
max_pressure,45,moto,30.56
max_pressure,45,auto,15.59
max_pressure,45,moto,12.77
max_pressure,45,moto,10.56
max_pressure,45,auto,15.14
max_pressure,45,auto,7.04
max_pressure,45,auto,19.72
max_pressure,45,car,18.41
max_pressure,45,moto,18.52
max_pressure,45,moto,13.09
max_pressure,45,moto,8.53
max_pressure,45,moto,2.14
max_pressure,45,moto,4.68
max_pressure,45,moto,19.51
max_pressure,45,auto,8.82
max_pressure,45,moto,31.78
max_pressure,45,auto,31.71
max_pressure,45,moto,22.6
max_pressure,45,moto,18.94
max_pressure,45,moto,19.95
max_pressure,45,moto,21.48
max_pressure,45,moto,24.85
max_pressure,45,moto,18.41
max_pressure,45,moto,10.4
max_pressure,45,moto,11.49
max_pressure,45,auto,29.25
max_pressure,45,moto,10.08
max_pressure,45,car,27.31
max_pressure,45,auto,30.16
max_pressure,45,auto,17.84
max_pressure,45,moto,4.4
max_pressure,45,car,16.65
max_pressure,45,car,30.96
max_pressure,45,moto,32.39
max_pressure,45,moto,30.16
max_pressure,45,car,1.67
max_pressure,45,moto,16.67
max_pressure,45,moto,15.84
max_pressure,45,car,35.81
max_pressure,45,car,14.86
max_pressure,45,moto,3.77
max_pressure,45,moto,4.03
max_pressure,45,moto,31.21
max_pressure,45,auto,27.63
max_pressure,45,moto,21.56
max_pressure,45,car,1.59
max_pressure,45,auto,26.12
max_pressure,45,moto,15.34
max_pressure,45,car,34.77
max_pressure,45,moto,2.23
max_pressure,45,moto,28.3
max_pressure,45,moto,27.68
max_pressure,45,auto,19.58
max_pressure,45,moto,26.68
max_pressure,45,moto,24.24
max_pressure,45,auto,32.63
max_pressure,45,moto,4.37
max_pressure,45,moto,18.68
max_pressure,45,moto,17.08
max_pressure,45,moto,27.4
max_pressure,45,auto,29.76
max_pressure,45,moto,23.05
max_pressure,45,moto,14.61
max_pressure,45,moto,19.88
max_pressure,45,car,15.88
max_pressure,45,moto,14.54
max_pressure,45,auto,14.96
max_pressure,45,moto,15.42
max_pressure,45,moto,22.08
max_pressure,45,moto,40.07
max_pressure,45,auto,40.96
max_pressure,45,moto,47.04
max_pressure,45,auto,37.34
max_pressure,45,moto,45.27
max_pressure,45,auto,34.25
max_pressure,45,car,23.3
max_pressure,45,auto,5.24
max_pressure,45,moto,11.72
max_pressure,45,moto,11.03
max_pressure,45,moto,32.93
max_pressure,45,moto,7.78
max_pressure,45,moto,24.82
max_pressure,45,auto,21.64
max_pressure,45,car,27.32
max_pressure,45,moto,16.57
max_pressure,45,moto,8.39
max_pressure,45,moto,20.32
max_pressure,45,moto,14.37
max_pressure,45,auto,26.81
max_pressure,45,moto,5.04
max_pressure,45,moto,13.96
max_pressure,45,car,25.9
max_pressure,45,moto,14.95
max_pressure,45,car,13.86
max_pressure,45,moto,21.07
max_pressure,45,moto,4.21
max_pressure,45,moto,44.27
max_pressure,45,moto,35.08
max_pressure,45,moto,42.34
max_pressure,45,moto,13.55
max_pressure,45,auto,16.76
max_pressure,45,moto,18.14
max_pressure,45,moto,13.41
max_pressure,45,moto,10.54
max_pressure,45,moto,16.43
max_pressure,45,moto,25.07
max_pressure,45,moto,13.48
max_pressure,45,moto,19.55
max_pressure,45,moto,17.14
max_pressure,45,auto,21.82
max_pressure,45,auto,10.05
max_pressure,45,auto,2.93
max_pressure,45,car,1.32
max_pressure,45,auto,16.78
max_pressure,45,moto,11.09
max_pressure,45,moto,20.16
max_pressure,45,moto,23.45
max_pressure,45,car,23.74
max_pressure,45,moto,23.34
max_pressure,45,car,13.34
max_pressure,45,moto,41.05
max_pressure,45,moto,34.79
max_pressure,45,moto,35.4
max_pressure,45,auto,20.55
max_pressure,45,moto,21.77
max_pressure,45,moto,21.99
max_pressure,45,moto,11.86
max_pressure,45,auto,9.89
max_pressure,45,auto,25.92
max_pressure,45,auto,24.94
max_pressure,45,auto,24.05
max_pressure,45,moto,25.71
max_pressure,45,moto,18.2
max_pressure,45,moto,9.5
max_pressure,45,car,24.53
max_pressure,45,auto,15.35
max_pressure,45,auto,1.38
max_pressure,45,moto,1.83
max_pressure,45,moto,7.31
max_pressure,45,moto,42.17
max_pressure,45,car,33.02
max_pressure,45,auto,29.92
max_pressure,45,auto,27.73
max_pressure,45,car,25.8
max_pressure,45,moto,33.01
max_pressure,45,auto,20.05
max_pressure,45,moto,34.34
max_pressure,45,moto,4.12
max_pressure,45,moto,3.4
max_pressure,45,moto,21.87
max_pressure,45,car,7.03
max_pressure,45,moto,23.85
max_pressure,45,moto,20.84
max_pressure,45,moto,10.39
max_pressure,45,moto,21.51
max_pressure,45,moto,16.62
max_pressure,45,moto,22.24
max_pressure,45,moto,24.14
max_pressure,45,moto,27.21
max_pressure,45,moto,15.87
max_pressure,45,moto,27.16
max_pressure,45,car,17.07
max_pressure,45,auto,18.42
max_pressure,45,car,24.94
max_pressure,45,auto,1.27
max_pressure,45,moto,14.61
max_pressure,45,moto,2.58
max_pressure,45,auto,24.14
max_pressure,45,car,21.79
max_pressure,45,moto,16.82
max_pressure,45,car,7.59
max_pressure,45,moto,38.22
max_pressure,45,auto,1.18
max_pressure,45,moto,40.05
max_pressure,45,moto,25.05
max_pressure,45,moto,23.64
max_pressure,45,auto,23.34
max_pressure,45,auto,15.24
max_pressure,45,car,23.19
max_pressure,45,car,28.55
max_pressure,45,car,32.51
max_pressure,45,auto,16.0
max_pressure,45,moto,28.37
max_pressure,45,moto,6.28
max_pressure,45,moto,12.25
max_pressure,45,moto,13.6
max_pressure,45,auto,6.0
max_pressure,45,moto,10.72
max_pressure,45,moto,17.84
max_pressure,45,moto,19.7
max_pressure,45,car,14.49
max_pressure,45,auto,26.71
max_pressure,45,moto,11.75
max_pressure,45,auto,15.18
max_pressure,45,moto,11.04
max_pressure,45,moto,10.84
max_pressure,45,moto,8.54
max_pressure,45,moto,2.31
max_pressure,45,car,7.6
max_pressure,45,car,20.57
max_pressure,45,moto,21.13
max_pressure,45,auto,8.94
max_pressure,45,moto,19.42
max_pressure,45,moto,16.78
max_pressure,45,moto,30.57
max_pressure,45,auto,5.02
max_pressure,45,moto,2.71
max_pressure,45,moto,21.43
max_pressure,45,moto,8.83
max_pressure,45,car,22.12
max_pressure,45,moto,18.51
max_pressure,45,moto,13.93
max_pressure,45,car,17.95
max_pressure,45,car,18.31
max_pressure,45,auto,13.6
max_pressure,45,auto,0.98
max_pressure,45,moto,20.01
max_pressure,45,moto,22.88
max_pressure,45,moto,37.15
max_pressure,45,auto,30.57
max_pressure,45,auto,25.1
max_pressure,45,auto,31.95
max_pressure,45,moto,29.35
max_pressure,45,car,29.55
max_pressure,45,moto,27.31
max_pressure,45,moto,26.88
max_pressure,45,moto,2.17
max_pressure,45,moto,28.39
max_pressure,45,auto,32.63
max_pressure,45,moto,17.19
max_pressure,45,moto,2.34
max_pressure,45,moto,27.96
max_pressure,45,moto,25.0
max_pressure,45,moto,23.92
max_pressure,45,moto,2.64
max_pressure,45,car,1.0
max_pressure,45,car,34.16
max_pressure,45,auto,34.75
max_pressure,45,auto,27.67
max_pressure,45,car,25.71
max_pressure,45,auto,20.56
max_pressure,45,moto,28.26
max_pressure,45,moto,23.24
max_pressure,45,auto,25.59
max_pressure,45,moto,32.28
max_pressure,45,moto,28.81
max_pressure,45,moto,28.87
max_pressure,45,moto,7.11
max_pressure,45,moto,11.03
max_pressure,45,car,22.85
max_pressure,45,moto,30.27
max_pressure,45,car,24.27
max_pressure,45,moto,24.36
max_pressure,45,car,21.24
max_pressure,45,auto,19.32
max_pressure,45,moto,16.94
max_pressure,45,moto,2.35
max_pressure,45,auto,3.81
max_pressure,45,moto,24.69
max_pressure,45,moto,39.61
max_pressure,45,auto,33.53
max_pressure,45,moto,32.07
max_pressure,45,moto,26.65
max_pressure,45,auto,22.46
max_pressure,45,moto,22.56
max_pressure,45,moto,2.54
max_pressure,45,moto,29.9
max_pressure,45,auto,24.02
max_pressure,45,car,12.81
max_pressure,45,moto,8.43
max_pressure,45,moto,7.64
max_pressure,45,moto,2.11
max_pressure,45,moto,14.64
max_pressure,45,car,10.54
max_pressure,45,auto,18.46
max_pressure,45,auto,14.54
max_pressure,45,auto,4.05
max_pressure,45,auto,19.46
max_pressure,45,auto,12.21
max_pressure,45,auto,10.99
max_pressure,45,moto,16.39
max_pressure,45,auto,15.05
max_pressure,45,moto,40.11
max_pressure,45,moto,26.28
max_pressure,45,auto,41.72
max_pressure,45,moto,20.69
max_pressure,45,auto,23.18
max_pressure,45,moto,13.99
max_pressure,45,moto,17.42
max_pressure,45,moto,14.71
max_pressure,45,moto,4.99
max_pressure,45,auto,17.27
max_pressure,45,moto,4.0
max_pressure,45,moto,17.65
max_pressure,45,car,21.94
max_pressure,45,moto,7.32
max_pressure,45,moto,26.42
max_pressure,45,auto,22.23
max_pressure,45,moto,30.91
max_pressure,45,auto,1.77
max_pressure,45,car,8.83
max_pressure,45,car,21.94
max_pressure,45,auto,40.58
max_pressure,45,auto,36.0
max_pressure,45,car,20.68
max_pressure,45,moto,24.5
max_pressure,45,moto,2.57
max_pressure,45,moto,30.46
max_pressure,45,moto,12.43
max_pressure,45,auto,32.52
max_pressure,45,auto,31.61
max_pressure,45,moto,30.4
max_pressure,45,car,21.4
max_pressure,45,moto,3.09
max_pressure,45,moto,39.12
max_pressure,45,moto,33.95
max_pressure,45,auto,35.05
max_pressure,45,car,29.11
max_pressure,45,auto,35.14
max_pressure,45,auto,24.17
max_pressure,45,moto,12.7
max_pressure,45,moto,3.39
max_pressure,45,moto,28.39
max_pressure,45,car,22.98
max_pressure,45,moto,20.14
max_pressure,45,moto,24.76
max_pressure,45,moto,17.62
max_pressure,45,car,25.7
max_pressure,45,moto,19.38
max_pressure,45,moto,12.34
max_pressure,45,auto,30.99
max_pressure,45,moto,13.27
max_pressure,45,auto,13.79
max_pressure,45,car,1.57
max_pressure,45,moto,18.4
max_pressure,45,moto,24.23
max_pressure,45,moto,7.15
max_pressure,45,car,14.39
max_pressure,45,moto,38.94
max_pressure,45,moto,45.03
max_pressure,45,moto,22.49
max_pressure,45,moto,19.14
max_pressure,45,moto,37.07
max_pressure,45,moto,26.03
max_pressure,45,moto,19.53
max_pressure,45,auto,14.43
max_pressure,45,moto,20.36
max_pressure,45,moto,22.65
max_pressure,45,moto,15.88
max_pressure,45,moto,15.06
max_pressure,45,auto,28.75
max_pressure,45,auto,30.36
max_pressure,45,auto,23.08
max_pressure,45,moto,14.84
max_pressure,45,moto,15.85
max_pressure,45,moto,15.39
max_pressure,45,auto,12.5
max_pressure,45,moto,16.98
max_pressure,45,moto,18.63
max_pressure,45,moto,20.75
max_pressure,45,moto,18.54
max_pressure,45,moto,38.2
max_pressure,45,moto,25.01
max_pressure,45,moto,3.01
max_pressure,45,auto,23.44
max_pressure,45,moto,13.36
max_pressure,45,moto,5.14
max_pressure,45,moto,14.82
max_pressure,45,moto,18.89
max_pressure,45,car,19.73
max_pressure,45,moto,13.8
max_pressure,45,moto,9.51
max_pressure,45,auto,10.93
max_pressure,45,car,3.12
max_pressure,45,car,10.38
max_pressure,45,moto,22.85
max_pressure,45,auto,32.14
max_pressure,45,moto,23.86
max_pressure,45,auto,22.75
max_pressure,45,auto,23.58
max_pressure,45,car,9.79
max_pressure,45,auto,16.8
max_pressure,45,moto,3.46
max_pressure,45,auto,19.0
max_pressure,45,moto,34.03
max_pressure,45,auto,32.08
max_pressure,45,moto,26.8
max_pressure,45,moto,1.78
max_pressure,45,moto,16.56
max_pressure,45,auto,19.29
max_pressure,45,moto,4.62
max_pressure,45,auto,20.68
max_pressure,45,auto,29.54
max_pressure,45,moto,15.9
max_pressure,45,auto,19.91
max_pressure,45,moto,13.63
max_pressure,45,auto,29.16
max_pressure,45,car,20.96
max_pressure,45,auto,10.98
max_pressure,45,moto,2.4
max_pressure,45,auto,9.73
max_pressure,45,car,6.72
max_pressure,45,moto,25.91
max_pressure,45,car,26.11
max_pressure,45,auto,26.98
max_pressure,45,car,28.08
max_pressure,45,auto,12.3
max_pressure,45,auto,10.37
max_pressure,45,car,7.95
max_pressure,45,moto,41.44
max_pressure,45,car,5.95
max_pressure,45,car,2.9
max_pressure,45,moto,32.0
max_pressure,45,moto,28.77
max_pressure,45,moto,3.12
max_pressure,45,moto,2.28
max_pressure,45,moto,34.84
max_pressure,45,moto,27.12
max_pressure,45,moto,2.22
max_pressure,45,moto,11.84
max_pressure,45,auto,27.71
max_pressure,45,car,23.49
max_pressure,45,moto,36.65
max_pressure,45,moto,38.97
max_pressure,45,car,37.12
max_pressure,45,auto,29.06
max_pressure,45,auto,20.21
max_pressure,45,auto,40.31
max_pressure,45,car,36.77
max_pressure,45,moto,27.21
max_pressure,45,moto,31.0
max_pressure,45,car,12.81
max_pressure,45,car,32.22
max_pressure,45,car,38.25
max_pressure,45,moto,8.39
max_pressure,45,moto,30.55
max_pressure,45,car,18.61
max_pressure,45,moto,2.12
max_pressure,45,auto,33.11
max_pressure,45,moto,3.77
max_pressure,46,auto,1.21
max_pressure,46,moto,2.41
max_pressure,46,moto,2.04
max_pressure,46,auto,6.79
max_pressure,46,auto,22.28
max_pressure,46,moto,14.66
max_pressure,46,moto,14.49
max_pressure,46,moto,1.86
max_pressure,46,moto,21.39
max_pressure,46,moto,16.72
max_pressure,46,car,24.41
max_pressure,46,moto,9.54
max_pressure,46,car,13.87
max_pressure,46,auto,1.12
max_pressure,46,moto,20.42
max_pressure,46,moto,19.73
max_pressure,46,moto,14.35
max_pressure,46,car,5.81
max_pressure,46,moto,6.61
max_pressure,46,auto,2.36
max_pressure,46,moto,23.74
max_pressure,46,car,28.62
max_pressure,46,moto,17.95
max_pressure,46,moto,24.28
max_pressure,46,moto,28.92
max_pressure,46,moto,30.08
max_pressure,46,moto,22.98
max_pressure,46,auto,33.63
max_pressure,46,moto,15.11
max_pressure,46,moto,14.56
max_pressure,46,moto,13.09
max_pressure,46,moto,32.24
max_pressure,46,moto,28.06
max_pressure,46,auto,8.37
max_pressure,46,auto,25.97
max_pressure,46,moto,17.31
max_pressure,46,auto,1.12
max_pressure,46,moto,2.01
max_pressure,46,auto,1.25
max_pressure,46,moto,16.91
max_pressure,46,auto,10.39
max_pressure,46,moto,30.22
max_pressure,46,moto,31.72
max_pressure,46,moto,36.17
max_pressure,46,moto,37.16
max_pressure,46,moto,20.31
max_pressure,46,moto,24.29
max_pressure,46,moto,12.74
max_pressure,46,auto,27.31
max_pressure,46,moto,29.64
max_pressure,46,moto,1.75
max_pressure,46,moto,21.78
max_pressure,46,moto,26.69
max_pressure,46,moto,23.55
max_pressure,46,moto,26.34
max_pressure,46,auto,12.89
max_pressure,46,moto,31.56
max_pressure,46,auto,21.59
max_pressure,46,auto,22.38
max_pressure,46,car,24.53
max_pressure,46,auto,1.03
max_pressure,46,moto,21.23
max_pressure,46,moto,18.56
max_pressure,46,moto,23.79
max_pressure,46,moto,15.83
max_pressure,46,auto,6.59
max_pressure,46,moto,38.3
max_pressure,46,moto,25.56
max_pressure,46,moto,25.96
max_pressure,46,moto,1.82
max_pressure,46,car,27.12
max_pressure,46,auto,32.6
max_pressure,46,car,24.69
max_pressure,46,auto,23.03
max_pressure,46,moto,11.97
max_pressure,46,moto,24.63
max_pressure,46,moto,25.11
max_pressure,46,moto,15.34
max_pressure,46,moto,25.54
max_pressure,46,auto,8.36
max_pressure,46,car,22.55
max_pressure,46,moto,17.33
max_pressure,46,car,13.21
max_pressure,46,moto,7.92
max_pressure,46,moto,29.59
max_pressure,46,moto,42.34
max_pressure,46,moto,26.02
max_pressure,46,moto,42.03
max_pressure,46,moto,27.69
max_pressure,46,moto,38.55
max_pressure,46,auto,43.38
max_pressure,46,moto,40.21
max_pressure,46,auto,46.89
max_pressure,46,moto,22.01
max_pressure,46,moto,35.18
max_pressure,46,moto,27.98
max_pressure,46,moto,32.18
max_pressure,46,moto,25.99
max_pressure,46,moto,2.29
max_pressure,46,car,22.41
max_pressure,46,moto,7.58
max_pressure,46,moto,28.82
max_pressure,46,auto,11.08
max_pressure,46,moto,18.42
max_pressure,46,auto,10.02
max_pressure,46,auto,13.52
max_pressure,46,auto,8.56
max_pressure,46,auto,12.15
max_pressure,46,moto,7.01
max_pressure,46,auto,3.71
max_pressure,46,auto,25.74
max_pressure,46,moto,29.42
max_pressure,46,moto,28.79
max_pressure,46,moto,23.19
max_pressure,46,auto,24.72
max_pressure,46,moto,22.77
max_pressure,46,car,27.75
max_pressure,46,auto,7.45
max_pressure,46,moto,8.78
max_pressure,46,moto,1.75
max_pressure,46,moto,18.61
max_pressure,46,moto,11.07
max_pressure,46,moto,2.23
max_pressure,46,moto,2.48
max_pressure,46,auto,1.82
max_pressure,46,moto,39.69
max_pressure,46,moto,20.41
max_pressure,46,car,29.12
max_pressure,46,auto,26.24
max_pressure,46,car,18.71
max_pressure,46,moto,17.88
max_pressure,46,car,16.7
max_pressure,46,moto,13.96
max_pressure,46,moto,11.41
max_pressure,46,moto,19.03
max_pressure,46,moto,19.67
max_pressure,46,moto,18.78
max_pressure,46,moto,13.92
max_pressure,46,moto,1.69
max_pressure,46,moto,2.68
max_pressure,46,moto,40.56
max_pressure,46,car,40.44
max_pressure,46,moto,34.33
max_pressure,46,moto,33.27
max_pressure,46,car,46.83
max_pressure,46,moto,38.73
max_pressure,46,car,30.53
max_pressure,46,car,29.48
max_pressure,46,auto,28.51
max_pressure,46,moto,31.51
max_pressure,46,auto,23.71
max_pressure,46,moto,30.51
max_pressure,46,moto,8.5
max_pressure,46,moto,28.78
max_pressure,46,auto,24.64
max_pressure,46,auto,19.31
max_pressure,46,moto,26.33
max_pressure,46,moto,18.58
max_pressure,46,moto,35.66
max_pressure,46,moto,23.7
max_pressure,46,moto,17.27
max_pressure,46,car,1.46
max_pressure,46,auto,24.36
max_pressure,46,auto,21.43
max_pressure,46,moto,20.18
max_pressure,46,car,17.25
max_pressure,46,car,19.54
max_pressure,46,car,12.74
max_pressure,46,moto,4.14
max_pressure,46,moto,14.05
max_pressure,46,car,16.07
max_pressure,46,auto,6.8
max_pressure,46,moto,19.13
max_pressure,46,auto,4.32
max_pressure,46,moto,28.24
max_pressure,46,auto,24.98
max_pressure,46,moto,19.28
max_pressure,46,moto,18.49
max_pressure,46,moto,31.84
max_pressure,46,auto,24.6
max_pressure,46,moto,28.34
max_pressure,46,car,31.02
max_pressure,46,auto,21.9
max_pressure,46,moto,27.13
max_pressure,46,auto,30.87
max_pressure,46,moto,9.32
max_pressure,46,moto,6.47
max_pressure,46,moto,29.54
max_pressure,46,car,1.28
max_pressure,46,auto,23.2
max_pressure,46,moto,5.79
max_pressure,46,moto,4.79
max_pressure,46,moto,28.35
max_pressure,46,moto,30.85
max_pressure,46,auto,35.93
max_pressure,46,moto,20.19
max_pressure,46,moto,19.35
max_pressure,46,moto,4.08
max_pressure,46,moto,2.72
max_pressure,46,car,34.74
max_pressure,46,moto,24.78
max_pressure,46,car,21.0
max_pressure,46,moto,35.09
max_pressure,46,moto,40.78
max_pressure,46,moto,31.43
max_pressure,46,moto,24.31
max_pressure,46,moto,35.61
max_pressure,46,moto,32.09
max_pressure,46,moto,12.75
max_pressure,46,car,12.16
max_pressure,46,moto,1.55
max_pressure,46,auto,21.58
max_pressure,46,moto,26.64
max_pressure,46,auto,12.98
max_pressure,46,moto,29.47
max_pressure,46,moto,9.14
max_pressure,46,auto,14.44
max_pressure,46,car,18.81
max_pressure,46,car,12.77
max_pressure,46,car,5.27
max_pressure,46,moto,3.07
max_pressure,46,car,1.08
max_pressure,46,moto,21.93
max_pressure,46,auto,50.26
max_pressure,46,moto,25.24
max_pressure,46,moto,25.88
max_pressure,46,moto,18.66
max_pressure,46,moto,5.78
max_pressure,46,car,25.89
max_pressure,46,moto,7.19
max_pressure,46,car,29.87
max_pressure,46,moto,22.81
max_pressure,46,moto,4.01
max_pressure,46,car,30.33
max_pressure,46,car,33.97
max_pressure,46,moto,4.73
max_pressure,46,moto,25.49
max_pressure,46,moto,18.09
max_pressure,46,moto,12.01
max_pressure,46,car,14.59
max_pressure,46,moto,2.7
max_pressure,46,moto,30.67
max_pressure,46,car,33.12
max_pressure,46,moto,22.59
max_pressure,46,moto,43.28
max_pressure,46,auto,18.96
max_pressure,46,moto,32.67
max_pressure,46,auto,2.38
max_pressure,46,car,36.43
max_pressure,46,auto,23.24
max_pressure,46,car,23.78
max_pressure,46,auto,18.86
max_pressure,46,auto,34.36
max_pressure,46,car,26.58
max_pressure,46,car,19.0
max_pressure,46,auto,22.39
max_pressure,46,auto,12.87
max_pressure,46,auto,11.98
max_pressure,46,moto,2.55
max_pressure,46,car,47.68
max_pressure,46,car,40.28
max_pressure,46,moto,32.58
max_pressure,46,moto,28.02
max_pressure,46,moto,36.44
max_pressure,46,moto,39.14
max_pressure,46,moto,28.47
max_pressure,46,moto,47.88
max_pressure,46,auto,29.98
max_pressure,46,moto,21.13
max_pressure,46,moto,18.29
max_pressure,46,moto,12.73
max_pressure,46,auto,42.41
max_pressure,46,auto,14.89
max_pressure,46,auto,2.59
max_pressure,46,moto,6.84
max_pressure,46,moto,6.95
max_pressure,46,moto,23.8
max_pressure,46,car,20.08
max_pressure,46,moto,6.76
max_pressure,46,moto,5.08
max_pressure,46,moto,2.51
max_pressure,46,car,1.5
max_pressure,46,auto,38.81
max_pressure,46,car,32.08
max_pressure,46,moto,7.35
max_pressure,46,moto,6.42
max_pressure,46,moto,25.71
max_pressure,46,auto,26.3
max_pressure,46,car,18.1
max_pressure,46,auto,23.81
max_pressure,46,moto,22.92
max_pressure,46,moto,14.92
max_pressure,46,moto,17.93
max_pressure,46,moto,6.86
max_pressure,46,car,11.68
max_pressure,46,moto,7.43
max_pressure,46,moto,2.55
max_pressure,46,car,15.67
max_pressure,46,moto,2.45
max_pressure,46,moto,1.66
max_pressure,46,moto,3.12
max_pressure,46,moto,38.02
max_pressure,46,moto,35.7
max_pressure,46,moto,35.69
max_pressure,46,moto,30.76
max_pressure,46,moto,29.64
max_pressure,46,auto,44.59
max_pressure,46,moto,34.94
max_pressure,46,moto,25.85
max_pressure,46,moto,37.82
max_pressure,46,moto,36.47
max_pressure,46,moto,13.05
max_pressure,46,moto,18.22
max_pressure,46,auto,20.88
max_pressure,46,auto,5.23
max_pressure,46,moto,49.44
max_pressure,46,moto,40.56
max_pressure,46,moto,34.74
max_pressure,46,moto,32.08
max_pressure,46,auto,42.9
max_pressure,46,auto,39.94
max_pressure,46,moto,42.76
max_pressure,46,moto,27.13
max_pressure,46,auto,36.0
max_pressure,46,auto,33.61
max_pressure,46,moto,52.71
max_pressure,46,moto,39.7
max_pressure,46,moto,42.26
max_pressure,46,car,38.17
max_pressure,46,auto,55.99
max_pressure,46,car,34.26
max_pressure,46,auto,46.64
max_pressure,46,moto,22.6
max_pressure,46,car,41.65
max_pressure,46,moto,17.12
max_pressure,46,moto,12.95
max_pressure,46,car,9.63
max_pressure,46,moto,18.16
max_pressure,46,moto,4.09
max_pressure,46,moto,2.9
max_pressure,46,moto,1.87
max_pressure,46,car,3.99
max_pressure,46,auto,46.48
max_pressure,46,auto,34.77
max_pressure,46,moto,36.91
max_pressure,46,moto,43.52
max_pressure,46,auto,33.98
max_pressure,46,auto,43.99
max_pressure,46,car,42.0
max_pressure,46,car,44.78
max_pressure,46,auto,50.49
max_pressure,46,car,38.15
max_pressure,46,moto,12.81
max_pressure,46,auto,1.08
max_pressure,46,moto,2.06
max_pressure,46,moto,7.77
max_pressure,46,auto,1.1
max_pressure,46,auto,1.09
max_pressure,46,moto,49.33
max_pressure,46,moto,45.24
max_pressure,46,car,38.31
max_pressure,46,moto,33.43
max_pressure,46,auto,47.35
max_pressure,46,moto,52.11
max_pressure,46,auto,19.67
max_pressure,46,car,57.09
max_pressure,46,moto,51.8
max_pressure,46,car,58.43
max_pressure,46,moto,50.64
max_pressure,46,auto,50.09
max_pressure,46,moto,43.24
max_pressure,46,moto,47.59
max_pressure,46,moto,34.03
max_pressure,46,moto,37.99
max_pressure,46,auto,37.91
max_pressure,46,car,45.38
max_pressure,46,moto,27.04
max_pressure,46,moto,13.03
max_pressure,46,moto,10.02
max_pressure,46,auto,36.86
max_pressure,46,moto,20.25
max_pressure,46,car,21.12
max_pressure,46,moto,16.72
max_pressure,46,auto,20.55
max_pressure,46,car,14.32
max_pressure,46,auto,1.96
max_pressure,46,moto,2.12
max_pressure,46,moto,33.34
max_pressure,46,car,42.85
max_pressure,46,moto,31.16
max_pressure,46,car,1.46
max_pressure,46,moto,25.62
max_pressure,46,moto,26.27
max_pressure,46,auto,41.68
max_pressure,46,moto,62.83
max_pressure,46,car,35.27
max_pressure,46,moto,37.72
max_pressure,46,car,24.0
max_pressure,46,auto,44.78
max_pressure,46,moto,25.76
max_pressure,46,car,41.58
max_pressure,46,moto,41.98
max_pressure,46,auto,50.77
max_pressure,46,moto,38.52
max_pressure,46,moto,31.88
max_pressure,46,moto,24.36
max_pressure,46,moto,23.24
max_pressure,46,moto,8.56
max_pressure,46,auto,22.1
max_pressure,46,moto,17.56
max_pressure,46,moto,9.21
max_pressure,46,auto,10.27
max_pressure,46,moto,2.55
max_pressure,46,moto,42.64
max_pressure,46,car,22.48
max_pressure,46,moto,43.51
max_pressure,46,moto,21.1
max_pressure,46,moto,19.93
max_pressure,46,moto,43.36
max_pressure,46,auto,30.22
max_pressure,46,auto,48.35
max_pressure,46,moto,37.47
max_pressure,46,auto,43.45
max_pressure,46,moto,28.44
max_pressure,46,moto,26.72
max_pressure,46,moto,18.39
max_pressure,46,moto,13.49
max_pressure,46,moto,13.78
max_pressure,46,moto,2.43
max_pressure,46,auto,19.45
max_pressure,46,moto,47.54
max_pressure,46,moto,38.16
max_pressure,46,moto,35.93
max_pressure,46,moto,26.03
max_pressure,46,moto,49.45
max_pressure,46,moto,23.59
max_pressure,46,moto,21.06
max_pressure,46,moto,28.16
max_pressure,46,moto,22.41
max_pressure,46,moto,39.62
max_pressure,46,moto,35.96
max_pressure,46,car,57.58
max_pressure,46,moto,61.7
max_pressure,46,car,45.18
max_pressure,46,car,39.05
max_pressure,46,auto,59.22
max_pressure,46,moto,39.32
max_pressure,46,moto,35.66
max_pressure,46,moto,41.23
max_pressure,46,auto,1.2
max_pressure,46,moto,28.59
max_pressure,46,moto,19.82
max_pressure,46,moto,18.87
max_pressure,46,auto,1.09
max_pressure,46,moto,14.27
max_pressure,46,car,14.97
max_pressure,46,moto,1.82
max_pressure,46,auto,48.75
max_pressure,46,moto,40.6
max_pressure,46,car,40.44
max_pressure,46,moto,39.56
max_pressure,46,car,26.28
max_pressure,46,moto,52.41
max_pressure,46,moto,27.45
max_pressure,46,moto,51.76
max_pressure,46,moto,36.52
max_pressure,46,moto,30.84
max_pressure,46,auto,26.86
max_pressure,46,moto,32.42
max_pressure,46,moto,36.54
max_pressure,46,auto,40.12
max_pressure,46,moto,33.4
max_pressure,46,auto,56.44
max_pressure,46,auto,47.31
max_pressure,46,moto,38.27
max_pressure,46,auto,33.76
max_pressure,46,auto,41.91
max_pressure,46,moto,39.4
max_pressure,46,moto,39.67
max_pressure,46,moto,22.18
max_pressure,46,moto,23.68
max_pressure,46,auto,36.35
max_pressure,46,car,38.75
max_pressure,46,moto,20.78
max_pressure,46,car,14.99
max_pressure,46,moto,16.09
max_pressure,46,car,4.3
max_pressure,46,moto,9.23
max_pressure,46,moto,10.81
max_pressure,46,moto,21.86
max_pressure,46,car,6.46
max_pressure,46,moto,38.32
max_pressure,46,car,34.24
max_pressure,46,moto,28.08
max_pressure,46,moto,35.65
max_pressure,46,auto,29.19
max_pressure,46,moto,32.71
max_pressure,46,moto,41.2
max_pressure,46,moto,40.0
max_pressure,46,moto,43.8
max_pressure,46,auto,23.45
max_pressure,46,moto,52.24
max_pressure,46,car,29.14
max_pressure,46,moto,51.39
max_pressure,46,moto,38.05
max_pressure,46,auto,33.02
max_pressure,46,auto,35.15
max_pressure,46,car,32.7
max_pressure,46,moto,12.96
max_pressure,46,car,5.46
max_pressure,46,car,28.03
max_pressure,46,moto,18.87
max_pressure,46,auto,18.09
max_pressure,46,moto,9.8
max_pressure,46,auto,4.56
max_pressure,46,moto,6.26
max_pressure,46,car,11.64
max_pressure,46,moto,3.59
max_pressure,46,moto,49.66
max_pressure,46,car,40.73
max_pressure,46,auto,40.45
max_pressure,46,auto,43.47
max_pressure,46,auto,40.42
max_pressure,46,car,48.53
max_pressure,46,auto,37.03
max_pressure,46,moto,33.4
max_pressure,46,auto,43.74
max_pressure,46,moto,36.13
max_pressure,46,moto,50.33
max_pressure,46,car,29.04
max_pressure,46,car,40.96
max_pressure,46,car,36.23
max_pressure,46,moto,17.06
max_pressure,46,moto,21.44
max_pressure,46,moto,20.55
max_pressure,46,moto,15.56
max_pressure,46,moto,17.63
max_pressure,46,moto,13.43
max_pressure,46,moto,4.53
max_pressure,46,car,7.34
max_pressure,46,moto,2.89
max_pressure,46,moto,2.83
max_pressure,46,moto,3.84
max_pressure,46,moto,4.31
max_pressure,46,moto,2.14
max_pressure,46,moto,4.0
max_pressure,46,moto,36.84
max_pressure,46,moto,1.97
max_pressure,46,moto,46.53
max_pressure,46,car,46.38
max_pressure,46,moto,29.28
max_pressure,46,moto,39.77
max_pressure,46,moto,37.69
max_pressure,46,car,27.89
max_pressure,46,moto,56.09
max_pressure,46,auto,36.42
max_pressure,46,auto,33.45
max_pressure,46,auto,61.15
max_pressure,46,auto,48.15
max_pressure,46,auto,48.43
max_pressure,46,moto,41.65
max_pressure,46,auto,33.95
max_pressure,46,car,32.64
max_pressure,46,moto,27.84
max_pressure,46,moto,37.06
max_pressure,46,moto,1.73
max_pressure,46,moto,19.41
max_pressure,46,moto,2.15
max_pressure,46,moto,37.58
max_pressure,46,moto,45.58
max_pressure,46,moto,43.84
max_pressure,46,moto,18.18
max_pressure,46,auto,42.86
max_pressure,46,moto,34.38
max_pressure,46,moto,57.45
max_pressure,46,auto,58.23
max_pressure,46,auto,54.0
max_pressure,46,auto,35.93
max_pressure,46,moto,47.45
max_pressure,46,moto,39.05
max_pressure,46,car,5.62
max_pressure,46,moto,19.58
max_pressure,46,car,15.46
max_pressure,46,moto,48.23
max_pressure,46,moto,41.03
max_pressure,46,moto,29.68
max_pressure,46,auto,50.64
max_pressure,46,moto,44.97
max_pressure,46,moto,26.65
max_pressure,46,auto,43.24
max_pressure,46,car,33.72
max_pressure,46,auto,42.81
max_pressure,46,moto,50.89
max_pressure,46,moto,44.45
max_pressure,46,moto,53.8
max_pressure,46,auto,50.96
max_pressure,46,moto,37.69
max_pressure,46,moto,45.38
max_pressure,46,car,49.78
max_pressure,46,moto,22.46
max_pressure,46,moto,29.11
max_pressure,46,moto,1.91
max_pressure,46,auto,9.33
max_pressure,46,auto,1.11
max_pressure,46,moto,3.14
max_pressure,46,auto,1.26
max_pressure,46,moto,29.12
max_pressure,46,moto,28.21
max_pressure,46,moto,33.24
max_pressure,46,car,43.46
max_pressure,46,moto,29.67
max_pressure,46,moto,22.26
max_pressure,46,moto,52.32
max_pressure,46,moto,36.64
max_pressure,46,moto,39.45
max_pressure,46,moto,50.58
max_pressure,46,moto,54.75
max_pressure,46,auto,45.64
max_pressure,46,auto,40.01
max_pressure,46,moto,34.19
max_pressure,46,auto,39.22
max_pressure,46,moto,16.27
max_pressure,46,moto,26.12
max_pressure,46,car,19.42
max_pressure,46,auto,12.36
max_pressure,46,moto,17.93
max_pressure,46,moto,2.43
max_pressure,46,car,33.88
max_pressure,46,moto,30.0
max_pressure,46,moto,26.69
max_pressure,46,moto,27.99
max_pressure,46,moto,23.51
max_pressure,46,auto,41.01
max_pressure,46,car,4.01
max_pressure,46,car,32.62
max_pressure,46,car,24.22
max_pressure,46,moto,33.23
max_pressure,46,auto,57.31
max_pressure,46,moto,43.23
max_pressure,46,auto,35.55
max_pressure,46,moto,35.59
max_pressure,46,auto,47.28
max_pressure,46,moto,41.13
max_pressure,46,moto,7.57
max_pressure,46,auto,8.36
max_pressure,46,moto,8.49
max_pressure,46,moto,12.36
max_pressure,46,moto,8.75
max_pressure,46,auto,7.93
max_pressure,46,car,38.02
max_pressure,46,moto,37.39
max_pressure,46,moto,4.02
max_pressure,46,moto,3.05
max_pressure,46,moto,37.44
max_pressure,46,auto,44.31
max_pressure,46,moto,33.37
max_pressure,46,moto,25.46
max_pressure,46,auto,33.06
max_pressure,46,auto,29.31
max_pressure,46,auto,48.51
max_pressure,46,moto,50.56
max_pressure,46,auto,44.87
max_pressure,46,moto,49.42
max_pressure,46,moto,40.52
max_pressure,46,moto,39.94
max_pressure,46,moto,34.61
max_pressure,46,auto,36.59
max_pressure,46,moto,48.0
max_pressure,46,moto,31.51
max_pressure,46,moto,26.01
max_pressure,46,moto,34.98
max_pressure,46,car,10.32
max_pressure,46,moto,9.66
max_pressure,46,auto,26.56
max_pressure,46,moto,34.2
max_pressure,46,moto,9.32
max_pressure,46,moto,3.53
max_pressure,46,moto,2.4
max_pressure,46,moto,51.92
max_pressure,46,moto,43.44
max_pressure,46,auto,43.76
max_pressure,46,moto,25.53
max_pressure,46,auto,43.58
max_pressure,46,auto,34.7
max_pressure,46,moto,42.15
max_pressure,46,moto,32.48
max_pressure,46,moto,37.08
max_pressure,46,auto,23.42
max_pressure,46,auto,57.64
max_pressure,46,auto,55.98
max_pressure,46,car,23.2
max_pressure,46,moto,12.75
max_pressure,46,moto,27.88
max_pressure,46,moto,11.41
max_pressure,46,moto,14.28
max_pressure,46,car,14.7
max_pressure,46,moto,8.05
max_pressure,46,car,1.37
max_pressure,46,auto,12.81
max_pressure,46,moto,7.18
max_pressure,46,moto,12.82
max_pressure,46,moto,2.67
max_pressure,46,moto,2.35
max_pressure,46,car,39.07
max_pressure,46,moto,40.58
max_pressure,46,moto,31.23
max_pressure,46,moto,41.79
max_pressure,46,auto,39.18
max_pressure,46,auto,38.64
max_pressure,46,moto,53.96
max_pressure,46,auto,40.26
max_pressure,46,car,47.56
max_pressure,46,auto,35.73
max_pressure,46,moto,33.85
max_pressure,46,car,7.34
max_pressure,46,moto,7.38
max_pressure,46,moto,15.87
max_pressure,46,moto,17.03
max_pressure,46,auto,24.98
max_pressure,46,moto,2.79
max_pressure,46,moto,49.51
max_pressure,46,moto,29.73
max_pressure,46,moto,46.86
max_pressure,46,car,42.2
max_pressure,46,moto,20.85
max_pressure,46,moto,34.03
max_pressure,46,auto,28.28
max_pressure,46,car,49.43
max_pressure,46,moto,51.96
max_pressure,46,moto,45.6
max_pressure,46,auto,23.25
max_pressure,46,car,40.36
max_pressure,46,moto,39.12
max_pressure,46,auto,34.31
max_pressure,46,moto,23.59
max_pressure,46,moto,2.43
max_pressure,46,moto,36.23
max_pressure,46,moto,39.07
max_pressure,46,moto,36.7
max_pressure,46,moto,20.73
max_pressure,46,moto,9.13
max_pressure,46,auto,1.11
max_pressure,46,auto,13.19
max_pressure,46,moto,3.29
max_pressure,46,moto,49.34
max_pressure,46,moto,35.77
max_pressure,46,moto,35.44
max_pressure,46,moto,33.29
max_pressure,46,auto,1.21
max_pressure,46,moto,51.56
max_pressure,46,car,35.74
max_pressure,46,moto,32.71
max_pressure,46,moto,25.27
max_pressure,46,auto,29.4
max_pressure,46,moto,38.03
max_pressure,46,moto,54.99
max_pressure,46,auto,53.07
max_pressure,46,moto,39.41
max_pressure,46,auto,36.05
max_pressure,46,auto,46.3
max_pressure,46,moto,21.58
max_pressure,46,moto,20.15
max_pressure,46,moto,10.5
max_pressure,46,car,5.31
max_pressure,46,moto,18.49
max_pressure,46,moto,3.84
max_pressure,46,moto,2.92
max_pressure,46,car,21.74
max_pressure,46,moto,1.72
max_pressure,46,moto,3.96
max_pressure,46,moto,42.19
max_pressure,46,moto,39.25
max_pressure,46,auto,28.87
max_pressure,46,moto,19.88
max_pressure,46,moto,37.14
max_pressure,46,moto,36.27
max_pressure,46,moto,52.24
max_pressure,46,auto,62.25
max_pressure,46,car,52.48
max_pressure,46,auto,48.01
max_pressure,46,auto,37.26
max_pressure,46,car,38.69
max_pressure,46,moto,31.66
max_pressure,46,moto,19.56
max_pressure,46,moto,8.78
max_pressure,46,car,1.1
max_pressure,46,moto,3.18
max_pressure,46,car,0.88
max_pressure,46,moto,25.26
max_pressure,46,car,54.31
max_pressure,46,moto,30.93
max_pressure,46,car,25.23
max_pressure,46,moto,20.19
max_pressure,46,moto,27.83
max_pressure,46,moto,30.51
max_pressure,46,moto,52.16
max_pressure,46,car,21.38
max_pressure,46,auto,46.24
max_pressure,46,moto,49.74
max_pressure,46,moto,38.84
max_pressure,46,car,27.93
max_pressure,46,moto,33.47
max_pressure,46,auto,37.05
max_pressure,46,moto,38.32
max_pressure,46,car,30.15
max_pressure,46,moto,2.04
max_pressure,46,moto,32.64
max_pressure,46,car,27.95
max_pressure,46,moto,12.7
max_pressure,46,moto,14.35
max_pressure,46,car,11.32
max_pressure,46,auto,13.21
max_pressure,46,car,10.66
max_pressure,46,car,19.47
max_pressure,46,car,1.93
max_pressure,46,auto,4.84
max_pressure,46,moto,28.92
max_pressure,46,moto,50.41
max_pressure,46,moto,42.55
max_pressure,46,moto,30.55
max_pressure,46,moto,43.83
max_pressure,46,auto,38.28
max_pressure,46,moto,36.96
max_pressure,46,moto,44.38
max_pressure,46,moto,34.31
max_pressure,46,moto,35.09
max_pressure,46,auto,51.46
max_pressure,46,moto,37.67
max_pressure,46,moto,7.94
max_pressure,46,moto,3.14
max_pressure,46,moto,20.05
max_pressure,46,auto,17.23
max_pressure,46,auto,2.48
max_pressure,46,car,1.24
max_pressure,46,moto,7.58
max_pressure,46,auto,20.45
max_pressure,46,car,44.41
max_pressure,46,moto,38.77
max_pressure,46,moto,39.73
max_pressure,46,car,42.49
max_pressure,46,moto,30.61
max_pressure,46,moto,44.89
max_pressure,46,moto,33.6
max_pressure,46,moto,59.06
max_pressure,46,moto,47.36
max_pressure,46,moto,47.78
max_pressure,46,moto,28.37
max_pressure,46,moto,29.47
max_pressure,46,moto,47.88
max_pressure,46,auto,41.49
max_pressure,46,moto,46.08
max_pressure,46,auto,47.56
max_pressure,46,moto,41.66
max_pressure,46,moto,53.14
max_pressure,46,moto,35.04
max_pressure,46,auto,32.64
max_pressure,46,auto,53.74
max_pressure,46,auto,46.91
max_pressure,46,auto,43.48
max_pressure,46,moto,41.37
max_pressure,46,moto,1.82
max_pressure,46,auto,1.24
max_pressure,46,moto,23.47
max_pressure,46,car,9.76
max_pressure,46,auto,9.54
max_pressure,46,moto,49.96
max_pressure,46,car,33.48
max_pressure,46,moto,18.97
max_pressure,46,car,30.43
max_pressure,46,car,32.9
max_pressure,46,moto,57.97
max_pressure,46,moto,55.4
max_pressure,46,car,51.01
max_pressure,46,moto,34.76
max_pressure,46,moto,43.58
max_pressure,46,moto,41.01
max_pressure,46,car,48.66
max_pressure,46,auto,41.4
max_pressure,46,car,38.58
max_pressure,46,moto,26.09
max_pressure,46,moto,17.78
max_pressure,46,moto,21.98
max_pressure,46,moto,1.55
max_pressure,46,moto,20.82
max_pressure,46,auto,14.37
max_pressure,46,moto,12.79
max_pressure,46,car,31.74
max_pressure,46,moto,4.29
max_pressure,46,car,39.69
max_pressure,46,auto,43.0
max_pressure,46,moto,57.17
max_pressure,46,auto,58.86
max_pressure,46,moto,53.54
max_pressure,46,auto,56.7
max_pressure,46,car,55.75
max_pressure,46,car,34.45
max_pressure,46,moto,38.08
max_pressure,46,moto,36.51
max_pressure,46,moto,29.75
max_pressure,46,auto,16.05
max_pressure,46,moto,4.64
max_pressure,46,car,1.3
max_pressure,46,moto,20.88
max_pressure,46,moto,10.37
max_pressure,46,moto,18.55
max_pressure,46,auto,7.29
max_pressure,46,moto,2.89
max_pressure,46,moto,17.38
max_pressure,46,moto,11.03
max_pressure,46,moto,46.5
max_pressure,46,auto,48.31
max_pressure,46,auto,47.76
max_pressure,46,auto,44.02
max_pressure,46,auto,42.6
max_pressure,46,moto,26.66
max_pressure,46,moto,44.68
max_pressure,46,moto,37.21
max_pressure,46,moto,55.36
max_pressure,46,auto,52.02
max_pressure,46,auto,45.48
max_pressure,46,moto,38.94
max_pressure,46,moto,35.06
max_pressure,46,auto,52.99
max_pressure,46,auto,33.84
max_pressure,46,car,53.18
max_pressure,46,auto,51.39
max_pressure,46,auto,44.36
max_pressure,46,auto,40.71
max_pressure,46,car,32.58
max_pressure,46,moto,26.21
max_pressure,46,moto,32.3
max_pressure,46,car,14.71
max_pressure,46,auto,17.75
max_pressure,46,moto,20.51
max_pressure,46,auto,19.23
max_pressure,46,auto,11.08
max_pressure,46,car,1.44
max_pressure,46,moto,52.64
max_pressure,46,auto,3.92
max_pressure,46,auto,39.46
max_pressure,46,moto,32.54
max_pressure,46,moto,45.85
max_pressure,46,auto,39.71
max_pressure,46,moto,40.86
max_pressure,46,auto,34.53
max_pressure,46,auto,34.55
max_pressure,46,auto,36.92
max_pressure,46,auto,35.84
max_pressure,46,moto,45.59
max_pressure,46,car,43.7
max_pressure,46,moto,22.13
max_pressure,46,car,12.73
max_pressure,46,auto,1.31
max_pressure,46,auto,5.27
max_pressure,46,auto,4.43
max_pressure,46,moto,6.76
max_pressure,46,moto,41.37
max_pressure,46,auto,40.82
max_pressure,46,moto,36.86
max_pressure,46,moto,41.49
max_pressure,46,moto,36.34
max_pressure,46,moto,28.63
max_pressure,46,car,33.4
max_pressure,46,auto,54.81
max_pressure,46,auto,54.88
max_pressure,46,auto,49.43
max_pressure,46,moto,43.02
max_pressure,46,car,61.05
max_pressure,46,moto,41.38
max_pressure,46,moto,41.4
max_pressure,46,car,54.92
max_pressure,46,auto,39.54
max_pressure,46,car,32.09
max_pressure,46,moto,13.25
max_pressure,46,moto,10.36
max_pressure,46,auto,12.96
max_pressure,46,moto,2.37
max_pressure,46,moto,2.12
max_pressure,46,moto,28.8
max_pressure,46,moto,38.18
max_pressure,46,car,43.6
max_pressure,46,auto,29.68
max_pressure,46,car,41.48
max_pressure,46,moto,44.47
max_pressure,46,moto,41.55
max_pressure,46,moto,25.1
max_pressure,46,moto,31.82
max_pressure,46,auto,35.9
max_pressure,46,moto,48.05
max_pressure,46,auto,51.13
max_pressure,46,auto,44.06
max_pressure,46,moto,39.98
max_pressure,46,car,46.86
max_pressure,46,moto,28.91
max_pressure,46,moto,2.9
max_pressure,46,moto,21.72
max_pressure,46,moto,8.08
max_pressure,46,car,12.91
max_pressure,46,moto,8.38
max_pressure,46,moto,5.62
max_pressure,46,car,18.73
max_pressure,46,moto,2.85
max_pressure,46,moto,52.98
max_pressure,46,moto,49.16
max_pressure,46,moto,35.74
max_pressure,46,moto,23.75
max_pressure,46,moto,30.46
max_pressure,46,auto,29.44
max_pressure,46,car,48.3
max_pressure,46,moto,36.42
max_pressure,46,auto,47.63
max_pressure,46,auto,54.16
max_pressure,46,auto,31.38
max_pressure,46,moto,21.29
max_pressure,46,car,2.12
max_pressure,46,moto,11.81
max_pressure,46,car,18.97
max_pressure,46,moto,4.23
max_pressure,46,moto,3.44
max_pressure,46,moto,28.14
max_pressure,46,car,25.7
max_pressure,46,moto,21.84
max_pressure,46,moto,31.14
max_pressure,46,auto,23.01
max_pressure,46,moto,59.18
max_pressure,46,auto,45.46
max_pressure,46,moto,50.86
max_pressure,46,car,45.26
max_pressure,46,moto,48.58
max_pressure,46,auto,38.91
max_pressure,46,car,48.52
max_pressure,46,auto,43.16
max_pressure,46,auto,36.15
max_pressure,46,moto,37.92
max_pressure,46,moto,35.78
max_pressure,46,moto,23.74
max_pressure,46,moto,19.29
max_pressure,46,moto,12.74
max_pressure,46,car,8.24
max_pressure,46,moto,20.76
max_pressure,46,moto,8.72
max_pressure,46,car,2.36
max_pressure,46,car,36.79
max_pressure,46,moto,43.77
max_pressure,46,moto,29.24
max_pressure,46,auto,47.96
max_pressure,46,moto,27.81
max_pressure,46,auto,40.11
max_pressure,46,car,51.25
max_pressure,46,car,48.48
max_pressure,46,auto,37.49
max_pressure,46,car,50.78
max_pressure,46,auto,42.72
max_pressure,46,moto,33.74
max_pressure,46,moto,33.67
max_pressure,46,moto,7.63
max_pressure,46,moto,16.13
max_pressure,46,moto,12.77
max_pressure,46,auto,23.1
max_pressure,46,auto,11.82
max_pressure,46,moto,8.92
max_pressure,46,auto,9.87
max_pressure,46,auto,1.86
max_pressure,46,auto,1.22
max_pressure,46,moto,13.5
max_pressure,46,moto,2.2
max_pressure,46,moto,36.45
max_pressure,46,moto,22.12
max_pressure,46,auto,28.69
max_pressure,46,auto,23.59
max_pressure,46,moto,21.13
max_pressure,46,moto,3.35
max_pressure,46,moto,38.04
max_pressure,46,moto,53.33
max_pressure,46,moto,52.3
max_pressure,46,moto,53.17
max_pressure,46,moto,52.22
max_pressure,46,moto,54.02
max_pressure,46,moto,41.48
max_pressure,46,moto,38.13
max_pressure,46,auto,39.77
max_pressure,46,moto,36.38
max_pressure,46,moto,29.08
max_pressure,46,moto,29.4
max_pressure,46,moto,20.79
max_pressure,46,moto,3.03
max_pressure,46,moto,2.23
max_pressure,46,car,47.01
max_pressure,46,auto,35.77
max_pressure,46,auto,38.25
max_pressure,46,auto,37.72
max_pressure,46,car,44.24
max_pressure,46,auto,43.07
max_pressure,46,moto,35.23
max_pressure,46,auto,23.9
max_pressure,46,auto,42.95
max_pressure,46,auto,36.49
max_pressure,46,car,40.48
max_pressure,46,car,53.31
max_pressure,46,moto,41.2
max_pressure,46,moto,1.88
max_pressure,46,moto,35.05
max_pressure,46,moto,30.9
max_pressure,46,moto,12.42
max_pressure,46,car,4.1
max_pressure,46,auto,19.53
max_pressure,46,auto,7.45
max_pressure,46,moto,7.38
max_pressure,46,auto,9.21
max_pressure,46,moto,2.1
max_pressure,46,moto,28.59
max_pressure,46,car,1.37
max_pressure,46,moto,47.02
max_pressure,46,auto,38.08
max_pressure,46,moto,26.84
max_pressure,46,auto,28.14
max_pressure,46,auto,20.68
max_pressure,46,auto,42.96
max_pressure,46,auto,42.26
max_pressure,46,auto,34.25
max_pressure,46,auto,40.38
max_pressure,46,moto,37.22
max_pressure,46,moto,36.63
max_pressure,46,moto,37.41
max_pressure,46,moto,33.15
max_pressure,46,moto,33.86
max_pressure,46,moto,35.95
max_pressure,46,moto,20.21
max_pressure,46,moto,2.01
max_pressure,46,moto,2.64
max_pressure,46,auto,0.88
max_pressure,46,car,1.7
max_pressure,46,car,48.64
max_pressure,46,auto,27.29
max_pressure,46,moto,40.36
max_pressure,46,moto,31.67
max_pressure,46,auto,48.42
max_pressure,46,moto,34.12
max_pressure,46,moto,41.76
max_pressure,46,moto,36.92
max_pressure,46,auto,39.86
max_pressure,46,moto,33.32
max_pressure,46,moto,30.31
max_pressure,46,auto,36.22
max_pressure,46,moto,32.28
max_pressure,46,auto,36.47
max_pressure,46,auto,39.61
max_pressure,46,moto,27.66
max_pressure,46,auto,36.96
max_pressure,46,moto,40.34
max_pressure,46,auto,35.31
max_pressure,46,car,29.05
max_pressure,46,moto,31.7
max_pressure,46,moto,30.43
max_pressure,46,moto,18.26
max_pressure,46,moto,4.68
max_pressure,46,auto,4.82
max_pressure,46,auto,16.52
max_pressure,46,car,3.59
max_pressure,46,moto,11.07
max_pressure,46,moto,2.66
max_pressure,46,auto,1.06
max_pressure,46,moto,2.79
max_pressure,46,moto,2.33
max_pressure,46,auto,4.92
max_pressure,46,moto,2.07
max_pressure,46,moto,2.25
max_pressure,46,moto,32.45
max_pressure,46,auto,1.08
max_pressure,46,moto,47.34
max_pressure,46,moto,41.31
max_pressure,46,auto,40.86
max_pressure,46,car,26.03
max_pressure,46,moto,46.4
max_pressure,46,car,31.06
max_pressure,46,moto,36.37
max_pressure,46,car,37.89
max_pressure,46,moto,10.09
max_pressure,46,moto,2.91
max_pressure,46,auto,20.3
max_pressure,46,moto,9.9
max_pressure,46,moto,17.26
max_pressure,46,auto,21.94
max_pressure,46,auto,10.79
max_pressure,46,car,6.87
max_pressure,46,moto,3.29
max_pressure,46,moto,21.22
max_pressure,46,moto,3.16
max_pressure,46,moto,51.68
max_pressure,46,car,48.89
max_pressure,46,moto,44.06
max_pressure,46,moto,49.16
max_pressure,46,moto,39.92
max_pressure,46,car,38.15
max_pressure,46,car,38.07
max_pressure,46,car,59.21
max_pressure,46,car,35.81
max_pressure,46,auto,47.92
max_pressure,46,moto,43.02
max_pressure,46,moto,42.82
max_pressure,46,auto,30.02
max_pressure,46,moto,32.25
max_pressure,46,moto,60.93
max_pressure,46,car,53.27
max_pressure,46,moto,45.13
max_pressure,46,moto,30.36
max_pressure,46,auto,52.15
max_pressure,46,moto,34.46
max_pressure,46,car,11.99
max_pressure,46,car,19.6
max_pressure,46,auto,21.39
max_pressure,46,auto,15.54
max_pressure,46,moto,8.43
max_pressure,46,moto,17.64
max_pressure,46,auto,1.88
max_pressure,46,moto,50.71
max_pressure,46,moto,42.39
max_pressure,46,moto,31.99
max_pressure,46,auto,47.3
max_pressure,46,moto,40.82
max_pressure,46,auto,45.39
max_pressure,46,moto,43.78
max_pressure,46,car,51.56
max_pressure,46,moto,43.33
max_pressure,46,auto,42.82
max_pressure,46,auto,32.63
max_pressure,46,auto,42.02
max_pressure,46,auto,33.03
max_pressure,46,auto,30.75
max_pressure,46,auto,42.3
max_pressure,46,car,48.66
max_pressure,46,moto,40.28
max_pressure,46,moto,37.09
max_pressure,46,auto,49.66
max_pressure,46,moto,34.84
max_pressure,46,moto,10.13
max_pressure,46,car,18.86
max_pressure,46,moto,3.15
max_pressure,46,moto,21.26
max_pressure,46,moto,4.44
max_pressure,46,moto,5.04
max_pressure,46,moto,32.68
max_pressure,46,moto,48.7
max_pressure,46,moto,46.09
max_pressure,46,moto,47.8
max_pressure,46,moto,44.91
max_pressure,46,moto,43.08
max_pressure,46,auto,38.81
max_pressure,46,moto,19.91
max_pressure,46,auto,34.99
max_pressure,46,auto,23.24
max_pressure,46,moto,56.17
max_pressure,46,auto,24.43
max_pressure,46,auto,55.54
max_pressure,46,moto,50.49
max_pressure,46,moto,50.65
max_pressure,46,moto,34.65
max_pressure,46,auto,30.77
max_pressure,46,moto,34.83
max_pressure,46,moto,53.19
max_pressure,46,car,53.7
max_pressure,46,moto,19.37
max_pressure,46,moto,22.49
max_pressure,46,car,7.83
max_pressure,46,moto,12.39
max_pressure,46,moto,11.54
max_pressure,46,moto,3.11
max_pressure,46,moto,18.09
max_pressure,46,moto,2.73
max_pressure,46,moto,3.56
max_pressure,46,moto,48.61
max_pressure,46,moto,48.0
max_pressure,46,moto,44.63
max_pressure,46,moto,41.12
max_pressure,46,auto,32.77
max_pressure,46,moto,44.83
max_pressure,46,moto,39.31
max_pressure,46,moto,49.12
max_pressure,46,moto,31.89
max_pressure,46,moto,57.94
max_pressure,46,moto,33.22
max_pressure,46,car,51.82
max_pressure,46,auto,41.22
max_pressure,46,auto,42.37
max_pressure,46,moto,36.34
max_pressure,46,car,40.56
max_pressure,46,car,33.73
max_pressure,46,auto,1.41
max_pressure,46,moto,6.63
max_pressure,46,moto,2.32
max_pressure,46,moto,1.69
max_pressure,46,auto,17.5
max_pressure,46,moto,18.83
max_pressure,46,moto,2.75
max_pressure,46,moto,11.21
max_pressure,46,auto,16.68
max_pressure,46,moto,41.77
max_pressure,46,moto,27.69
max_pressure,46,moto,49.26
max_pressure,46,car,41.16
max_pressure,46,auto,24.03
max_pressure,46,moto,23.08
max_pressure,46,auto,53.4
max_pressure,46,auto,47.43
max_pressure,46,moto,47.18
max_pressure,46,auto,46.88
max_pressure,46,moto,22.9
max_pressure,46,moto,36.67
max_pressure,46,moto,32.48
max_pressure,46,moto,39.65
max_pressure,46,auto,1.11
max_pressure,46,car,1.58
max_pressure,46,moto,16.94
max_pressure,46,moto,3.16
max_pressure,46,car,11.25
max_pressure,46,moto,8.5
max_pressure,46,auto,15.08
max_pressure,46,moto,4.94
max_pressure,46,auto,8.89
max_pressure,46,auto,1.75
max_pressure,46,moto,5.24
max_pressure,46,moto,42.78
max_pressure,46,auto,37.17
max_pressure,46,auto,34.14
max_pressure,46,auto,38.15
max_pressure,46,auto,28.94
max_pressure,46,moto,54.93
max_pressure,46,auto,29.63
max_pressure,46,auto,37.21
max_pressure,46,moto,48.53
max_pressure,46,auto,43.49
max_pressure,46,moto,52.66
max_pressure,46,car,51.28
max_pressure,46,moto,46.35
max_pressure,46,moto,35.03
max_pressure,46,moto,25.65
max_pressure,46,moto,46.39
max_pressure,46,auto,41.72
max_pressure,46,moto,48.19
max_pressure,46,car,1.05
max_pressure,46,moto,11.74
max_pressure,46,moto,4.99
max_pressure,46,moto,3.0
max_pressure,46,auto,1.04
max_pressure,46,car,1.25
max_pressure,46,car,1.55
max_pressure,46,auto,1.1
max_pressure,46,moto,47.73
max_pressure,46,moto,36.59
max_pressure,46,moto,33.09
max_pressure,46,moto,28.34
max_pressure,46,moto,44.51
max_pressure,46,auto,28.0
max_pressure,46,moto,25.13
max_pressure,46,auto,25.19
max_pressure,46,auto,23.79
max_pressure,46,moto,58.1
max_pressure,46,moto,53.1
max_pressure,46,moto,34.14
max_pressure,46,car,29.78
max_pressure,46,moto,2.95
max_pressure,46,moto,1.82
max_pressure,46,moto,13.3
max_pressure,46,moto,2.55
max_pressure,46,moto,48.02
max_pressure,46,moto,45.29
max_pressure,46,moto,33.19
max_pressure,46,car,32.16
max_pressure,46,moto,31.11
max_pressure,46,car,34.45
max_pressure,46,moto,34.49
max_pressure,46,car,35.66
max_pressure,46,car,34.51
max_pressure,46,moto,30.66
max_pressure,46,moto,35.24
max_pressure,46,auto,1.01
max_pressure,46,auto,18.31
max_pressure,46,auto,15.62
max_pressure,46,moto,10.76
max_pressure,46,moto,8.06
max_pressure,46,moto,4.52
max_pressure,46,auto,0.9
max_pressure,46,moto,41.76
max_pressure,46,moto,48.49
max_pressure,46,car,44.96
max_pressure,46,moto,38.54
max_pressure,46,moto,30.23
max_pressure,46,moto,41.59
max_pressure,46,moto,32.86
max_pressure,46,moto,42.26
max_pressure,46,moto,38.84
max_pressure,46,car,42.77
max_pressure,46,moto,30.02
max_pressure,46,moto,29.66
max_pressure,46,moto,20.37
max_pressure,46,moto,32.82
max_pressure,46,moto,34.39
max_pressure,46,moto,2.0
max_pressure,46,moto,36.42
max_pressure,46,moto,34.52
max_pressure,46,moto,6.05
max_pressure,46,moto,2.72
max_pressure,46,moto,2.23
max_pressure,46,moto,2.77
max_pressure,46,moto,2.52
max_pressure,46,moto,47.63
max_pressure,46,moto,43.68
max_pressure,46,moto,48.45
max_pressure,46,moto,44.31
max_pressure,46,moto,43.99
max_pressure,46,car,59.41
max_pressure,46,moto,41.74
max_pressure,46,moto,38.62
max_pressure,46,car,43.73
max_pressure,46,moto,40.75
max_pressure,46,moto,30.74
max_pressure,46,moto,37.51
max_pressure,46,moto,46.76
max_pressure,46,moto,39.51
max_pressure,46,moto,50.49
max_pressure,46,moto,29.64
max_pressure,46,auto,41.48
max_pressure,46,moto,40.85
max_pressure,46,auto,25.47
max_pressure,46,auto,56.33
max_pressure,46,moto,47.79
max_pressure,46,auto,54.74
max_pressure,46,car,49.46
max_pressure,46,moto,38.78
max_pressure,46,auto,31.25
max_pressure,46,auto,38.16
max_pressure,46,moto,37.74
max_pressure,46,moto,35.1
max_pressure,46,moto,41.18
max_pressure,46,auto,14.35
max_pressure,46,moto,41.99
max_pressure,46,moto,38.91
max_pressure,46,moto,45.74
max_pressure,46,auto,45.89
max_pressure,46,moto,34.0
max_pressure,46,moto,22.58
max_pressure,46,moto,44.13
max_pressure,46,moto,43.2
max_pressure,46,moto,35.42
max_pressure,46,moto,51.32
max_pressure,46,auto,52.07
max_pressure,46,moto,42.89
max_pressure,46,moto,43.51
max_pressure,46,moto,40.56
max_pressure,46,auto,38.24
max_pressure,46,moto,8.42
max_pressure,46,moto,18.48
max_pressure,46,moto,15.14
max_pressure,46,auto,11.45
max_pressure,46,moto,10.04
max_pressure,46,moto,2.26
max_pressure,46,moto,2.9
max_pressure,46,moto,2.63
max_pressure,46,moto,36.17
max_pressure,46,car,25.69
max_pressure,46,car,24.9
max_pressure,46,moto,19.55
max_pressure,46,auto,50.3
max_pressure,46,car,28.67
max_pressure,46,moto,58.39
max_pressure,46,moto,41.51
max_pressure,46,moto,56.56
max_pressure,46,moto,55.96
max_pressure,46,moto,45.13
max_pressure,46,moto,45.79
max_pressure,46,moto,39.51
max_pressure,46,moto,51.52
max_pressure,46,auto,58.66
max_pressure,46,moto,36.91
max_pressure,46,auto,38.36
max_pressure,46,moto,47.88
max_pressure,46,moto,44.63
max_pressure,46,car,39.49
max_pressure,46,moto,2.57
max_pressure,46,moto,39.01
max_pressure,46,moto,33.2
max_pressure,46,auto,22.39
max_pressure,46,moto,19.48
max_pressure,46,auto,1.08
max_pressure,46,moto,33.77
max_pressure,46,moto,29.99
max_pressure,46,car,17.54
max_pressure,46,car,39.12
max_pressure,46,car,23.92
max_pressure,46,moto,44.96
max_pressure,46,car,19.91
max_pressure,46,car,44.32
max_pressure,46,auto,49.02
max_pressure,46,moto,42.38
max_pressure,46,auto,44.28
max_pressure,46,auto,36.72
max_pressure,46,moto,45.23
max_pressure,46,moto,36.46
max_pressure,46,moto,21.94
max_pressure,46,moto,19.32
max_pressure,46,moto,14.88
max_pressure,46,moto,3.81
max_pressure,46,moto,7.43
max_pressure,46,auto,23.71
max_pressure,46,moto,9.98
max_pressure,46,moto,20.0
max_pressure,46,car,5.42
max_pressure,46,auto,1.34
max_pressure,46,moto,42.87
max_pressure,46,moto,34.14
max_pressure,46,moto,35.15
max_pressure,46,moto,41.82
max_pressure,46,moto,29.73
max_pressure,46,moto,31.83
max_pressure,46,moto,36.95
max_pressure,46,moto,27.88
max_pressure,46,moto,23.74
max_pressure,46,moto,32.89
max_pressure,46,moto,42.07
max_pressure,46,moto,36.96
max_pressure,46,moto,42.99
max_pressure,46,auto,36.88
max_pressure,46,auto,51.14
max_pressure,46,moto,39.54
max_pressure,46,moto,49.44
max_pressure,46,moto,35.77
max_pressure,46,moto,9.1
max_pressure,46,moto,15.25
max_pressure,46,auto,17.55
max_pressure,46,auto,15.56
max_pressure,46,moto,2.55
max_pressure,46,auto,1.25
max_pressure,46,moto,12.42
max_pressure,46,car,2.29
max_pressure,46,auto,1.43
max_pressure,46,car,52.22
max_pressure,46,moto,24.18
max_pressure,46,auto,48.69
max_pressure,46,moto,34.82
max_pressure,46,auto,29.0
max_pressure,46,auto,29.61
max_pressure,46,moto,56.66
max_pressure,46,moto,50.98
max_pressure,46,moto,48.92
max_pressure,46,car,34.27
max_pressure,46,moto,33.28
max_pressure,46,car,51.78
max_pressure,46,auto,57.26
max_pressure,46,moto,31.99
max_pressure,46,auto,54.9
max_pressure,46,moto,32.88
max_pressure,46,moto,40.74
max_pressure,46,moto,28.76
max_pressure,46,moto,33.26
max_pressure,46,moto,12.83
max_pressure,46,moto,17.25
max_pressure,46,moto,4.86
max_pressure,46,moto,2.13
max_pressure,46,moto,4.59
max_pressure,46,moto,20.42
max_pressure,46,auto,18.34
max_pressure,46,car,17.55
max_pressure,46,moto,2.63
max_pressure,46,moto,43.05
max_pressure,46,moto,39.86
max_pressure,46,moto,37.77
max_pressure,46,moto,40.7
max_pressure,46,auto,41.89
max_pressure,46,auto,42.52
max_pressure,46,moto,38.79
max_pressure,46,car,39.24
max_pressure,46,car,40.94
max_pressure,46,moto,37.83
max_pressure,46,moto,26.58
max_pressure,46,moto,39.62
max_pressure,46,moto,30.4
max_pressure,46,auto,27.33
max_pressure,46,moto,27.4
max_pressure,46,moto,36.56
max_pressure,46,moto,32.74
max_pressure,46,car,13.3
max_pressure,46,moto,1.89
max_pressure,46,moto,18.91
max_pressure,46,auto,10.83
max_pressure,46,moto,49.26
max_pressure,46,moto,48.65
max_pressure,46,moto,34.52
max_pressure,46,auto,39.89
max_pressure,46,auto,45.58
max_pressure,46,moto,39.13
max_pressure,46,moto,41.95
max_pressure,46,moto,34.72
max_pressure,46,moto,47.47
max_pressure,46,moto,45.49
max_pressure,46,auto,25.18
max_pressure,46,auto,24.16
max_pressure,46,auto,52.87
max_pressure,46,car,32.39
max_pressure,46,auto,51.42
max_pressure,46,moto,24.09
max_pressure,46,moto,52.14
max_pressure,46,auto,41.44
max_pressure,46,auto,47.61
max_pressure,46,car,47.07
max_pressure,46,moto,37.34
max_pressure,46,moto,32.93
max_pressure,46,auto,2.21
max_pressure,46,car,10.04
max_pressure,46,moto,7.71
max_pressure,46,car,8.36
max_pressure,46,car,10.58
max_pressure,46,auto,2.35
max_pressure,46,moto,2.39
max_pressure,46,moto,2.21
max_pressure,46,car,8.71
max_pressure,46,auto,7.87
max_pressure,46,car,47.43
max_pressure,46,moto,48.31
max_pressure,46,moto,36.07
max_pressure,46,moto,33.58
max_pressure,46,car,42.91
max_pressure,46,moto,29.86
max_pressure,46,car,52.66
max_pressure,46,moto,23.73
max_pressure,46,auto,56.21
max_pressure,46,moto,42.62
max_pressure,46,moto,41.73
max_pressure,46,car,36.54
max_pressure,46,moto,36.86
max_pressure,46,car,28.7
max_pressure,46,car,33.6
max_pressure,46,auto,45.86
max_pressure,46,moto,36.98
max_pressure,46,moto,34.08
max_pressure,46,auto,50.17
max_pressure,46,moto,40.25
max_pressure,46,car,2.38
max_pressure,46,moto,15.18
max_pressure,46,moto,23.33
max_pressure,46,moto,13.05
max_pressure,46,moto,20.31
max_pressure,46,auto,9.29
max_pressure,46,auto,1.54
max_pressure,46,moto,3.01
max_pressure,46,car,2.68
max_pressure,46,car,33.44
max_pressure,46,moto,2.51
max_pressure,46,car,35.93
max_pressure,46,car,36.08
max_pressure,46,moto,28.22
max_pressure,46,auto,36.02
max_pressure,46,moto,39.91
max_pressure,46,moto,52.66
max_pressure,46,moto,29.86
max_pressure,46,auto,48.68
max_pressure,46,car,46.23
max_pressure,46,auto,44.44
max_pressure,46,auto,42.38
max_pressure,46,auto,26.43
max_pressure,46,car,21.42
max_pressure,46,moto,10.87
max_pressure,46,moto,2.05
max_pressure,46,moto,4.49
max_pressure,46,moto,2.41
max_pressure,46,car,1.26
max_pressure,46,moto,50.16
max_pressure,46,auto,47.81
max_pressure,46,moto,38.41
max_pressure,46,moto,47.6
max_pressure,46,auto,41.46
max_pressure,46,auto,43.07
max_pressure,46,moto,42.04
max_pressure,46,moto,34.28
max_pressure,46,moto,46.13
max_pressure,46,moto,30.2
max_pressure,46,moto,29.58
max_pressure,46,moto,35.25
max_pressure,46,moto,33.6
max_pressure,46,moto,36.24
max_pressure,46,auto,36.89
max_pressure,46,moto,29.85
max_pressure,46,auto,25.15
max_pressure,46,auto,46.91
max_pressure,46,moto,27.83
max_pressure,46,moto,28.22
max_pressure,46,moto,23.63
max_pressure,46,moto,22.45
max_pressure,46,moto,12.46
max_pressure,46,moto,2.01
max_pressure,46,moto,4.82
max_pressure,46,moto,39.59
max_pressure,46,moto,45.63
max_pressure,46,moto,37.91
max_pressure,46,car,39.2
max_pressure,46,moto,46.45
max_pressure,46,auto,50.62
max_pressure,46,car,15.52
max_pressure,46,auto,31.27
max_pressure,46,auto,28.99
max_pressure,46,auto,46.03
max_pressure,46,moto,40.0
max_pressure,46,moto,14.68
max_pressure,46,car,2.01
max_pressure,46,auto,14.38
max_pressure,46,auto,16.5
max_pressure,46,car,4.5
max_pressure,46,auto,1.17
max_pressure,46,car,4.5
max_pressure,46,auto,4.76
max_pressure,46,auto,1.4
max_pressure,46,moto,2.62
max_pressure,46,moto,41.14
max_pressure,46,car,33.18
max_pressure,46,moto,48.19
max_pressure,46,auto,41.74
max_pressure,46,moto,26.4
max_pressure,46,auto,37.4
max_pressure,46,auto,33.94
max_pressure,46,moto,51.77
max_pressure,46,auto,48.81
max_pressure,46,moto,33.79
max_pressure,46,car,39.15
max_pressure,46,auto,46.42
max_pressure,46,car,42.8
max_pressure,46,moto,37.94
max_pressure,46,moto,26.53
max_pressure,46,auto,41.03
max_pressure,46,car,43.64
max_pressure,46,moto,33.5
max_pressure,46,moto,28.06
max_pressure,46,car,5.2
max_pressure,46,moto,38.61
max_pressure,46,moto,22.15
max_pressure,46,moto,18.82
max_pressure,46,moto,9.88
max_pressure,46,car,29.43
max_pressure,46,moto,21.56
max_pressure,46,car,10.57
max_pressure,46,moto,15.97
max_pressure,46,moto,12.04
max_pressure,46,auto,7.06
max_pressure,46,moto,13.82
max_pressure,46,moto,3.94
max_pressure,46,auto,18.33
max_pressure,46,moto,14.22
max_pressure,46,auto,4.27
max_pressure,46,car,7.03
max_pressure,46,moto,4.54
max_pressure,46,moto,50.15
max_pressure,46,moto,50.63
max_pressure,46,car,46.44
max_pressure,46,auto,43.33
max_pressure,46,moto,39.37
max_pressure,46,moto,33.42
max_pressure,46,auto,38.44
max_pressure,46,moto,34.85
max_pressure,46,auto,54.85
max_pressure,46,moto,38.22
max_pressure,46,car,41.23
max_pressure,46,moto,35.72
max_pressure,46,moto,28.47
max_pressure,46,moto,29.48
max_pressure,46,auto,30.65
max_pressure,46,moto,37.98
max_pressure,46,auto,33.63
max_pressure,46,auto,27.46
max_pressure,46,auto,39.05
max_pressure,46,auto,29.19
max_pressure,46,moto,36.08
max_pressure,46,moto,3.31
max_pressure,46,car,38.52
max_pressure,46,car,8.26
max_pressure,46,moto,32.19
max_pressure,46,moto,14.78
max_pressure,46,moto,4.59
max_pressure,46,car,9.41
max_pressure,46,car,15.7
max_pressure,46,auto,12.18
max_pressure,46,moto,1.33
max_pressure,46,moto,18.79
max_pressure,46,car,8.91
max_pressure,46,car,6.45
max_pressure,46,moto,2.97
max_pressure,46,moto,38.61
max_pressure,46,moto,38.57
max_pressure,46,auto,39.9
max_pressure,46,moto,40.81
max_pressure,46,auto,37.78
max_pressure,46,auto,34.32
max_pressure,46,auto,30.44
max_pressure,46,moto,49.17
max_pressure,46,auto,28.75
max_pressure,46,auto,49.75
max_pressure,46,auto,49.78
max_pressure,46,auto,48.64
max_pressure,46,auto,45.47
max_pressure,46,moto,47.81
max_pressure,46,auto,44.98
max_pressure,46,moto,51.21
max_pressure,46,moto,51.11
max_pressure,46,moto,45.88
max_pressure,46,moto,31.92
max_pressure,46,car,14.96
max_pressure,46,moto,1.96
max_pressure,46,car,21.81
max_pressure,46,moto,8.82
max_pressure,46,moto,5.38
max_pressure,46,moto,42.39
max_pressure,46,moto,46.86
max_pressure,46,moto,40.7
max_pressure,46,moto,38.21
max_pressure,46,car,39.39
max_pressure,46,moto,2.64
max_pressure,46,auto,41.12
max_pressure,46,moto,37.74
max_pressure,46,moto,47.61
max_pressure,46,moto,29.06
max_pressure,46,moto,30.96
max_pressure,46,moto,51.5
max_pressure,46,moto,45.91
max_pressure,46,auto,54.87
max_pressure,46,moto,21.83
max_pressure,46,moto,39.86
max_pressure,46,auto,44.7
max_pressure,46,car,45.87
max_pressure,46,car,56.01
max_pressure,46,moto,35.17
max_pressure,46,moto,41.14
max_pressure,46,moto,23.91
max_pressure,46,moto,9.4
max_pressure,46,moto,28.4
max_pressure,46,moto,24.13
max_pressure,46,moto,4.53
max_pressure,46,moto,19.37
max_pressure,46,auto,15.3
max_pressure,46,auto,9.44
max_pressure,46,car,46.87
max_pressure,46,moto,42.98
max_pressure,46,moto,43.75
max_pressure,46,moto,38.41
max_pressure,46,car,42.8
max_pressure,46,moto,41.12
max_pressure,46,auto,37.33
max_pressure,46,moto,31.05
max_pressure,46,auto,42.79
max_pressure,46,moto,48.35
max_pressure,46,auto,49.48
max_pressure,46,auto,29.54
max_pressure,46,moto,47.02
max_pressure,46,car,52.15
max_pressure,46,auto,39.23
max_pressure,46,car,55.3
max_pressure,46,auto,44.25
max_pressure,46,car,42.98
max_pressure,46,moto,31.87
max_pressure,46,moto,16.59
max_pressure,46,auto,21.66
max_pressure,46,car,12.92
max_pressure,46,moto,2.3
max_pressure,46,moto,5.49
max_pressure,46,moto,1.65
max_pressure,46,auto,1.89
max_pressure,46,auto,4.18
max_pressure,46,moto,23.4
max_pressure,46,moto,21.47
max_pressure,46,moto,50.08
max_pressure,46,moto,45.42
max_pressure,46,moto,47.77
max_pressure,46,moto,38.38
max_pressure,46,moto,49.81
max_pressure,46,auto,49.46
max_pressure,46,moto,16.68
max_pressure,46,auto,52.18
max_pressure,46,moto,50.65
max_pressure,46,auto,49.74
max_pressure,46,auto,52.9
max_pressure,46,moto,41.3
max_pressure,46,moto,38.86
max_pressure,46,auto,49.56
max_pressure,46,auto,39.21
max_pressure,46,moto,44.31
max_pressure,46,car,51.58
max_pressure,46,moto,32.71
max_pressure,46,car,41.6
max_pressure,46,moto,40.89
max_pressure,46,moto,15.95
max_pressure,46,moto,1.7
max_pressure,46,moto,2.32
max_pressure,46,car,1.79
max_pressure,46,car,48.2
max_pressure,46,moto,35.73
max_pressure,46,moto,47.33
max_pressure,46,moto,28.38
max_pressure,46,moto,44.82
max_pressure,46,car,42.99
max_pressure,46,auto,44.63
max_pressure,46,auto,35.07
max_pressure,46,moto,29.65
max_pressure,46,car,51.64
max_pressure,46,moto,47.64
max_pressure,46,auto,53.83
max_pressure,46,auto,43.06
max_pressure,46,moto,40.63
max_pressure,46,moto,45.49
max_pressure,46,moto,45.39
max_pressure,46,moto,31.97
max_pressure,46,auto,1.24
max_pressure,46,moto,15.36
max_pressure,46,auto,25.27
max_pressure,46,moto,2.39
max_pressure,46,auto,4.05
max_pressure,46,moto,35.89
max_pressure,46,auto,46.23
max_pressure,46,auto,42.61
max_pressure,46,moto,32.62
max_pressure,46,moto,33.61
max_pressure,46,moto,4.97
max_pressure,46,auto,25.22
max_pressure,46,car,23.07
max_pressure,46,car,6.73
max_pressure,46,moto,55.52
max_pressure,46,moto,43.92
max_pressure,46,moto,42.46
max_pressure,46,moto,28.72
max_pressure,46,moto,42.44
max_pressure,46,auto,46.81
max_pressure,46,auto,35.18
max_pressure,46,auto,51.8
max_pressure,46,auto,33.3
max_pressure,46,moto,36.09
max_pressure,46,auto,31.2
max_pressure,46,moto,44.1
max_pressure,46,moto,32.88
max_pressure,46,car,35.67
max_pressure,46,moto,18.61
max_pressure,46,moto,12.86
max_pressure,46,moto,7.37
max_pressure,46,auto,1.15
max_pressure,46,auto,7.0
max_pressure,46,moto,5.51
max_pressure,46,moto,3.63
max_pressure,46,moto,3.84
max_pressure,46,moto,47.76
max_pressure,46,moto,48.55
max_pressure,46,moto,43.57
max_pressure,46,moto,42.05
max_pressure,46,car,46.34
max_pressure,46,car,43.06
max_pressure,46,moto,37.22
max_pressure,46,auto,33.72
max_pressure,46,auto,54.44
max_pressure,46,moto,41.8
max_pressure,46,moto,43.03
max_pressure,46,car,37.67
max_pressure,46,moto,55.68
max_pressure,46,moto,45.54
max_pressure,46,auto,55.47
max_pressure,46,moto,51.5
max_pressure,46,auto,38.1
max_pressure,46,auto,53.28
max_pressure,46,moto,37.03
max_pressure,46,moto,37.99
max_pressure,46,auto,29.69
max_pressure,46,auto,34.62
max_pressure,46,moto,30.39
max_pressure,46,moto,34.81
max_pressure,46,moto,35.48
max_pressure,46,moto,41.67
max_pressure,46,auto,33.77
max_pressure,46,auto,51.28
max_pressure,46,auto,45.49
max_pressure,46,moto,33.49
max_pressure,46,car,8.3
max_pressure,46,moto,22.99
max_pressure,46,auto,1.2
max_pressure,46,auto,12.3
max_pressure,46,moto,10.62
max_pressure,46,auto,3.05
max_pressure,46,auto,3.07
max_pressure,46,car,17.87
max_pressure,46,car,2.22
max_pressure,46,moto,45.38
max_pressure,46,moto,33.71
max_pressure,46,moto,33.36
max_pressure,46,moto,28.31
max_pressure,46,auto,35.09
max_pressure,46,moto,39.26
max_pressure,46,car,24.73
max_pressure,46,auto,50.47
max_pressure,46,auto,50.97
max_pressure,46,moto,40.32
max_pressure,46,moto,42.84
max_pressure,46,moto,38.1
max_pressure,46,moto,20.06
max_pressure,46,car,16.21
max_pressure,46,car,7.73
max_pressure,46,auto,17.91
max_pressure,46,auto,1.23
max_pressure,46,moto,13.45
max_pressure,46,moto,2.37
max_pressure,46,moto,45.7
max_pressure,46,moto,42.56
max_pressure,46,moto,42.71
max_pressure,46,auto,46.92
max_pressure,46,auto,38.88
max_pressure,46,auto,48.52
max_pressure,46,auto,54.15
max_pressure,46,moto,20.42
max_pressure,46,moto,38.14
max_pressure,46,auto,36.11
max_pressure,46,moto,47.09
max_pressure,46,moto,35.49
max_pressure,46,moto,35.78
max_pressure,46,moto,34.17
max_pressure,46,moto,34.18
max_pressure,46,moto,38.99
max_pressure,46,car,1.0
max_pressure,46,moto,2.43
max_pressure,46,moto,19.63
max_pressure,46,auto,1.98
max_pressure,46,moto,37.01
max_pressure,46,moto,30.32
max_pressure,46,moto,49.3
max_pressure,46,auto,48.76
max_pressure,46,auto,36.53
max_pressure,46,moto,28.22
max_pressure,46,moto,38.09
max_pressure,46,car,34.79
max_pressure,46,moto,57.01
max_pressure,46,auto,56.8
max_pressure,46,moto,51.11
max_pressure,46,auto,22.29
max_pressure,46,car,53.62
max_pressure,46,moto,54.81
max_pressure,46,moto,17.2
max_pressure,46,moto,42.89
max_pressure,46,auto,47.83
max_pressure,46,auto,25.09
max_pressure,46,auto,43.53
max_pressure,46,moto,34.12
max_pressure,46,auto,28.68
max_pressure,46,moto,26.8
max_pressure,46,auto,1.27
max_pressure,46,auto,1.08
max_pressure,46,moto,2.45
max_pressure,46,moto,1.93
max_pressure,46,moto,42.11
max_pressure,46,moto,49.7
max_pressure,46,car,41.13
max_pressure,46,moto,41.76
max_pressure,46,moto,31.03
max_pressure,46,moto,27.99
max_pressure,46,auto,31.22
max_pressure,46,car,29.19
max_pressure,46,auto,59.15
max_pressure,46,auto,49.95
max_pressure,46,car,44.0
max_pressure,46,car,32.86
max_pressure,46,moto,36.71
max_pressure,46,car,31.95
max_pressure,46,moto,15.07
max_pressure,46,auto,14.5
max_pressure,46,moto,2.68
max_pressure,46,auto,8.93
max_pressure,46,moto,3.77
max_pressure,46,moto,47.9
max_pressure,46,moto,37.44
max_pressure,46,moto,31.7
max_pressure,46,moto,45.71
max_pressure,46,moto,33.26
max_pressure,46,car,29.55
max_pressure,46,auto,29.99
max_pressure,46,moto,20.15
max_pressure,46,moto,56.45
max_pressure,46,moto,43.17
max_pressure,46,moto,39.37
max_pressure,46,moto,24.94
max_pressure,46,moto,28.75
max_pressure,46,moto,45.81
max_pressure,46,moto,43.56
max_pressure,46,car,38.58
max_pressure,46,moto,34.51
max_pressure,46,moto,27.62
max_pressure,46,auto,27.32
max_pressure,46,auto,55.26
max_pressure,46,auto,41.25
max_pressure,46,car,43.45
max_pressure,46,auto,41.76
max_pressure,46,moto,42.75
max_pressure,46,moto,44.68
max_pressure,46,moto,24.7
max_pressure,46,moto,20.39
max_pressure,46,moto,22.2
max_pressure,46,moto,22.58
max_pressure,46,moto,36.34
max_pressure,46,moto,7.37
max_pressure,46,car,5.53
max_pressure,46,moto,1.61
max_pressure,46,moto,11.22
max_pressure,46,moto,3.84
max_pressure,46,auto,14.93
max_pressure,46,moto,2.02
max_pressure,46,moto,36.26
max_pressure,46,moto,43.48
max_pressure,46,moto,33.89
max_pressure,46,car,29.99
max_pressure,46,moto,26.1
max_pressure,46,auto,31.84
max_pressure,46,moto,33.69
max_pressure,46,moto,32.45
max_pressure,46,auto,22.82
max_pressure,46,moto,38.64
max_pressure,46,auto,37.24
max_pressure,46,moto,6.44
max_pressure,46,moto,18.96
max_pressure,46,moto,10.29
max_pressure,46,moto,1.64
max_pressure,46,moto,4.95
max_pressure,46,moto,2.0
max_pressure,46,moto,44.41
max_pressure,46,moto,3.85
max_pressure,46,moto,33.08
max_pressure,46,moto,41.71
max_pressure,46,moto,39.78
max_pressure,46,moto,34.43
max_pressure,46,moto,35.61
max_pressure,46,auto,50.72
max_pressure,46,car,51.89
max_pressure,46,moto,38.12
max_pressure,46,moto,46.96
max_pressure,46,moto,55.9
max_pressure,46,moto,33.93
max_pressure,46,auto,50.83
max_pressure,46,moto,35.55
max_pressure,46,auto,44.51
max_pressure,46,moto,52.51
max_pressure,46,auto,40.6
max_pressure,46,moto,3.47
max_pressure,46,car,29.48
max_pressure,46,auto,30.99
max_pressure,46,moto,13.05
max_pressure,46,moto,2.61
max_pressure,46,moto,33.65
max_pressure,46,moto,15.6
max_pressure,46,moto,26.47
max_pressure,46,auto,10.49
max_pressure,46,moto,2.13
max_pressure,46,auto,0.87
max_pressure,46,moto,2.7
max_pressure,46,moto,2.82
max_pressure,46,moto,44.77
max_pressure,46,moto,49.18
max_pressure,46,moto,44.54
max_pressure,46,moto,2.57
max_pressure,46,moto,44.38
max_pressure,46,moto,42.91
max_pressure,46,moto,43.86
max_pressure,46,moto,43.78
max_pressure,46,moto,35.65
max_pressure,46,moto,42.47
max_pressure,46,car,37.38
max_pressure,46,moto,32.7
max_pressure,46,moto,36.08
max_pressure,46,auto,48.06
max_pressure,46,moto,29.71
max_pressure,46,moto,36.41
max_pressure,46,moto,35.06
max_pressure,46,moto,20.19
max_pressure,46,car,35.55
max_pressure,46,moto,9.91
max_pressure,46,moto,15.41
max_pressure,46,moto,18.94
max_pressure,46,moto,20.67
max_pressure,46,moto,18.64
max_pressure,46,moto,4.34
max_pressure,46,moto,4.56
max_pressure,46,moto,44.42
max_pressure,46,car,48.49
max_pressure,46,moto,38.12
max_pressure,46,moto,38.89
max_pressure,46,moto,38.04
max_pressure,46,moto,7.45
max_pressure,46,car,37.36
max_pressure,46,auto,31.32
max_pressure,46,moto,38.46
max_pressure,46,car,39.98
max_pressure,46,moto,23.0
max_pressure,46,auto,59.61
max_pressure,46,auto,41.24
max_pressure,46,moto,41.83
max_pressure,46,moto,38.29
max_pressure,46,moto,23.38
max_pressure,46,auto,54.72
max_pressure,46,moto,49.48
max_pressure,46,moto,40.27
max_pressure,46,moto,42.75
max_pressure,46,moto,40.6
max_pressure,46,moto,26.68
max_pressure,46,auto,2.27
max_pressure,46,moto,10.0
max_pressure,46,moto,32.24
max_pressure,46,auto,21.4
max_pressure,46,auto,18.04
max_pressure,46,moto,13.42
max_pressure,46,auto,14.77
max_pressure,46,car,0.9
max_pressure,46,moto,27.06
max_pressure,46,moto,42.96
max_pressure,46,moto,36.17
max_pressure,46,auto,37.31
max_pressure,46,moto,34.96
max_pressure,46,car,40.27
max_pressure,46,car,47.4
max_pressure,46,auto,25.71
max_pressure,46,moto,40.23
max_pressure,46,auto,51.99
max_pressure,46,auto,35.54
max_pressure,46,auto,42.59
max_pressure,46,auto,40.14
max_pressure,46,moto,44.16
max_pressure,46,moto,37.68
max_pressure,46,moto,37.16
max_pressure,46,moto,33.76
max_pressure,46,moto,38.86
max_pressure,46,moto,37.03
max_pressure,46,car,37.47
max_pressure,46,moto,30.15
max_pressure,46,moto,19.83
max_pressure,46,moto,19.95
max_pressure,46,auto,29.09
max_pressure,46,moto,16.84
max_pressure,46,moto,18.02
max_pressure,46,moto,2.05
max_pressure,46,moto,1.93
max_pressure,46,moto,2.43
max_pressure,46,moto,35.68
max_pressure,46,moto,47.5
max_pressure,46,moto,35.77
max_pressure,46,moto,27.06
max_pressure,46,auto,41.52
max_pressure,46,moto,43.86
max_pressure,46,auto,52.98
max_pressure,46,moto,42.17
max_pressure,46,auto,50.64
max_pressure,46,car,57.65
max_pressure,46,moto,42.29
max_pressure,46,moto,51.42
max_pressure,46,moto,49.43
max_pressure,46,moto,42.33
max_pressure,46,moto,38.97
max_pressure,46,auto,38.99
max_pressure,46,auto,54.46
max_pressure,46,moto,34.73
max_pressure,46,auto,53.85
max_pressure,46,moto,15.83
max_pressure,46,moto,35.8
max_pressure,46,moto,33.26
max_pressure,46,car,15.87
max_pressure,46,auto,17.79
max_pressure,46,moto,4.16
max_pressure,46,moto,6.34
max_pressure,46,moto,21.0
max_pressure,46,moto,22.24
max_pressure,46,car,4.26
max_pressure,46,moto,39.56
max_pressure,46,auto,35.62
max_pressure,46,car,37.06
max_pressure,46,car,2.63
max_pressure,46,auto,36.26
max_pressure,46,car,21.7
max_pressure,46,moto,34.5
max_pressure,46,moto,26.18
max_pressure,46,car,49.45
max_pressure,46,moto,46.22
max_pressure,46,car,36.64
max_pressure,46,auto,46.34
max_pressure,46,moto,32.66
max_pressure,46,moto,28.77
max_pressure,46,moto,34.31
max_pressure,46,auto,16.21
max_pressure,46,moto,6.23
max_pressure,46,auto,1.04
max_pressure,46,moto,3.65
max_pressure,46,moto,36.49
max_pressure,46,moto,33.81
max_pressure,46,moto,40.63
max_pressure,46,moto,31.55
max_pressure,46,car,43.52
max_pressure,46,auto,29.88
max_pressure,46,moto,26.27
max_pressure,46,auto,27.35
max_pressure,46,moto,53.16
max_pressure,46,car,45.21
max_pressure,46,moto,34.26
max_pressure,46,moto,19.58
max_pressure,46,moto,31.48
max_pressure,46,moto,32.93
max_pressure,46,moto,40.53
max_pressure,46,moto,37.03
max_pressure,46,moto,29.0
max_pressure,46,moto,37.69
max_pressure,46,car,14.95
max_pressure,46,auto,10.64
max_pressure,46,auto,20.03
max_pressure,46,auto,7.96
max_pressure,46,moto,16.56
max_pressure,46,moto,18.12
max_pressure,46,car,17.65
max_pressure,46,moto,18.58
max_pressure,46,auto,17.57
max_pressure,46,moto,13.87
max_pressure,46,car,4.24
max_pressure,46,moto,4.18
max_pressure,46,moto,44.11
max_pressure,46,moto,26.56
max_pressure,46,moto,37.11
max_pressure,46,auto,40.33
max_pressure,46,car,38.12
max_pressure,46,moto,40.13
max_pressure,46,moto,39.31
max_pressure,46,moto,30.79
max_pressure,46,car,44.4
max_pressure,46,moto,44.33
max_pressure,46,moto,51.82
max_pressure,46,moto,37.66
max_pressure,46,auto,41.15
max_pressure,46,car,36.2
max_pressure,46,car,58.49
max_pressure,46,auto,39.33
max_pressure,46,moto,30.79
max_pressure,46,moto,16.99
max_pressure,46,moto,37.82
max_pressure,46,moto,18.21
max_pressure,46,moto,19.55
max_pressure,46,moto,13.38
max_pressure,46,moto,2.18
max_pressure,46,moto,3.92
max_pressure,46,car,38.47
max_pressure,46,moto,47.01
max_pressure,46,moto,43.89
max_pressure,46,auto,43.45
max_pressure,46,moto,25.07
max_pressure,46,moto,27.06
max_pressure,46,moto,35.67
max_pressure,46,car,27.61
max_pressure,46,moto,34.5
max_pressure,46,moto,28.42
max_pressure,46,auto,30.84
max_pressure,46,auto,22.63
max_pressure,46,auto,55.04
max_pressure,46,moto,35.51
max_pressure,46,moto,19.57
max_pressure,46,moto,27.64
max_pressure,46,moto,21.09
max_pressure,46,auto,11.83
max_pressure,46,moto,3.14
max_pressure,46,moto,8.02
max_pressure,46,moto,4.35
max_pressure,46,moto,50.24
max_pressure,46,moto,46.33
max_pressure,46,moto,40.94
max_pressure,46,auto,46.03
max_pressure,46,car,33.25
max_pressure,46,moto,43.75
max_pressure,46,car,38.39
max_pressure,46,auto,36.21
max_pressure,46,auto,56.67
max_pressure,46,auto,44.69
max_pressure,46,moto,45.08
max_pressure,46,moto,40.51
max_pressure,46,moto,44.65
max_pressure,46,moto,46.3
max_pressure,46,car,35.77
max_pressure,46,moto,38.36
max_pressure,46,moto,39.11
max_pressure,46,moto,40.16
max_pressure,46,auto,35.13
max_pressure,46,moto,38.27
max_pressure,46,moto,25.31
max_pressure,46,car,13.06
max_pressure,46,car,32.21
max_pressure,46,moto,21.77
max_pressure,46,moto,4.66
max_pressure,46,auto,1.01
max_pressure,46,moto,44.62
max_pressure,46,moto,38.02
max_pressure,46,moto,24.8
max_pressure,46,car,1.49
max_pressure,46,moto,44.47
max_pressure,46,moto,41.84
max_pressure,46,moto,30.46
max_pressure,46,auto,51.59
max_pressure,46,moto,33.98
max_pressure,46,moto,27.8
max_pressure,46,moto,48.68
max_pressure,46,moto,39.64
max_pressure,46,moto,33.92
max_pressure,46,moto,36.9
max_pressure,46,moto,36.23
max_pressure,46,moto,32.79
max_pressure,46,car,52.08
max_pressure,46,moto,31.83
max_pressure,46,moto,35.81
max_pressure,46,moto,15.61
max_pressure,46,moto,14.14
max_pressure,46,moto,2.45
max_pressure,46,moto,11.74
max_pressure,46,moto,49.42
max_pressure,46,moto,44.54
max_pressure,46,moto,47.59
max_pressure,46,car,36.54
max_pressure,46,moto,28.21
max_pressure,46,moto,47.94
max_pressure,46,moto,36.74
max_pressure,46,auto,29.28
max_pressure,46,moto,50.8
max_pressure,46,moto,42.97
max_pressure,46,auto,58.78
max_pressure,46,moto,35.85
max_pressure,46,auto,57.16
max_pressure,46,moto,40.47
max_pressure,46,moto,32.48
max_pressure,46,car,36.4
max_pressure,46,moto,34.47
max_pressure,46,moto,33.05
max_pressure,46,auto,3.25
max_pressure,46,moto,10.27
max_pressure,46,moto,2.2
max_pressure,46,auto,16.38
max_pressure,46,moto,3.0
max_pressure,46,auto,0.97
max_pressure,46,car,1.04
max_pressure,46,moto,18.04
max_pressure,46,auto,1.29
max_pressure,46,moto,35.27
max_pressure,46,moto,47.34
max_pressure,46,moto,47.29
max_pressure,46,moto,23.73
max_pressure,46,auto,44.14
max_pressure,46,auto,36.39
max_pressure,46,moto,24.06
max_pressure,46,moto,37.04
max_pressure,46,moto,46.86
max_pressure,46,moto,17.27
max_pressure,46,moto,38.37
max_pressure,46,moto,20.17
max_pressure,46,moto,17.66
max_pressure,46,moto,14.06
max_pressure,46,car,4.21
max_pressure,46,moto,17.47
max_pressure,46,auto,11.6
max_pressure,46,auto,16.46
max_pressure,46,auto,43.89
max_pressure,46,moto,40.03
max_pressure,46,auto,42.48
max_pressure,46,moto,57.89
max_pressure,46,auto,20.95
max_pressure,46,moto,53.74
max_pressure,46,auto,39.2
max_pressure,46,moto,33.52
max_pressure,46,moto,36.87
max_pressure,46,moto,2.82
max_pressure,46,auto,19.89
max_pressure,46,auto,1.35
max_pressure,46,auto,1.12
max_pressure,46,car,4.05
max_pressure,46,car,36.98
max_pressure,46,moto,37.23
max_pressure,46,auto,35.95
max_pressure,46,car,41.13
max_pressure,46,moto,26.22
max_pressure,46,moto,40.22
max_pressure,46,moto,45.75
max_pressure,46,moto,23.05
max_pressure,46,moto,24.66
max_pressure,46,auto,26.28
max_pressure,46,moto,30.8
max_pressure,46,auto,20.62
max_pressure,46,moto,37.82
max_pressure,46,moto,42.41
max_pressure,46,moto,54.24
max_pressure,46,moto,55.21
max_pressure,46,auto,49.23
max_pressure,46,moto,28.66
max_pressure,46,moto,37.62
max_pressure,46,auto,41.55
max_pressure,46,auto,49.25
max_pressure,46,moto,31.55
max_pressure,46,auto,31.97
max_pressure,46,moto,36.52
max_pressure,46,car,34.02
max_pressure,46,moto,22.72
max_pressure,46,moto,14.31
max_pressure,46,car,1.47
max_pressure,46,auto,13.96
max_pressure,46,moto,48.47
max_pressure,46,moto,30.59
max_pressure,46,moto,28.4
max_pressure,46,moto,25.61
max_pressure,46,moto,41.88
max_pressure,46,moto,38.09
max_pressure,46,moto,40.82
max_pressure,46,auto,23.25
max_pressure,46,auto,24.62
max_pressure,46,moto,43.8
max_pressure,46,auto,19.96
max_pressure,46,moto,27.2
max_pressure,46,moto,43.85
max_pressure,46,moto,39.08
max_pressure,46,auto,45.58
max_pressure,46,moto,30.95
max_pressure,46,auto,2.32
max_pressure,46,auto,10.44
max_pressure,46,car,1.57
max_pressure,46,moto,16.46
max_pressure,46,moto,2.39
max_pressure,46,moto,6.84
max_pressure,46,moto,1.6
max_pressure,46,moto,2.12
max_pressure,46,moto,34.54
max_pressure,46,moto,37.21
max_pressure,46,car,47.5
max_pressure,46,moto,40.33
max_pressure,46,auto,45.78
max_pressure,46,moto,39.7
max_pressure,46,moto,28.45
max_pressure,46,moto,22.19
max_pressure,46,moto,20.36
max_pressure,46,moto,21.11
max_pressure,46,moto,39.32
max_pressure,46,auto,24.1
max_pressure,46,auto,49.8
max_pressure,46,auto,42.42
max_pressure,46,auto,52.11
max_pressure,46,car,43.12
max_pressure,46,moto,38.89
max_pressure,46,moto,46.95
max_pressure,46,moto,37.75
max_pressure,46,car,47.78
max_pressure,46,moto,37.92
max_pressure,46,car,38.03
max_pressure,46,car,43.78
max_pressure,46,auto,31.57
max_pressure,46,car,20.81
max_pressure,46,car,13.56
max_pressure,46,auto,2.49
max_pressure,46,moto,10.1
max_pressure,46,auto,12.74
max_pressure,46,moto,7.12
max_pressure,46,car,51.64
max_pressure,46,moto,50.72
max_pressure,46,moto,46.15
max_pressure,46,auto,30.16
max_pressure,46,moto,41.42
max_pressure,46,moto,43.97
max_pressure,46,moto,31.96
max_pressure,46,auto,51.74
max_pressure,46,moto,41.94
max_pressure,46,auto,49.84
max_pressure,46,moto,33.94
max_pressure,46,auto,26.42
max_pressure,46,auto,58.17
max_pressure,46,car,34.41
max_pressure,46,car,29.69
max_pressure,46,moto,22.91
max_pressure,46,moto,31.64
max_pressure,46,moto,3.2
max_pressure,46,car,5.77
max_pressure,46,moto,19.04
max_pressure,46,moto,3.82
max_pressure,46,moto,16.03
max_pressure,46,moto,19.62
max_pressure,46,moto,20.7
max_pressure,46,auto,2.19
max_pressure,46,moto,2.51
max_pressure,46,moto,1.76
max_pressure,46,car,4.65
max_pressure,46,auto,49.89
max_pressure,46,auto,47.55
max_pressure,46,auto,44.55
max_pressure,46,moto,41.01
max_pressure,46,auto,39.54
max_pressure,46,moto,39.92
max_pressure,46,moto,43.98
max_pressure,46,auto,38.75
max_pressure,46,moto,27.21
max_pressure,46,auto,61.59
max_pressure,46,car,56.05
max_pressure,46,car,40.86
max_pressure,46,auto,54.15
max_pressure,46,moto,68.11
max_pressure,46,moto,45.74
max_pressure,46,moto,42.92
max_pressure,46,car,49.42
max_pressure,46,auto,35.65
max_pressure,46,moto,36.78
max_pressure,46,moto,35.42
max_pressure,46,moto,2.7
max_pressure,46,moto,19.53
max_pressure,46,auto,15.37
max_pressure,46,moto,7.17
max_pressure,46,auto,19.96
max_pressure,46,moto,3.15
max_pressure,46,moto,4.21
max_pressure,46,auto,22.81
max_pressure,46,moto,36.29
max_pressure,46,moto,27.59
max_pressure,46,moto,51.23
max_pressure,46,moto,41.86
max_pressure,46,car,37.02
max_pressure,46,moto,39.17
max_pressure,46,moto,35.55
max_pressure,46,moto,27.66
max_pressure,46,moto,56.76
max_pressure,46,moto,52.32
max_pressure,46,car,26.29
max_pressure,46,moto,53.6
max_pressure,46,auto,40.84
max_pressure,46,moto,25.08
max_pressure,46,car,56.81
max_pressure,46,moto,36.68
max_pressure,46,moto,38.83
max_pressure,46,car,43.96
max_pressure,46,auto,37.56
max_pressure,46,auto,45.17
max_pressure,46,moto,25.8
max_pressure,46,auto,19.24
max_pressure,46,auto,16.54
max_pressure,46,auto,5.09
max_pressure,46,moto,2.64
max_pressure,46,auto,10.37
max_pressure,46,auto,7.1
max_pressure,46,moto,42.74
max_pressure,46,moto,39.45
max_pressure,46,auto,30.85
max_pressure,46,moto,14.35
max_pressure,46,auto,22.22
max_pressure,46,moto,34.85
max_pressure,46,car,38.24
max_pressure,46,moto,34.34
max_pressure,46,auto,34.59
max_pressure,46,moto,37.07
max_pressure,46,car,47.85
max_pressure,46,moto,48.75
max_pressure,46,moto,32.78
max_pressure,46,moto,16.42
max_pressure,46,car,35.92
max_pressure,46,moto,11.66
max_pressure,46,moto,1.8
max_pressure,46,car,9.42
max_pressure,46,car,23.26
max_pressure,46,moto,3.13
max_pressure,46,moto,2.95
max_pressure,46,car,2.46
max_pressure,46,moto,2.83
max_pressure,46,moto,28.05
max_pressure,46,moto,41.1
max_pressure,46,moto,25.32
max_pressure,46,moto,36.11
max_pressure,46,auto,39.39
max_pressure,46,auto,42.16
max_pressure,46,moto,32.07
max_pressure,46,moto,35.01
max_pressure,46,moto,24.52
max_pressure,46,auto,44.75
max_pressure,46,auto,37.61
max_pressure,46,car,42.61
max_pressure,46,moto,32.43
max_pressure,46,car,37.17
max_pressure,46,moto,27.31
max_pressure,46,moto,17.54
max_pressure,46,moto,14.85
max_pressure,46,car,17.05
max_pressure,46,auto,15.07
max_pressure,46,moto,4.76
max_pressure,46,moto,22.77
max_pressure,46,moto,21.87
max_pressure,46,moto,18.52
max_pressure,46,auto,9.31
max_pressure,46,moto,3.78
max_pressure,46,car,15.85
max_pressure,46,auto,2.27
max_pressure,46,moto,4.78
max_pressure,46,car,45.17
max_pressure,46,car,51.53
max_pressure,46,moto,25.14
max_pressure,46,auto,30.63
max_pressure,46,car,23.94
max_pressure,46,moto,24.56
max_pressure,46,car,56.37
max_pressure,46,car,34.82
max_pressure,46,car,32.79
max_pressure,46,moto,38.42
max_pressure,46,moto,35.71
max_pressure,46,moto,56.75
max_pressure,46,auto,45.02
max_pressure,46,car,55.99
max_pressure,46,moto,49.4
max_pressure,46,moto,18.66
max_pressure,46,moto,16.29
max_pressure,46,car,9.45
max_pressure,46,car,7.61
max_pressure,46,moto,3.55
max_pressure,46,auto,8.0
max_pressure,46,auto,1.13
max_pressure,46,moto,46.88
max_pressure,46,moto,49.23
max_pressure,46,moto,45.36
max_pressure,46,moto,36.78
max_pressure,46,moto,29.47
max_pressure,46,moto,36.03
max_pressure,46,moto,27.25
max_pressure,46,car,27.34
max_pressure,46,moto,33.2
max_pressure,46,moto,53.05
max_pressure,46,car,54.25
max_pressure,46,auto,57.43
max_pressure,46,moto,46.51
max_pressure,46,car,27.98
max_pressure,46,moto,27.94
max_pressure,46,auto,39.31
max_pressure,46,moto,55.41
max_pressure,46,auto,40.37
max_pressure,46,auto,31.44
max_pressure,46,auto,56.97
max_pressure,46,moto,50.28
max_pressure,46,moto,50.02
max_pressure,46,moto,28.96
max_pressure,46,auto,35.23
max_pressure,46,auto,49.04
max_pressure,46,moto,46.95
max_pressure,46,moto,54.34
max_pressure,46,auto,45.69
max_pressure,46,auto,41.91
max_pressure,46,moto,37.51
max_pressure,46,auto,46.91
max_pressure,46,moto,40.49
max_pressure,46,auto,44.41
max_pressure,46,car,16.33
max_pressure,46,moto,11.46
max_pressure,46,moto,39.06
max_pressure,46,car,40.27
max_pressure,46,car,35.59
max_pressure,46,moto,38.6
max_pressure,46,moto,27.43
max_pressure,46,moto,10.55
max_pressure,46,auto,14.81
max_pressure,46,car,13.17
max_pressure,46,auto,11.54
max_pressure,46,moto,13.91
max_pressure,46,moto,4.71
max_pressure,46,moto,41.61
max_pressure,46,car,33.72
max_pressure,46,moto,32.96
max_pressure,46,moto,36.19
max_pressure,46,car,33.43
max_pressure,46,car,47.32
max_pressure,46,moto,43.45
max_pressure,46,moto,32.99
max_pressure,46,auto,25.26
max_pressure,46,car,24.03
max_pressure,46,moto,46.48
max_pressure,46,moto,35.78
max_pressure,46,moto,19.57
max_pressure,46,moto,26.39
max_pressure,46,moto,4.49
max_pressure,46,moto,10.27
max_pressure,46,auto,22.04
max_pressure,46,auto,21.11
max_pressure,46,moto,17.44
max_pressure,46,car,1.96
max_pressure,46,moto,3.47
max_pressure,46,moto,40.14
max_pressure,46,moto,47.48
max_pressure,46,moto,38.12
max_pressure,46,moto,33.32
max_pressure,46,moto,21.1
max_pressure,46,car,33.26
max_pressure,46,auto,43.3
max_pressure,46,car,34.54
max_pressure,46,car,35.33
max_pressure,46,moto,56.29
max_pressure,46,auto,53.84
max_pressure,46,auto,47.53
max_pressure,46,moto,44.2
max_pressure,46,moto,26.15
max_pressure,46,moto,36.3
max_pressure,46,auto,45.75
max_pressure,46,auto,51.68
max_pressure,46,moto,50.89
max_pressure,46,moto,31.35
max_pressure,46,moto,30.95
max_pressure,46,auto,45.4
max_pressure,46,moto,42.05
max_pressure,46,auto,35.21
max_pressure,46,car,31.89
max_pressure,46,moto,20.74
max_pressure,46,moto,12.2
max_pressure,46,moto,20.64
max_pressure,46,auto,8.98
max_pressure,46,auto,14.98
max_pressure,46,moto,2.31
max_pressure,46,moto,18.5
max_pressure,46,car,4.13
max_pressure,46,moto,36.24
max_pressure,46,auto,35.29
max_pressure,46,auto,44.13
max_pressure,46,car,48.93
max_pressure,46,auto,37.78
max_pressure,46,auto,31.1
max_pressure,46,moto,44.69
max_pressure,46,moto,43.76
max_pressure,46,auto,28.94
max_pressure,46,moto,27.12
max_pressure,46,auto,49.74
max_pressure,46,moto,31.6
max_pressure,46,moto,36.39
max_pressure,46,moto,45.7
max_pressure,46,moto,47.59
max_pressure,46,car,46.97
max_pressure,46,moto,20.61
max_pressure,46,moto,10.05
max_pressure,46,car,31.33
max_pressure,46,moto,22.34
max_pressure,46,car,7.89
max_pressure,46,car,20.48
max_pressure,46,moto,2.3
max_pressure,46,moto,53.51
max_pressure,46,moto,36.08
max_pressure,46,car,36.08
max_pressure,46,moto,2.84
max_pressure,46,moto,33.37
max_pressure,46,auto,50.76
max_pressure,46,moto,48.59
max_pressure,46,auto,26.37
max_pressure,46,moto,53.73
max_pressure,46,auto,47.96
max_pressure,46,car,31.33
max_pressure,46,moto,34.89
max_pressure,46,moto,37.0
max_pressure,46,auto,42.67
max_pressure,46,moto,30.32
max_pressure,46,car,33.96
max_pressure,46,auto,33.63
max_pressure,46,auto,35.22
max_pressure,46,moto,15.02
max_pressure,46,moto,30.98
max_pressure,46,moto,12.62
max_pressure,46,car,6.88
max_pressure,46,moto,23.2
max_pressure,46,auto,6.48
max_pressure,46,auto,19.14
max_pressure,46,moto,2.5
max_pressure,46,moto,4.72
max_pressure,46,moto,4.89
max_pressure,46,moto,42.51
max_pressure,46,moto,2.78
max_pressure,46,auto,45.82
max_pressure,46,moto,35.91
max_pressure,46,moto,40.71
max_pressure,46,moto,36.84
max_pressure,46,moto,39.29
max_pressure,46,moto,30.26
max_pressure,46,moto,51.26
max_pressure,46,moto,19.98
max_pressure,46,moto,56.31
max_pressure,46,auto,51.47
max_pressure,46,moto,37.17
max_pressure,46,car,39.75
max_pressure,46,moto,3.42
max_pressure,46,moto,6.58
max_pressure,46,auto,1.15
max_pressure,46,car,18.34
max_pressure,46,car,1.16
max_pressure,46,moto,4.58
max_pressure,46,auto,0.86
max_pressure,46,moto,2.4
max_pressure,46,moto,37.85
max_pressure,46,moto,29.38
max_pressure,46,auto,44.31
max_pressure,46,moto,27.76
max_pressure,46,moto,24.76
max_pressure,46,auto,26.77
max_pressure,46,moto,53.05
max_pressure,46,car,38.79
max_pressure,46,moto,31.8
max_pressure,46,auto,39.45
max_pressure,46,moto,37.81
max_pressure,46,car,30.49
max_pressure,46,moto,20.5
max_pressure,46,moto,17.83
max_pressure,46,moto,6.63
max_pressure,46,moto,1.89
max_pressure,46,moto,21.69
idqn,42,moto,5.07
idqn,42,auto,8.71
idqn,42,moto,5.89
idqn,42,moto,5.08
idqn,42,moto,4.97
idqn,42,car,3.51
idqn,42,car,3.86
idqn,42,moto,4.66
idqn,42,moto,7.78
idqn,42,moto,6.56
idqn,42,moto,5.52
idqn,42,moto,5.55
idqn,42,auto,2.62
idqn,42,moto,4.65
idqn,42,moto,3.61
idqn,42,auto,2.89
idqn,42,auto,2.62
idqn,42,moto,3.74
idqn,42,moto,5.85
idqn,42,moto,4.09
idqn,42,car,4.5
idqn,42,moto,3.89
idqn,42,auto,3.13
idqn,42,auto,2.31
idqn,42,moto,3.98
idqn,42,moto,4.47
idqn,42,moto,4.23
idqn,42,auto,2.24
idqn,42,moto,7.83
idqn,42,auto,2.2
idqn,42,auto,2.25
idqn,42,moto,5.53
idqn,42,moto,4.7
idqn,42,moto,72.06
idqn,42,moto,5.33
idqn,42,auto,13.79
idqn,42,moto,35.83
idqn,42,moto,5.47
idqn,42,moto,4.92
idqn,42,moto,5.53
idqn,42,moto,4.64
idqn,42,car,3.52
idqn,42,auto,4.74
idqn,42,moto,107.48
idqn,42,moto,13.16
idqn,42,moto,110.41
idqn,42,moto,70.23
idqn,42,car,18.17
idqn,42,moto,22.29
idqn,42,car,3.54
idqn,42,moto,4.97
idqn,42,moto,25.87
idqn,42,auto,22.73
idqn,42,moto,25.91
idqn,42,moto,15.4
idqn,42,auto,23.29
idqn,42,moto,25.53
idqn,42,moto,25.25
idqn,42,moto,23.37
idqn,42,auto,22.4
idqn,42,auto,22.87
idqn,42,moto,15.0
idqn,42,moto,11.88
idqn,42,car,13.63
idqn,42,moto,128.4
idqn,42,moto,105.52
idqn,42,moto,18.17
idqn,42,moto,16.42
idqn,42,auto,10.22
idqn,42,moto,21.32
idqn,42,moto,10.16
idqn,42,car,11.09
idqn,42,moto,5.62
idqn,42,moto,8.75
idqn,42,moto,22.3
idqn,42,moto,7.16
idqn,42,moto,10.35
idqn,42,car,21.84
idqn,42,auto,21.55
idqn,42,car,14.64
idqn,42,auto,2.85
idqn,42,moto,5.37
idqn,42,moto,4.59
idqn,42,moto,10.48
idqn,42,moto,24.07
idqn,42,moto,27.4
idqn,42,car,26.91
idqn,42,auto,2.04
idqn,42,auto,25.35
idqn,42,car,10.53
idqn,42,car,2.99
idqn,42,auto,18.7
idqn,42,auto,20.02
idqn,42,moto,18.25
idqn,42,auto,11.01
idqn,42,auto,2.34
idqn,42,moto,5.02
idqn,42,car,18.42
idqn,42,moto,17.63
idqn,42,auto,3.21
idqn,42,auto,22.78
idqn,42,moto,18.29
idqn,42,moto,7.96
idqn,42,car,23.32
idqn,42,moto,17.02
idqn,42,car,28.65
idqn,42,moto,9.79
idqn,42,auto,24.24
idqn,42,auto,11.78
idqn,42,moto,25.18
idqn,42,moto,23.25
idqn,42,car,21.77
idqn,42,moto,17.34
idqn,42,auto,18.2
idqn,42,car,15.31
idqn,42,moto,14.83
idqn,42,auto,7.7
idqn,42,moto,9.96
idqn,42,moto,22.95
idqn,42,moto,8.99
idqn,42,moto,23.31
idqn,42,auto,27.06
idqn,42,moto,14.54
idqn,42,moto,6.94
idqn,42,moto,48.56
idqn,42,car,4.22
idqn,42,moto,2.6
idqn,42,moto,10.0
idqn,42,moto,9.55
idqn,42,moto,60.99
idqn,42,moto,17.63
idqn,42,auto,71.83
idqn,42,auto,13.56
idqn,42,moto,15.97
idqn,42,auto,6.45
idqn,42,moto,38.17
idqn,42,moto,27.62
idqn,42,auto,1.89
idqn,42,moto,2.53
idqn,42,car,23.49
idqn,42,moto,12.42
idqn,42,car,9.34
idqn,42,moto,21.5
idqn,42,car,19.74
idqn,42,moto,16.93
idqn,42,moto,11.89
idqn,42,car,15.87
idqn,42,moto,10.06
idqn,42,car,13.39
idqn,42,moto,22.17
idqn,42,moto,22.03
idqn,42,car,22.57
idqn,42,moto,22.87
idqn,42,moto,28.75
idqn,42,car,20.09
idqn,42,moto,11.53
idqn,42,moto,31.01
idqn,42,moto,23.1
idqn,42,moto,36.61
idqn,42,auto,40.62
idqn,42,moto,147.03
idqn,42,moto,89.86
idqn,42,car,37.25
idqn,42,moto,7.06
idqn,42,car,12.39
idqn,42,moto,7.21
idqn,42,moto,37.64
idqn,42,moto,28.69
idqn,42,moto,8.15
idqn,42,auto,6.33
idqn,42,moto,20.46
idqn,42,auto,130.13
idqn,42,moto,81.31
idqn,42,moto,8.85
idqn,42,moto,9.09
idqn,42,moto,86.5
idqn,42,auto,28.09
idqn,42,moto,11.82
idqn,42,moto,8.68
idqn,42,auto,13.57
idqn,42,auto,11.94
idqn,42,auto,10.15
idqn,42,car,4.14
idqn,42,moto,5.86
idqn,42,moto,4.31
idqn,42,car,4.47
idqn,42,moto,7.62
idqn,42,moto,24.62
idqn,42,auto,33.07
idqn,42,auto,26.37
idqn,42,moto,31.72
idqn,42,auto,18.75
idqn,42,moto,34.25
idqn,42,moto,15.32
idqn,42,moto,10.63
idqn,42,moto,18.93
idqn,42,car,18.74
idqn,42,car,15.35
idqn,42,moto,20.8
idqn,42,auto,23.9
idqn,42,auto,23.23
idqn,42,moto,5.97
idqn,42,auto,4.93
idqn,42,moto,48.42
idqn,42,moto,14.51
idqn,42,moto,8.72
idqn,42,moto,19.58
idqn,42,car,13.54
idqn,42,moto,23.92
idqn,42,auto,5.09
idqn,42,moto,18.1
idqn,42,moto,33.04
idqn,42,moto,19.31
idqn,42,moto,37.99
idqn,42,moto,12.23
idqn,42,auto,36.22
idqn,42,moto,11.75
idqn,42,moto,23.29
idqn,42,auto,32.9
idqn,42,moto,26.29
idqn,42,auto,16.28
idqn,42,moto,8.54
idqn,42,auto,22.83
idqn,42,moto,28.45
idqn,42,moto,21.6
idqn,42,auto,11.95
idqn,42,auto,17.34
idqn,42,car,16.14
idqn,42,car,12.31
idqn,42,moto,8.2
idqn,42,moto,16.7
idqn,42,car,13.79
idqn,42,auto,17.32
idqn,42,moto,12.14
idqn,42,auto,32.22
idqn,42,moto,20.37
idqn,42,auto,4.7
idqn,42,car,18.64
idqn,42,moto,10.2
idqn,42,moto,24.46
idqn,42,auto,18.5
idqn,42,moto,10.18
idqn,42,moto,6.2
idqn,42,moto,13.95
idqn,42,car,11.36
idqn,42,moto,10.6
idqn,42,moto,5.55
idqn,42,moto,9.2
idqn,42,moto,23.31
idqn,42,auto,23.97
idqn,42,moto,14.02
idqn,42,moto,15.37
idqn,42,auto,1.9
idqn,42,moto,23.82
idqn,42,moto,13.23
idqn,42,moto,3.45
idqn,42,moto,4.41
idqn,42,moto,12.93
idqn,42,moto,6.47
idqn,42,auto,2.67
idqn,42,moto,21.19
idqn,42,moto,62.76
idqn,42,moto,48.77
idqn,42,moto,30.37
idqn,42,auto,25.51
idqn,42,auto,6.79
idqn,42,moto,16.81
idqn,42,moto,31.53
idqn,42,moto,4.12
idqn,42,moto,20.55
idqn,42,auto,4.51
idqn,42,auto,16.4
idqn,42,moto,3.64
idqn,42,moto,5.44
idqn,42,auto,2.64
idqn,42,moto,22.86
idqn,42,moto,25.1
idqn,42,moto,12.51
idqn,42,car,3.62
idqn,42,car,24.3
idqn,42,car,24.95
idqn,42,moto,5.67
idqn,42,moto,19.72
idqn,42,moto,22.26
idqn,42,moto,23.76
idqn,42,moto,21.1
idqn,42,moto,11.4
idqn,42,moto,8.03
idqn,42,moto,16.14
idqn,42,moto,4.84
idqn,42,moto,4.04
idqn,42,moto,23.66
idqn,42,auto,2.34
idqn,42,car,16.08
idqn,42,auto,21.5
idqn,42,moto,10.87
idqn,42,auto,13.7
idqn,42,moto,5.55
idqn,42,moto,3.92
idqn,42,moto,16.55
idqn,42,moto,13.18
idqn,42,moto,5.19
idqn,42,moto,18.21
idqn,42,moto,6.17
idqn,42,moto,8.28
idqn,42,moto,5.89
idqn,42,car,16.14
idqn,42,auto,11.48
idqn,42,moto,5.93
idqn,42,auto,11.22
idqn,42,car,3.54
idqn,42,moto,29.71
idqn,42,moto,123.39
idqn,42,moto,125.8
idqn,42,auto,25.07
idqn,42,moto,61.32
idqn,42,moto,119.99
idqn,42,car,12.95
idqn,42,car,18.67
idqn,42,moto,14.51
idqn,42,moto,8.86
idqn,42,auto,22.67
idqn,42,moto,11.14
idqn,42,auto,13.27
idqn,42,moto,16.68
idqn,42,moto,69.25
idqn,42,moto,45.75
idqn,42,moto,16.22
idqn,42,moto,35.84
idqn,42,moto,10.95
idqn,42,auto,19.08
idqn,42,auto,7.06
idqn,42,moto,3.64
idqn,42,moto,4.78
idqn,42,moto,32.55
idqn,42,moto,26.7
idqn,42,moto,21.12
idqn,42,moto,3.25
idqn,42,moto,19.78
idqn,42,moto,19.32
idqn,42,auto,33.63
idqn,42,car,5.33
idqn,42,moto,24.59
idqn,42,moto,18.2
idqn,42,auto,4.88
idqn,42,moto,4.79
idqn,42,moto,20.01
idqn,42,auto,5.14
idqn,42,auto,35.62
idqn,42,moto,16.9
idqn,42,auto,16.82
idqn,42,moto,6.08
idqn,42,moto,25.85
idqn,42,moto,34.88
idqn,42,moto,26.03
idqn,42,car,17.54
idqn,42,moto,36.05
idqn,42,moto,22.05
idqn,42,auto,22.34
idqn,42,auto,18.45
idqn,42,auto,36.87
idqn,42,auto,34.54
idqn,42,auto,21.94
idqn,42,auto,22.97
idqn,42,moto,13.42
idqn,42,moto,8.62
idqn,42,moto,17.85
idqn,42,moto,8.47
idqn,42,car,15.26
idqn,42,moto,9.45
idqn,42,auto,15.55
idqn,42,moto,16.26
idqn,42,moto,6.93
idqn,42,auto,3.92
idqn,42,moto,11.45
idqn,42,moto,6.1
idqn,42,car,4.73
idqn,42,moto,5.7
idqn,42,moto,16.56
idqn,42,moto,4.62
idqn,42,moto,5.05
idqn,42,moto,6.69
idqn,42,car,4.95
idqn,42,auto,4.3
idqn,42,moto,6.54
idqn,42,auto,2.91
idqn,42,auto,3.93
idqn,42,auto,5.1
idqn,42,auto,3.06
idqn,42,moto,7.65
idqn,42,moto,4.35
idqn,42,auto,47.19
idqn,42,moto,4.21
idqn,42,moto,55.11
idqn,42,moto,6.65
idqn,42,moto,26.09
idqn,42,moto,17.97
idqn,42,auto,2.28
idqn,42,moto,4.45
idqn,42,auto,46.44
idqn,42,car,3.72
idqn,42,auto,3.15
idqn,42,auto,2.69
idqn,42,car,8.59
idqn,42,moto,5.26
idqn,42,moto,33.42
idqn,42,moto,5.24
idqn,42,auto,18.03
idqn,42,moto,10.58
idqn,42,moto,25.81
idqn,42,moto,23.47
idqn,42,moto,13.75
idqn,42,auto,10.76
idqn,42,auto,2.45
idqn,42,moto,18.79
idqn,42,moto,4.89
idqn,42,auto,6.37
idqn,42,moto,10.93
idqn,42,moto,23.75
idqn,42,auto,17.88
idqn,42,car,18.8
idqn,42,auto,20.87
idqn,42,moto,19.83
idqn,42,auto,13.62
idqn,42,moto,23.85
idqn,42,car,17.77
idqn,42,auto,17.63
idqn,42,moto,6.74
idqn,42,car,4.65
idqn,42,moto,5.92
idqn,42,auto,5.83
idqn,42,auto,4.46
idqn,42,car,4.16
idqn,42,moto,5.67
idqn,42,car,2.69
idqn,42,moto,5.75
idqn,42,moto,5.39
idqn,42,moto,4.46
idqn,42,car,2.52
idqn,42,moto,6.96
idqn,42,car,3.59
idqn,42,moto,3.91
idqn,42,moto,104.16
idqn,42,moto,33.01
idqn,42,auto,92.56
idqn,42,moto,87.98
idqn,42,moto,6.52
idqn,42,moto,19.15
idqn,42,car,35.71
idqn,42,moto,19.79
idqn,42,moto,5.5
idqn,42,moto,20.17
idqn,42,moto,14.29
idqn,42,moto,15.04
idqn,42,moto,9.13
idqn,42,car,2.85
idqn,42,moto,10.38
idqn,42,moto,3.02
idqn,42,moto,4.96
idqn,42,moto,5.15
idqn,42,auto,2.45
idqn,42,car,20.13
idqn,42,moto,19.43
idqn,42,auto,18.59
idqn,42,auto,23.46
idqn,42,auto,14.02
idqn,42,moto,35.28
idqn,42,auto,14.92
idqn,42,moto,15.82
idqn,42,auto,13.53
idqn,42,car,30.47
idqn,42,moto,61.21
idqn,42,auto,2.22
idqn,42,moto,3.98
idqn,42,moto,22.2
idqn,42,moto,25.62
idqn,42,auto,21.92
idqn,42,auto,13.7
idqn,42,moto,4.61
idqn,42,auto,3.38
idqn,42,auto,5.99
idqn,42,car,22.96
idqn,42,car,12.36
idqn,42,moto,6.49
idqn,42,moto,7.12
idqn,42,moto,17.16
idqn,42,moto,5.45
idqn,42,moto,4.28
idqn,42,moto,4.16
idqn,42,moto,16.83
idqn,42,moto,6.48
idqn,42,moto,15.39
idqn,42,car,21.46
idqn,42,moto,8.42
idqn,42,auto,16.87
idqn,42,moto,22.09
idqn,42,car,7.02
idqn,42,car,21.93
idqn,42,car,33.64
idqn,42,car,7.15
idqn,42,car,10.95
idqn,42,car,10.96
idqn,42,moto,7.95
idqn,42,auto,15.91
idqn,42,car,21.87
idqn,42,moto,11.6
idqn,42,moto,7.51
idqn,42,moto,17.7
idqn,42,moto,9.94
idqn,42,auto,16.95
idqn,42,moto,27.9
idqn,42,moto,18.69
idqn,42,moto,12.21
idqn,42,car,32.26
idqn,42,moto,21.82
idqn,42,moto,3.0
idqn,42,auto,44.93
idqn,42,moto,8.96
idqn,42,moto,4.86
idqn,42,moto,26.08
idqn,42,moto,18.22
idqn,42,moto,13.29
idqn,42,moto,8.34
idqn,42,moto,4.68
idqn,42,moto,12.43
idqn,42,auto,4.73
idqn,42,moto,4.22
idqn,42,moto,22.2
idqn,42,car,20.63
idqn,42,moto,7.03
idqn,42,moto,12.8
idqn,42,auto,21.09
idqn,42,auto,10.62
idqn,42,moto,38.83
idqn,42,moto,33.58
idqn,42,moto,56.33
idqn,42,moto,75.85
idqn,42,auto,31.25
idqn,42,moto,4.39
idqn,42,moto,12.93
idqn,42,moto,17.81
idqn,42,moto,4.06
idqn,42,moto,23.12
idqn,42,auto,26.36
idqn,42,auto,26.73
idqn,42,moto,17.45
idqn,42,auto,19.44
idqn,42,car,3.22
idqn,42,auto,9.11
idqn,42,moto,16.0
idqn,42,car,20.96
idqn,42,car,10.17
idqn,42,moto,6.56
idqn,42,auto,2.53
idqn,42,moto,4.85
idqn,42,moto,22.76
idqn,42,auto,13.98
idqn,42,moto,6.26
idqn,42,moto,5.65
idqn,42,car,2.49
idqn,42,auto,2.28
idqn,42,auto,2.28
idqn,42,car,20.8
idqn,42,moto,4.07
idqn,42,moto,9.73
idqn,42,moto,5.73
idqn,42,moto,20.01
idqn,42,moto,5.58
idqn,42,auto,22.99
idqn,42,auto,13.84
idqn,42,moto,4.51
idqn,42,auto,3.41
idqn,42,car,3.13
idqn,42,car,3.32
idqn,42,moto,67.53
idqn,42,car,6.79
idqn,42,moto,29.8
idqn,42,moto,3.0
idqn,42,moto,1.79
idqn,42,moto,26.01
idqn,42,auto,51.95
idqn,42,moto,3.97
idqn,42,car,18.28
idqn,42,moto,4.04
idqn,42,moto,4.98
idqn,42,moto,17.55
idqn,42,moto,22.16
idqn,42,car,23.92
idqn,42,auto,19.14
idqn,42,moto,16.0
idqn,42,auto,15.37
idqn,42,car,21.15
idqn,42,car,17.33
idqn,42,moto,73.18
idqn,42,moto,57.34
idqn,42,auto,11.94
idqn,42,moto,23.74
idqn,42,moto,79.37
idqn,42,auto,10.67
idqn,42,auto,10.36
idqn,42,moto,4.74
idqn,42,car,8.32
idqn,42,moto,6.0
idqn,42,car,4.23
idqn,42,moto,37.73
idqn,42,moto,4.28
idqn,42,moto,24.71
idqn,42,moto,42.77
idqn,42,moto,33.42
idqn,42,auto,25.45
idqn,42,auto,39.11
idqn,42,moto,32.93
idqn,42,auto,27.07
idqn,42,auto,35.5
idqn,42,moto,20.39
idqn,42,moto,28.98
idqn,42,moto,6.51
idqn,42,moto,29.47
idqn,42,auto,22.23
idqn,42,moto,23.16
idqn,42,moto,28.38
idqn,42,car,27.27
idqn,42,car,21.22
idqn,42,car,19.33
idqn,42,car,5.46
idqn,42,moto,19.23
idqn,42,car,17.87
idqn,42,auto,22.64
idqn,42,auto,12.1
idqn,42,moto,24.14
idqn,42,auto,23.79
idqn,42,auto,13.77
idqn,42,auto,21.64
idqn,42,moto,18.17
idqn,42,car,5.46
idqn,42,moto,24.97
idqn,42,moto,21.49
idqn,42,auto,23.35
idqn,42,car,35.68
idqn,42,moto,21.44
idqn,42,moto,23.57
idqn,42,moto,24.07
idqn,42,car,23.94
idqn,42,moto,19.78
idqn,42,auto,18.77
idqn,42,moto,13.92
idqn,42,car,11.68
idqn,42,auto,17.49
idqn,42,moto,5.7
idqn,42,moto,15.3
idqn,42,moto,9.56
idqn,42,moto,6.47
idqn,42,auto,23.62
idqn,42,moto,5.25
idqn,42,auto,9.33
idqn,42,car,11.87
idqn,42,moto,5.71
idqn,42,moto,7.02
idqn,42,car,19.3
idqn,42,car,19.71
idqn,42,moto,3.42
idqn,42,moto,14.81
idqn,42,moto,4.96
idqn,42,auto,53.31
idqn,42,moto,29.7
idqn,42,moto,2.35
idqn,42,moto,2.99
idqn,42,moto,4.43
idqn,42,auto,45.73
idqn,42,auto,6.88
idqn,42,auto,15.84
idqn,42,car,2.23
idqn,42,auto,2.41
idqn,42,moto,26.5
idqn,42,car,30.44
idqn,42,auto,24.96
idqn,42,moto,25.88
idqn,42,moto,8.43
idqn,42,moto,36.44
idqn,42,moto,32.41
idqn,42,car,3.85
idqn,42,moto,3.56
idqn,42,moto,21.68
idqn,42,moto,16.41
idqn,42,moto,17.32
idqn,42,auto,23.65
idqn,42,auto,4.87
idqn,42,auto,3.02
idqn,42,car,3.83
idqn,42,auto,20.85
idqn,42,moto,17.43
idqn,42,moto,4.73
idqn,42,car,3.79
idqn,42,moto,8.56
idqn,42,moto,5.45
idqn,42,moto,10.64
idqn,42,auto,4.56
idqn,42,auto,9.91
idqn,42,moto,16.33
idqn,42,moto,19.36
idqn,42,auto,2.96
idqn,42,moto,36.96
idqn,42,moto,15.09
idqn,42,moto,16.84
idqn,42,auto,8.5
idqn,42,auto,34.54
idqn,42,auto,30.82
idqn,42,moto,5.48
idqn,42,auto,20.87
idqn,42,car,8.16
idqn,42,moto,10.42
idqn,42,moto,5.96
idqn,42,car,12.1
idqn,42,car,4.19
idqn,42,auto,7.34
idqn,42,moto,4.8
idqn,42,moto,17.3
idqn,42,moto,15.77
idqn,42,moto,19.5
idqn,42,car,11.84
idqn,42,moto,19.28
idqn,42,moto,11.27
idqn,42,auto,37.2
idqn,42,moto,11.27
idqn,42,moto,13.13
idqn,42,auto,13.14
idqn,42,moto,4.82
idqn,42,auto,5.89
idqn,42,moto,11.58
idqn,42,moto,9.75
idqn,42,auto,8.08
idqn,42,auto,10.84
idqn,42,auto,2.27
idqn,42,car,2.18
idqn,42,moto,29.74
idqn,42,moto,79.42
idqn,42,moto,73.44
idqn,42,moto,4.8
idqn,42,moto,4.17
idqn,42,auto,71.9
idqn,42,auto,2.65
idqn,42,auto,1.96
idqn,42,auto,3.55
idqn,42,auto,2.66
idqn,42,auto,3.22
idqn,42,moto,98.24
idqn,42,moto,44.8
idqn,42,moto,4.48
idqn,42,car,9.3
idqn,42,auto,2.28
idqn,42,moto,23.57
idqn,42,moto,11.45
idqn,42,moto,26.02
idqn,42,car,9.65
idqn,42,car,23.26
idqn,42,car,7.59
idqn,42,moto,5.64
idqn,42,moto,5.9
idqn,42,moto,17.73
idqn,42,moto,18.06
idqn,42,moto,4.7
idqn,42,moto,18.78
idqn,42,moto,17.24
idqn,42,car,11.89
idqn,42,moto,23.48
idqn,42,moto,14.29
idqn,42,moto,9.01
idqn,42,car,6.21
idqn,42,auto,21.33
idqn,42,moto,16.38
idqn,42,moto,4.16
idqn,42,auto,17.14
idqn,42,moto,18.03
idqn,42,moto,15.9
idqn,42,moto,6.0
idqn,42,car,17.68
idqn,42,moto,8.97
idqn,42,auto,5.27
idqn,42,car,5.89
idqn,42,moto,34.44
idqn,42,moto,34.68
idqn,42,moto,21.0
idqn,42,moto,27.28
idqn,42,moto,44.44
idqn,42,moto,14.27
idqn,42,auto,38.77
idqn,42,car,35.48
idqn,42,auto,15.87
idqn,42,moto,33.72
idqn,42,moto,23.25
idqn,42,car,20.62
idqn,42,car,18.69
idqn,42,auto,15.63
idqn,42,moto,15.09
idqn,42,moto,8.65
idqn,42,moto,23.49
idqn,42,moto,22.17
idqn,42,moto,21.51
idqn,42,auto,18.77
idqn,42,moto,24.72
idqn,42,moto,24.39
idqn,42,moto,9.91
idqn,42,car,15.32
idqn,42,moto,18.56
idqn,42,car,18.39
idqn,42,car,9.57
idqn,42,moto,4.73
idqn,42,auto,7.22
idqn,42,auto,3.14
idqn,42,car,2.64
idqn,42,car,21.57
idqn,42,auto,17.75
idqn,42,moto,5.0
idqn,42,moto,15.49
idqn,42,car,8.06
idqn,42,moto,6.61
idqn,42,car,19.83
idqn,42,car,2.72
idqn,42,moto,15.03
idqn,42,moto,4.38
idqn,42,auto,17.84
idqn,42,moto,7.1
idqn,42,moto,23.56
idqn,42,auto,21.07
idqn,42,moto,26.99
idqn,42,moto,15.42
idqn,42,auto,8.44
idqn,42,auto,23.91
idqn,42,moto,25.96
idqn,42,moto,17.31
idqn,42,auto,7.66
idqn,42,auto,22.48
idqn,42,car,11.54
idqn,42,moto,10.59
idqn,42,moto,5.01
idqn,42,moto,3.75
idqn,42,auto,16.7
idqn,42,moto,4.89
idqn,42,moto,4.22
idqn,42,moto,5.9
idqn,42,moto,5.82
idqn,42,auto,4.14
idqn,42,auto,6.7
idqn,42,auto,3.71
idqn,42,moto,5.36
idqn,42,moto,4.51
idqn,42,moto,7.3
idqn,42,auto,2.51
idqn,42,moto,3.73
idqn,42,auto,2.29
idqn,42,car,2.89
idqn,42,moto,3.9
idqn,42,moto,4.21
idqn,42,auto,3.11
idqn,42,moto,29.61
idqn,42,moto,39.83
idqn,42,car,36.27
idqn,42,moto,32.08
idqn,42,moto,4.1
idqn,42,auto,3.38
idqn,42,car,4.21
idqn,42,moto,4.51
idqn,42,moto,44.84
idqn,42,auto,17.43
idqn,42,moto,11.44
idqn,42,car,15.58
idqn,42,moto,67.66
idqn,42,moto,12.63
idqn,42,moto,15.07
idqn,42,moto,71.19
idqn,42,moto,18.22
idqn,42,moto,37.0
idqn,42,auto,74.3
idqn,42,car,18.22
idqn,42,moto,39.26
idqn,42,auto,14.21
idqn,42,moto,21.36
idqn,42,car,9.76
idqn,42,moto,12.4
idqn,42,auto,8.33
idqn,42,moto,3.97
idqn,42,moto,20.26
idqn,42,moto,15.96
idqn,42,moto,4.74
idqn,42,moto,5.94
idqn,42,moto,24.95
idqn,42,car,8.74
idqn,42,auto,22.24
idqn,42,moto,9.17
idqn,42,moto,15.46
idqn,42,auto,11.53
idqn,42,car,5.26
idqn,42,moto,17.52
idqn,42,moto,21.5
idqn,42,moto,21.46
idqn,42,moto,23.58
idqn,42,moto,14.24
idqn,42,moto,7.07
idqn,42,moto,15.3
idqn,42,moto,16.14
idqn,42,car,18.89
idqn,42,auto,12.65
idqn,42,moto,3.36
idqn,42,auto,13.33
idqn,42,moto,32.98
idqn,42,auto,13.02
idqn,42,auto,5.47
idqn,42,moto,8.39
idqn,42,auto,15.01
idqn,42,car,21.31
idqn,42,moto,7.26
idqn,42,moto,8.22
idqn,42,moto,39.63
idqn,42,moto,21.22
idqn,42,car,23.81
idqn,42,moto,19.75
idqn,42,auto,20.22
idqn,42,moto,36.03
idqn,42,moto,30.35
idqn,42,car,5.21
idqn,42,auto,5.78
idqn,42,moto,23.34
idqn,42,moto,19.51
idqn,42,auto,39.83
idqn,42,auto,13.2
idqn,42,moto,14.45
idqn,42,moto,15.0
idqn,42,moto,12.95
idqn,42,moto,10.51
idqn,42,moto,38.17
idqn,42,auto,75.17
idqn,42,moto,61.85
idqn,42,moto,56.2
idqn,42,auto,35.62
idqn,42,moto,33.72
idqn,42,moto,5.74
idqn,42,moto,4.1
idqn,42,car,3.6
idqn,42,moto,18.65
idqn,42,auto,23.75
idqn,42,moto,28.38
idqn,42,moto,13.41
idqn,42,auto,30.43
idqn,42,car,1.92
idqn,42,auto,24.2
idqn,42,moto,28.24
idqn,42,moto,18.79
idqn,42,moto,10.91
idqn,42,moto,19.03
idqn,42,moto,4.3
idqn,42,car,17.23
idqn,42,car,21.23
idqn,42,car,13.6
idqn,42,moto,4.37
idqn,42,car,6.73
idqn,42,moto,17.75
idqn,42,moto,5.69
idqn,42,moto,5.33
idqn,42,moto,11.08
idqn,42,moto,8.04
idqn,42,auto,13.21
idqn,42,auto,21.81
idqn,42,auto,1.84
idqn,42,car,4.05
idqn,42,moto,17.2
idqn,42,auto,23.6
idqn,42,moto,23.04
idqn,42,moto,19.66
idqn,42,moto,16.7
idqn,42,moto,18.91
idqn,42,moto,21.61
idqn,42,moto,20.49
idqn,42,auto,19.19
idqn,42,car,13.34
idqn,42,auto,25.28
idqn,42,moto,16.83
idqn,42,moto,10.58
idqn,42,moto,4.69
idqn,42,auto,9.63
idqn,42,car,16.1
idqn,42,moto,53.05
idqn,42,moto,5.59
idqn,42,moto,16.72
idqn,42,auto,49.15
idqn,42,moto,45.64
idqn,42,moto,12.79
idqn,42,auto,2.4
idqn,42,auto,2.87
idqn,42,moto,4.21
idqn,42,moto,31.06
idqn,42,auto,2.86
idqn,42,moto,29.97
idqn,42,moto,4.82
idqn,42,moto,24.77
idqn,42,moto,18.5
idqn,42,moto,4.21
idqn,42,moto,4.66
idqn,42,auto,10.87
idqn,42,auto,2.32
idqn,42,moto,5.52
idqn,42,auto,9.99
idqn,42,auto,2.74
idqn,42,auto,3.14
idqn,42,car,35.24
idqn,42,moto,4.03
idqn,42,moto,33.23
idqn,42,car,3.64
idqn,42,moto,6.89
idqn,42,car,5.12
idqn,42,car,15.52
idqn,42,car,3.31
idqn,42,auto,5.24
idqn,42,moto,5.13
idqn,42,moto,20.67
idqn,42,moto,20.9
idqn,42,car,4.38
idqn,42,moto,15.15
idqn,42,moto,63.54
idqn,42,moto,15.53
idqn,42,moto,14.5
idqn,42,auto,12.2
idqn,42,auto,22.48
idqn,42,moto,19.47
idqn,42,auto,12.63
idqn,42,auto,4.09
idqn,42,moto,21.92
idqn,42,auto,4.5
idqn,42,moto,4.76
idqn,42,moto,10.73
idqn,42,moto,13.58
idqn,42,auto,4.22
idqn,42,moto,11.48
idqn,42,auto,7.65
idqn,42,car,7.56
idqn,42,auto,14.06
idqn,42,moto,13.9
idqn,42,auto,24.7
idqn,42,moto,22.5
idqn,42,moto,18.11
idqn,42,auto,21.0
idqn,42,auto,14.68
idqn,42,moto,9.94
idqn,42,auto,4.31
idqn,42,auto,18.49
idqn,42,moto,12.97
idqn,42,moto,16.89
idqn,42,moto,24.32
idqn,42,moto,22.53
idqn,42,car,8.26
idqn,42,moto,4.28
idqn,42,moto,3.82
idqn,42,moto,4.4
idqn,42,moto,4.12
idqn,42,moto,8.79
idqn,42,car,6.39
idqn,42,auto,6.23
idqn,42,auto,6.39
idqn,42,moto,12.17
idqn,42,moto,38.4
idqn,42,moto,5.39
idqn,42,auto,1.87
idqn,42,moto,16.56
idqn,42,auto,7.12
idqn,42,auto,2.77
idqn,42,moto,33.78
idqn,42,moto,7.74
idqn,42,moto,5.69
idqn,42,auto,2.74
idqn,42,auto,17.85
idqn,42,moto,7.51
idqn,42,auto,4.86
idqn,42,car,62.52
idqn,42,auto,99.59
idqn,42,moto,6.69
idqn,42,moto,10.22
idqn,42,moto,14.6
idqn,42,auto,3.78
idqn,42,auto,2.38
idqn,42,moto,28.02
idqn,42,moto,66.16
idqn,42,auto,42.84
idqn,42,moto,4.43
idqn,42,car,3.41
idqn,42,car,21.2
idqn,42,moto,20.11
idqn,42,moto,25.9
idqn,42,moto,18.25
idqn,42,moto,24.97
idqn,42,auto,19.71
idqn,42,moto,5.04
idqn,42,auto,2.31
idqn,42,moto,13.89
idqn,42,auto,18.31
idqn,42,moto,17.83
idqn,42,moto,5.58
idqn,42,auto,2.91
idqn,42,moto,11.8
idqn,42,auto,2.2
idqn,42,auto,2.0
idqn,42,car,17.9
idqn,42,moto,6.9
idqn,42,moto,4.24
idqn,42,car,4.96
idqn,42,auto,24.41
idqn,42,moto,22.67
idqn,42,moto,14.24
idqn,42,auto,19.34
idqn,42,moto,14.18
idqn,42,moto,10.81
idqn,42,moto,21.08
idqn,42,moto,15.01
idqn,42,moto,5.33
idqn,42,moto,13.61
idqn,42,moto,16.18
idqn,42,car,5.28
idqn,42,moto,15.92
idqn,42,car,16.31
idqn,42,moto,18.13
idqn,42,moto,4.55
idqn,42,auto,2.37
idqn,42,moto,4.94
idqn,42,auto,5.6
idqn,42,car,8.61
idqn,42,moto,16.65
idqn,42,moto,35.06
idqn,42,moto,5.03
idqn,42,moto,39.54
idqn,42,auto,29.18
idqn,42,car,30.98
idqn,42,auto,16.75
idqn,42,moto,8.93
idqn,42,moto,4.42
idqn,42,moto,3.93
idqn,42,moto,6.27
idqn,42,moto,29.46
idqn,42,moto,22.11
idqn,42,car,3.76
idqn,42,moto,5.34
idqn,42,moto,4.36
idqn,42,auto,14.26
idqn,42,car,7.32
idqn,42,auto,10.51
idqn,42,moto,4.85
idqn,42,auto,3.26
idqn,42,moto,69.75
idqn,42,moto,61.69
idqn,42,car,4.28
idqn,42,moto,11.87
idqn,42,moto,4.97
idqn,42,auto,2.52
idqn,42,moto,5.58
idqn,42,moto,4.34
idqn,42,moto,6.86
idqn,42,car,8.13
idqn,42,auto,3.52
idqn,42,moto,5.45
idqn,42,car,3.99
idqn,42,auto,4.69
idqn,42,moto,25.54
idqn,42,moto,14.51
idqn,42,moto,22.74
idqn,42,moto,14.87
idqn,42,moto,25.5
idqn,42,moto,17.85
idqn,42,car,9.41
idqn,42,moto,23.0
idqn,42,moto,11.35
idqn,42,auto,15.73
idqn,42,auto,7.05
idqn,42,auto,2.12
idqn,42,moto,12.35
idqn,42,moto,4.41
idqn,42,moto,38.32
idqn,42,moto,58.24
idqn,42,moto,5.74
idqn,42,moto,67.56
idqn,42,auto,110.68
idqn,42,car,3.88
idqn,42,moto,34.4
idqn,42,auto,18.24
idqn,42,moto,4.22
idqn,42,car,18.75
idqn,42,moto,27.62
idqn,42,moto,19.08
idqn,42,moto,13.48
idqn,42,moto,9.93
idqn,42,moto,21.91
idqn,42,moto,13.72
idqn,42,moto,21.22
idqn,42,moto,40.02
idqn,42,moto,10.98
idqn,42,moto,14.95
idqn,42,moto,12.17
idqn,42,moto,15.84
idqn,42,moto,10.22
idqn,42,moto,12.93
idqn,42,auto,19.87
idqn,42,auto,13.18
idqn,42,car,7.74
idqn,42,moto,6.29
idqn,42,car,3.06
idqn,42,car,5.1
idqn,42,car,6.94
idqn,42,moto,7.25
idqn,42,moto,28.12
idqn,42,car,18.21
idqn,42,car,14.62
idqn,42,moto,16.43
idqn,42,moto,15.54
idqn,42,car,17.08
idqn,42,car,3.19
idqn,42,moto,5.23
idqn,42,moto,11.65
idqn,42,moto,17.55
idqn,42,auto,4.51
idqn,42,car,5.43
idqn,42,moto,22.08
idqn,42,auto,2.24
idqn,42,auto,20.79
idqn,42,car,20.82
idqn,42,moto,5.29
idqn,42,car,11.78
idqn,42,auto,8.06
idqn,42,moto,4.75
idqn,42,car,6.34
idqn,42,moto,5.48
idqn,42,auto,12.5
idqn,42,moto,22.71
idqn,42,moto,28.07
idqn,42,car,19.56
idqn,42,car,21.06
idqn,42,car,19.41
idqn,42,moto,9.13
idqn,42,moto,12.81
idqn,42,auto,2.98
idqn,42,moto,14.5
idqn,42,car,6.28
idqn,42,auto,15.47
idqn,42,car,4.3
idqn,42,moto,14.73
idqn,42,moto,5.95
idqn,42,moto,34.25
idqn,42,auto,31.35
idqn,42,moto,8.56
idqn,42,auto,21.56
idqn,42,auto,16.72
idqn,42,auto,16.95
idqn,42,car,11.95
idqn,42,car,14.85
idqn,42,moto,9.83
idqn,42,auto,12.66
idqn,42,moto,23.96
idqn,42,moto,23.79
idqn,42,auto,9.2
idqn,42,moto,6.48
idqn,42,moto,23.67
idqn,42,moto,12.24
idqn,42,moto,22.81
idqn,42,moto,9.27
idqn,42,moto,3.88
idqn,42,auto,21.19
idqn,42,moto,24.55
idqn,42,moto,16.02
idqn,42,moto,96.6
idqn,42,auto,90.12
idqn,42,moto,11.84
idqn,42,car,6.71
idqn,42,moto,44.13
idqn,42,moto,33.77
idqn,42,car,15.02
idqn,42,moto,18.5
idqn,42,auto,46.85
idqn,42,moto,4.91
idqn,42,moto,10.56
idqn,42,moto,4.29
idqn,42,moto,25.93
idqn,42,moto,31.99
idqn,42,moto,18.03
idqn,42,moto,27.19
idqn,42,moto,25.82
idqn,42,moto,34.22
idqn,42,auto,13.23
idqn,42,moto,22.63
idqn,42,moto,20.36
idqn,42,moto,3.87
idqn,42,moto,14.74
idqn,42,moto,4.6
idqn,42,car,18.53
idqn,42,car,18.22
idqn,42,car,22.81
idqn,42,auto,5.81
idqn,42,moto,11.75
idqn,42,auto,21.46
idqn,42,auto,2.74
idqn,42,moto,26.81
idqn,42,auto,24.82
idqn,42,car,25.06
idqn,42,moto,23.38
idqn,42,moto,15.46
idqn,42,moto,25.36
idqn,42,moto,23.99
idqn,42,moto,7.63
idqn,42,moto,19.59
idqn,42,moto,11.73
idqn,42,moto,8.57
idqn,42,auto,7.49
idqn,42,car,9.58
idqn,42,car,8.0
idqn,42,car,23.0
idqn,42,moto,13.06
idqn,42,car,17.25
idqn,42,auto,11.54
idqn,42,auto,13.28
idqn,42,moto,5.12
idqn,42,moto,8.92
idqn,42,moto,9.1
idqn,42,moto,13.09
idqn,42,auto,3.64
idqn,42,moto,17.3
idqn,42,moto,7.27
idqn,42,moto,4.93
idqn,42,moto,31.53
idqn,42,auto,21.69
idqn,42,moto,4.15
idqn,42,auto,5.27
idqn,42,auto,2.19
idqn,42,car,3.8
idqn,42,moto,4.38
idqn,42,moto,52.59
idqn,42,moto,25.26
idqn,42,moto,70.9
idqn,42,auto,2.15
idqn,42,auto,64.26
idqn,42,moto,69.93
idqn,42,moto,23.15
idqn,42,moto,54.53
idqn,42,moto,35.88
idqn,42,moto,5.68
idqn,42,car,8.59
idqn,42,moto,7.2
idqn,42,moto,7.9
idqn,42,moto,23.06
idqn,42,moto,9.62
idqn,42,moto,23.71
idqn,42,auto,20.22
idqn,42,car,17.49
idqn,42,moto,11.87
idqn,42,auto,8.44
idqn,42,car,2.84
idqn,42,auto,20.64
idqn,42,auto,2.61
idqn,42,moto,10.43
idqn,42,moto,6.78
idqn,42,moto,8.98
idqn,42,moto,4.85
idqn,42,auto,10.34
idqn,42,moto,3.81
idqn,42,car,4.18
idqn,42,moto,26.11
idqn,42,moto,15.27
idqn,42,moto,23.7
idqn,42,moto,21.55
idqn,42,moto,20.0
idqn,42,auto,22.54
idqn,42,auto,13.02
idqn,42,moto,10.45
idqn,42,moto,39.51
idqn,42,moto,12.0
idqn,42,moto,12.64
idqn,42,auto,24.29
idqn,42,auto,17.84
idqn,42,car,13.65
idqn,42,moto,5.84
idqn,42,car,14.85
idqn,42,moto,6.44
idqn,42,car,4.07
idqn,42,moto,5.88
idqn,42,car,23.14
idqn,42,auto,11.28
idqn,42,moto,59.35
idqn,42,moto,51.64
idqn,42,moto,39.44
idqn,42,moto,61.05
idqn,42,moto,23.65
idqn,42,moto,19.5
idqn,42,car,15.24
idqn,42,moto,15.9
idqn,42,auto,17.71
idqn,42,moto,23.5
idqn,42,moto,15.12
idqn,42,moto,34.34
idqn,42,auto,18.09
idqn,42,car,14.92
idqn,42,moto,45.96
idqn,42,moto,11.84
idqn,42,moto,12.65
idqn,42,moto,16.84
idqn,42,auto,21.35
idqn,42,auto,13.45
idqn,42,auto,21.17
idqn,42,moto,15.09
idqn,42,moto,24.03
idqn,42,moto,20.73
idqn,42,moto,13.01
idqn,42,moto,12.94
idqn,42,moto,14.18
idqn,42,car,3.53
idqn,42,car,13.13
idqn,42,auto,1.5
idqn,42,moto,15.87
idqn,42,car,22.98
idqn,42,auto,13.37
idqn,42,moto,2.55
idqn,42,auto,14.1
idqn,42,auto,3.12
idqn,42,moto,29.75
idqn,42,moto,34.55
idqn,42,moto,41.43
idqn,42,auto,32.69
idqn,42,moto,10.25
idqn,42,moto,34.82
idqn,42,moto,15.61
idqn,42,moto,12.53
idqn,42,car,17.78
idqn,42,moto,17.52
idqn,42,moto,33.31
idqn,42,moto,25.44
idqn,42,auto,20.32
idqn,42,auto,10.03
idqn,42,moto,9.52
idqn,42,auto,9.92
idqn,42,moto,9.47
idqn,42,moto,7.19
idqn,42,moto,4.7
idqn,42,auto,2.29
idqn,42,moto,13.21
idqn,42,moto,9.92
idqn,42,moto,15.91
idqn,42,moto,17.65
idqn,42,moto,10.77
idqn,42,moto,19.97
idqn,42,moto,22.0
idqn,42,moto,23.21
idqn,42,auto,21.65
idqn,42,auto,19.72
idqn,42,car,11.17
idqn,42,moto,24.62
idqn,42,moto,22.1
idqn,42,moto,17.39
idqn,42,moto,10.76
idqn,42,car,16.35
idqn,42,moto,7.83
idqn,42,moto,7.6
idqn,42,car,23.07
idqn,42,auto,8.74
idqn,42,moto,18.56
idqn,42,auto,8.22
idqn,42,moto,16.57
idqn,42,moto,8.56
idqn,42,auto,5.65
idqn,42,moto,49.88
idqn,42,moto,26.75
idqn,42,moto,46.62
idqn,42,auto,2.44
idqn,42,car,2.13
idqn,42,moto,16.26
idqn,42,moto,30.22
idqn,42,auto,1.91
idqn,42,auto,21.39
idqn,42,moto,15.47
idqn,42,auto,27.26
idqn,42,moto,21.45
idqn,42,auto,8.86
idqn,42,moto,98.47
idqn,42,auto,24.44
idqn,42,moto,28.97
idqn,42,moto,15.51
idqn,42,moto,28.45
idqn,42,auto,13.29
idqn,42,auto,10.54
idqn,42,auto,31.51
idqn,42,auto,11.14
idqn,42,moto,11.6
idqn,42,moto,8.24
idqn,42,auto,22.02
idqn,42,auto,23.83
idqn,42,moto,18.76
idqn,42,auto,8.58
idqn,42,auto,24.17
idqn,42,car,2.59
idqn,42,auto,8.29
idqn,42,moto,24.47
idqn,42,moto,13.03
idqn,42,moto,7.93
idqn,42,car,4.96
idqn,42,moto,22.11
idqn,42,auto,8.5
idqn,42,moto,20.42
idqn,42,car,14.53
idqn,42,moto,23.78
idqn,42,auto,11.01
idqn,42,moto,7.39
idqn,42,car,17.94
idqn,42,auto,26.88
idqn,42,car,8.44
idqn,42,moto,2.52
idqn,42,auto,4.6
idqn,42,auto,21.7
idqn,42,moto,18.62
idqn,42,moto,14.13
idqn,42,auto,7.26
idqn,42,moto,30.94
idqn,42,car,1.68
idqn,42,car,9.44
idqn,42,moto,4.08
idqn,42,moto,18.22
idqn,42,car,2.68
idqn,42,moto,8.89
idqn,42,moto,13.21
idqn,42,moto,3.94
idqn,42,car,13.53
idqn,42,moto,8.93
idqn,42,moto,7.79
idqn,42,moto,4.39
idqn,42,moto,4.3
idqn,42,auto,2.81
idqn,42,moto,3.4
idqn,42,moto,1.96
idqn,42,car,18.17
idqn,42,moto,13.32
idqn,42,moto,14.1
idqn,42,moto,19.28
idqn,42,auto,11.47
idqn,42,car,17.79
idqn,42,car,30.55
idqn,42,moto,60.39
idqn,42,moto,40.79
idqn,42,moto,39.92
idqn,42,auto,64.2
idqn,42,auto,16.22
idqn,42,moto,3.62
idqn,42,moto,13.11
idqn,42,moto,10.28
idqn,42,moto,19.05
idqn,42,moto,22.64
idqn,42,car,1.35
idqn,42,moto,25.93
idqn,42,moto,13.23
idqn,42,moto,12.77
idqn,42,car,14.08
idqn,42,car,8.54
idqn,42,auto,21.56
idqn,42,auto,23.25
idqn,42,moto,10.2
idqn,42,moto,11.74
idqn,42,moto,7.69
idqn,42,car,8.67
idqn,42,auto,9.87
idqn,42,moto,9.5
idqn,42,auto,11.19
idqn,42,moto,11.04
idqn,42,moto,5.96
idqn,42,auto,24.55
idqn,42,car,22.77
idqn,42,moto,21.44
idqn,42,car,6.83
idqn,42,moto,4.63
idqn,42,auto,4.61
idqn,42,auto,3.19
idqn,42,moto,13.8
idqn,42,moto,8.78
idqn,42,car,20.51
idqn,42,auto,3.96
idqn,42,car,4.36
idqn,42,moto,16.35
idqn,42,auto,2.9
idqn,42,moto,3.46
idqn,42,moto,19.52
idqn,42,moto,18.24
idqn,42,moto,13.84
idqn,42,moto,2.33
idqn,42,moto,12.14
idqn,42,moto,14.73
idqn,42,auto,2.85
idqn,42,moto,2.55
idqn,42,car,22.5
idqn,42,auto,9.67
idqn,42,moto,16.03
idqn,42,auto,13.46
idqn,42,auto,17.45
idqn,42,moto,20.39
idqn,42,car,15.44
idqn,42,car,7.7
idqn,42,auto,13.55
idqn,42,moto,5.58
idqn,42,car,15.45
idqn,42,moto,6.04
idqn,42,car,8.97
idqn,42,moto,8.34
idqn,42,moto,11.16
idqn,42,moto,21.78
idqn,42,moto,10.41
idqn,42,auto,22.78
idqn,42,car,16.08
idqn,42,moto,3.3
idqn,42,auto,14.86
idqn,42,moto,5.94
idqn,42,moto,17.27
idqn,42,moto,25.41
idqn,42,moto,5.34
idqn,42,moto,4.0
idqn,42,moto,3.78
idqn,42,moto,4.06
idqn,42,moto,4.09
idqn,42,auto,3.26
idqn,42,moto,5.1
idqn,42,auto,4.15
idqn,42,car,2.99
idqn,42,moto,54.62
idqn,42,moto,52.46
idqn,42,moto,25.44
idqn,42,moto,4.12
idqn,42,car,6.79
idqn,42,moto,47.92
idqn,42,moto,4.93
idqn,42,moto,5.09
idqn,42,moto,117.1
idqn,42,car,2.72
idqn,42,moto,68.67
idqn,42,moto,35.57
idqn,42,moto,25.42
idqn,42,moto,92.78
idqn,42,moto,4.88
idqn,42,moto,17.24
idqn,42,car,13.44
idqn,42,moto,3.8
idqn,42,auto,17.3
idqn,42,auto,13.38
idqn,42,moto,8.36
idqn,42,moto,17.46
idqn,42,moto,19.42
idqn,42,car,3.18
idqn,42,moto,4.72
idqn,42,auto,16.95
idqn,42,moto,15.29
idqn,42,moto,11.52
idqn,42,moto,5.77
idqn,42,moto,5.29
idqn,42,auto,4.29
idqn,42,moto,6.84
idqn,42,auto,6.17
idqn,42,auto,6.83
idqn,42,moto,17.92
idqn,42,auto,16.75
idqn,42,moto,6.11
idqn,42,moto,76.81
idqn,42,moto,64.31
idqn,42,moto,3.95
idqn,42,moto,8.57
idqn,42,auto,18.68
idqn,42,moto,19.69
idqn,42,moto,19.37
idqn,42,moto,33.89
idqn,42,moto,17.81
idqn,42,auto,10.68
idqn,42,moto,14.14
idqn,42,auto,28.2
idqn,42,moto,20.95
idqn,42,auto,22.37
idqn,42,moto,10.39
idqn,42,auto,3.05
idqn,42,auto,10.97
idqn,42,auto,15.75
idqn,42,auto,11.49
idqn,42,moto,4.86
idqn,42,moto,17.4
idqn,42,moto,24.9
idqn,42,moto,17.71
idqn,42,auto,33.68
idqn,42,moto,32.15
idqn,42,auto,19.23
idqn,42,moto,9.55
idqn,42,moto,6.92
idqn,42,car,9.27
idqn,42,car,2.55
idqn,42,auto,19.49
idqn,42,moto,24.82
idqn,42,moto,64.13
idqn,42,moto,4.65
idqn,42,auto,70.66
idqn,42,moto,18.61
idqn,42,moto,4.91
idqn,42,car,27.42
idqn,42,moto,18.31
idqn,42,moto,8.79
idqn,42,moto,7.31
idqn,42,car,4.77
idqn,42,moto,22.32
idqn,42,moto,25.22
idqn,42,moto,7.27
idqn,42,moto,11.78
idqn,42,moto,32.31
idqn,42,moto,37.0
idqn,42,auto,34.61
idqn,42,car,27.73
idqn,42,moto,21.05
idqn,42,auto,13.8
idqn,42,moto,4.03
idqn,42,moto,3.07
idqn,42,moto,4.67
idqn,42,auto,22.18
idqn,42,car,26.69
idqn,42,moto,20.35
idqn,42,auto,36.98
idqn,42,moto,17.99
idqn,42,moto,10.15
idqn,42,auto,23.94
idqn,42,car,8.22
idqn,42,moto,8.63
idqn,42,auto,10.9
idqn,42,auto,23.17
idqn,42,moto,6.52
idqn,42,auto,24.72
idqn,42,moto,22.37
idqn,42,moto,5.34
idqn,42,moto,2.56
idqn,42,moto,9.86
idqn,42,moto,20.87
idqn,42,moto,43.27
idqn,42,moto,20.05
idqn,42,car,15.13
idqn,42,moto,10.54
idqn,42,auto,20.88
idqn,42,car,17.27
idqn,42,auto,17.32
idqn,42,moto,23.5
idqn,42,moto,22.26
idqn,42,car,12.41
idqn,42,moto,32.73
idqn,42,moto,10.38
idqn,42,moto,14.42
idqn,42,moto,28.32
idqn,42,moto,18.29
idqn,42,auto,15.53
idqn,42,moto,18.98
idqn,42,moto,42.22
idqn,42,auto,27.85
idqn,42,moto,38.24
idqn,42,moto,15.67
idqn,42,auto,12.93
idqn,42,moto,4.53
idqn,42,moto,22.52
idqn,42,auto,22.0
idqn,42,auto,13.34
idqn,42,moto,6.07
idqn,42,auto,2.63
idqn,42,auto,7.75
idqn,42,moto,7.99
idqn,42,car,22.85
idqn,42,moto,8.47
idqn,42,auto,9.54
idqn,42,moto,9.81
idqn,42,moto,21.22
idqn,42,moto,19.71
idqn,42,car,6.36
idqn,42,moto,9.04
idqn,42,moto,17.27
idqn,42,moto,9.39
idqn,42,car,20.68
idqn,42,auto,9.5
idqn,42,auto,5.29
idqn,42,car,5.19
idqn,42,moto,5.66
idqn,42,moto,4.05
idqn,42,moto,5.72
idqn,42,auto,16.33
idqn,42,moto,4.18
idqn,42,moto,15.45
idqn,42,moto,48.97
idqn,42,moto,42.53
idqn,42,auto,24.95
idqn,42,car,15.38
idqn,42,auto,20.22
idqn,42,moto,25.16
idqn,42,moto,22.05
idqn,42,moto,23.66
idqn,42,moto,15.76
idqn,42,auto,21.01
idqn,42,auto,2.32
idqn,42,auto,2.38
idqn,42,moto,7.93
idqn,42,moto,5.0
idqn,42,moto,19.09
idqn,42,moto,25.1
idqn,42,moto,18.72
idqn,42,car,27.81
idqn,42,moto,16.62
idqn,42,auto,13.3
idqn,42,moto,5.67
idqn,42,moto,5.3
idqn,42,moto,4.77
idqn,42,moto,28.88
idqn,42,moto,15.85
idqn,42,moto,45.91
idqn,42,moto,18.99
idqn,42,auto,61.71
idqn,42,moto,13.07
idqn,42,auto,23.91
idqn,42,moto,11.34
idqn,42,car,13.02
idqn,42,auto,14.32
idqn,42,moto,5.62
idqn,42,moto,5.96
idqn,42,auto,3.35
idqn,42,moto,22.42
idqn,42,moto,18.27
idqn,42,moto,22.57
idqn,42,moto,9.46
idqn,42,moto,8.89
idqn,42,moto,26.2
idqn,42,moto,20.55
idqn,42,car,14.98
idqn,42,moto,31.96
idqn,42,auto,37.26
idqn,42,moto,14.03
idqn,42,auto,31.61
idqn,42,auto,30.14
idqn,42,moto,23.22
idqn,42,moto,31.05
idqn,42,moto,21.07
idqn,42,car,15.86
idqn,42,auto,6.72
idqn,42,moto,18.01
idqn,42,auto,7.63
idqn,42,auto,6.48
idqn,42,car,5.69
idqn,42,moto,24.45
idqn,42,car,8.77
idqn,42,moto,33.77
idqn,42,moto,20.49
idqn,42,moto,26.89
idqn,42,moto,23.32
idqn,42,car,32.63
idqn,42,auto,30.29
idqn,42,moto,31.34
idqn,42,moto,14.19
idqn,42,auto,39.63
idqn,42,car,15.65
idqn,42,moto,14.5
idqn,42,moto,5.83
idqn,42,moto,20.61
idqn,42,car,15.35
idqn,42,moto,29.36
idqn,42,moto,3.96
idqn,42,moto,25.58
idqn,42,moto,24.34
idqn,42,moto,13.54
idqn,42,moto,23.29
idqn,42,car,13.69
idqn,42,car,19.32
idqn,42,car,4.56
idqn,42,moto,23.24
idqn,42,moto,16.04
idqn,42,moto,23.44
idqn,42,auto,14.78
idqn,42,moto,7.87
idqn,42,auto,6.84
idqn,42,moto,11.12
idqn,42,auto,23.63
idqn,42,car,21.34
idqn,42,moto,18.3
idqn,42,moto,10.71
idqn,42,moto,20.78
idqn,42,moto,7.25
idqn,42,moto,25.74
idqn,42,car,16.0
idqn,42,moto,7.74
idqn,42,moto,5.51
idqn,42,moto,21.58
idqn,42,moto,11.61
idqn,42,moto,4.4
idqn,42,moto,8.34
idqn,42,moto,24.01
idqn,42,moto,22.32
idqn,42,moto,14.61
idqn,42,moto,5.07
idqn,42,car,9.02
idqn,42,auto,19.03
idqn,42,auto,2.29
idqn,42,auto,3.42
idqn,42,moto,6.45
idqn,42,car,2.87
idqn,42,auto,2.0
idqn,42,auto,3.7
idqn,42,moto,4.38
idqn,42,car,2.35
idqn,42,moto,29.54
idqn,42,moto,18.18
idqn,42,car,2.95
idqn,42,moto,14.15
idqn,42,moto,7.21
idqn,42,moto,5.64
idqn,42,auto,65.39
idqn,42,auto,71.43
idqn,42,auto,56.99
idqn,42,moto,52.51
idqn,42,moto,4.95
idqn,42,moto,33.15
idqn,42,auto,25.44
idqn,42,auto,13.23
idqn,42,auto,77.03
idqn,42,moto,34.72
idqn,42,moto,10.66
idqn,42,moto,20.75
idqn,42,moto,4.12
idqn,42,auto,4.73
idqn,42,auto,1.68
idqn,42,moto,22.4
idqn,42,moto,21.91
idqn,42,moto,24.9
idqn,42,auto,20.93
idqn,42,moto,22.87
idqn,42,auto,19.62
idqn,42,moto,20.4
idqn,42,auto,4.82
idqn,42,car,12.69
idqn,42,auto,17.1
idqn,42,auto,9.79
idqn,42,auto,9.28
idqn,42,moto,4.44
idqn,42,auto,23.4
idqn,42,car,8.08
idqn,42,moto,4.6
idqn,42,moto,5.75
idqn,42,auto,24.56
idqn,42,moto,4.0
idqn,42,moto,4.81
idqn,42,car,22.79
idqn,42,car,14.97
idqn,42,car,4.21
idqn,42,moto,5.09
idqn,42,moto,6.8
idqn,42,car,25.49
idqn,42,car,28.19
idqn,42,moto,22.45
idqn,42,car,11.11
idqn,42,moto,26.28
idqn,42,moto,25.8
idqn,42,auto,7.52
idqn,42,auto,2.22
idqn,42,moto,34.51
idqn,42,moto,22.57
idqn,42,moto,2.75
idqn,42,moto,7.99
idqn,42,car,10.43
idqn,42,auto,27.16
idqn,42,auto,29.39
idqn,42,moto,21.1
idqn,42,moto,19.06
idqn,42,auto,7.23
idqn,42,car,29.69
idqn,42,moto,13.25
idqn,42,auto,5.14
idqn,42,auto,29.43
idqn,42,car,9.42
idqn,42,moto,5.57
idqn,42,car,11.65
idqn,42,moto,7.9
idqn,42,moto,19.1
idqn,42,car,16.26
idqn,42,car,21.59
idqn,42,moto,4.0
idqn,42,moto,15.07
idqn,42,auto,4.91
idqn,42,moto,21.9
idqn,42,moto,12.83
idqn,42,auto,10.51
idqn,42,moto,2.92
idqn,42,auto,16.97
idqn,42,car,9.93
idqn,42,moto,18.13
idqn,42,auto,25.1
idqn,42,moto,3.97
idqn,42,auto,22.37
idqn,42,auto,4.06
idqn,42,auto,3.3
idqn,42,auto,19.13
idqn,42,auto,17.6
idqn,42,auto,15.32
idqn,42,moto,15.17
idqn,42,moto,16.78
idqn,42,moto,14.4
idqn,42,auto,11.74
idqn,42,auto,2.76
idqn,42,car,21.43
idqn,42,moto,13.21
idqn,42,auto,13.7
idqn,42,moto,5.57
idqn,42,moto,8.07
idqn,42,moto,21.53
idqn,42,moto,25.04
idqn,42,moto,36.16
idqn,42,moto,8.45
idqn,42,car,3.29
idqn,42,moto,30.7
idqn,42,moto,18.98
idqn,42,moto,7.12
idqn,42,moto,11.72
idqn,42,auto,28.67
idqn,42,auto,18.82
idqn,42,moto,23.76
idqn,42,moto,6.5
idqn,42,car,5.44
idqn,42,moto,6.02
idqn,42,moto,3.94
idqn,42,auto,5.29
idqn,42,auto,4.93
idqn,42,moto,38.72
idqn,42,auto,5.29
idqn,42,auto,46.23
idqn,42,moto,32.54
idqn,42,auto,21.91
idqn,42,auto,19.51
idqn,42,moto,21.71
idqn,42,moto,14.95
idqn,42,auto,10.69
idqn,42,car,12.96
idqn,42,moto,17.85
idqn,42,car,15.35
idqn,42,auto,5.16
idqn,42,moto,21.5
idqn,42,car,3.13
idqn,42,auto,4.94
idqn,42,car,21.86
idqn,42,auto,94.21
idqn,42,car,13.36
idqn,42,moto,19.77
idqn,42,moto,19.23
idqn,42,car,12.66
idqn,42,moto,9.43
idqn,42,auto,23.34
idqn,42,moto,17.01
idqn,42,car,8.13
idqn,42,auto,21.49
idqn,42,moto,17.06
idqn,42,car,9.79
idqn,42,moto,42.72
idqn,42,moto,10.46
idqn,42,moto,6.72
idqn,42,moto,32.5
idqn,42,moto,16.66
idqn,42,moto,42.46
idqn,42,moto,24.71
idqn,42,moto,19.17
idqn,42,car,6.1
idqn,42,moto,22.37
idqn,42,moto,23.12
idqn,42,auto,4.1
idqn,42,moto,23.9
idqn,42,moto,4.61
idqn,42,car,3.36
idqn,42,auto,6.61
idqn,42,moto,24.07
idqn,42,moto,14.2
idqn,42,moto,40.07
idqn,42,moto,12.01
idqn,42,auto,22.88
idqn,42,moto,13.91
idqn,42,moto,11.35
idqn,42,moto,43.91
idqn,42,auto,2.47
idqn,42,car,21.42
idqn,42,car,20.16
idqn,42,moto,3.66
idqn,42,car,17.39
idqn,42,moto,4.31
idqn,42,auto,18.44
idqn,42,auto,14.4
idqn,42,auto,10.92
idqn,42,auto,24.19
idqn,42,auto,10.35
idqn,42,moto,16.65
idqn,42,moto,7.51
idqn,42,moto,20.63
idqn,42,auto,20.05
idqn,42,auto,16.3
idqn,42,car,14.96
idqn,42,moto,12.85
idqn,42,moto,23.5
idqn,42,moto,19.84
idqn,42,auto,18.71
idqn,42,moto,7.51
idqn,42,moto,20.8
idqn,42,moto,5.92
idqn,42,moto,5.87
idqn,42,moto,6.3
idqn,42,moto,14.75
idqn,42,auto,15.72
idqn,42,car,10.5
idqn,42,car,6.19
idqn,42,moto,7.55
idqn,42,moto,5.62
idqn,42,moto,19.42
idqn,42,auto,3.89
idqn,42,moto,24.29
idqn,42,moto,4.25
idqn,42,auto,2.24
idqn,42,auto,3.02
idqn,42,auto,2.51
idqn,42,moto,4.77
idqn,42,auto,1.85
idqn,42,car,2.76
idqn,42,moto,6.05
idqn,42,auto,2.18
idqn,42,moto,5.78
idqn,42,moto,53.42
idqn,42,auto,1.92
idqn,42,moto,71.56
idqn,42,moto,6.34
idqn,42,moto,5.32
idqn,42,moto,20.87
idqn,42,car,13.82
idqn,42,moto,10.23
idqn,42,moto,3.77
idqn,42,moto,5.44
idqn,42,car,7.34
idqn,42,moto,18.28
idqn,42,moto,50.38
idqn,42,moto,3.0
idqn,42,auto,22.41
idqn,42,moto,15.44
idqn,42,moto,13.22
idqn,42,moto,6.57
idqn,42,moto,20.76
idqn,42,moto,24.85
idqn,42,moto,7.06
idqn,42,moto,4.94
idqn,42,moto,1.82
idqn,42,car,18.51
idqn,42,auto,2.15
idqn,42,auto,2.14
idqn,42,moto,2.4
idqn,42,moto,21.84
idqn,42,moto,5.41
idqn,42,car,20.21
idqn,42,moto,22.08
idqn,42,auto,24.34
idqn,42,auto,10.15
idqn,42,car,15.4
idqn,42,auto,18.74
idqn,42,auto,6.01
idqn,42,moto,22.81
idqn,42,moto,5.98
idqn,42,moto,8.82
idqn,42,car,8.11
idqn,42,moto,6.96
idqn,42,moto,35.82
idqn,42,moto,134.29
idqn,42,moto,27.63
idqn,42,moto,25.58
idqn,42,car,19.83
idqn,42,moto,14.05
idqn,42,moto,10.72
idqn,42,auto,24.47
idqn,42,moto,20.32
idqn,42,auto,12.88
idqn,42,moto,21.84
idqn,42,moto,21.19
idqn,42,moto,15.66
idqn,42,moto,4.27
idqn,42,moto,2.36
idqn,42,moto,17.71
idqn,42,car,24.51
idqn,42,moto,21.75
idqn,42,auto,11.87
idqn,42,moto,6.5
idqn,42,moto,8.04
idqn,42,auto,23.7
idqn,42,moto,7.31
idqn,42,auto,2.58
idqn,42,auto,15.99
idqn,42,moto,12.36
idqn,42,moto,18.45
idqn,42,car,1.8
idqn,42,moto,21.61
idqn,42,auto,2.3
idqn,42,auto,1.95
idqn,42,auto,22.16
idqn,42,moto,9.57
idqn,42,moto,18.04
idqn,42,moto,13.62
idqn,42,moto,23.12
idqn,42,auto,22.89
idqn,42,car,4.11
idqn,42,moto,4.55
idqn,42,auto,1.84
idqn,42,moto,3.31
idqn,42,moto,11.83
idqn,42,auto,21.88
idqn,42,auto,14.72
idqn,42,moto,15.36
idqn,42,moto,15.34
idqn,42,auto,20.48
idqn,42,moto,2.5
idqn,42,moto,6.04
idqn,42,auto,23.88
idqn,42,moto,6.72
idqn,42,auto,2.59
idqn,42,moto,4.11
idqn,42,moto,14.6
idqn,42,auto,18.69
idqn,42,moto,3.64
idqn,42,car,20.61
idqn,42,moto,9.87
idqn,42,moto,20.05
idqn,42,car,12.68
idqn,42,auto,17.9
idqn,42,moto,9.98
idqn,42,auto,11.48
idqn,42,moto,27.2
idqn,42,moto,31.36
idqn,42,moto,20.87
idqn,42,moto,24.12
idqn,42,car,22.98
idqn,42,auto,17.36
idqn,42,car,21.62
idqn,42,moto,21.37
idqn,42,moto,8.7
idqn,42,moto,6.16
idqn,42,car,5.97
idqn,42,moto,37.14
idqn,42,moto,21.82
idqn,42,moto,53.36
idqn,42,auto,2.26
idqn,42,car,15.79
idqn,42,moto,17.43
idqn,42,car,5.82
idqn,42,moto,6.23
idqn,42,moto,6.12
idqn,42,moto,4.94
idqn,42,moto,44.82
idqn,42,moto,40.82
idqn,42,moto,37.3
idqn,42,moto,33.72
idqn,42,moto,21.03
idqn,42,car,32.15
idqn,42,auto,31.62
idqn,42,auto,23.89
idqn,42,moto,20.28
idqn,42,moto,15.76
idqn,42,car,18.66
idqn,42,auto,9.71
idqn,42,moto,17.74
idqn,42,moto,67.1
idqn,42,moto,38.04
idqn,42,auto,2.41
idqn,42,auto,37.36
idqn,42,auto,5.88
idqn,42,auto,10.49
idqn,42,car,16.23
idqn,42,auto,9.65
idqn,42,moto,14.05
idqn,42,auto,9.41
idqn,42,auto,3.24
idqn,42,moto,6.38
idqn,42,moto,19.02
idqn,42,moto,14.95
idqn,42,moto,34.49
idqn,42,moto,12.9
idqn,42,moto,9.11
idqn,42,auto,11.55
idqn,42,moto,10.53
idqn,42,moto,42.4
idqn,42,moto,18.57
idqn,42,moto,19.83
idqn,42,moto,8.12
idqn,42,moto,7.75
idqn,42,moto,23.98
idqn,42,moto,21.68
idqn,42,moto,4.55
idqn,42,auto,17.47
idqn,42,auto,3.06
idqn,42,car,18.87
idqn,42,auto,3.02
idqn,42,moto,5.06
idqn,42,auto,23.62
idqn,42,car,14.31
idqn,42,auto,17.61
idqn,42,moto,19.86
idqn,42,moto,18.12
idqn,42,moto,25.48
idqn,42,moto,24.64
idqn,42,moto,19.69
idqn,42,moto,21.13
idqn,42,auto,21.5
idqn,42,moto,18.14
idqn,42,auto,14.07
idqn,42,auto,22.66
idqn,42,moto,12.06
idqn,42,moto,23.51
idqn,42,auto,3.78
idqn,42,moto,11.8
idqn,42,moto,5.68
idqn,42,moto,19.34
idqn,42,moto,25.07
idqn,42,car,5.88
idqn,42,moto,26.31
idqn,42,moto,17.72
idqn,42,auto,10.96
idqn,42,moto,14.26
idqn,42,car,12.45
idqn,42,car,5.93
idqn,42,auto,4.97
idqn,42,moto,10.72
idqn,42,auto,18.85
idqn,42,auto,3.96
idqn,42,moto,13.72
idqn,42,moto,19.22
idqn,42,auto,3.69
idqn,42,moto,5.3
idqn,42,moto,28.77
idqn,42,moto,28.54
idqn,42,moto,15.96
idqn,42,moto,5.29
idqn,42,auto,11.05
idqn,42,moto,19.88
idqn,42,moto,13.12
idqn,42,moto,9.21
idqn,42,auto,8.86
idqn,42,auto,14.31
idqn,42,car,7.48
idqn,42,auto,4.01
idqn,42,car,4.79
idqn,42,moto,23.59
idqn,42,moto,7.65
idqn,42,moto,5.91
idqn,42,moto,4.2
idqn,42,moto,4.69
idqn,42,moto,4.26
idqn,42,auto,3.21
idqn,42,moto,6.24
idqn,42,moto,4.08
idqn,42,moto,3.39
idqn,42,moto,5.1
idqn,42,auto,2.06
idqn,42,moto,4.95
idqn,42,moto,3.5
idqn,42,moto,8.32
idqn,42,auto,83.52
idqn,42,moto,56.38
idqn,42,auto,29.09
idqn,42,auto,14.49
idqn,42,car,2.41
idqn,42,moto,4.36
idqn,42,moto,4.2
idqn,42,moto,3.93
idqn,42,car,4.57
idqn,42,moto,4.83
idqn,42,car,14.29
idqn,42,auto,9.34
idqn,42,car,2.91
idqn,42,moto,4.58
idqn,42,moto,4.79
idqn,42,moto,5.73
idqn,42,moto,6.1
idqn,42,auto,2.44
idqn,42,auto,2.98
idqn,42,moto,42.0
idqn,42,moto,20.79
idqn,42,moto,17.36
idqn,42,moto,23.6
idqn,42,auto,20.21
idqn,42,moto,16.36
idqn,42,moto,8.17
idqn,42,moto,19.73
idqn,42,moto,9.68
idqn,42,moto,14.18
idqn,42,auto,14.88
idqn,42,auto,12.02
idqn,42,moto,13.18
idqn,42,auto,20.3
idqn,42,moto,21.38
idqn,42,auto,9.39
idqn,42,auto,9.49
idqn,42,moto,19.69
idqn,42,moto,15.69
idqn,42,moto,19.51
idqn,42,moto,11.96
idqn,42,moto,24.68
idqn,42,auto,15.68
idqn,42,moto,3.77
idqn,42,moto,45.24
idqn,42,auto,127.64
idqn,42,car,9.68
idqn,42,moto,3.36
idqn,42,moto,8.96
idqn,42,moto,25.08
idqn,42,moto,13.4
idqn,42,auto,8.52
idqn,42,moto,5.37
idqn,42,auto,3.68
idqn,42,moto,25.64
idqn,42,car,8.07
idqn,42,moto,19.87
idqn,42,car,15.09
idqn,42,moto,9.72
idqn,42,auto,2.3
idqn,42,car,21.0
idqn,42,moto,5.16
idqn,42,auto,17.37
idqn,42,moto,3.54
idqn,42,car,16.99
idqn,42,moto,12.72
idqn,42,moto,2.94
idqn,42,moto,21.57
idqn,42,auto,3.07
idqn,42,moto,3.17
idqn,42,moto,3.08
idqn,42,moto,2.69
idqn,42,moto,5.87
idqn,42,moto,5.92
idqn,42,moto,10.79
idqn,42,moto,7.31
idqn,42,moto,19.99
idqn,42,moto,18.37
idqn,42,auto,9.48
idqn,42,moto,8.37
idqn,42,moto,22.45
idqn,42,auto,9.56
idqn,42,moto,6.57
idqn,42,moto,8.09
idqn,42,car,19.57
idqn,42,moto,8.13
idqn,42,moto,7.08
idqn,42,car,16.41
idqn,42,moto,4.8
idqn,42,auto,2.14
idqn,42,car,3.37
idqn,42,car,3.87
idqn,42,auto,2.6
idqn,42,car,3.68
idqn,42,moto,40.58
idqn,42,moto,4.2
idqn,42,moto,18.43
idqn,42,moto,61.32
idqn,42,moto,5.35
idqn,42,moto,22.43
idqn,42,moto,35.09
idqn,42,moto,30.97
idqn,42,moto,7.29
idqn,42,auto,17.26
idqn,42,moto,5.79
idqn,42,moto,5.86
idqn,42,moto,5.58
idqn,42,car,2.92
idqn,42,moto,15.32
idqn,42,moto,13.38
idqn,42,auto,3.71
idqn,42,auto,19.67
idqn,42,moto,6.11
idqn,42,car,12.7
idqn,42,auto,20.72
idqn,42,moto,5.4
idqn,42,moto,4.35
idqn,42,moto,3.7
idqn,42,moto,14.73
idqn,42,moto,19.67
idqn,42,moto,15.62
idqn,42,moto,13.04
idqn,42,auto,8.46
idqn,42,moto,15.1
idqn,42,moto,4.27
idqn,42,auto,27.68
idqn,42,moto,5.47
idqn,42,moto,7.7
idqn,42,moto,21.47
idqn,42,auto,4.78
idqn,42,moto,6.35
idqn,42,moto,85.11
idqn,42,moto,56.34
idqn,42,moto,11.85
idqn,42,moto,51.1
idqn,42,auto,8.15
idqn,42,auto,1.74
idqn,42,moto,2.97
idqn,42,moto,22.16
idqn,42,moto,14.38
idqn,42,moto,11.7
idqn,42,car,16.72
idqn,42,car,12.71
idqn,42,auto,4.18
idqn,42,moto,5.35
idqn,42,moto,4.49
idqn,42,moto,14.83
idqn,42,moto,15.06
idqn,42,moto,4.45
idqn,42,auto,4.46
idqn,42,auto,3.5
idqn,42,auto,2.69
idqn,42,moto,3.26
idqn,42,moto,35.98
idqn,42,moto,5.51
idqn,42,auto,10.63
idqn,42,moto,23.83
idqn,42,moto,21.43
idqn,42,auto,4.6
idqn,42,auto,26.58
idqn,42,moto,10.87
idqn,42,car,12.07
idqn,42,moto,34.66
idqn,42,moto,28.97
idqn,42,moto,11.93
idqn,42,car,23.86
idqn,42,moto,7.54
idqn,42,moto,8.79
idqn,42,car,9.34
idqn,42,car,17.49
idqn,42,moto,17.67
idqn,42,moto,23.09
idqn,42,moto,15.9
idqn,42,moto,11.19
idqn,42,moto,24.14
idqn,42,moto,12.16
idqn,42,auto,25.75
idqn,42,moto,11.02
idqn,42,auto,31.65
idqn,42,car,21.27
idqn,42,auto,2.84
idqn,42,moto,7.53
idqn,42,moto,22.27
idqn,42,moto,19.55
idqn,42,moto,11.84
idqn,42,moto,23.13
idqn,42,moto,16.15
idqn,42,moto,11.69
idqn,42,auto,11.85
idqn,42,auto,11.43
idqn,42,moto,12.13
idqn,42,auto,7.63
idqn,42,moto,15.93
idqn,42,moto,10.15
idqn,42,moto,10.69
idqn,42,moto,45.27
idqn,42,car,3.83
idqn,42,moto,17.45
idqn,42,moto,25.44
idqn,42,auto,51.81
idqn,42,auto,1.96
idqn,42,moto,31.38
idqn,42,auto,22.93
idqn,42,moto,13.71
idqn,42,moto,4.15
idqn,42,moto,5.35
idqn,42,moto,17.28
idqn,42,auto,17.02
idqn,42,auto,3.23
idqn,42,auto,2.76
idqn,42,moto,4.5
idqn,42,moto,32.64
idqn,42,moto,20.55
idqn,42,moto,31.18
idqn,42,moto,7.49
idqn,42,auto,26.11
idqn,42,moto,14.64
idqn,42,moto,3.95
idqn,42,moto,23.35
idqn,42,moto,8.61
idqn,42,auto,15.82
idqn,42,moto,4.37
idqn,42,moto,23.27
idqn,42,moto,22.77
idqn,42,moto,6.38
idqn,42,auto,2.51
idqn,42,moto,3.45
idqn,42,car,21.73
idqn,42,moto,16.47
idqn,42,auto,20.51
idqn,42,car,4.94
idqn,42,moto,10.34
idqn,42,auto,6.3
idqn,42,moto,7.37
idqn,42,moto,5.78
idqn,42,moto,4.78
idqn,42,car,2.28
idqn,42,moto,19.54
idqn,42,moto,4.44
idqn,42,moto,8.38
idqn,42,car,6.45
idqn,42,car,3.46
idqn,42,moto,4.91
idqn,42,car,2.32
idqn,42,auto,2.64
idqn,42,moto,3.55
idqn,42,moto,5.96
idqn,42,car,7.73
idqn,42,auto,2.94
idqn,42,car,6.69
idqn,42,auto,3.64
idqn,42,car,2.52
idqn,42,auto,7.14
idqn,42,auto,2.99
idqn,42,moto,35.07
idqn,42,moto,4.59
idqn,42,moto,19.51
idqn,42,moto,63.22
idqn,42,moto,41.51
idqn,42,moto,66.16
idqn,42,moto,49.15
idqn,42,moto,35.81
idqn,42,moto,6.39
idqn,42,moto,26.26
idqn,42,auto,40.45
idqn,42,moto,4.32
idqn,42,moto,4.34
idqn,42,auto,15.79
idqn,42,car,14.44
idqn,42,auto,9.74
idqn,42,moto,111.1
idqn,42,auto,197.37
idqn,42,moto,5.15
idqn,42,moto,114.58
idqn,42,moto,53.24
idqn,42,moto,24.51
idqn,42,auto,20.69
idqn,42,car,31.64
idqn,42,moto,21.11
idqn,42,moto,23.28
idqn,42,moto,25.36
idqn,42,moto,19.38
idqn,42,auto,11.78
idqn,42,car,4.29
idqn,42,moto,21.17
idqn,42,moto,13.58
idqn,42,car,19.41
idqn,42,car,11.68
idqn,42,car,22.8
idqn,42,moto,4.26
idqn,42,auto,20.53
idqn,42,moto,22.14
idqn,42,moto,13.59
idqn,42,moto,16.98
idqn,42,moto,17.8
idqn,42,auto,7.37
idqn,42,auto,2.23
idqn,42,moto,4.04
idqn,42,moto,6.6
idqn,42,moto,15.78
idqn,42,car,19.12
idqn,42,moto,22.86
idqn,42,auto,15.19
idqn,42,auto,11.17
idqn,42,auto,19.12
idqn,42,car,21.31
idqn,42,moto,7.1
idqn,42,moto,16.99
idqn,42,auto,2.98
idqn,42,auto,20.02
idqn,42,auto,7.21
idqn,42,moto,3.96
idqn,42,car,10.12
idqn,42,moto,6.25
idqn,42,moto,7.93
idqn,42,auto,0.95
idqn,42,moto,43.04
idqn,42,moto,34.24
idqn,42,auto,44.49
idqn,42,auto,9.34
idqn,42,moto,15.03
idqn,42,moto,43.98
idqn,42,moto,48.98
idqn,42,moto,39.69
idqn,42,auto,43.14
idqn,42,auto,20.51
idqn,42,moto,47.22
idqn,42,moto,29.25
idqn,42,moto,12.43
idqn,42,moto,3.69
idqn,42,auto,5.94
idqn,42,moto,3.59
idqn,42,car,20.82
idqn,42,auto,20.43
idqn,42,moto,41.12
idqn,42,moto,6.53
idqn,42,moto,3.2
idqn,42,moto,22.39
idqn,42,moto,16.73
idqn,42,moto,12.31
idqn,42,moto,21.99
idqn,42,moto,15.25
idqn,42,car,23.16
idqn,42,moto,15.74
idqn,42,moto,16.51
idqn,42,auto,15.96
idqn,42,moto,15.08
idqn,42,auto,12.37
idqn,42,car,4.03
idqn,42,auto,11.85
idqn,42,moto,18.68
idqn,42,moto,14.54
idqn,42,moto,14.64
idqn,42,moto,23.1
idqn,42,moto,8.13
idqn,42,auto,24.68
idqn,42,moto,20.23
idqn,42,auto,2.5
idqn,42,car,21.8
idqn,42,auto,5.56
idqn,42,moto,6.72
idqn,42,moto,13.01
idqn,42,auto,5.08
idqn,42,moto,23.3
idqn,42,moto,9.26
idqn,42,auto,3.63
idqn,42,auto,29.88
idqn,42,auto,11.61
idqn,42,moto,23.8
idqn,42,auto,29.49
idqn,42,auto,24.8
idqn,42,auto,17.61
idqn,42,car,20.02
idqn,42,moto,12.03
idqn,42,moto,33.34
idqn,42,moto,4.71
idqn,42,moto,15.06
idqn,42,car,23.53
idqn,42,moto,17.53
idqn,42,moto,10.32
idqn,42,moto,21.16
idqn,42,car,7.26
idqn,42,moto,5.01
idqn,42,auto,11.62
idqn,42,moto,15.8
idqn,42,car,11.12
idqn,42,auto,8.79
idqn,42,moto,4.67
idqn,42,moto,7.73
idqn,42,moto,5.79
idqn,42,moto,18.82
idqn,42,moto,10.63
idqn,42,moto,4.82
idqn,42,car,8.45
idqn,42,moto,21.13
idqn,42,car,22.87
idqn,42,moto,8.84
idqn,42,moto,14.45
idqn,42,auto,26.49
idqn,42,car,11.36
idqn,42,moto,22.05
idqn,42,auto,2.11
idqn,42,auto,22.15
idqn,42,moto,10.43
idqn,42,moto,4.11
idqn,42,moto,16.57
idqn,42,moto,26.86
idqn,42,moto,20.17
idqn,42,auto,4.75
idqn,42,moto,18.87
idqn,42,moto,18.64
idqn,42,moto,8.64
idqn,42,moto,29.84
idqn,42,car,5.33
idqn,42,moto,9.15
idqn,42,auto,52.74
idqn,42,moto,4.02
idqn,42,auto,15.89
idqn,42,moto,6.25
idqn,42,auto,6.92
idqn,42,auto,8.23
idqn,42,moto,5.06
idqn,42,moto,45.24
idqn,42,moto,32.09
idqn,42,moto,63.53
idqn,42,moto,33.73
idqn,42,auto,4.48
idqn,42,moto,28.16
idqn,42,auto,15.23
idqn,42,moto,6.44
idqn,42,auto,3.11
idqn,42,moto,23.73
idqn,42,moto,17.51
idqn,42,moto,4.8
idqn,42,moto,4.2
idqn,42,moto,10.35
idqn,42,moto,43.8
idqn,42,auto,2.97
idqn,42,auto,21.57
idqn,42,car,19.14
idqn,42,moto,5.43
idqn,42,car,14.62
idqn,42,moto,7.08
idqn,42,moto,5.42
idqn,42,moto,32.72
idqn,42,moto,39.35
idqn,42,car,2.23
idqn,42,auto,41.48
idqn,42,car,2.51
idqn,42,moto,3.94
idqn,42,auto,9.39
idqn,42,auto,14.77
idqn,42,moto,28.03
idqn,42,moto,24.14
idqn,42,moto,22.32
idqn,42,moto,14.41
idqn,42,car,24.24
idqn,42,auto,38.39
idqn,42,moto,3.92
idqn,42,auto,2.17
idqn,42,moto,5.11
idqn,42,auto,19.4
idqn,42,moto,5.18
idqn,42,moto,22.12
idqn,42,auto,16.55
idqn,42,auto,17.87
idqn,42,moto,4.05
idqn,42,moto,4.62
idqn,42,moto,23.67
idqn,42,moto,13.6
idqn,42,moto,4.29
idqn,42,moto,19.01
idqn,42,car,17.53
idqn,42,car,7.63
idqn,42,auto,23.13
idqn,42,moto,24.59
idqn,42,car,15.37
idqn,42,auto,21.15
idqn,42,moto,22.67
idqn,42,moto,23.88
idqn,42,auto,13.74
idqn,42,auto,14.77
idqn,42,auto,5.7
idqn,42,auto,2.41
idqn,42,auto,1.56
idqn,42,moto,21.12
idqn,42,car,5.38
idqn,42,moto,5.3
idqn,42,moto,19.39
idqn,42,moto,4.26
idqn,42,moto,4.09
idqn,42,moto,19.8
idqn,42,moto,17.74
idqn,42,moto,5.77
idqn,42,moto,6.21
idqn,42,moto,5.1
idqn,42,auto,8.46
idqn,42,moto,4.24
idqn,42,moto,3.31
idqn,42,auto,1.95
idqn,42,moto,4.27
idqn,42,moto,5.05
idqn,42,moto,9.91
idqn,42,auto,2.35
idqn,42,moto,7.27
idqn,42,moto,4.39
idqn,42,moto,97.03
idqn,42,moto,80.67
idqn,42,moto,5.15
idqn,42,moto,75.12
idqn,42,auto,59.15
idqn,42,moto,17.3
idqn,42,moto,11.8
idqn,42,moto,16.77
idqn,42,moto,4.41
idqn,42,moto,5.63
idqn,42,moto,13.5
idqn,42,auto,2.33
idqn,42,auto,22.34
idqn,42,moto,20.63
idqn,42,moto,15.12
idqn,42,auto,9.77
idqn,42,auto,2.19
idqn,42,auto,2.45
idqn,42,moto,5.24
idqn,42,car,3.37
idqn,42,moto,4.92
idqn,42,auto,2.17
idqn,42,auto,2.35
idqn,42,moto,3.58
idqn,42,moto,4.87
idqn,42,moto,4.75
idqn,42,moto,6.88
idqn,42,moto,9.12
idqn,42,moto,5.21
idqn,42,moto,12.23
idqn,42,moto,17.96
idqn,42,moto,83.22
idqn,42,moto,21.33
idqn,42,auto,17.14
idqn,42,auto,33.95
idqn,42,moto,6.75
idqn,42,car,8.16
idqn,42,moto,9.82
idqn,42,moto,14.4
idqn,42,auto,2.6
idqn,42,auto,8.1
idqn,42,moto,73.54
idqn,42,moto,7.59
idqn,42,moto,15.05
idqn,42,moto,21.82
idqn,42,moto,5.91
idqn,42,moto,5.42
idqn,42,moto,5.61
idqn,42,moto,5.99
idqn,42,moto,8.23
idqn,42,car,17.84
idqn,42,moto,14.02
idqn,42,car,11.06
idqn,42,moto,6.31
idqn,42,moto,9.7
idqn,42,moto,11.32
idqn,42,moto,38.17
idqn,42,moto,8.86
idqn,42,car,16.36
idqn,42,car,8.17
idqn,42,moto,10.69
idqn,42,car,10.5
idqn,42,moto,7.55
idqn,42,moto,123.09
idqn,42,moto,56.3
idqn,42,moto,9.53
idqn,42,car,116.14
idqn,42,moto,7.24
idqn,42,moto,20.19
idqn,42,moto,26.21
idqn,42,moto,2.45
idqn,42,car,23.82
idqn,42,moto,8.34
idqn,42,auto,19.98
idqn,42,auto,15.87
idqn,42,auto,20.23
idqn,42,auto,19.94
idqn,42,moto,26.97
idqn,42,moto,24.64
idqn,42,moto,6.5
idqn,42,moto,22.15
idqn,42,moto,8.48
idqn,42,moto,23.63
idqn,42,moto,18.69
idqn,42,moto,5.01
idqn,42,auto,26.09
idqn,42,moto,16.04
idqn,42,auto,25.58
idqn,42,car,20.26
idqn,42,car,19.59
idqn,42,moto,14.85
idqn,42,moto,11.63
idqn,43,moto,5.89
idqn,43,moto,4.84
idqn,43,moto,4.43
idqn,43,moto,4.89
idqn,43,moto,4.44
idqn,43,moto,5.36
idqn,43,moto,51.4
idqn,43,car,33.23
idqn,43,auto,34.2
idqn,43,moto,11.42
idqn,43,moto,7.47
idqn,43,auto,24.21
idqn,43,auto,27.11
idqn,43,moto,22.5
idqn,43,car,1.83
idqn,43,car,2.03
idqn,43,moto,27.23
idqn,43,car,37.97
idqn,43,moto,18.88
idqn,43,moto,15.63
idqn,43,moto,10.77
idqn,43,moto,14.03
idqn,43,moto,4.48
idqn,43,moto,19.04
idqn,43,car,11.83
idqn,43,car,4.25
idqn,43,auto,18.05
idqn,43,car,11.1
idqn,43,car,13.17
idqn,43,moto,4.98
idqn,43,auto,25.1
idqn,43,moto,9.07
idqn,43,car,10.94
idqn,43,auto,1.19
idqn,43,moto,21.26
idqn,43,moto,14.52
idqn,43,car,21.36
idqn,43,moto,14.13
idqn,43,auto,4.87
idqn,43,moto,16.62
idqn,43,car,15.14
idqn,43,auto,25.5
idqn,43,auto,15.71
idqn,43,auto,15.96
idqn,43,moto,5.78
idqn,43,auto,15.61
idqn,43,moto,22.93
idqn,43,moto,8.31
idqn,43,car,20.08
idqn,43,auto,23.95
idqn,43,moto,18.43
idqn,43,moto,24.84
idqn,43,car,12.97
idqn,43,moto,7.0
idqn,43,car,44.72
idqn,43,car,26.7
idqn,43,moto,17.0
idqn,43,auto,26.09
idqn,43,moto,18.08
idqn,43,car,16.57
idqn,43,moto,6.22
idqn,43,auto,13.68
idqn,43,moto,13.51
idqn,43,moto,15.01
idqn,43,car,3.72
idqn,43,moto,4.31
idqn,43,auto,15.56
idqn,43,moto,26.91
idqn,43,car,32.47
idqn,43,moto,26.76
idqn,43,car,16.32
idqn,43,auto,27.11
idqn,43,moto,4.05
idqn,43,moto,5.15
idqn,43,moto,21.86
idqn,43,car,19.19
idqn,43,moto,19.0
idqn,43,moto,5.66
idqn,43,auto,3.57
idqn,43,moto,24.29
idqn,43,auto,18.3
idqn,43,auto,8.03
idqn,43,auto,9.17
idqn,43,moto,11.05
idqn,43,moto,17.56
idqn,43,moto,5.28
idqn,43,moto,23.92
idqn,43,car,4.14
idqn,43,moto,5.13
idqn,43,moto,4.73
idqn,43,moto,13.62
idqn,43,car,18.82
idqn,43,moto,7.97
idqn,43,auto,4.96
idqn,43,moto,6.41
idqn,43,auto,9.22
idqn,43,moto,3.75
idqn,43,moto,23.33
idqn,43,auto,21.31
idqn,43,moto,4.74
idqn,43,auto,34.19
idqn,43,moto,22.1
idqn,43,moto,18.68
idqn,43,auto,43.1
idqn,43,moto,5.63
idqn,43,moto,15.56
idqn,43,auto,4.24
idqn,43,moto,4.6
idqn,43,auto,3.47
idqn,43,moto,24.51
idqn,43,auto,4.49
idqn,43,moto,8.62
idqn,43,moto,4.58
idqn,43,moto,22.8
idqn,43,moto,27.79
idqn,43,moto,27.23
idqn,43,moto,3.83
idqn,43,moto,23.34
idqn,43,moto,17.61
idqn,43,moto,14.28
idqn,43,car,20.67
idqn,43,moto,4.99
idqn,43,moto,5.83
idqn,43,moto,20.38
idqn,43,car,25.86
idqn,43,moto,60.74
idqn,43,moto,53.31
idqn,43,auto,22.82
idqn,43,auto,5.64
idqn,43,moto,28.25
idqn,43,moto,10.44
idqn,43,moto,4.17
idqn,43,auto,3.29
idqn,43,auto,4.94
idqn,43,moto,3.3
idqn,43,moto,37.59
idqn,43,moto,32.13
idqn,43,moto,57.38
idqn,43,moto,14.72
idqn,43,auto,35.01
idqn,43,moto,4.29
idqn,43,moto,5.12
idqn,43,car,2.86
idqn,43,moto,19.35
idqn,43,moto,29.0
idqn,43,moto,20.59
idqn,43,moto,25.14
idqn,43,moto,19.28
idqn,43,moto,12.39
idqn,43,moto,13.43
idqn,43,car,10.94
idqn,43,auto,14.66
idqn,43,moto,3.99
idqn,43,moto,3.84
idqn,43,auto,18.89
idqn,43,moto,5.03
idqn,43,moto,12.3
idqn,43,car,14.89
idqn,43,moto,22.29
idqn,43,moto,5.98
idqn,43,car,7.88
idqn,43,auto,17.95
idqn,43,car,5.52
idqn,43,car,11.98
idqn,43,moto,8.07
idqn,43,moto,12.07
idqn,43,auto,7.06
idqn,43,moto,11.02
idqn,43,auto,5.54
idqn,43,moto,6.81
idqn,43,moto,49.39
idqn,43,car,48.71
idqn,43,moto,5.14
idqn,43,auto,39.33
idqn,43,moto,22.03
idqn,43,auto,26.03
idqn,43,car,6.34
idqn,43,moto,23.73
idqn,43,moto,19.31
idqn,43,car,18.01
idqn,43,moto,16.38
idqn,43,auto,14.38
idqn,43,moto,31.0
idqn,43,moto,16.46
idqn,43,moto,4.37
idqn,43,moto,7.2
idqn,43,auto,14.48
idqn,43,moto,6.28
idqn,43,moto,5.79
idqn,43,auto,2.94
idqn,43,moto,4.88
idqn,43,moto,13.86
idqn,43,car,3.2
idqn,43,car,11.29
idqn,43,moto,5.85
idqn,43,moto,26.44
idqn,43,car,13.78
idqn,43,auto,10.04
idqn,43,moto,47.75
idqn,43,moto,10.15
idqn,43,auto,49.43
idqn,43,moto,31.37
idqn,43,moto,16.09
idqn,43,moto,20.36
idqn,43,moto,7.51
idqn,43,car,3.51
idqn,43,car,5.99
idqn,43,moto,3.89
idqn,43,auto,3.43
idqn,43,car,3.35
idqn,43,moto,7.02
idqn,43,moto,19.4
idqn,43,auto,30.64
idqn,43,auto,8.43
idqn,43,moto,20.97
idqn,43,auto,17.64
idqn,43,auto,11.21
idqn,43,car,8.34
idqn,43,auto,20.47
idqn,43,moto,16.87
idqn,43,moto,13.48
idqn,43,moto,8.19
idqn,43,auto,14.72
idqn,43,moto,9.95
idqn,43,moto,8.17
idqn,43,moto,23.16
idqn,43,auto,3.06
idqn,43,auto,7.03
idqn,43,moto,17.91
idqn,43,moto,7.0
idqn,43,moto,3.15
idqn,43,moto,6.49
idqn,43,car,3.18
idqn,43,moto,21.07
idqn,43,moto,25.87
idqn,43,moto,19.55
idqn,43,auto,22.62
idqn,43,moto,5.2
idqn,43,car,11.57
idqn,43,auto,13.59
idqn,43,car,13.69
idqn,43,auto,15.95
idqn,43,car,5.22
idqn,43,auto,3.01
idqn,43,car,7.57
idqn,43,moto,5.78
idqn,43,moto,14.21
idqn,43,moto,27.56
idqn,43,moto,78.69
idqn,43,car,25.12
idqn,43,moto,22.87
idqn,43,auto,60.46
idqn,43,auto,19.57
idqn,43,car,2.21
idqn,43,moto,22.2
idqn,43,moto,17.45
idqn,43,moto,11.49
idqn,43,auto,21.04
idqn,43,moto,12.22
idqn,43,moto,13.46
idqn,43,moto,5.12
idqn,43,moto,1.62
idqn,43,auto,17.1
idqn,43,auto,14.5
idqn,43,moto,4.27
idqn,43,auto,10.71
idqn,43,moto,12.79
idqn,43,moto,9.86
idqn,43,moto,21.44
idqn,43,moto,18.39
idqn,43,moto,5.93
idqn,43,car,27.63
idqn,43,auto,14.4
idqn,43,auto,13.2
idqn,43,auto,2.84
idqn,43,auto,2.34
idqn,43,auto,2.26
idqn,43,auto,2.11
idqn,43,moto,5.66
idqn,43,car,6.87
idqn,43,car,9.44
idqn,43,moto,28.78
idqn,43,moto,22.96
idqn,43,auto,28.84
idqn,43,car,3.25
idqn,43,moto,25.0
idqn,43,moto,15.73
idqn,43,auto,6.45
idqn,43,car,13.71
idqn,43,moto,15.91
idqn,43,moto,11.27
idqn,43,moto,4.95
idqn,43,moto,8.99
idqn,43,moto,5.28
idqn,43,moto,5.76
idqn,43,car,51.55
idqn,43,auto,40.59
idqn,43,auto,10.56
idqn,43,auto,11.06
idqn,43,auto,4.47
idqn,43,auto,12.62
idqn,43,auto,4.89
idqn,43,moto,6.37
idqn,43,moto,23.82
idqn,43,moto,19.66
idqn,43,moto,12.62
idqn,43,moto,12.77
idqn,43,auto,15.95
idqn,43,moto,16.04
idqn,43,moto,7.21
idqn,43,car,9.24
idqn,43,moto,12.16
idqn,43,auto,7.34
idqn,43,auto,2.04
idqn,43,auto,3.73
idqn,43,moto,7.15
idqn,43,moto,4.32
idqn,43,auto,1.82
idqn,43,moto,5.47
idqn,43,moto,3.37
idqn,43,moto,4.02
idqn,43,moto,63.16
idqn,43,moto,4.21
idqn,43,car,3.19
idqn,43,moto,3.36
idqn,43,moto,62.12
idqn,43,auto,77.13
idqn,43,auto,1.99
idqn,43,car,19.96
idqn,43,car,21.7
idqn,43,moto,5.0
idqn,43,auto,2.53
idqn,43,moto,40.05
idqn,43,moto,57.58
idqn,43,moto,22.85
idqn,43,moto,21.23
idqn,43,auto,40.81
idqn,43,moto,22.3
idqn,43,moto,18.56
idqn,43,auto,2.29
idqn,43,moto,4.44
idqn,43,moto,4.9
idqn,43,auto,9.97
idqn,43,moto,4.07
idqn,43,moto,41.77
idqn,43,moto,41.55
idqn,43,moto,6.07
idqn,43,moto,27.02
idqn,43,moto,42.1
idqn,43,moto,15.15
idqn,43,moto,36.53
idqn,43,auto,20.83
idqn,43,moto,11.64
idqn,43,moto,4.37
idqn,43,car,4.11
idqn,43,moto,8.45
idqn,43,car,11.91
idqn,43,car,15.41
idqn,43,auto,20.82
idqn,43,car,18.35
idqn,43,auto,15.42
idqn,43,car,17.5
idqn,43,car,4.91
idqn,43,moto,24.23
idqn,43,moto,12.48
idqn,43,car,11.81
idqn,43,car,18.06
idqn,43,auto,4.6
idqn,43,auto,11.12
idqn,43,moto,5.14
idqn,43,moto,34.5
idqn,43,moto,4.56
idqn,43,moto,21.89
idqn,43,auto,29.97
idqn,43,moto,24.43
idqn,43,moto,15.85
idqn,43,moto,19.46
idqn,43,auto,13.33
idqn,43,car,22.35
idqn,43,car,17.22
idqn,43,auto,16.79
idqn,43,moto,7.13
idqn,43,auto,6.08
idqn,43,moto,20.16
idqn,43,moto,8.53
idqn,43,car,25.14
idqn,43,auto,17.19
idqn,43,moto,17.69
idqn,43,moto,4.77
idqn,43,auto,18.5
idqn,43,moto,13.82
idqn,43,moto,26.55
idqn,43,moto,10.91
idqn,43,moto,4.22
idqn,43,moto,23.29
idqn,43,moto,10.63
idqn,43,moto,2.94
idqn,43,moto,25.05
idqn,43,moto,5.27
idqn,43,moto,24.59
idqn,43,moto,25.45
idqn,43,auto,9.38
idqn,43,moto,9.55
idqn,43,auto,3.05
idqn,43,moto,9.9
idqn,43,car,16.11
idqn,43,moto,5.3
idqn,43,car,5.47
idqn,43,auto,24.14
idqn,43,moto,15.3
idqn,43,moto,4.48
idqn,43,auto,14.73
idqn,43,car,12.82
idqn,43,auto,3.29
idqn,43,moto,5.04
idqn,43,moto,4.88
idqn,43,moto,6.64
idqn,43,moto,4.47
idqn,43,moto,11.53
idqn,43,moto,24.83
idqn,43,car,25.97
idqn,43,moto,22.99
idqn,43,car,16.44
idqn,43,auto,2.17
idqn,43,auto,16.47
idqn,43,car,18.45
idqn,43,moto,5.83
idqn,43,auto,4.9
idqn,43,car,5.02
idqn,43,auto,5.64
idqn,43,moto,36.83
idqn,43,auto,70.78
idqn,43,moto,12.7
idqn,43,car,2.69
idqn,43,auto,17.57
idqn,43,moto,7.63
idqn,43,moto,4.82
idqn,43,moto,5.22
idqn,43,auto,7.41
idqn,43,auto,23.56
idqn,43,moto,7.87
idqn,43,moto,13.62
idqn,43,moto,18.39
idqn,43,auto,3.72
idqn,43,moto,3.02
idqn,43,moto,4.15
idqn,43,auto,5.04
idqn,43,auto,4.6
idqn,43,moto,4.22
idqn,43,auto,2.88
idqn,43,moto,3.11
idqn,43,moto,21.0
idqn,43,moto,11.94
idqn,43,auto,13.61
idqn,43,moto,24.89
idqn,43,car,11.0
idqn,43,moto,5.37
idqn,43,car,16.05
idqn,43,auto,2.93
idqn,43,moto,10.69
idqn,43,car,5.09
idqn,43,moto,4.01
idqn,43,auto,8.78
idqn,43,moto,5.39
idqn,43,auto,2.23
idqn,43,moto,14.22
idqn,43,moto,4.75
idqn,43,moto,72.52
idqn,43,moto,62.23
idqn,43,car,18.67
idqn,43,moto,16.62
idqn,43,auto,2.12
idqn,43,moto,5.5
idqn,43,auto,4.97
idqn,43,moto,8.23
idqn,43,car,19.16
idqn,43,moto,19.43
idqn,43,moto,20.32
idqn,43,car,27.91
idqn,43,moto,19.4
idqn,43,moto,37.24
idqn,43,moto,15.84
idqn,43,moto,42.25
idqn,43,moto,80.1
idqn,43,moto,42.71
idqn,43,car,35.54
idqn,43,moto,4.32
idqn,43,moto,18.11
idqn,43,auto,10.84
idqn,43,car,3.75
idqn,43,moto,21.56
idqn,43,moto,14.84
idqn,43,moto,4.85
idqn,43,moto,19.72
idqn,43,car,22.42
idqn,43,moto,18.63
idqn,43,auto,19.69
idqn,43,moto,13.24
idqn,43,moto,16.45
idqn,43,auto,2.2
idqn,43,auto,17.54
idqn,43,moto,12.16
idqn,43,car,3.36
idqn,43,moto,4.45
idqn,43,car,19.32
idqn,43,moto,9.59
idqn,43,auto,3.41
idqn,43,auto,7.31
idqn,43,moto,3.94
idqn,43,car,12.96
idqn,43,moto,5.76
idqn,43,car,12.11
idqn,43,moto,5.09
idqn,43,moto,11.49
idqn,43,moto,50.78
idqn,43,moto,25.89
idqn,43,moto,21.14
idqn,43,moto,50.7
idqn,43,moto,3.71
idqn,43,car,16.97
idqn,43,moto,5.15
idqn,43,car,36.54
idqn,43,auto,7.86
idqn,43,moto,4.21
idqn,43,car,3.41
idqn,43,moto,5.91
idqn,43,car,8.74
idqn,43,moto,26.99
idqn,43,moto,5.59
idqn,43,auto,3.63
idqn,43,moto,22.63
idqn,43,moto,28.56
idqn,43,auto,31.25
idqn,43,auto,27.98
idqn,43,auto,50.17
idqn,43,auto,42.44
idqn,43,auto,36.19
idqn,43,auto,29.13
idqn,43,moto,3.98
idqn,43,moto,16.01
idqn,43,moto,6.86
idqn,43,moto,19.82
idqn,43,auto,12.72
idqn,43,car,17.91
idqn,43,moto,9.27
idqn,43,moto,19.09
idqn,43,auto,13.42
idqn,43,moto,7.06
idqn,43,moto,8.5
idqn,43,moto,5.2
idqn,43,moto,9.91
idqn,43,moto,10.98
idqn,43,moto,18.12
idqn,43,auto,12.33
idqn,43,car,12.39
idqn,43,moto,10.48
idqn,43,car,11.25
idqn,43,car,18.68
idqn,43,moto,14.16
idqn,43,auto,1.69
idqn,43,moto,14.59
idqn,43,car,2.3
idqn,43,auto,5.32
idqn,43,moto,19.89
idqn,43,moto,23.43
idqn,43,moto,17.15
idqn,43,moto,48.41
idqn,43,moto,13.42
idqn,43,moto,47.37
idqn,43,moto,16.82
idqn,43,auto,3.71
idqn,43,auto,2.1
idqn,43,moto,39.45
idqn,43,auto,24.95
idqn,43,moto,33.13
idqn,43,moto,27.4
idqn,43,auto,34.35
idqn,43,moto,27.23
idqn,43,moto,13.41
idqn,43,moto,20.77
idqn,43,moto,22.5
idqn,43,auto,11.18
idqn,43,moto,21.46
idqn,43,auto,14.75
idqn,43,moto,8.72
idqn,43,moto,4.72
idqn,43,car,34.42
idqn,43,moto,20.86
idqn,43,car,18.36
idqn,43,car,2.57
idqn,43,moto,12.16
idqn,43,car,14.79
idqn,43,moto,3.75
idqn,43,moto,14.55
idqn,43,auto,2.8
idqn,43,moto,4.81
idqn,43,auto,2.63
idqn,43,moto,74.0
idqn,43,moto,8.84
idqn,43,moto,18.48
idqn,43,auto,94.9
idqn,43,moto,5.63
idqn,43,car,3.92
idqn,43,car,4.05
idqn,43,moto,5.82
idqn,43,moto,11.26
idqn,43,car,9.04
idqn,43,moto,6.71
idqn,43,moto,20.5
idqn,43,moto,4.34
idqn,43,auto,2.45
idqn,43,auto,7.61
idqn,43,auto,3.03
idqn,43,moto,3.65
idqn,43,moto,6.64
idqn,43,car,4.48
idqn,43,auto,5.17
idqn,43,auto,2.61
idqn,43,auto,2.8
idqn,43,moto,4.62
idqn,43,moto,4.85
idqn,43,auto,1.93
idqn,43,moto,5.01
idqn,43,moto,4.13
idqn,43,moto,4.98
idqn,43,car,20.44
idqn,43,car,3.31
idqn,43,moto,6.15
idqn,43,auto,10.51
idqn,43,moto,4.81
idqn,43,car,2.75
idqn,43,moto,6.21
idqn,43,auto,22.69
idqn,43,moto,24.35
idqn,43,auto,4.05
idqn,43,car,58.39
idqn,43,moto,55.81
idqn,43,moto,50.37
idqn,43,moto,39.33
idqn,43,moto,39.51
idqn,43,moto,37.62
idqn,43,moto,20.41
idqn,43,moto,6.27
idqn,43,moto,52.9
idqn,43,auto,35.51
idqn,43,moto,4.03
idqn,43,auto,5.23
idqn,43,car,2.07
idqn,43,auto,2.46
idqn,43,moto,23.11
idqn,43,moto,20.5
idqn,43,car,20.16
idqn,43,moto,14.49
idqn,43,moto,22.13
idqn,43,moto,20.11
idqn,43,moto,4.83
idqn,43,car,6.47
idqn,43,moto,4.61
idqn,43,auto,18.44
idqn,43,auto,10.49
idqn,43,moto,5.25
idqn,43,auto,10.83
idqn,43,moto,4.4
idqn,43,car,4.09
idqn,43,moto,13.88
idqn,43,moto,35.69
idqn,43,moto,9.23
idqn,43,moto,4.9
idqn,43,moto,4.21
idqn,43,auto,71.8
idqn,43,moto,5.39
idqn,43,moto,121.8
idqn,43,auto,2.57
idqn,43,moto,5.53
idqn,43,car,2.76
idqn,43,moto,6.04
idqn,43,auto,3.3
idqn,43,moto,21.82
idqn,43,moto,19.98
idqn,43,moto,5.11
idqn,43,auto,17.45
idqn,43,auto,17.29
idqn,43,auto,2.7
idqn,43,auto,25.13
idqn,43,auto,11.02
idqn,43,moto,12.9
idqn,43,moto,19.35
idqn,43,car,15.43
idqn,43,car,11.39
idqn,43,car,20.29
idqn,43,auto,31.1
idqn,43,moto,19.12
idqn,43,car,4.56
idqn,43,auto,22.96
idqn,43,auto,22.53
idqn,43,moto,6.23
idqn,43,moto,4.78
idqn,43,auto,16.8
idqn,43,auto,3.52
idqn,43,moto,7.71
idqn,43,moto,4.81
idqn,43,moto,6.37
idqn,43,auto,3.92
idqn,43,car,4.57
idqn,43,auto,2.1
idqn,43,auto,1.72
idqn,43,moto,37.65
idqn,43,moto,27.52
idqn,43,moto,44.1
idqn,43,auto,51.09
idqn,43,moto,6.06
idqn,43,moto,26.95
idqn,43,car,4.97
idqn,43,moto,5.37
idqn,43,moto,18.59
idqn,43,moto,15.54
idqn,43,auto,1.6
idqn,43,moto,15.2
idqn,43,moto,5.9
idqn,43,moto,16.82
idqn,43,moto,24.47
idqn,43,moto,5.03
idqn,43,auto,21.68
idqn,43,moto,54.77
idqn,43,moto,40.67
idqn,43,auto,16.72
idqn,43,car,13.91
idqn,43,moto,6.73
idqn,43,car,2.17
idqn,43,car,23.44
idqn,43,moto,16.63
idqn,43,moto,17.0
idqn,43,moto,8.79
idqn,43,moto,25.42
idqn,43,moto,4.77
idqn,43,moto,21.1
idqn,43,car,7.88
idqn,43,moto,9.49
idqn,43,auto,2.48
idqn,43,moto,29.21
idqn,43,car,21.07
idqn,43,moto,14.45
idqn,43,auto,25.82
idqn,43,car,53.67
idqn,43,moto,12.89
idqn,43,moto,18.77
idqn,43,moto,6.51
idqn,43,auto,2.69
idqn,43,car,3.17
idqn,43,moto,20.41
idqn,43,moto,23.02
idqn,43,auto,1.83
idqn,43,moto,26.25
idqn,43,moto,16.33
idqn,43,moto,9.42
idqn,43,moto,13.52
idqn,43,moto,9.08
idqn,43,moto,9.88
idqn,43,auto,23.74
idqn,43,moto,3.38
idqn,43,moto,5.04
idqn,43,car,19.83
idqn,43,car,16.62
idqn,43,car,22.79
idqn,43,moto,4.12
idqn,43,moto,7.24
idqn,43,auto,13.01
idqn,43,moto,2.67
idqn,43,car,2.44
idqn,43,car,8.22
idqn,43,moto,2.71
idqn,43,car,4.52
idqn,43,auto,10.05
idqn,43,car,77.43
idqn,43,moto,16.73
idqn,43,moto,5.31
idqn,43,moto,21.39
idqn,43,car,18.56
idqn,43,moto,14.38
idqn,43,moto,5.79
idqn,43,auto,7.92
idqn,43,auto,15.07
idqn,43,moto,20.59
idqn,43,auto,18.76
idqn,43,moto,9.87
idqn,43,moto,8.9
idqn,43,car,10.72
idqn,43,auto,3.11
idqn,43,auto,3.35
idqn,43,auto,14.41
idqn,43,moto,9.39
idqn,43,moto,11.19
idqn,43,auto,9.89
idqn,43,moto,5.88
idqn,43,auto,2.37
idqn,43,moto,5.51
idqn,43,auto,3.16
idqn,43,moto,17.52
idqn,43,moto,8.16
idqn,43,auto,3.24
idqn,43,moto,12.15
idqn,43,moto,23.29
idqn,43,auto,19.93
idqn,43,auto,16.76
idqn,43,moto,17.12
idqn,43,car,13.8
idqn,43,auto,30.25
idqn,43,auto,14.36
idqn,43,auto,4.9
idqn,43,moto,4.78
idqn,43,auto,4.47
idqn,43,car,30.33
idqn,43,moto,24.81
idqn,43,car,3.71
idqn,43,moto,10.3
idqn,43,moto,19.81
idqn,43,auto,30.57
idqn,43,auto,23.54
idqn,43,moto,18.53
idqn,43,moto,29.58
idqn,43,moto,19.05
idqn,43,car,23.63
idqn,43,auto,19.3
idqn,43,auto,15.97
idqn,43,car,29.0
idqn,43,auto,10.04
idqn,43,car,3.68
idqn,43,moto,19.36
idqn,43,moto,20.69
idqn,43,moto,9.94
idqn,43,moto,17.37
idqn,43,auto,12.66
idqn,43,moto,6.51
idqn,43,moto,4.43
idqn,43,auto,7.31
idqn,43,moto,5.23
idqn,43,moto,11.42
idqn,43,moto,11.94
idqn,43,moto,6.9
idqn,43,moto,5.85
idqn,43,auto,10.88
idqn,43,moto,6.03
idqn,43,moto,16.32
idqn,43,moto,13.15
idqn,43,auto,19.52
idqn,43,car,5.97
idqn,43,moto,13.58
idqn,43,auto,13.58
idqn,43,moto,4.28
idqn,43,moto,5.69
idqn,43,auto,13.03
idqn,43,moto,4.25
idqn,43,auto,11.95
idqn,43,moto,13.61
idqn,43,auto,9.75
idqn,43,car,5.43
idqn,43,moto,14.25
idqn,43,moto,29.24
idqn,43,auto,43.28
idqn,43,auto,25.08
idqn,43,auto,55.75
idqn,43,moto,39.44
idqn,43,moto,25.64
idqn,43,car,11.88
idqn,43,moto,23.2
idqn,43,moto,10.28
idqn,43,car,10.54
idqn,43,car,2.73
idqn,43,moto,44.89
idqn,43,auto,1.86
idqn,43,moto,87.19
idqn,43,moto,70.32
idqn,43,moto,36.57
idqn,43,moto,82.57
idqn,43,moto,14.24
idqn,43,auto,3.84
idqn,43,moto,9.96
idqn,43,moto,19.47
idqn,43,moto,17.5
idqn,43,auto,11.15
idqn,43,moto,22.01
idqn,43,moto,16.83
idqn,43,car,17.88
idqn,43,car,9.6
idqn,43,moto,7.77
idqn,43,car,5.85
idqn,43,auto,8.27
idqn,43,auto,22.69
idqn,43,auto,9.84
idqn,43,moto,11.1
idqn,43,auto,5.77
idqn,43,car,15.71
idqn,43,moto,14.63
idqn,43,moto,10.47
idqn,43,moto,7.82
idqn,43,moto,22.19
idqn,43,moto,21.8
idqn,43,moto,21.83
idqn,43,moto,19.72
idqn,43,moto,12.04
idqn,43,moto,21.91
idqn,43,car,22.82
idqn,43,auto,22.98
idqn,43,auto,15.9
idqn,43,car,20.31
idqn,43,auto,13.61
idqn,43,moto,8.5
idqn,43,auto,9.24
idqn,43,auto,15.58
idqn,43,moto,7.36
idqn,43,moto,4.11
idqn,43,moto,15.96
idqn,43,auto,15.34
idqn,43,moto,20.55
idqn,43,moto,21.89
idqn,43,moto,15.64
idqn,43,moto,8.38
idqn,43,moto,5.01
idqn,43,auto,3.02
idqn,43,moto,23.22
idqn,43,moto,44.41
idqn,43,moto,10.9
idqn,43,moto,6.63
idqn,43,moto,42.35
idqn,43,moto,3.67
idqn,43,auto,17.61
idqn,43,auto,5.56
idqn,43,moto,6.89
idqn,43,car,5.73
idqn,43,car,3.86
idqn,43,auto,3.25
idqn,43,moto,45.87
idqn,43,auto,2.58
idqn,43,car,2.71
idqn,43,moto,20.39
idqn,43,moto,15.78
idqn,43,car,3.45
idqn,43,auto,2.39
idqn,43,car,1.95
idqn,43,moto,2.07
idqn,43,moto,14.93
idqn,43,moto,36.6
idqn,43,moto,30.0
idqn,43,car,3.82
idqn,43,car,36.15
idqn,43,moto,4.8
idqn,43,moto,4.15
idqn,43,auto,35.61
idqn,43,moto,27.61
idqn,43,car,25.15
idqn,43,moto,19.28
idqn,43,moto,26.81
idqn,43,auto,19.16
idqn,43,auto,17.22
idqn,43,auto,3.09
idqn,43,moto,16.7
idqn,43,moto,18.78
idqn,43,moto,7.64
idqn,43,car,4.37
idqn,43,moto,25.11
idqn,43,auto,48.73
idqn,43,auto,44.09
idqn,43,auto,22.22
idqn,43,auto,17.22
idqn,43,moto,20.8
idqn,43,auto,2.29
idqn,43,moto,4.96
idqn,43,moto,19.39
idqn,43,moto,11.68
idqn,43,moto,22.63
idqn,43,car,8.77
idqn,43,auto,2.3
idqn,43,moto,13.95
idqn,43,auto,9.48
idqn,43,auto,13.61
idqn,43,car,9.91
idqn,43,auto,7.93
idqn,43,moto,9.08
idqn,43,car,12.2
idqn,43,moto,24.84
idqn,43,auto,10.65
idqn,43,auto,3.49
idqn,43,car,5.6
idqn,43,car,13.77
idqn,43,auto,14.43
idqn,43,moto,18.78
idqn,43,moto,14.99
idqn,43,car,22.21
idqn,43,moto,22.4
idqn,43,moto,23.06
idqn,43,auto,22.35
idqn,43,moto,24.91
idqn,43,moto,17.29
idqn,43,moto,3.97
idqn,43,auto,15.85
idqn,43,moto,25.48
idqn,43,auto,15.95
idqn,43,moto,10.67
idqn,43,moto,49.45
idqn,43,moto,37.96
idqn,43,car,25.46
idqn,43,moto,39.05
idqn,43,auto,13.61
idqn,43,auto,11.33
idqn,43,moto,2.67
idqn,43,car,2.66
idqn,43,moto,21.12
idqn,43,moto,20.03
idqn,43,auto,2.36
idqn,43,moto,13.71
idqn,43,moto,5.55
idqn,43,moto,6.21
idqn,43,moto,21.72
idqn,43,moto,4.43
idqn,43,moto,19.9
idqn,43,auto,29.91
idqn,43,auto,28.6
idqn,43,moto,3.93
idqn,43,moto,66.45
idqn,43,moto,64.01
idqn,43,moto,4.17
idqn,43,moto,9.64
idqn,43,moto,51.74
idqn,43,moto,40.42
idqn,43,moto,59.86
idqn,43,car,4.63
idqn,43,auto,24.63
idqn,43,auto,6.11
idqn,43,car,4.93
idqn,43,auto,5.13
idqn,43,auto,2.92
idqn,43,moto,20.98
idqn,43,moto,15.24
idqn,43,moto,23.52
idqn,43,moto,21.63
idqn,43,moto,13.05
idqn,43,auto,22.53
idqn,43,moto,13.6
idqn,43,moto,11.87
idqn,43,moto,18.72
idqn,43,auto,18.82
idqn,43,car,6.52
idqn,43,auto,23.02
idqn,43,car,6.44
idqn,43,auto,8.32
idqn,43,moto,16.77
idqn,43,moto,5.86
idqn,43,car,25.69
idqn,43,moto,4.41
idqn,43,moto,9.09
idqn,43,auto,2.05
idqn,43,moto,34.84
idqn,43,moto,6.33
idqn,43,moto,6.37
idqn,43,moto,13.79
idqn,43,auto,4.17
idqn,43,auto,1.96
idqn,43,moto,8.75
idqn,43,auto,3.6
idqn,43,moto,23.01
idqn,43,moto,4.43
idqn,43,auto,15.41
idqn,43,auto,4.6
idqn,43,car,3.57
idqn,43,auto,22.64
idqn,43,car,16.91
idqn,43,moto,22.61
idqn,43,moto,11.26
idqn,43,auto,13.42
idqn,43,auto,4.37
idqn,43,moto,18.48
idqn,43,moto,12.07
idqn,43,moto,17.14
idqn,43,moto,11.25
idqn,43,moto,11.85
idqn,43,car,3.31
idqn,43,moto,12.91
idqn,43,auto,9.64
idqn,43,auto,2.24
idqn,43,moto,10.88
idqn,43,moto,5.06
idqn,43,moto,14.14
idqn,43,moto,75.01
idqn,43,car,16.33
idqn,43,moto,3.74
idqn,43,car,5.7
idqn,43,auto,15.68
idqn,43,moto,4.92
idqn,43,car,2.67
idqn,43,auto,2.0
idqn,43,moto,25.76
idqn,43,moto,9.84
idqn,43,moto,13.93
idqn,43,moto,30.99
idqn,43,auto,14.36
idqn,43,moto,11.65
idqn,43,moto,4.96
idqn,43,car,2.49
idqn,43,car,2.86
idqn,43,moto,6.3
idqn,43,moto,4.38
idqn,43,car,71.78
idqn,43,moto,94.89
idqn,43,moto,9.26
idqn,43,moto,45.1
idqn,43,moto,90.68
idqn,43,moto,4.97
idqn,43,moto,13.88
idqn,43,auto,11.49
idqn,43,auto,17.2
idqn,43,moto,5.05
idqn,43,auto,9.88
idqn,43,moto,11.65
idqn,43,auto,2.81
idqn,43,moto,16.23
idqn,43,car,9.5
idqn,43,auto,2.88
idqn,43,moto,14.72
idqn,43,moto,7.67
idqn,43,auto,7.94
idqn,43,moto,4.39
idqn,43,moto,3.86
idqn,43,moto,6.08
idqn,43,moto,11.01
idqn,43,auto,4.78
idqn,43,moto,4.71
idqn,43,moto,4.86
idqn,43,moto,4.9
idqn,43,auto,7.03
idqn,43,auto,2.98
idqn,43,moto,3.73
idqn,43,auto,3.44
idqn,43,moto,32.57
idqn,43,car,31.91
idqn,43,moto,13.05
idqn,43,moto,12.36
idqn,43,car,3.55
idqn,43,auto,17.25
idqn,43,moto,22.05
idqn,43,moto,17.45
idqn,43,auto,2.99
idqn,43,auto,18.61
idqn,43,moto,4.68
idqn,43,moto,6.16
idqn,43,moto,4.99
idqn,43,moto,5.45
idqn,43,moto,6.37
idqn,43,moto,4.75
idqn,43,auto,7.94
idqn,43,moto,7.54
idqn,43,auto,3.85
idqn,43,moto,6.32
idqn,43,moto,8.19
idqn,43,moto,22.09
idqn,43,moto,5.96
idqn,43,car,20.41
idqn,43,moto,21.52
idqn,43,moto,14.47
idqn,43,auto,6.97
idqn,43,moto,5.44
idqn,43,moto,16.14
idqn,43,car,16.03
idqn,43,moto,21.78
idqn,43,moto,14.13
idqn,43,moto,6.71
idqn,43,auto,21.71
idqn,43,car,15.69
idqn,43,auto,2.83
idqn,43,moto,11.85
idqn,43,moto,14.93
idqn,43,moto,25.47
idqn,43,moto,16.39
idqn,43,auto,15.12
idqn,43,moto,6.51
idqn,43,car,24.88
idqn,43,moto,5.43
idqn,43,car,4.78
idqn,43,moto,8.83
idqn,43,moto,83.97
idqn,43,moto,3.76
idqn,43,auto,74.61
idqn,43,moto,35.35
idqn,43,auto,83.25
idqn,43,car,3.71
idqn,43,moto,4.02
idqn,43,moto,10.43
idqn,43,moto,4.79
idqn,43,moto,11.12
idqn,43,moto,4.13
idqn,43,car,2.24
idqn,43,car,3.15
idqn,43,auto,3.12
idqn,43,moto,3.22
idqn,43,moto,48.78
idqn,43,moto,22.51
idqn,43,moto,19.77
idqn,43,auto,18.25
idqn,43,moto,9.99
idqn,43,moto,18.94
idqn,43,auto,18.8
idqn,43,moto,15.65
idqn,43,auto,5.05
idqn,43,auto,15.72
idqn,43,moto,48.89
idqn,43,moto,7.81
idqn,43,car,99.46
idqn,43,moto,86.97
idqn,43,moto,60.42
idqn,43,moto,83.62
idqn,43,moto,6.88
idqn,43,moto,3.08
idqn,43,moto,24.04
idqn,43,car,18.32
idqn,43,moto,8.67
idqn,43,auto,3.46
idqn,43,moto,23.18
idqn,43,car,19.97
idqn,43,auto,3.05
idqn,43,moto,15.34
idqn,43,moto,11.47
idqn,43,moto,9.51
idqn,43,moto,16.68
idqn,43,auto,12.86
idqn,43,moto,12.22
idqn,43,auto,2.88
idqn,43,car,12.69
idqn,43,car,4.23
idqn,43,auto,2.69
idqn,43,auto,4.79
idqn,43,moto,5.0
idqn,43,moto,24.36
idqn,43,moto,16.91
idqn,43,moto,5.07
idqn,43,moto,13.31
idqn,43,auto,10.56
idqn,43,moto,5.06
idqn,43,car,4.61
idqn,43,car,17.37
idqn,43,moto,21.06
idqn,43,car,12.92
idqn,43,moto,5.74
idqn,43,moto,9.59
idqn,43,auto,60.24
idqn,43,auto,35.06
idqn,43,auto,2.35
idqn,43,auto,1.68
idqn,43,moto,3.79
idqn,43,moto,5.69
idqn,43,auto,2.17
idqn,43,moto,4.32
idqn,43,moto,2.75
idqn,43,moto,5.03
idqn,43,car,2.12
idqn,43,moto,83.59
idqn,43,moto,13.02
idqn,43,moto,2.81
idqn,43,moto,3.56
idqn,43,moto,6.97
idqn,43,auto,32.29
idqn,43,auto,5.11
idqn,43,moto,4.01
idqn,43,moto,62.37
idqn,43,moto,15.77
idqn,43,moto,2.67
idqn,43,auto,85.35
idqn,43,moto,22.24
idqn,43,auto,12.54
idqn,43,car,14.49
idqn,43,moto,5.01
idqn,43,moto,30.97
idqn,43,moto,3.8
idqn,43,moto,4.14
idqn,43,moto,24.1
idqn,43,moto,22.64
idqn,43,moto,20.09
idqn,43,moto,24.21
idqn,43,car,15.61
idqn,43,moto,7.69
idqn,43,auto,16.38
idqn,43,moto,4.79
idqn,43,moto,17.75
idqn,43,moto,41.85
idqn,43,moto,15.23
idqn,43,car,25.78
idqn,43,moto,11.96
idqn,43,auto,22.97
idqn,43,auto,7.99
idqn,43,auto,27.01
idqn,43,auto,23.28
idqn,43,moto,15.42
idqn,43,auto,12.74
idqn,43,car,17.5
idqn,43,moto,5.33
idqn,43,car,15.55
idqn,43,moto,13.64
idqn,43,car,12.44
idqn,43,auto,9.94
idqn,43,moto,23.46
idqn,43,car,20.95
idqn,43,moto,16.06
idqn,43,moto,22.44
idqn,43,moto,29.05
idqn,43,moto,27.74
idqn,43,car,32.36
idqn,43,car,30.25
idqn,43,car,5.55
idqn,43,moto,27.91
idqn,43,auto,30.75
idqn,43,car,31.14
idqn,43,auto,12.16
idqn,43,moto,15.56
idqn,43,auto,21.26
idqn,43,moto,4.4
idqn,43,moto,5.45
idqn,43,car,28.34
idqn,43,moto,12.44
idqn,43,moto,22.45
idqn,43,moto,9.94
idqn,43,moto,54.39
idqn,43,moto,6.85
idqn,43,car,36.18
idqn,43,moto,21.75
idqn,43,moto,20.02
idqn,43,moto,6.79
idqn,43,auto,36.68
idqn,43,auto,4.22
idqn,43,auto,14.98
idqn,43,car,11.61
idqn,43,moto,2.92
idqn,43,auto,18.03
idqn,43,moto,17.22
idqn,43,auto,4.8
idqn,43,moto,3.19
idqn,43,car,29.89
idqn,43,moto,25.79
idqn,43,auto,22.47
idqn,43,moto,24.66
idqn,43,auto,24.94
idqn,43,auto,28.09
idqn,43,car,26.49
idqn,43,moto,22.74
idqn,43,moto,20.39
idqn,43,moto,12.71
idqn,43,moto,10.73
idqn,43,moto,12.32
idqn,43,auto,20.52
idqn,43,moto,20.08
idqn,43,moto,28.3
idqn,43,moto,12.42
idqn,43,auto,15.85
idqn,43,car,18.69
idqn,43,auto,9.99
idqn,43,moto,5.36
idqn,43,car,3.35
idqn,43,moto,28.47
idqn,43,moto,4.59
idqn,43,moto,26.88
idqn,43,auto,8.18
idqn,43,auto,12.06
idqn,43,moto,6.74
idqn,43,auto,2.35
idqn,43,car,2.94
idqn,43,car,2.16
idqn,43,moto,28.91
idqn,43,moto,28.03
idqn,43,moto,21.89
idqn,43,moto,25.96
idqn,43,car,21.09
idqn,43,car,24.7
idqn,43,auto,21.54
idqn,43,moto,23.99
idqn,43,auto,17.88
idqn,43,auto,38.17
idqn,43,moto,18.84
idqn,43,moto,18.56
idqn,43,moto,18.63
idqn,43,auto,19.95
idqn,43,moto,11.39
idqn,43,car,17.16
idqn,43,auto,14.02
idqn,43,car,4.85
idqn,43,moto,7.19
idqn,43,auto,9.47
idqn,43,moto,12.1
idqn,43,moto,19.58
idqn,43,moto,17.89
idqn,43,moto,18.83
idqn,43,moto,20.34
idqn,43,moto,15.87
idqn,43,moto,21.63
idqn,43,moto,11.24
idqn,43,moto,12.86
idqn,43,auto,18.03
idqn,43,car,19.13
idqn,43,moto,66.83
idqn,43,auto,7.04
idqn,43,auto,45.22
idqn,43,auto,4.97
idqn,43,car,4.68
idqn,43,auto,21.96
idqn,43,moto,5.46
idqn,43,car,4.26
idqn,43,moto,18.54
idqn,43,moto,17.53
idqn,43,moto,6.37
idqn,43,auto,16.41
idqn,43,moto,19.25
idqn,43,moto,14.62
idqn,43,auto,14.8
idqn,43,moto,24.61
idqn,43,moto,22.14
idqn,43,moto,17.23
idqn,43,auto,23.81
idqn,43,moto,24.95
idqn,43,moto,16.48
idqn,43,auto,23.43
idqn,43,auto,16.55
idqn,43,moto,42.25
idqn,43,moto,18.59
idqn,43,moto,13.66
idqn,43,car,16.94
idqn,43,moto,12.65
idqn,43,car,8.4
idqn,43,car,20.26
idqn,43,auto,39.27
idqn,43,moto,6.83
idqn,43,moto,5.46
idqn,43,moto,3.26
idqn,43,auto,10.3
idqn,43,auto,4.84
idqn,43,car,24.49
idqn,43,moto,16.83
idqn,43,moto,6.01
idqn,43,moto,4.51
idqn,43,moto,3.33
idqn,43,moto,23.64
idqn,43,car,3.38
idqn,43,moto,4.8
idqn,43,moto,3.31
idqn,43,moto,10.92
idqn,43,auto,5.25
idqn,43,moto,5.51
idqn,43,auto,2.54
idqn,43,moto,27.65
idqn,43,moto,56.26
idqn,43,moto,13.83
idqn,43,moto,8.72
idqn,43,car,8.33
idqn,43,car,33.83
idqn,43,moto,7.95
idqn,43,moto,74.29
idqn,43,moto,19.94
idqn,43,moto,4.17
idqn,43,car,19.11
idqn,43,auto,2.42
idqn,43,auto,3.14
idqn,43,moto,4.59
idqn,43,moto,4.54
idqn,43,auto,16.96
idqn,43,moto,22.7
idqn,43,auto,15.67
idqn,43,moto,9.23
idqn,43,moto,9.53
idqn,43,auto,12.42
idqn,43,moto,16.36
idqn,43,moto,9.63
idqn,43,moto,8.25
idqn,43,moto,18.17
idqn,43,car,8.4
idqn,43,auto,12.22
idqn,43,auto,8.08
idqn,43,moto,10.55
idqn,43,moto,8.03
idqn,43,car,4.13
idqn,43,moto,8.74
idqn,43,auto,3.31
idqn,43,car,5.97
idqn,43,auto,2.39
idqn,43,auto,2.32
idqn,43,moto,16.15
idqn,43,auto,2.75
idqn,43,car,3.05
idqn,43,car,10.29
idqn,43,moto,23.85
idqn,43,moto,22.04
idqn,43,moto,5.44
idqn,43,moto,19.45
idqn,43,moto,34.6
idqn,43,auto,37.87
idqn,43,moto,4.9
idqn,43,auto,22.77
idqn,43,auto,9.05
idqn,43,car,41.55
idqn,43,moto,7.27
idqn,43,moto,6.52
idqn,43,moto,5.51
idqn,43,moto,27.3
idqn,43,auto,7.76
idqn,43,moto,36.88
idqn,43,moto,4.88
idqn,43,moto,57.2
idqn,43,auto,64.87
idqn,43,auto,54.79
idqn,43,moto,3.84
idqn,43,auto,6.27
idqn,43,moto,20.54
idqn,43,car,18.65
idqn,43,moto,4.73
idqn,43,moto,17.94
idqn,43,moto,9.66
idqn,43,moto,23.15
idqn,43,auto,4.35
idqn,43,moto,15.57
idqn,43,moto,5.43
idqn,43,car,6.0
idqn,43,moto,12.1
idqn,43,moto,18.0
idqn,43,car,4.43
idqn,43,auto,2.07
idqn,43,moto,4.59
idqn,43,auto,2.11
idqn,43,moto,4.15
idqn,43,car,3.57
idqn,43,moto,5.45
idqn,43,moto,5.54
idqn,43,moto,22.04
idqn,43,moto,13.96
idqn,43,moto,18.48
idqn,43,moto,23.12
idqn,43,auto,11.99
idqn,43,moto,17.34
idqn,43,moto,17.02
idqn,43,auto,16.85
idqn,43,car,19.32
idqn,43,auto,15.56
idqn,43,moto,5.97
idqn,43,moto,14.26
idqn,43,moto,5.52
idqn,43,moto,7.18
idqn,43,auto,19.23
idqn,43,moto,18.45
idqn,43,moto,16.37
idqn,43,car,13.33
idqn,43,moto,9.66
idqn,43,moto,16.24
idqn,43,auto,8.05
idqn,43,auto,2.57
idqn,43,auto,2.2
idqn,43,moto,56.96
idqn,43,moto,53.13
idqn,43,car,89.18
idqn,43,moto,49.73
idqn,43,moto,41.79
idqn,43,moto,31.66
idqn,43,moto,4.68
idqn,43,moto,62.42
idqn,43,moto,55.84
idqn,43,auto,29.68
idqn,43,moto,3.94
idqn,43,moto,15.43
idqn,43,moto,4.32
idqn,43,moto,21.42
idqn,43,moto,47.17
idqn,43,car,4.78
idqn,43,auto,15.76
idqn,43,auto,4.41
idqn,43,moto,9.78
idqn,43,moto,13.32
idqn,43,car,46.09
idqn,43,moto,4.44
idqn,43,moto,10.01
idqn,43,moto,6.76
idqn,43,moto,15.21
idqn,43,moto,5.25
idqn,43,auto,17.21
idqn,43,moto,9.26
idqn,43,auto,15.72
idqn,43,auto,2.71
idqn,43,moto,4.9
idqn,43,moto,5.67
idqn,43,auto,3.61
idqn,43,moto,14.18
idqn,43,moto,13.12
idqn,43,auto,18.51
idqn,43,moto,10.89
idqn,43,auto,23.21
idqn,43,moto,13.2
idqn,43,auto,6.4
idqn,43,moto,24.31
idqn,43,moto,15.2
idqn,43,auto,14.16
idqn,43,auto,5.37
idqn,43,car,11.82
idqn,43,auto,22.75
idqn,43,auto,5.39
idqn,43,auto,5.24
idqn,43,moto,5.06
idqn,43,auto,13.7
idqn,43,moto,6.42
idqn,43,moto,6.67
idqn,43,moto,7.15
idqn,43,moto,16.68
idqn,43,car,15.14
idqn,43,moto,14.23
idqn,43,auto,29.46
idqn,43,moto,15.55
idqn,43,car,13.95
idqn,43,moto,19.73
idqn,43,moto,4.85
idqn,43,moto,18.38
idqn,43,moto,14.96
idqn,43,auto,18.46
idqn,43,auto,4.21
idqn,43,moto,15.07
idqn,43,moto,4.88
idqn,43,car,11.81
idqn,43,car,2.83
idqn,43,moto,4.59
idqn,43,auto,5.88
idqn,43,moto,4.49
idqn,43,moto,4.7
idqn,43,moto,5.47
idqn,43,moto,4.83
idqn,43,moto,4.73
idqn,43,auto,2.16
idqn,43,car,3.28
idqn,43,moto,5.4
idqn,43,moto,98.91
idqn,43,car,2.69
idqn,43,moto,46.94
idqn,43,auto,85.09
idqn,43,auto,49.34
idqn,43,auto,23.17
idqn,43,moto,6.99
idqn,43,auto,24.82
idqn,43,moto,13.64
idqn,43,moto,17.72
idqn,43,auto,7.16
idqn,43,auto,39.74
idqn,43,moto,5.93
idqn,43,moto,60.0
idqn,43,moto,87.48
idqn,43,moto,83.34
idqn,43,moto,24.01
idqn,43,auto,100.0
idqn,43,moto,50.35
idqn,43,moto,46.74
idqn,43,auto,27.46
idqn,43,moto,4.15
idqn,43,moto,18.82
idqn,43,moto,8.7
idqn,43,auto,21.64
idqn,43,moto,14.76
idqn,43,car,15.93
idqn,43,auto,21.83
idqn,43,auto,17.13
idqn,43,car,15.84
idqn,43,moto,24.4
idqn,43,moto,18.01
idqn,43,car,14.73
idqn,43,moto,20.25
idqn,43,moto,18.65
idqn,43,auto,22.01
idqn,43,auto,16.53
idqn,43,moto,20.47
idqn,43,car,5.79
idqn,43,car,14.42
idqn,43,auto,9.82
idqn,43,auto,12.28
idqn,43,moto,11.59
idqn,43,moto,23.29
idqn,43,car,11.65
idqn,43,moto,10.96
idqn,43,auto,14.55
idqn,43,moto,22.7
idqn,43,car,20.41
idqn,43,moto,36.51
idqn,43,car,8.2
idqn,43,moto,17.25
idqn,43,moto,30.68
idqn,43,moto,4.96
idqn,43,auto,3.49
idqn,43,moto,5.27
idqn,43,moto,13.94
idqn,43,moto,7.42
idqn,43,car,13.37
idqn,43,moto,4.68
idqn,43,auto,9.57
idqn,43,moto,9.51
idqn,43,auto,4.49
idqn,43,moto,19.93
idqn,43,moto,15.93
idqn,43,moto,7.14
idqn,43,moto,12.1
idqn,43,moto,28.99
idqn,43,moto,20.47
idqn,43,moto,18.24
idqn,43,moto,4.76
idqn,43,moto,33.5
idqn,43,moto,8.59
idqn,43,moto,5.33
idqn,43,moto,15.27
idqn,43,auto,11.41
idqn,43,car,10.87
idqn,43,car,2.65
idqn,43,moto,6.32
idqn,43,auto,5.2
idqn,43,moto,4.39
idqn,43,car,6.34
idqn,43,moto,7.3
idqn,43,auto,5.94
idqn,43,auto,3.14
idqn,43,moto,4.71
idqn,43,moto,24.42
idqn,43,moto,48.37
idqn,43,moto,5.45
idqn,43,moto,18.94
idqn,43,moto,12.75
idqn,43,auto,18.31
idqn,43,auto,18.98
idqn,43,auto,2.87
idqn,43,car,3.9
idqn,43,auto,2.95
idqn,43,moto,4.6
idqn,43,moto,3.9
idqn,43,moto,5.06
idqn,43,moto,13.93
idqn,43,moto,13.45
idqn,43,moto,4.97
idqn,43,moto,4.74
idqn,43,auto,2.77
idqn,43,moto,16.79
idqn,43,moto,3.82
idqn,43,moto,20.48
idqn,43,moto,5.3
idqn,43,auto,2.2
idqn,43,moto,4.86
idqn,43,auto,2.67
idqn,43,auto,2.16
idqn,43,auto,2.29
idqn,43,moto,5.76
idqn,43,moto,5.03
idqn,43,car,3.18
idqn,43,auto,3.83
idqn,43,auto,3.02
idqn,43,auto,2.71
idqn,43,moto,20.46
idqn,43,moto,4.52
idqn,43,auto,12.06
idqn,43,moto,7.2
idqn,43,moto,16.57
idqn,43,moto,12.0
idqn,43,auto,2.84
idqn,43,moto,10.68
idqn,43,moto,10.37
idqn,43,moto,3.83
idqn,43,moto,4.92
idqn,43,car,2.62
idqn,43,moto,79.99
idqn,43,moto,43.26
idqn,43,moto,4.6
idqn,43,moto,4.41
idqn,43,auto,61.21
idqn,43,moto,3.62
idqn,43,auto,20.4
idqn,43,moto,4.27
idqn,43,car,3.04
idqn,43,moto,7.52
idqn,43,moto,6.14
idqn,43,auto,4.93
idqn,43,moto,163.13
idqn,43,moto,55.74
idqn,43,moto,53.51
idqn,43,moto,12.32
idqn,43,moto,12.99
idqn,43,auto,12.94
idqn,43,auto,115.96
idqn,43,moto,4.74
idqn,43,moto,3.93
idqn,43,auto,27.5
idqn,43,moto,24.74
idqn,43,moto,11.29
idqn,43,moto,10.33
idqn,43,moto,4.55
idqn,43,moto,5.46
idqn,43,moto,4.47
idqn,43,auto,22.25
idqn,43,moto,5.33
idqn,43,auto,16.58
idqn,43,car,3.47
idqn,43,moto,11.18
idqn,43,car,15.45
idqn,43,car,16.98
idqn,43,car,14.45
idqn,43,moto,12.16
idqn,43,car,9.0
idqn,43,car,17.85
idqn,43,moto,6.58
idqn,43,moto,34.67
idqn,43,moto,4.05
idqn,43,moto,58.77
idqn,43,car,4.03
idqn,43,car,21.68
idqn,43,moto,4.02
idqn,43,moto,5.08
idqn,43,car,17.88
idqn,43,car,3.35
idqn,43,moto,4.29
idqn,43,auto,1.93
idqn,43,moto,20.78
idqn,43,moto,20.5
idqn,43,moto,16.29
idqn,43,moto,22.08
idqn,43,moto,3.78
idqn,43,moto,5.46
idqn,43,auto,2.66
idqn,43,moto,13.31
idqn,43,moto,4.14
idqn,43,moto,6.12
idqn,43,auto,3.09
idqn,43,car,14.67
idqn,43,car,16.08
idqn,43,auto,3.89
idqn,43,moto,8.65
idqn,43,moto,9.68
idqn,43,moto,3.98
idqn,43,auto,6.18
idqn,43,moto,5.73
idqn,43,moto,6.01
idqn,43,moto,53.66
idqn,43,moto,37.15
idqn,43,moto,58.11
idqn,43,moto,50.31
idqn,43,moto,69.31
idqn,43,auto,87.68
idqn,43,moto,21.98
idqn,43,car,22.12
idqn,43,auto,28.39
idqn,43,auto,9.53
idqn,43,moto,5.36
idqn,43,auto,2.79
idqn,43,auto,5.0
idqn,43,auto,6.93
idqn,43,auto,3.43
idqn,43,moto,4.93
idqn,43,moto,5.15
idqn,43,moto,11.08
idqn,43,moto,22.33
idqn,43,auto,16.9
idqn,43,auto,11.52
idqn,43,auto,13.51
idqn,43,moto,20.55
idqn,43,moto,14.24
idqn,43,moto,14.71
idqn,43,moto,20.88
idqn,43,moto,14.93
idqn,43,auto,23.61
idqn,43,moto,22.02
idqn,43,auto,10.02
idqn,43,moto,14.28
idqn,43,moto,13.3
idqn,43,moto,15.43
idqn,43,moto,25.08
idqn,43,auto,19.82
idqn,43,moto,12.84
idqn,43,car,3.59
idqn,43,moto,5.24
idqn,43,car,14.14
idqn,43,moto,14.02
idqn,43,auto,2.18
idqn,43,moto,4.24
idqn,43,car,82.66
idqn,43,auto,42.89
idqn,43,auto,20.24
idqn,43,moto,7.65
idqn,43,car,3.74
idqn,43,moto,18.98
idqn,43,moto,4.51
idqn,43,moto,34.08
idqn,43,moto,35.17
idqn,43,moto,36.16
idqn,43,moto,27.51
idqn,43,moto,27.62
idqn,43,auto,31.72
idqn,43,moto,4.64
idqn,43,auto,2.15
idqn,43,auto,24.57
idqn,43,auto,6.24
idqn,43,auto,2.52
idqn,43,moto,9.21
idqn,43,moto,13.2
idqn,43,moto,5.94
idqn,43,auto,2.52
idqn,43,moto,7.99
idqn,43,moto,7.85
idqn,43,moto,4.22
idqn,43,moto,5.08
idqn,43,moto,7.16
idqn,43,moto,51.09
idqn,43,moto,38.4
idqn,43,moto,52.21
idqn,43,auto,5.86
idqn,43,moto,7.43
idqn,43,auto,15.79
idqn,43,auto,27.01
idqn,43,moto,26.82
idqn,43,car,5.34
idqn,43,moto,19.25
idqn,43,moto,63.55
idqn,43,auto,28.05
idqn,43,auto,22.88
idqn,43,moto,7.25
idqn,43,moto,48.42
idqn,43,moto,10.4
idqn,43,moto,59.81
idqn,43,car,16.79
idqn,43,moto,4.79
idqn,43,auto,65.28
idqn,43,car,14.54
idqn,43,moto,9.03
idqn,43,moto,12.94
idqn,43,car,21.91
idqn,43,moto,11.8
idqn,43,moto,6.22
idqn,43,auto,2.15
idqn,43,moto,23.84
idqn,43,moto,21.72
idqn,43,moto,25.21
idqn,43,moto,20.11
idqn,43,moto,9.99
idqn,43,auto,20.42
idqn,43,car,16.27
idqn,43,auto,6.17
idqn,43,moto,15.92
idqn,43,moto,15.82
idqn,43,moto,17.19
idqn,43,moto,22.82
idqn,43,car,29.98
idqn,43,moto,23.51
idqn,43,moto,21.78
idqn,43,moto,24.87
idqn,43,moto,19.08
idqn,43,moto,17.62
idqn,43,moto,21.43
idqn,43,moto,7.32
idqn,43,moto,13.01
idqn,43,car,20.52
idqn,43,moto,24.49
idqn,43,moto,13.33
idqn,43,car,25.75
idqn,43,moto,23.39
idqn,43,moto,15.05
idqn,43,moto,13.09
idqn,43,car,21.8
idqn,43,car,22.97
idqn,43,auto,3.25
idqn,43,moto,17.7
idqn,43,moto,16.76
idqn,43,auto,18.1
idqn,43,moto,7.13
idqn,43,moto,6.2
idqn,43,auto,4.05
idqn,43,moto,6.29
idqn,43,moto,10.81
idqn,43,moto,6.2
idqn,43,moto,24.99
idqn,43,car,19.37
idqn,43,moto,6.68
idqn,43,auto,8.25
idqn,43,auto,4.6
idqn,43,auto,2.83
idqn,43,moto,4.81
idqn,43,auto,0.99
idqn,43,auto,2.21
idqn,43,car,3.55
idqn,43,car,1.97
idqn,43,auto,2.38
idqn,43,moto,4.21
idqn,43,moto,17.2
idqn,43,moto,15.46
idqn,43,moto,32.9
idqn,43,auto,2.16
idqn,43,car,2.64
idqn,43,moto,6.87
idqn,43,moto,3.61
idqn,43,car,28.86
idqn,43,car,8.68
idqn,43,moto,4.29
idqn,43,auto,2.29
idqn,43,moto,4.4
idqn,43,moto,71.52
idqn,43,moto,55.14
idqn,43,auto,59.73
idqn,43,moto,35.21
idqn,43,car,3.32
idqn,43,moto,35.51
idqn,43,auto,33.03
idqn,43,moto,22.77
idqn,43,moto,20.78
idqn,43,moto,22.11
idqn,43,moto,16.31
idqn,43,moto,19.76
idqn,43,moto,11.96
idqn,43,moto,8.06
idqn,43,moto,18.4
idqn,43,auto,7.82
idqn,43,moto,4.79
idqn,43,moto,20.64
idqn,43,moto,7.41
idqn,43,car,15.35
idqn,43,moto,5.77
idqn,43,moto,5.66
idqn,43,moto,35.24
idqn,43,moto,27.04
idqn,43,moto,9.79
idqn,43,car,36.09
idqn,43,moto,42.63
idqn,43,moto,4.66
idqn,43,moto,5.37
idqn,43,moto,24.97
idqn,43,moto,4.47
idqn,43,moto,30.39
idqn,43,moto,10.97
idqn,43,moto,24.06
idqn,43,auto,2.14
idqn,43,car,8.19
idqn,43,moto,34.54
idqn,43,auto,2.2
idqn,43,moto,2.2
idqn,43,moto,7.49
idqn,43,auto,23.35
idqn,43,moto,20.15
idqn,43,car,22.88
idqn,43,auto,21.81
idqn,43,moto,3.95
idqn,43,moto,19.48
idqn,43,moto,16.57
idqn,43,auto,14.45
idqn,43,moto,5.29
idqn,43,car,15.45
idqn,43,moto,12.53
idqn,43,auto,3.89
idqn,43,moto,22.22
idqn,43,car,19.7
idqn,43,auto,8.43
idqn,43,auto,19.04
idqn,43,moto,16.87
idqn,43,moto,14.89
idqn,43,car,14.36
idqn,43,moto,4.64
idqn,43,auto,2.19
idqn,43,moto,6.07
idqn,43,auto,3.88
idqn,43,moto,5.47
idqn,43,moto,5.4
idqn,43,moto,5.57
idqn,43,moto,5.27
idqn,43,moto,3.98
idqn,43,moto,4.7
idqn,43,auto,2.39
idqn,43,auto,2.92
idqn,43,moto,11.16
idqn,43,auto,2.2
idqn,43,auto,1.83
idqn,43,moto,4.64
idqn,43,car,2.64
idqn,43,moto,4.95
idqn,43,moto,3.5
idqn,43,car,3.2
idqn,43,moto,3.98
idqn,43,car,2.53
idqn,43,car,4.46
idqn,43,moto,24.96
idqn,43,moto,57.92
idqn,43,auto,54.43
idqn,43,moto,4.91
idqn,43,moto,50.56
idqn,43,moto,5.05
idqn,43,moto,27.73
idqn,43,car,3.65
idqn,43,auto,16.05
idqn,43,moto,48.63
idqn,43,moto,30.83
idqn,43,car,73.71
idqn,43,auto,2.53
idqn,43,moto,3.39
idqn,43,moto,55.47
idqn,43,auto,11.86
idqn,43,moto,6.46
idqn,43,moto,82.49
idqn,43,moto,74.25
idqn,43,moto,4.95
idqn,43,auto,64.08
idqn,43,moto,15.56
idqn,43,auto,6.97
idqn,43,auto,12.05
idqn,43,auto,60.89
idqn,43,moto,25.2
idqn,43,moto,4.5
idqn,43,car,24.15
idqn,43,moto,22.41
idqn,43,moto,15.87
idqn,43,auto,14.68
idqn,43,moto,22.55
idqn,43,moto,22.24
idqn,43,moto,11.9
idqn,43,car,22.54
idqn,43,auto,20.07
idqn,43,auto,9.05
idqn,43,auto,21.38
idqn,43,auto,19.34
idqn,43,auto,24.52
idqn,43,auto,18.27
idqn,43,moto,20.08
idqn,43,moto,23.28
idqn,43,car,7.67
idqn,43,moto,9.01
idqn,43,car,7.79
idqn,43,car,5.91
idqn,43,moto,10.8
idqn,43,moto,16.51
idqn,43,moto,5.26
idqn,43,moto,4.98
idqn,43,auto,45.26
idqn,43,moto,28.93
idqn,43,auto,14.04
idqn,43,auto,1.92
idqn,43,moto,6.31
idqn,43,car,5.74
idqn,43,moto,22.94
idqn,43,moto,16.95
idqn,43,moto,45.58
idqn,43,moto,34.4
idqn,43,auto,7.36
idqn,43,car,4.43
idqn,43,moto,17.3
idqn,43,car,5.16
idqn,43,moto,31.64
idqn,43,moto,19.95
idqn,43,moto,21.18
idqn,43,moto,5.81
idqn,43,moto,32.17
idqn,43,moto,12.59
idqn,43,moto,5.69
idqn,43,moto,23.64
idqn,43,moto,41.59
idqn,43,moto,22.74
idqn,43,car,19.01
idqn,43,moto,16.47
idqn,43,car,2.26
idqn,43,moto,4.19
idqn,43,auto,3.54
idqn,43,auto,4.25
idqn,43,moto,20.66
idqn,43,auto,16.47
idqn,43,moto,10.39
idqn,43,moto,20.81
idqn,43,car,5.8
idqn,43,moto,6.06
idqn,43,moto,23.89
idqn,43,moto,15.94
idqn,43,auto,20.29
idqn,43,auto,20.63
idqn,43,auto,19.57
idqn,43,car,4.26
idqn,43,auto,6.2
idqn,43,moto,7.73
idqn,43,moto,3.74
idqn,43,auto,2.47
idqn,43,car,2.03
idqn,43,moto,9.38
idqn,43,car,19.8
idqn,43,car,2.55
idqn,43,auto,14.76
idqn,43,moto,4.89
idqn,43,moto,14.93
idqn,43,auto,8.52
idqn,43,moto,25.15
idqn,43,moto,6.32
idqn,43,moto,8.16
idqn,43,moto,18.37
idqn,43,moto,14.69
idqn,43,auto,42.22
idqn,43,moto,37.03
idqn,43,moto,9.38
idqn,43,moto,7.06
idqn,43,moto,8.71
idqn,43,moto,3.85
idqn,43,car,12.97
idqn,43,moto,5.68
idqn,43,moto,4.5
idqn,43,moto,6.67
idqn,43,moto,2.58
idqn,43,auto,2.45
idqn,43,moto,4.51
idqn,43,moto,4.45
idqn,43,moto,7.58
idqn,43,auto,65.43
idqn,43,auto,51.34
idqn,43,moto,33.48
idqn,43,auto,23.74
idqn,43,moto,55.16
idqn,43,auto,59.85
idqn,43,auto,52.52
idqn,43,moto,27.49
idqn,43,car,4.39
idqn,43,car,4.08
idqn,43,moto,15.77
idqn,43,auto,19.81
idqn,43,moto,20.39
idqn,43,moto,14.4
idqn,43,moto,10.65
idqn,43,moto,24.53
idqn,43,auto,22.49
idqn,43,moto,21.75
idqn,43,auto,15.78
idqn,43,auto,9.53
idqn,43,moto,5.59
idqn,43,auto,15.9
idqn,43,moto,13.4
idqn,43,auto,2.17
idqn,43,moto,24.08
idqn,43,moto,4.67
idqn,43,car,3.56
idqn,43,moto,6.13
idqn,43,moto,5.16
idqn,43,auto,2.72
idqn,43,moto,21.96
idqn,43,moto,25.31
idqn,43,car,9.42
idqn,43,moto,16.01
idqn,43,moto,11.08
idqn,43,car,18.5
idqn,43,moto,13.83
idqn,43,auto,3.23
idqn,43,moto,24.37
idqn,43,auto,7.32
idqn,43,auto,4.82
idqn,43,car,27.08
idqn,43,moto,24.3
idqn,43,car,8.52
idqn,43,moto,18.37
idqn,43,moto,6.49
idqn,43,moto,4.72
idqn,43,auto,19.06
idqn,43,auto,12.97
idqn,43,moto,14.5
idqn,43,car,27.14
idqn,43,auto,13.79
idqn,43,moto,11.16
idqn,43,moto,5.9
idqn,43,moto,7.18
idqn,43,moto,7.39
idqn,43,moto,8.55
idqn,43,moto,7.89
idqn,43,moto,46.4
idqn,43,moto,7.62
idqn,43,moto,4.74
idqn,43,moto,31.4
idqn,43,moto,13.92
idqn,43,moto,26.57
idqn,43,auto,2.44
idqn,43,auto,42.2
idqn,43,auto,22.74
idqn,43,moto,6.17
idqn,43,moto,3.98
idqn,43,auto,2.25
idqn,43,moto,5.06
idqn,43,moto,5.29
idqn,43,moto,2.77
idqn,43,auto,2.41
idqn,43,auto,2.46
idqn,43,moto,21.18
idqn,43,moto,69.61
idqn,43,moto,16.24
idqn,43,auto,2.66
idqn,43,auto,86.79
idqn,43,moto,78.15
idqn,43,auto,8.86
idqn,43,moto,33.86
idqn,43,moto,4.31
idqn,43,moto,70.38
idqn,43,car,35.73
idqn,43,moto,4.85
idqn,43,auto,5.45
idqn,43,auto,32.93
idqn,43,moto,4.14
idqn,43,car,5.73
idqn,43,moto,19.96
idqn,43,moto,17.83
idqn,43,moto,15.59
idqn,43,car,18.84
idqn,43,moto,11.76
idqn,43,moto,7.74
idqn,43,car,6.87
idqn,43,moto,22.79
idqn,43,moto,4.66
idqn,43,moto,18.98
idqn,43,auto,13.57
idqn,43,auto,8.29
idqn,43,moto,16.63
idqn,43,moto,12.62
idqn,43,car,14.14
idqn,43,moto,5.92
idqn,43,moto,7.97
idqn,43,moto,4.56
idqn,43,car,2.28
idqn,43,moto,6.12
idqn,43,moto,3.56
idqn,43,moto,6.74
idqn,43,moto,21.03
idqn,43,moto,7.28
idqn,43,auto,21.22
idqn,43,moto,7.79
idqn,43,moto,5.77
idqn,43,moto,17.43
idqn,43,moto,14.31
idqn,43,moto,6.64
idqn,43,car,2.9
idqn,43,auto,6.49
idqn,43,moto,8.16
idqn,43,moto,5.67
idqn,43,moto,5.2
idqn,43,moto,5.44
idqn,43,car,67.22
idqn,43,moto,71.02
idqn,43,auto,19.41
idqn,43,moto,3.49
idqn,43,auto,2.26
idqn,43,moto,4.1
idqn,43,car,2.77
idqn,43,moto,3.79
idqn,43,moto,4.57
idqn,43,moto,4.96
idqn,43,moto,4.19
idqn,43,moto,10.11
idqn,43,car,2.12
idqn,43,car,3.12
idqn,43,moto,16.68
idqn,43,moto,20.04
idqn,43,moto,4.47
idqn,43,car,15.12
idqn,43,auto,2.64
idqn,43,car,5.29
idqn,43,moto,51.91
idqn,43,moto,13.46
idqn,43,moto,55.0
idqn,43,auto,34.81
idqn,43,moto,5.08
idqn,43,car,10.53
idqn,43,moto,23.01
idqn,43,auto,2.99
idqn,43,moto,92.86
idqn,43,moto,74.11
idqn,43,moto,17.64
idqn,43,moto,78.34
idqn,43,moto,53.58
idqn,43,auto,20.18
idqn,43,auto,8.98
idqn,43,moto,14.36
idqn,43,auto,18.99
idqn,43,car,9.42
idqn,43,car,44.96
idqn,43,auto,6.47
idqn,43,car,8.33
idqn,43,moto,37.48
idqn,43,auto,2.92
idqn,43,moto,14.25
idqn,43,car,8.09
idqn,43,auto,16.08
idqn,43,moto,10.12
idqn,43,car,4.29
idqn,43,moto,19.95
idqn,43,moto,13.89
idqn,43,auto,21.58
idqn,43,moto,15.39
idqn,43,moto,13.47
idqn,43,auto,17.85
idqn,43,moto,4.1
idqn,43,moto,12.74
idqn,43,moto,5.2
idqn,43,moto,11.88
idqn,43,moto,5.29
idqn,43,moto,21.58
idqn,43,moto,12.77
idqn,43,moto,8.51
idqn,43,moto,21.81
idqn,43,moto,17.8
idqn,43,moto,5.89
idqn,43,moto,4.49
idqn,43,car,8.41
idqn,43,moto,5.66
idqn,43,moto,12.97
idqn,43,moto,20.73
idqn,43,moto,5.96
idqn,43,auto,1.92
idqn,43,moto,19.16
idqn,43,moto,20.61
idqn,43,auto,3.36
idqn,43,moto,4.97
idqn,43,car,6.08
idqn,43,car,6.08
idqn,43,car,5.47
idqn,43,moto,21.08
idqn,43,moto,19.87
idqn,43,car,4.71
idqn,43,car,4.97
idqn,43,moto,14.81
idqn,43,moto,52.74
idqn,43,moto,17.09
idqn,43,car,10.09
idqn,43,moto,20.68
idqn,43,moto,18.21
idqn,43,auto,14.6
idqn,43,auto,9.8
idqn,43,moto,22.32
idqn,43,moto,23.07
idqn,43,moto,44.64
idqn,43,moto,16.79
idqn,43,moto,3.16
idqn,43,auto,7.09
idqn,43,moto,6.13
idqn,43,moto,4.84
idqn,43,moto,10.46
idqn,43,car,11.78
idqn,43,auto,2.46
idqn,43,moto,6.47
idqn,43,moto,36.86
idqn,43,auto,2.38
idqn,43,auto,51.45
idqn,43,moto,47.56
idqn,43,auto,32.41
idqn,43,auto,34.54
idqn,43,auto,8.33
idqn,43,moto,24.71
idqn,43,moto,21.53
idqn,43,auto,17.33
idqn,43,moto,13.42
idqn,43,moto,15.8
idqn,43,moto,22.8
idqn,43,moto,22.66
idqn,43,moto,20.02
idqn,43,moto,16.9
idqn,43,car,20.34
idqn,43,moto,22.98
idqn,43,moto,14.3
idqn,43,moto,4.39
idqn,43,moto,2.22
idqn,43,auto,18.84
idqn,43,auto,16.05
idqn,43,auto,12.72
idqn,43,auto,21.54
idqn,43,moto,16.63
idqn,43,auto,13.47
idqn,43,moto,4.58
idqn,43,car,13.08
idqn,43,car,2.28
idqn,43,moto,18.4
idqn,43,moto,58.94
idqn,43,auto,49.99
idqn,43,car,5.23
idqn,43,moto,74.51
idqn,43,car,4.56
idqn,43,moto,19.63
idqn,43,auto,20.86
idqn,43,auto,24.79
idqn,43,auto,22.93
idqn,43,moto,12.22
idqn,43,auto,22.25
idqn,43,moto,19.55
idqn,43,auto,15.89
idqn,43,moto,8.17
idqn,43,moto,13.03
idqn,43,moto,13.28
idqn,43,moto,6.02
idqn,43,moto,6.79
idqn,43,auto,15.05
idqn,43,car,5.11
idqn,43,moto,5.05
idqn,43,moto,4.26
idqn,43,moto,10.79
idqn,43,moto,7.86
idqn,43,moto,7.22
idqn,43,auto,4.44
idqn,43,moto,7.6
idqn,43,car,3.57
idqn,43,auto,1.91
idqn,43,auto,2.94
idqn,43,moto,9.98
idqn,43,moto,20.27
idqn,43,moto,6.84
idqn,43,car,3.5
idqn,43,moto,5.72
idqn,43,moto,3.58
idqn,43,moto,18.66
idqn,43,moto,3.63
idqn,43,auto,3.29
idqn,43,moto,3.92
idqn,43,car,22.5
idqn,43,moto,19.99
idqn,43,moto,17.44
idqn,43,moto,13.43
idqn,43,moto,4.81
idqn,43,moto,8.93
idqn,43,moto,12.84
idqn,43,moto,5.44
idqn,43,moto,12.34
idqn,43,moto,20.94
idqn,43,auto,18.65
idqn,43,moto,6.95
idqn,43,moto,22.38
idqn,43,auto,2.2
idqn,43,auto,20.08
idqn,43,moto,5.23
idqn,43,moto,10.71
idqn,43,moto,63.97
idqn,43,auto,2.27
idqn,43,moto,62.44
idqn,43,auto,2.55
idqn,43,car,21.04
idqn,43,auto,15.39
idqn,43,auto,13.12
idqn,43,moto,5.39
idqn,43,moto,4.58
idqn,43,moto,18.39
idqn,43,moto,40.9
idqn,43,moto,18.78
idqn,43,moto,29.97
idqn,43,moto,26.42
idqn,43,moto,67.16
idqn,43,moto,13.66
idqn,43,moto,10.41
idqn,43,auto,7.09
idqn,43,auto,4.93
idqn,43,auto,7.81
idqn,43,moto,37.0
idqn,43,moto,51.81
idqn,43,auto,30.28
idqn,43,moto,4.73
idqn,43,car,8.85
idqn,43,auto,49.09
idqn,43,car,2.99
idqn,43,moto,7.22
idqn,43,moto,4.39
idqn,43,auto,5.05
idqn,43,moto,2.95
idqn,43,car,4.15
idqn,43,car,16.34
idqn,43,moto,16.19
idqn,43,auto,10.04
idqn,43,auto,13.39
idqn,43,moto,13.99
idqn,43,moto,11.11
idqn,43,car,21.42
idqn,43,moto,19.45
idqn,43,moto,20.64
idqn,43,moto,5.09
idqn,43,moto,25.76
idqn,43,moto,15.14
idqn,43,auto,28.98
idqn,43,car,12.02
idqn,43,car,15.29
idqn,43,moto,15.08
idqn,43,moto,38.76
idqn,43,moto,9.43
idqn,43,moto,20.56
idqn,43,auto,14.31
idqn,43,moto,16.65
idqn,43,moto,5.67
idqn,43,moto,8.07
idqn,43,auto,3.47
idqn,43,moto,7.63
idqn,43,moto,24.86
idqn,43,car,5.79
idqn,43,auto,14.4
idqn,43,car,8.53
idqn,43,auto,10.41
idqn,43,car,5.65
idqn,43,moto,5.7
idqn,43,auto,2.33
idqn,43,moto,3.29
idqn,43,moto,9.42
idqn,43,moto,5.5
idqn,43,auto,3.56
idqn,43,moto,53.13
idqn,43,moto,28.73
idqn,43,car,19.92
idqn,43,moto,9.76
idqn,43,moto,19.6
idqn,43,moto,3.7
idqn,43,moto,19.73
idqn,43,moto,21.65
idqn,43,car,17.12
idqn,43,auto,20.41
idqn,43,moto,11.49
idqn,43,moto,24.49
idqn,43,auto,21.65
idqn,43,auto,9.98
idqn,43,moto,8.53
idqn,43,auto,21.28
idqn,43,auto,22.43
idqn,43,auto,14.68
idqn,43,auto,21.7
idqn,43,auto,9.43
idqn,43,car,26.07
idqn,43,auto,17.58
idqn,43,auto,4.14
idqn,43,moto,2.96
idqn,43,moto,2.57
idqn,43,car,3.74
idqn,43,moto,5.77
idqn,43,moto,27.96
idqn,43,moto,42.08
idqn,43,auto,2.74
idqn,43,auto,54.1
idqn,43,moto,10.09
idqn,43,auto,15.78
idqn,43,car,4.09
idqn,43,auto,21.42
idqn,43,moto,18.71
idqn,43,moto,16.91
idqn,43,moto,25.84
idqn,43,moto,18.5
idqn,43,auto,24.29
idqn,43,car,8.78
idqn,43,auto,6.84
idqn,43,moto,14.65
idqn,43,moto,7.33
idqn,43,moto,12.96
idqn,43,moto,7.7
idqn,43,moto,34.53
idqn,43,moto,46.01
idqn,43,moto,41.88
idqn,43,moto,26.44
idqn,43,auto,44.74
idqn,43,moto,4.78
idqn,43,car,9.85
idqn,43,car,3.09
idqn,43,car,16.39
idqn,43,moto,6.38
idqn,43,moto,24.68
idqn,43,moto,36.63
idqn,43,moto,27.2
idqn,43,moto,10.99
idqn,43,moto,7.78
idqn,43,auto,35.73
idqn,43,car,4.5
idqn,43,moto,40.71
idqn,43,auto,3.54
idqn,43,auto,3.65
idqn,43,moto,15.28
idqn,43,auto,15.56
idqn,43,moto,4.17
idqn,43,moto,5.24
idqn,43,moto,4.13
idqn,43,moto,23.48
idqn,43,moto,20.1
idqn,43,car,21.03
idqn,43,moto,20.25
idqn,43,auto,29.72
idqn,43,moto,23.52
idqn,43,moto,25.29
idqn,43,moto,24.36
idqn,43,auto,16.16
idqn,43,moto,22.43
idqn,43,moto,6.8
idqn,43,auto,22.49
idqn,43,car,15.94
idqn,43,car,35.41
idqn,43,moto,23.03
idqn,43,moto,34.87
idqn,43,auto,51.88
idqn,43,moto,21.59
idqn,43,moto,28.79
idqn,43,moto,14.75
idqn,43,car,29.99
idqn,43,moto,18.42
idqn,43,moto,25.65
idqn,43,car,13.82
idqn,43,moto,11.98
idqn,43,moto,23.7
idqn,43,auto,15.85
idqn,43,auto,17.94
idqn,43,auto,28.76
idqn,43,moto,33.1
idqn,43,moto,22.23
idqn,43,moto,6.95
idqn,43,moto,13.95
idqn,43,auto,33.36
idqn,43,auto,16.57
idqn,43,moto,14.48
idqn,43,auto,21.19
idqn,43,moto,7.24
idqn,43,car,8.17
idqn,43,auto,3.25
idqn,43,car,13.67
idqn,43,moto,5.8
idqn,43,moto,10.77
idqn,43,auto,14.47
idqn,43,moto,18.43
idqn,43,auto,74.67
idqn,43,auto,55.37
idqn,43,moto,42.09
idqn,43,moto,11.09
idqn,43,car,3.12
idqn,43,moto,20.77
idqn,43,moto,22.9
idqn,43,moto,17.22
idqn,43,moto,20.55
idqn,43,car,22.82
idqn,43,moto,20.34
idqn,43,moto,20.08
idqn,43,moto,16.44
idqn,43,auto,21.38
idqn,43,moto,10.4
idqn,43,auto,21.87
idqn,43,moto,23.06
idqn,43,car,9.54
idqn,43,moto,9.12
idqn,43,moto,7.22
idqn,43,auto,20.72
idqn,43,moto,7.04
idqn,43,moto,5.14
idqn,43,auto,20.4
idqn,43,moto,6.75
idqn,43,auto,3.22
idqn,43,auto,3.89
idqn,43,moto,4.28
idqn,43,car,5.62
idqn,43,moto,18.43
idqn,43,auto,3.0
idqn,43,auto,18.97
idqn,43,moto,6.85
idqn,43,car,6.32
idqn,43,moto,7.08
idqn,43,moto,19.29
idqn,43,moto,7.35
idqn,43,moto,36.07
idqn,43,auto,6.25
idqn,43,moto,45.88
idqn,43,moto,4.79
idqn,43,moto,25.28
idqn,43,moto,12.0
idqn,43,moto,8.03
idqn,43,car,15.32
idqn,43,moto,5.14
idqn,43,moto,3.57
idqn,43,car,4.95
idqn,43,moto,6.72
idqn,43,auto,2.12
idqn,43,moto,6.25
idqn,43,moto,5.8
idqn,43,car,5.08
idqn,43,moto,75.73
idqn,43,moto,72.19
idqn,43,moto,12.64
idqn,43,auto,30.26
idqn,43,auto,14.29
idqn,43,moto,5.11
idqn,43,moto,70.5
idqn,43,moto,22.78
idqn,43,auto,21.77
idqn,43,auto,5.33
idqn,43,auto,90.13
idqn,43,moto,13.11
idqn,43,moto,43.32
idqn,43,auto,42.97
idqn,43,auto,23.91
idqn,43,moto,4.4
idqn,43,moto,8.18
idqn,43,auto,4.45
idqn,43,car,3.63
idqn,43,auto,20.47
idqn,43,moto,20.33
idqn,43,moto,14.01
idqn,43,moto,6.32
idqn,43,car,23.6
idqn,43,car,11.88
idqn,43,moto,14.66
idqn,43,moto,4.98
idqn,43,moto,24.28
idqn,43,auto,20.17
idqn,43,auto,26.71
idqn,43,moto,24.89
idqn,43,car,21.95
idqn,43,auto,4.47
idqn,43,auto,4.22
idqn,43,moto,6.63
idqn,43,auto,3.32
idqn,43,moto,8.44
idqn,43,moto,28.09
idqn,43,moto,23.47
idqn,43,moto,7.77
idqn,43,moto,5.98
idqn,43,moto,24.34
idqn,43,car,2.02
idqn,43,car,19.74
idqn,43,moto,6.05
idqn,43,moto,2.31
idqn,43,auto,3.14
idqn,43,auto,2.25
idqn,43,car,5.05
idqn,43,auto,2.3
idqn,43,car,3.1
idqn,43,auto,4.84
idqn,43,moto,26.66
idqn,43,moto,18.89
idqn,43,moto,17.17
idqn,43,moto,18.87
idqn,43,moto,43.42
idqn,43,moto,22.72
idqn,43,auto,37.37
idqn,43,moto,23.92
idqn,43,moto,17.13
idqn,43,auto,28.71
idqn,43,moto,16.27
idqn,43,moto,21.84
idqn,43,auto,13.37
idqn,43,car,15.78
idqn,43,car,2.87
idqn,43,moto,13.46
idqn,43,car,4.57
idqn,43,auto,4.11
idqn,43,moto,20.56
idqn,43,moto,6.2
idqn,43,car,21.58
idqn,43,car,10.19
idqn,43,moto,15.17
idqn,43,auto,24.67
idqn,43,moto,24.08
idqn,43,moto,24.01
idqn,43,auto,8.61
idqn,43,moto,12.47
idqn,43,auto,8.58
idqn,43,car,24.64
idqn,43,car,19.68
idqn,43,car,11.23
idqn,43,moto,16.99
idqn,43,car,22.52
idqn,43,auto,16.17
idqn,43,moto,21.63
idqn,43,car,10.26
idqn,43,auto,15.72
idqn,43,auto,16.75
idqn,43,moto,18.62
idqn,43,moto,7.06
idqn,43,moto,19.26
idqn,43,car,8.58
idqn,43,moto,15.61
idqn,43,moto,20.36
idqn,43,moto,9.14
idqn,43,moto,11.81
idqn,43,moto,11.91
idqn,43,moto,42.52
idqn,43,moto,21.01
idqn,43,moto,6.23
idqn,43,moto,37.33
idqn,43,car,21.71
idqn,43,car,19.02
idqn,43,moto,22.63
idqn,43,car,23.42
idqn,43,auto,22.87
idqn,43,auto,20.67
idqn,43,auto,12.79
idqn,43,auto,24.08
idqn,43,moto,18.35
idqn,43,auto,17.61
idqn,43,moto,12.1
idqn,43,car,2.61
idqn,43,moto,4.73
idqn,43,moto,25.24
idqn,43,moto,9.81
idqn,43,auto,9.99
idqn,43,auto,7.79
idqn,43,auto,8.76
idqn,43,car,5.43
idqn,43,moto,37.09
idqn,43,car,3.79
idqn,43,moto,46.31
idqn,43,auto,59.32
idqn,43,car,4.33
idqn,43,auto,76.07
idqn,43,moto,11.11
idqn,43,auto,31.7
idqn,43,moto,6.09
idqn,43,moto,7.09
idqn,43,auto,19.83
idqn,43,auto,15.61
idqn,43,moto,13.42
idqn,43,moto,3.6
idqn,43,moto,7.38
idqn,43,moto,8.85
idqn,43,moto,6.16
idqn,43,moto,5.04
idqn,43,car,12.96
idqn,43,moto,5.46
idqn,43,moto,4.17
idqn,43,moto,4.32
idqn,43,auto,2.25
idqn,43,auto,2.59
idqn,43,auto,3.22
idqn,43,moto,5.47
idqn,43,moto,4.07
idqn,43,moto,4.79
idqn,43,moto,71.41
idqn,43,car,4.04
idqn,43,car,38.59
idqn,43,moto,12.09
idqn,43,auto,56.44
idqn,43,moto,52.7
idqn,43,auto,3.94
idqn,43,moto,27.82
idqn,43,moto,3.62
idqn,43,moto,4.26
idqn,43,moto,5.23
idqn,43,auto,20.73
idqn,43,moto,4.85
idqn,43,car,4.59
idqn,43,moto,6.05
idqn,43,auto,4.1
idqn,43,moto,3.59
idqn,43,moto,20.81
idqn,43,car,25.03
idqn,43,auto,19.98
idqn,43,moto,19.38
idqn,43,moto,38.78
idqn,43,auto,20.05
idqn,43,moto,41.95
idqn,43,moto,19.38
idqn,43,auto,36.25
idqn,43,moto,12.09
idqn,43,moto,10.28
idqn,43,moto,36.04
idqn,43,auto,3.3
idqn,43,moto,24.0
idqn,43,moto,17.06
idqn,43,car,22.04
idqn,43,moto,14.04
idqn,43,moto,33.61
idqn,43,car,36.5
idqn,43,moto,33.07
idqn,43,moto,6.24
idqn,43,car,4.54
idqn,43,moto,6.6
idqn,43,auto,4.36
idqn,43,moto,4.77
idqn,43,moto,22.66
idqn,43,moto,5.99
idqn,43,auto,2.97
idqn,43,moto,5.44
idqn,43,moto,3.94
idqn,43,moto,5.13
idqn,43,moto,5.13
idqn,43,moto,20.88
idqn,43,auto,2.46
idqn,43,moto,4.37
idqn,43,moto,44.84
idqn,43,moto,5.19
idqn,43,moto,85.95
idqn,43,moto,64.27
idqn,43,auto,1.97
idqn,43,moto,4.35
idqn,43,moto,82.41
idqn,43,moto,28.72
idqn,43,auto,5.02
idqn,43,car,4.83
idqn,43,moto,5.2
idqn,43,auto,2.17
idqn,43,auto,2.03
idqn,43,auto,2.7
idqn,43,auto,13.5
idqn,43,auto,23.36
idqn,43,car,1.94
idqn,43,moto,19.53
idqn,43,car,15.15
idqn,43,auto,9.23
idqn,43,moto,8.48
idqn,43,moto,8.84
idqn,43,auto,2.85
idqn,43,car,21.43
idqn,43,moto,17.47
idqn,43,car,24.31
idqn,43,car,11.65
idqn,43,car,21.42
idqn,43,moto,9.85
idqn,43,auto,63.35
idqn,43,moto,27.75
idqn,43,auto,23.97
idqn,43,car,18.27
idqn,43,moto,17.9
idqn,43,car,17.84
idqn,44,car,2.13
idqn,44,auto,22.5
idqn,44,auto,14.51
idqn,44,moto,7.56
idqn,44,moto,30.6
idqn,44,moto,3.45
idqn,44,moto,5.41
idqn,44,moto,4.28
idqn,44,moto,3.35
idqn,44,moto,5.68
idqn,44,car,20.88
idqn,44,car,9.46
idqn,44,auto,21.21
idqn,44,moto,11.76
idqn,44,moto,12.76
idqn,44,moto,12.25
idqn,44,moto,4.98
idqn,44,auto,8.39
idqn,44,moto,4.71
idqn,44,moto,15.78
idqn,44,auto,4.73
idqn,44,moto,5.9
idqn,44,auto,3.61
idqn,44,moto,6.99
idqn,44,moto,4.11
idqn,44,moto,5.02
idqn,44,auto,2.14
idqn,44,moto,4.84
idqn,44,car,2.91
idqn,44,auto,2.67
idqn,44,moto,4.09
idqn,44,auto,1.87
idqn,44,auto,2.98
idqn,44,car,2.34
idqn,44,auto,22.73
idqn,44,car,15.3
idqn,44,auto,6.02
idqn,44,auto,3.97
idqn,44,moto,5.2
idqn,44,moto,4.6
idqn,44,car,51.96
idqn,44,moto,44.44
idqn,44,moto,19.34
idqn,44,moto,4.65
idqn,44,auto,65.48
idqn,44,auto,46.86
idqn,44,moto,39.53
idqn,44,moto,4.69
idqn,44,auto,2.68
idqn,44,auto,2.92
idqn,44,moto,5.61
idqn,44,moto,39.28
idqn,44,moto,3.73
idqn,44,moto,20.79
idqn,44,moto,3.41
idqn,44,car,4.61
idqn,44,moto,4.57
idqn,44,moto,3.72
idqn,44,auto,2.83
idqn,44,auto,4.6
idqn,44,moto,18.04
idqn,44,moto,16.19
idqn,44,moto,15.39
idqn,44,moto,66.88
idqn,44,moto,5.94
idqn,44,car,5.96
idqn,44,moto,20.68
idqn,44,moto,5.63
idqn,44,moto,18.38
idqn,44,moto,19.78
idqn,44,auto,20.14
idqn,44,car,12.69
idqn,44,auto,23.93
idqn,44,moto,30.47
idqn,44,car,23.78
idqn,44,auto,20.51
idqn,44,moto,10.88
idqn,44,moto,15.1
idqn,44,auto,19.15
idqn,44,auto,14.29
idqn,44,moto,4.5
idqn,44,moto,26.52
idqn,44,auto,33.14
idqn,44,moto,9.34
idqn,44,moto,30.08
idqn,44,moto,5.05
idqn,44,car,9.06
idqn,44,moto,6.7
idqn,44,moto,18.52
idqn,44,moto,7.68
idqn,44,moto,3.6
idqn,44,moto,4.44
idqn,44,moto,22.87
idqn,44,moto,13.49
idqn,44,auto,7.69
idqn,44,moto,8.89
idqn,44,auto,15.32
idqn,44,moto,20.75
idqn,44,car,16.1
idqn,44,moto,24.76
idqn,44,moto,22.24
idqn,44,auto,20.92
idqn,44,moto,9.78
idqn,44,moto,18.47
idqn,44,auto,20.17
idqn,44,auto,23.27
idqn,44,moto,7.36
idqn,44,car,3.97
idqn,44,auto,2.78
idqn,44,moto,27.69
idqn,44,moto,9.51
idqn,44,moto,6.04
idqn,44,car,2.54
idqn,44,car,3.4
idqn,44,auto,6.38
idqn,44,car,17.61
idqn,44,moto,5.91
idqn,44,moto,37.94
idqn,44,auto,2.9
idqn,44,car,13.13
idqn,44,moto,41.24
idqn,44,moto,4.99
idqn,44,moto,18.6
idqn,44,moto,17.84
idqn,44,moto,4.56
idqn,44,moto,3.99
idqn,44,auto,11.75
idqn,44,moto,5.38
idqn,44,moto,15.29
idqn,44,moto,3.97
idqn,44,moto,19.29
idqn,44,moto,20.47
idqn,44,auto,14.64
idqn,44,moto,21.51
idqn,44,moto,77.62
idqn,44,moto,17.71
idqn,44,car,20.33
idqn,44,auto,39.11
idqn,44,auto,59.09
idqn,44,moto,49.36
idqn,44,auto,17.14
idqn,44,auto,6.96
idqn,44,auto,2.26
idqn,44,car,3.95
idqn,44,auto,2.3
idqn,44,moto,28.29
idqn,44,car,18.18
idqn,44,moto,20.89
idqn,44,moto,21.1
idqn,44,moto,16.92
idqn,44,car,13.98
idqn,44,car,23.14
idqn,44,moto,15.22
idqn,44,moto,8.23
idqn,44,auto,21.54
idqn,44,moto,19.12
idqn,44,moto,17.04
idqn,44,moto,20.28
idqn,44,auto,15.62
idqn,44,moto,20.83
idqn,44,moto,16.05
idqn,44,moto,5.66
idqn,44,auto,5.36
idqn,44,moto,20.46
idqn,44,auto,24.89
idqn,44,car,4.59
idqn,44,moto,13.94
idqn,44,auto,2.01
idqn,44,moto,11.69
idqn,44,moto,3.44
idqn,44,moto,13.2
idqn,44,moto,11.48
idqn,44,moto,5.99
idqn,44,moto,7.03
idqn,44,auto,1.92
idqn,44,moto,15.28
idqn,44,auto,2.36
idqn,44,moto,4.09
idqn,44,car,20.5
idqn,44,car,4.96
idqn,44,car,4.56
idqn,44,moto,5.17
idqn,44,moto,6.25
idqn,44,auto,3.63
idqn,44,auto,14.72
idqn,44,moto,9.5
idqn,44,moto,20.12
idqn,44,moto,16.62
idqn,44,moto,5.28
idqn,44,moto,4.95
idqn,44,auto,3.36
idqn,44,auto,4.59
idqn,44,car,12.32
idqn,44,moto,42.58
idqn,44,moto,19.09
idqn,44,moto,5.38
idqn,44,moto,3.86
idqn,44,moto,4.34
idqn,44,auto,2.34
idqn,44,car,3.58
idqn,44,moto,18.33
idqn,44,auto,31.69
idqn,44,auto,107.59
idqn,44,moto,16.35
idqn,44,car,9.67
idqn,44,auto,33.26
idqn,44,moto,7.81
idqn,44,moto,4.8
idqn,44,auto,3.09
idqn,44,auto,3.18
idqn,44,auto,3.48
idqn,44,auto,2.14
idqn,44,moto,5.45
idqn,44,moto,2.62
idqn,44,moto,17.14
idqn,44,auto,18.59
idqn,44,auto,10.09
idqn,44,car,2.61
idqn,44,moto,19.39
idqn,44,moto,19.89
idqn,44,moto,9.76
idqn,44,auto,17.8
idqn,44,auto,4.59
idqn,44,moto,19.63
idqn,44,moto,14.53
idqn,44,moto,9.02
idqn,44,auto,3.17
idqn,44,auto,2.96
idqn,44,moto,23.17
idqn,44,auto,14.2
idqn,44,auto,2.81
idqn,44,auto,2.73
idqn,44,auto,16.96
idqn,44,car,3.75
idqn,44,moto,4.49
idqn,44,auto,6.68
idqn,44,car,74.72
idqn,44,moto,36.67
idqn,44,moto,90.95
idqn,44,car,7.43
idqn,44,moto,4.77
idqn,44,moto,3.87
idqn,44,car,19.99
idqn,44,moto,3.77
idqn,44,moto,24.26
idqn,44,auto,13.22
idqn,44,car,2.72
idqn,44,auto,4.11
idqn,44,moto,43.09
idqn,44,auto,35.7
idqn,44,moto,4.78
idqn,44,moto,21.03
idqn,44,auto,11.35
idqn,44,moto,12.5
idqn,44,auto,5.04
idqn,44,moto,14.36
idqn,44,moto,27.46
idqn,44,auto,14.87
idqn,44,car,15.56
idqn,44,moto,13.84
idqn,44,moto,13.94
idqn,44,auto,11.81
idqn,44,auto,18.07
idqn,44,moto,35.38
idqn,44,moto,24.22
idqn,44,moto,16.08
idqn,44,moto,17.07
idqn,44,moto,9.21
idqn,44,auto,46.64
idqn,44,car,19.66
idqn,44,moto,5.28
idqn,44,moto,7.8
idqn,44,moto,13.46
idqn,44,moto,7.94
idqn,44,moto,20.2
idqn,44,moto,7.82
idqn,44,auto,5.55
idqn,44,moto,15.04
idqn,44,moto,5.83
idqn,44,moto,6.12
idqn,44,moto,16.93
idqn,44,auto,25.04
idqn,44,car,15.39
idqn,44,moto,14.15
idqn,44,auto,4.95
idqn,44,moto,21.3
idqn,44,car,22.66
idqn,44,car,23.47
idqn,44,moto,20.62
idqn,44,car,23.77
idqn,44,moto,16.97
idqn,44,car,17.92
idqn,44,auto,11.28
idqn,44,auto,23.68
idqn,44,moto,13.26
idqn,44,moto,6.58
idqn,44,auto,3.04
idqn,44,moto,16.27
idqn,44,moto,6.08
idqn,44,moto,7.11
idqn,44,car,27.86
idqn,44,auto,22.6
idqn,44,moto,19.21
idqn,44,auto,39.63
idqn,44,moto,11.7
idqn,44,auto,33.91
idqn,44,moto,15.99
idqn,44,car,17.34
idqn,44,auto,21.67
idqn,44,auto,6.27
idqn,44,moto,4.44
idqn,44,auto,2.32
idqn,44,car,2.11
idqn,44,moto,28.8
idqn,44,car,40.22
idqn,44,car,2.41
idqn,44,moto,18.31
idqn,44,moto,9.82
idqn,44,auto,37.96
idqn,44,moto,4.21
idqn,44,moto,17.37
idqn,44,auto,23.25
idqn,44,moto,25.36
idqn,44,moto,4.87
idqn,44,auto,22.58
idqn,44,auto,14.89
idqn,44,moto,5.13
idqn,44,car,4.73
idqn,44,car,4.94
idqn,44,auto,13.93
idqn,44,auto,15.76
idqn,44,car,36.21
idqn,44,moto,29.46
idqn,44,moto,20.27
idqn,44,car,24.46
idqn,44,moto,22.99
idqn,44,auto,4.84
idqn,44,moto,4.19
idqn,44,car,19.09
idqn,44,moto,21.13
idqn,44,moto,5.42
idqn,44,car,11.67
idqn,44,moto,7.07
idqn,44,moto,8.85
idqn,44,auto,18.17
idqn,44,auto,36.7
idqn,44,moto,25.26
idqn,44,moto,8.5
idqn,44,auto,7.96
idqn,44,moto,6.01
idqn,44,auto,33.26
idqn,44,moto,14.74
idqn,44,auto,2.81
idqn,44,moto,7.2
idqn,44,car,19.69
idqn,44,moto,5.43
idqn,44,auto,1.36
idqn,44,moto,29.76
idqn,44,auto,15.19
idqn,44,car,5.94
idqn,44,moto,10.8
idqn,44,car,6.36
idqn,44,moto,15.79
idqn,44,moto,12.29
idqn,44,moto,9.21
idqn,44,auto,1.2
idqn,44,moto,4.83
idqn,44,moto,27.03
idqn,44,moto,21.39
idqn,44,car,13.1
idqn,44,moto,4.77
idqn,44,auto,36.06
idqn,44,auto,35.16
idqn,44,auto,22.51
idqn,44,moto,23.69
idqn,44,car,8.06
idqn,44,moto,36.76
idqn,44,moto,6.13
idqn,44,moto,8.22
idqn,44,auto,8.03
idqn,44,moto,3.38
idqn,44,moto,7.06
idqn,44,moto,20.56
idqn,44,moto,29.61
idqn,44,auto,23.65
idqn,44,car,17.63
idqn,44,moto,3.98
idqn,44,auto,23.01
idqn,44,auto,22.58
idqn,44,moto,23.38
idqn,44,moto,12.37
idqn,44,auto,8.08
idqn,44,moto,6.57
idqn,44,moto,5.29
idqn,44,moto,48.39
idqn,44,auto,40.07
idqn,44,moto,4.08
idqn,44,moto,34.22
idqn,44,auto,3.19
idqn,44,moto,3.71
idqn,44,auto,17.18
idqn,44,auto,3.26
idqn,44,moto,3.69
idqn,44,auto,4.3
idqn,44,auto,4.03
idqn,44,car,4.79
idqn,44,auto,5.59
idqn,44,moto,3.86
idqn,44,moto,4.42
idqn,44,moto,5.63
idqn,44,auto,33.71
idqn,44,moto,24.13
idqn,44,car,31.95
idqn,44,auto,23.79
idqn,44,moto,6.04
idqn,44,car,21.7
idqn,44,moto,41.52
idqn,44,moto,5.87
idqn,44,car,4.03
idqn,44,car,37.0
idqn,44,moto,6.19
idqn,44,car,3.58
idqn,44,auto,8.05
idqn,44,car,13.38
idqn,44,auto,17.09
idqn,44,moto,16.15
idqn,44,moto,9.47
idqn,44,auto,22.48
idqn,44,moto,20.57
idqn,44,auto,35.88
idqn,44,moto,33.81
idqn,44,moto,15.32
idqn,44,moto,30.87
idqn,44,auto,22.42
idqn,44,auto,13.91
idqn,44,car,24.49
idqn,44,auto,23.51
idqn,44,moto,14.71
idqn,44,auto,10.98
idqn,44,moto,13.38
idqn,44,car,8.43
idqn,44,auto,8.28
idqn,44,moto,11.45
idqn,44,moto,6.0
idqn,44,car,3.26
idqn,44,moto,49.28
idqn,44,car,4.74
idqn,44,moto,22.54
idqn,44,moto,66.17
idqn,44,car,9.17
idqn,44,auto,43.41
idqn,44,moto,2.48
idqn,44,car,15.3
idqn,44,moto,7.27
idqn,44,auto,5.1
idqn,44,moto,4.83
idqn,44,moto,5.01
idqn,44,car,3.34
idqn,44,auto,3.06
idqn,44,car,24.06
idqn,44,moto,5.51
idqn,44,moto,29.16
idqn,44,moto,21.97
idqn,44,moto,31.8
idqn,44,moto,17.58
idqn,44,moto,4.91
idqn,44,moto,51.86
idqn,44,moto,50.83
idqn,44,auto,19.86
idqn,44,moto,23.48
idqn,44,moto,46.11
idqn,44,moto,7.09
idqn,44,auto,20.49
idqn,44,moto,21.28
idqn,44,moto,35.84
idqn,44,moto,19.97
idqn,44,car,9.83
idqn,44,moto,8.66
idqn,44,moto,4.42
idqn,44,moto,39.61
idqn,44,moto,12.19
idqn,44,moto,4.85
idqn,44,moto,21.38
idqn,44,moto,14.05
idqn,44,moto,16.11
idqn,44,auto,21.93
idqn,44,moto,29.16
idqn,44,moto,7.69
idqn,44,auto,20.85
idqn,44,moto,2.54
idqn,44,auto,12.42
idqn,44,auto,5.05
idqn,44,moto,16.5
idqn,44,moto,3.54
idqn,44,moto,7.36
idqn,44,moto,2.54
idqn,44,moto,17.0
idqn,44,auto,24.29
idqn,44,moto,21.35
idqn,44,moto,20.25
idqn,44,moto,16.37
idqn,44,moto,19.11
idqn,44,auto,18.96
idqn,44,moto,14.32
idqn,44,moto,16.95
idqn,44,moto,19.92
idqn,44,moto,15.02
idqn,44,auto,5.63
idqn,44,moto,21.76
idqn,44,moto,17.55
idqn,44,auto,17.34
idqn,44,moto,9.64
idqn,44,auto,7.05
idqn,44,moto,10.25
idqn,44,auto,2.99
idqn,44,moto,21.1
idqn,44,car,7.5
idqn,44,moto,5.15
idqn,44,auto,22.56
idqn,44,car,6.77
idqn,44,car,24.42
idqn,44,moto,19.48
idqn,44,car,1.56
idqn,44,moto,4.39
idqn,44,auto,14.36
idqn,44,auto,2.11
idqn,44,moto,20.63
idqn,44,car,7.05
idqn,44,moto,13.02
idqn,44,moto,20.96
idqn,44,auto,3.47
idqn,44,moto,9.99
idqn,44,moto,17.83
idqn,44,moto,5.98
idqn,44,moto,22.2
idqn,44,auto,11.25
idqn,44,car,3.66
idqn,44,car,10.66
idqn,44,moto,4.2
idqn,44,moto,5.3
idqn,44,moto,5.5
idqn,44,moto,8.95
idqn,44,moto,5.46
idqn,44,moto,5.22
idqn,44,moto,6.09
idqn,44,car,5.69
idqn,44,moto,5.04
idqn,44,car,68.0
idqn,44,auto,82.56
idqn,44,moto,4.27
idqn,44,auto,2.0
idqn,44,moto,3.87
idqn,44,moto,3.84
idqn,44,auto,11.48
idqn,44,moto,5.99
idqn,44,moto,20.73
idqn,44,moto,22.29
idqn,44,moto,50.58
idqn,44,moto,14.19
idqn,44,auto,38.78
idqn,44,moto,20.59
idqn,44,moto,15.18
idqn,44,moto,5.04
idqn,44,moto,26.04
idqn,44,moto,5.4
idqn,44,moto,18.91
idqn,44,auto,6.2
idqn,44,auto,2.26
idqn,44,car,3.99
idqn,44,auto,2.29
idqn,44,auto,2.34
idqn,44,car,2.06
idqn,44,auto,15.07
idqn,44,moto,2.28
idqn,44,car,2.22
idqn,44,moto,3.06
idqn,44,moto,15.39
idqn,44,car,17.41
idqn,44,moto,11.2
idqn,44,moto,24.35
idqn,44,auto,17.19
idqn,44,moto,7.96
idqn,44,car,12.2
idqn,44,auto,8.43
idqn,44,auto,11.65
idqn,44,moto,15.16
idqn,44,moto,13.24
idqn,44,moto,9.01
idqn,44,auto,2.34
idqn,44,moto,44.71
idqn,44,moto,14.17
idqn,44,moto,66.18
idqn,44,moto,59.79
idqn,44,moto,54.8
idqn,44,moto,10.89
idqn,44,moto,78.4
idqn,44,moto,4.66
idqn,44,auto,2.16
idqn,44,moto,3.45
idqn,44,car,2.61
idqn,44,moto,5.1
idqn,44,auto,2.77
idqn,44,auto,2.02
idqn,44,moto,29.55
idqn,44,car,3.69
idqn,44,moto,6.24
idqn,44,car,3.69
idqn,44,auto,43.12
idqn,44,auto,36.99
idqn,44,moto,15.29
idqn,44,moto,18.3
idqn,44,moto,18.53
idqn,44,moto,17.62
idqn,44,auto,15.03
idqn,44,moto,7.28
idqn,44,auto,2.25
idqn,44,car,4.08
idqn,44,auto,20.83
idqn,44,moto,5.68
idqn,44,moto,5.85
idqn,44,moto,27.35
idqn,44,moto,28.4
idqn,44,moto,51.28
idqn,44,auto,24.44
idqn,44,auto,8.41
idqn,44,moto,5.5
idqn,44,moto,4.86
idqn,44,moto,6.91
idqn,44,auto,4.81
idqn,44,moto,4.51
idqn,44,moto,9.08
idqn,44,auto,5.82
idqn,44,moto,17.41
idqn,44,moto,20.52
idqn,44,auto,12.24
idqn,44,auto,7.03
idqn,44,moto,21.74
idqn,44,moto,7.02
idqn,44,car,9.02
idqn,44,moto,25.55
idqn,44,moto,21.55
idqn,44,car,5.0
idqn,44,moto,41.7
idqn,44,car,19.37
idqn,44,moto,47.0
idqn,44,auto,2.17
idqn,44,moto,3.24
idqn,44,moto,4.97
idqn,44,moto,7.51
idqn,44,moto,24.05
idqn,44,auto,32.55
idqn,44,moto,23.44
idqn,44,car,16.17
idqn,44,auto,104.93
idqn,44,moto,63.21
idqn,44,auto,14.4
idqn,44,moto,5.17
idqn,44,moto,4.56
idqn,44,moto,21.0
idqn,44,moto,6.54
idqn,44,moto,9.0
idqn,44,auto,2.94
idqn,44,moto,23.12
idqn,44,car,22.27
idqn,44,moto,5.2
idqn,44,moto,20.54
idqn,44,moto,9.75
idqn,44,moto,5.6
idqn,44,car,3.05
idqn,44,auto,3.03
idqn,44,moto,5.35
idqn,44,car,3.82
idqn,44,auto,2.37
idqn,44,moto,14.95
idqn,44,moto,13.36
idqn,44,moto,22.58
idqn,44,moto,4.01
idqn,44,moto,29.24
idqn,44,auto,3.07
idqn,44,auto,28.99
idqn,44,car,17.42
idqn,44,car,4.91
idqn,44,car,3.4
idqn,44,auto,3.1
idqn,44,moto,23.77
idqn,44,auto,19.85
idqn,44,moto,4.65
idqn,44,moto,5.65
idqn,44,auto,2.16
idqn,44,moto,14.44
idqn,44,moto,5.48
idqn,44,moto,4.85
idqn,44,moto,5.52
idqn,44,moto,5.13
idqn,44,car,12.06
idqn,44,moto,6.63
idqn,44,car,5.44
idqn,44,auto,8.59
idqn,44,car,13.65
idqn,44,moto,10.9
idqn,44,moto,10.79
idqn,44,moto,11.71
idqn,44,moto,4.58
idqn,44,moto,17.14
idqn,44,auto,3.76
idqn,44,moto,4.55
idqn,44,moto,5.59
idqn,44,moto,9.16
idqn,44,car,9.79
idqn,44,auto,6.89
idqn,44,moto,38.05
idqn,44,moto,4.61
idqn,44,moto,100.69
idqn,44,moto,78.33
idqn,44,moto,77.47
idqn,44,auto,38.59
idqn,44,moto,18.18
idqn,44,moto,25.11
idqn,44,moto,18.16
idqn,44,moto,10.13
idqn,44,auto,90.16
idqn,44,moto,18.95
idqn,44,auto,13.16
idqn,44,auto,19.57
idqn,44,auto,6.85
idqn,44,car,5.55
idqn,44,moto,21.54
idqn,44,moto,4.76
idqn,44,moto,3.0
idqn,44,moto,2.98
idqn,44,moto,2.89
idqn,44,moto,4.91
idqn,44,moto,17.85
idqn,44,moto,19.64
idqn,44,moto,17.94
idqn,44,moto,16.55
idqn,44,car,18.14
idqn,44,moto,12.86
idqn,44,moto,18.46
idqn,44,auto,16.5
idqn,44,auto,20.63
idqn,44,car,12.49
idqn,44,moto,16.46
idqn,44,moto,21.4
idqn,44,moto,11.78
idqn,44,auto,12.12
idqn,44,moto,25.08
idqn,44,moto,22.05
idqn,44,moto,6.1
idqn,44,moto,7.39
idqn,44,moto,8.14
idqn,44,moto,23.69
idqn,44,moto,11.68
idqn,44,auto,16.41
idqn,44,moto,23.87
idqn,44,auto,10.44
idqn,44,moto,4.67
idqn,44,moto,5.45
idqn,44,auto,4.8
idqn,44,auto,20.49
idqn,44,moto,7.28
idqn,44,moto,5.6
idqn,44,moto,17.41
idqn,44,auto,3.12
idqn,44,moto,11.22
idqn,44,moto,3.64
idqn,44,moto,1.88
idqn,44,car,33.18
idqn,44,auto,14.59
idqn,44,moto,4.77
idqn,44,moto,6.19
idqn,44,moto,3.62
idqn,44,auto,2.41
idqn,44,auto,2.36
idqn,44,moto,4.94
idqn,44,moto,5.47
idqn,44,moto,39.87
idqn,44,moto,58.65
idqn,44,auto,3.16
idqn,44,car,16.67
idqn,44,moto,23.5
idqn,44,auto,24.92
idqn,44,moto,13.26
idqn,44,moto,22.87
idqn,44,moto,5.24
idqn,44,moto,5.19
idqn,44,moto,6.11
idqn,44,auto,2.59
idqn,44,moto,5.05
idqn,44,moto,7.27
idqn,44,moto,6.23
idqn,44,moto,6.3
idqn,44,moto,41.66
idqn,44,auto,79.07
idqn,44,car,14.37
idqn,44,moto,8.75
idqn,44,moto,14.31
idqn,44,moto,4.65
idqn,44,auto,24.57
idqn,44,auto,15.04
idqn,44,moto,22.51
idqn,44,moto,7.63
idqn,44,car,12.95
idqn,44,moto,28.75
idqn,44,moto,22.83
idqn,44,moto,25.09
idqn,44,moto,22.74
idqn,44,moto,22.51
idqn,44,auto,21.86
idqn,44,auto,5.12
idqn,44,moto,3.6
idqn,44,moto,11.73
idqn,44,moto,2.37
idqn,44,car,44.55
idqn,44,moto,22.34
idqn,44,moto,18.22
idqn,44,auto,26.07
idqn,44,auto,24.27
idqn,44,auto,23.85
idqn,44,auto,1.46
idqn,44,moto,23.54
idqn,44,auto,18.42
idqn,44,auto,15.7
idqn,44,auto,4.78
idqn,44,car,26.06
idqn,44,moto,11.41
idqn,44,moto,9.19
idqn,44,auto,7.3
idqn,44,moto,4.51
idqn,44,moto,7.49
idqn,44,moto,2.35
idqn,44,moto,7.83
idqn,44,moto,5.06
idqn,44,moto,27.43
idqn,44,moto,2.73
idqn,44,auto,31.23
idqn,44,auto,12.43
idqn,44,moto,3.47
idqn,44,moto,10.27
idqn,44,auto,2.23
idqn,44,moto,19.94
idqn,44,moto,9.63
idqn,44,moto,22.93
idqn,44,auto,14.45
idqn,44,auto,2.02
idqn,44,auto,2.67
idqn,44,moto,2.29
idqn,44,car,3.52
idqn,44,moto,12.79
idqn,44,auto,10.2
idqn,44,car,3.75
idqn,44,moto,6.93
idqn,44,moto,7.31
idqn,44,moto,21.14
idqn,44,auto,21.42
idqn,44,auto,18.85
idqn,44,moto,16.79
idqn,44,moto,16.89
idqn,44,auto,24.23
idqn,44,moto,18.04
idqn,44,moto,27.17
idqn,44,moto,19.61
idqn,44,auto,18.7
idqn,44,moto,5.49
idqn,44,moto,27.8
idqn,44,moto,18.72
idqn,44,car,16.29
idqn,44,moto,30.1
idqn,44,car,15.46
idqn,44,moto,18.75
idqn,44,auto,3.84
idqn,44,moto,3.85
idqn,44,moto,4.5
idqn,44,auto,2.72
idqn,44,auto,44.22
idqn,44,moto,5.28
idqn,44,moto,35.47
idqn,44,car,3.88
idqn,44,car,21.52
idqn,44,moto,9.35
idqn,44,moto,5.01
idqn,44,moto,6.75
idqn,44,moto,5.78
idqn,44,moto,24.1
idqn,44,moto,12.9
idqn,44,moto,34.4
idqn,44,moto,15.25
idqn,44,car,20.68
idqn,44,moto,7.99
idqn,44,auto,42.82
idqn,44,moto,4.6
idqn,44,moto,5.31
idqn,44,moto,24.7
idqn,44,auto,17.68
idqn,44,moto,15.48
idqn,44,auto,38.5
idqn,44,moto,19.3
idqn,44,auto,5.22
idqn,44,auto,14.49
idqn,44,auto,4.47
idqn,44,car,4.63
idqn,44,moto,10.87
idqn,44,moto,5.54
idqn,44,moto,4.41
idqn,44,auto,6.98
idqn,44,car,8.51
idqn,44,moto,10.34
idqn,44,car,19.8
idqn,44,moto,41.64
idqn,44,moto,18.09
idqn,44,moto,66.96
idqn,44,moto,21.58
idqn,44,moto,16.53
idqn,44,auto,9.08
idqn,44,auto,7.96
idqn,44,car,2.87
idqn,44,car,4.22
idqn,44,auto,3.65
idqn,44,car,2.79
idqn,44,moto,30.94
idqn,44,car,30.8
idqn,44,moto,28.41
idqn,44,moto,7.06
idqn,44,auto,2.48
idqn,44,moto,4.6
idqn,44,auto,7.61
idqn,44,moto,16.86
idqn,44,auto,21.28
idqn,44,car,32.95
idqn,44,auto,2.3
idqn,44,moto,36.0
idqn,44,moto,7.65
idqn,44,auto,2.23
idqn,44,moto,4.14
idqn,44,moto,63.23
idqn,44,moto,28.84
idqn,44,moto,13.51
idqn,44,moto,56.95
idqn,44,moto,9.34
idqn,44,auto,13.54
idqn,44,moto,4.3
idqn,44,moto,19.99
idqn,44,moto,13.13
idqn,44,moto,6.96
idqn,44,moto,18.83
idqn,44,moto,19.65
idqn,44,auto,8.89
idqn,44,moto,13.55
idqn,44,auto,4.84
idqn,44,moto,19.29
idqn,44,moto,21.11
idqn,44,moto,49.46
idqn,44,car,12.42
idqn,44,auto,47.62
idqn,44,moto,28.31
idqn,44,auto,26.11
idqn,44,moto,4.27
idqn,44,car,2.33
idqn,44,moto,3.7
idqn,44,auto,4.73
idqn,44,moto,16.72
idqn,44,moto,5.7
idqn,44,car,24.74
idqn,44,moto,31.28
idqn,44,moto,4.23
idqn,44,auto,42.39
idqn,44,moto,3.59
idqn,44,moto,37.64
idqn,44,auto,38.93
idqn,44,car,5.12
idqn,44,auto,17.92
idqn,44,auto,3.14
idqn,44,auto,2.85
idqn,44,moto,20.05
idqn,44,auto,17.61
idqn,44,car,4.7
idqn,44,moto,24.29
idqn,44,moto,23.89
idqn,44,auto,5.12
idqn,44,moto,11.8
idqn,44,car,42.06
idqn,44,moto,24.4
idqn,44,auto,23.83
idqn,44,moto,12.44
idqn,44,moto,10.04
idqn,44,moto,16.08
idqn,44,moto,16.31
idqn,44,moto,14.18
idqn,44,moto,7.86
idqn,44,moto,7.79
idqn,44,moto,72.72
idqn,44,auto,11.94
idqn,44,car,10.37
idqn,44,moto,4.81
idqn,44,auto,6.42
idqn,44,moto,24.68
idqn,44,moto,13.67
idqn,44,moto,4.39
idqn,44,moto,53.27
idqn,44,auto,1.96
idqn,44,moto,4.95
idqn,44,auto,5.01
idqn,44,car,31.73
idqn,44,moto,16.32
idqn,44,moto,3.56
idqn,44,auto,32.33
idqn,44,car,3.98
idqn,44,car,3.2
idqn,44,car,4.41
idqn,44,moto,4.48
idqn,44,moto,5.28
idqn,44,car,23.31
idqn,44,moto,17.67
idqn,44,moto,5.41
idqn,44,moto,4.87
idqn,44,moto,22.69
idqn,44,car,14.14
idqn,44,auto,13.99
idqn,44,moto,3.69
idqn,44,moto,44.27
idqn,44,moto,23.77
idqn,44,moto,18.14
idqn,44,moto,16.54
idqn,44,auto,45.39
idqn,44,moto,15.63
idqn,44,moto,5.14
idqn,44,moto,17.13
idqn,44,auto,17.11
idqn,44,moto,18.46
idqn,44,moto,15.98
idqn,44,car,13.97
idqn,44,moto,25.56
idqn,44,moto,9.54
idqn,44,auto,22.52
idqn,44,auto,13.34
idqn,44,car,14.02
idqn,44,car,9.53
idqn,44,moto,12.47
idqn,44,moto,7.78
idqn,44,auto,21.49
idqn,44,moto,20.29
idqn,44,auto,11.42
idqn,44,auto,5.07
idqn,44,moto,10.72
idqn,44,moto,18.92
idqn,44,moto,33.03
idqn,44,moto,19.88
idqn,44,moto,23.79
idqn,44,moto,20.32
idqn,44,auto,21.74
idqn,44,moto,17.12
idqn,44,car,22.77
idqn,44,moto,17.57
idqn,44,car,19.29
idqn,44,moto,16.06
idqn,44,moto,16.34
idqn,44,moto,15.5
idqn,44,moto,27.7
idqn,44,moto,12.63
idqn,44,moto,18.17
idqn,44,auto,10.19
idqn,44,moto,24.03
idqn,44,auto,18.85
idqn,44,moto,16.7
idqn,44,moto,12.54
idqn,44,moto,5.21
idqn,44,moto,8.72
idqn,44,moto,5.84
idqn,44,moto,19.05
idqn,44,car,6.13
idqn,44,auto,7.51
idqn,44,auto,5.59
idqn,44,moto,4.48
idqn,44,auto,8.09
idqn,44,auto,2.4
idqn,44,auto,2.29
idqn,44,moto,6.36
idqn,44,auto,3.31
idqn,44,moto,5.63
idqn,44,car,3.81
idqn,44,car,3.78
idqn,44,moto,7.02
idqn,44,moto,6.57
idqn,44,moto,4.3
idqn,44,moto,3.9
idqn,44,auto,55.02
idqn,44,auto,46.48
idqn,44,auto,23.7
idqn,44,auto,3.25
idqn,44,moto,13.32
idqn,44,moto,8.54
idqn,44,car,51.7
idqn,44,moto,5.69
idqn,44,moto,17.78
idqn,44,moto,13.61
idqn,44,moto,80.6
idqn,44,auto,2.92
idqn,44,auto,17.45
idqn,44,moto,52.9
idqn,44,auto,21.22
idqn,44,car,12.81
idqn,44,moto,53.21
idqn,44,auto,18.37
idqn,44,moto,7.74
idqn,44,moto,22.6
idqn,44,moto,11.26
idqn,44,auto,19.59
idqn,44,auto,20.49
idqn,44,moto,7.21
idqn,44,auto,4.03
idqn,44,car,5.41
idqn,44,moto,15.97
idqn,44,auto,14.09
idqn,44,moto,22.72
idqn,44,moto,17.73
idqn,44,moto,9.72
idqn,44,moto,21.28
idqn,44,moto,22.84
idqn,44,moto,22.67
idqn,44,moto,19.48
idqn,44,moto,18.31
idqn,44,moto,16.72
idqn,44,moto,14.58
idqn,44,car,6.66
idqn,44,auto,6.23
idqn,44,moto,16.52
idqn,44,auto,12.16
idqn,44,moto,21.84
idqn,44,moto,14.98
idqn,44,moto,5.18
idqn,44,moto,10.73
idqn,44,moto,21.68
idqn,44,moto,7.48
idqn,44,moto,22.09
idqn,44,moto,10.54
idqn,44,auto,4.68
idqn,44,car,21.25
idqn,44,moto,4.54
idqn,44,moto,7.34
idqn,44,moto,43.26
idqn,44,moto,35.78
idqn,44,moto,12.73
idqn,44,moto,19.65
idqn,44,auto,6.83
idqn,44,moto,37.57
idqn,44,auto,47.48
idqn,44,auto,16.67
idqn,44,auto,7.32
idqn,44,moto,14.39
idqn,44,auto,20.85
idqn,44,auto,17.42
idqn,44,auto,17.31
idqn,44,moto,13.19
idqn,44,moto,5.85
idqn,44,moto,12.76
idqn,44,moto,60.08
idqn,44,auto,50.89
idqn,44,auto,39.47
idqn,44,auto,14.51
idqn,44,moto,21.21
idqn,44,moto,19.23
idqn,44,moto,15.23
idqn,44,moto,17.38
idqn,44,moto,12.11
idqn,44,moto,3.52
idqn,44,moto,22.14
idqn,44,moto,10.16
idqn,44,moto,21.62
idqn,44,moto,7.91
idqn,44,auto,2.61
idqn,44,car,25.37
idqn,44,moto,26.95
idqn,44,auto,18.29
idqn,44,moto,22.9
idqn,44,car,13.92
idqn,44,auto,2.71
idqn,44,moto,15.15
idqn,44,car,3.76
idqn,44,car,15.19
idqn,44,auto,4.8
idqn,44,moto,6.12
idqn,44,moto,28.16
idqn,44,moto,13.49
idqn,44,moto,14.57
idqn,44,auto,82.64
idqn,44,auto,70.84
idqn,44,moto,10.36
idqn,44,moto,6.98
idqn,44,moto,3.5
idqn,44,moto,21.15
idqn,44,auto,18.11
idqn,44,moto,11.68
idqn,44,auto,17.2
idqn,44,car,4.81
idqn,44,auto,2.37
idqn,44,moto,21.71
idqn,44,moto,16.49
idqn,44,moto,18.09
idqn,44,moto,10.78
idqn,44,auto,2.8
idqn,44,auto,21.16
idqn,44,moto,22.39
idqn,44,auto,11.38
idqn,44,moto,23.88
idqn,44,moto,10.1
idqn,44,moto,9.43
idqn,44,moto,14.5
idqn,44,moto,6.95
idqn,44,auto,7.05
idqn,44,moto,8.98
idqn,44,moto,21.77
idqn,44,auto,5.85
idqn,44,moto,10.25
idqn,44,auto,21.78
idqn,44,auto,23.35
idqn,44,auto,2.62
idqn,44,auto,6.06
idqn,44,moto,25.56
idqn,44,moto,25.02
idqn,44,car,20.72
idqn,44,moto,19.11
idqn,44,moto,14.88
idqn,44,moto,6.18
idqn,44,auto,8.78
idqn,44,moto,21.06
idqn,44,auto,14.57
idqn,44,moto,17.75
idqn,44,auto,19.34
idqn,44,auto,18.81
idqn,44,moto,4.81
idqn,44,auto,25.81
idqn,44,moto,13.93
idqn,44,car,3.45
idqn,44,car,17.59
idqn,44,moto,17.66
idqn,44,moto,11.34
idqn,44,moto,20.19
idqn,44,car,18.97
idqn,44,moto,15.22
idqn,44,moto,12.96
idqn,44,moto,4.6
idqn,44,auto,2.74
idqn,44,auto,8.95
idqn,44,moto,5.41
idqn,44,moto,6.04
idqn,44,moto,7.96
idqn,44,car,5.04
idqn,44,moto,5.89
idqn,44,car,3.28
idqn,44,auto,2.39
idqn,44,car,8.75
idqn,44,moto,52.4
idqn,44,auto,3.46
idqn,44,car,51.88
idqn,44,moto,30.71
idqn,44,moto,15.07
idqn,44,moto,6.29
idqn,44,auto,28.74
idqn,44,auto,56.04
idqn,44,auto,41.84
idqn,44,auto,37.28
idqn,44,moto,30.21
idqn,44,moto,10.47
idqn,44,moto,22.8
idqn,44,moto,24.26
idqn,44,moto,17.26
idqn,44,car,8.99
idqn,44,moto,16.03
idqn,44,auto,10.67
idqn,44,auto,20.23
idqn,44,auto,19.63
idqn,44,auto,2.04
idqn,44,moto,22.13
idqn,44,moto,11.51
idqn,44,moto,19.21
idqn,44,car,17.59
idqn,44,moto,19.17
idqn,44,moto,10.57
idqn,44,moto,5.88
idqn,44,moto,11.63
idqn,44,moto,4.59
idqn,44,moto,4.83
idqn,44,moto,18.28
idqn,44,moto,12.3
idqn,44,auto,23.84
idqn,44,moto,18.2
idqn,44,auto,5.94
idqn,44,moto,21.89
idqn,44,moto,14.06
idqn,44,moto,4.52
idqn,44,moto,16.41
idqn,44,auto,17.85
idqn,44,moto,5.27
idqn,44,moto,3.81
idqn,44,moto,6.24
idqn,44,moto,6.09
idqn,44,moto,18.77
idqn,44,moto,7.48
idqn,44,moto,44.22
idqn,44,moto,7.75
idqn,44,moto,16.35
idqn,44,moto,4.22
idqn,44,auto,17.03
idqn,44,moto,7.34
idqn,44,moto,6.13
idqn,44,moto,4.62
idqn,44,moto,52.75
idqn,44,moto,6.43
idqn,44,car,4.06
idqn,44,moto,72.21
idqn,44,auto,2.42
idqn,44,moto,5.14
idqn,44,moto,5.63
idqn,44,moto,28.46
idqn,44,auto,12.81
idqn,44,moto,2.63
idqn,44,moto,5.41
idqn,44,car,3.01
idqn,44,moto,5.55
idqn,44,car,3.71
idqn,44,moto,5.7
idqn,44,car,5.25
idqn,44,auto,2.51
idqn,44,moto,20.35
idqn,44,moto,4.12
idqn,44,moto,21.11
idqn,44,car,13.98
idqn,44,auto,18.18
idqn,44,moto,13.92
idqn,44,moto,23.8
idqn,44,auto,13.45
idqn,44,moto,6.91
idqn,44,auto,16.91
idqn,44,car,8.88
idqn,44,moto,5.06
idqn,44,moto,4.66
idqn,44,auto,2.39
idqn,44,moto,5.46
idqn,44,car,3.75
idqn,44,moto,5.6
idqn,44,moto,63.17
idqn,44,moto,35.1
idqn,44,moto,76.44
idqn,44,moto,64.53
idqn,44,moto,4.74
idqn,44,moto,6.37
idqn,44,car,10.78
idqn,44,auto,31.75
idqn,44,auto,4.9
idqn,44,moto,4.26
idqn,44,car,4.68
idqn,44,moto,7.22
idqn,44,moto,53.28
idqn,44,car,20.29
idqn,44,auto,61.09
idqn,44,moto,23.5
idqn,44,auto,21.02
idqn,44,auto,12.65
idqn,44,moto,24.07
idqn,44,moto,34.28
idqn,44,auto,11.94
idqn,44,car,4.73
idqn,44,car,5.09
idqn,44,moto,4.86
idqn,44,moto,38.15
idqn,44,auto,2.15
idqn,44,moto,31.35
idqn,44,car,10.2
idqn,44,auto,9.43
idqn,44,moto,4.04
idqn,44,car,2.76
idqn,44,moto,5.48
idqn,44,moto,24.17
idqn,44,moto,5.46
idqn,44,car,24.31
idqn,44,moto,5.23
idqn,44,moto,3.83
idqn,44,moto,5.16
idqn,44,moto,8.35
idqn,44,moto,6.14
idqn,44,moto,4.56
idqn,44,auto,38.66
idqn,44,moto,23.18
idqn,44,auto,19.37
idqn,44,auto,15.45
idqn,44,moto,28.4
idqn,44,auto,8.01
idqn,44,auto,20.41
idqn,44,moto,25.34
idqn,44,moto,12.16
idqn,44,moto,18.19
idqn,44,moto,8.45
idqn,44,moto,20.07
idqn,44,moto,15.49
idqn,44,moto,9.34
idqn,44,moto,8.23
idqn,44,auto,32.11
idqn,44,moto,14.76
idqn,44,moto,8.84
idqn,44,car,16.19
idqn,44,moto,7.56
idqn,44,car,6.63
idqn,44,car,4.36
idqn,44,moto,8.71
idqn,44,auto,2.87
idqn,44,car,4.18
idqn,44,auto,2.92
idqn,44,car,2.33
idqn,44,auto,3.49
idqn,44,moto,3.85
idqn,44,moto,4.81
idqn,44,moto,4.61
idqn,44,car,8.14
idqn,44,moto,6.73
idqn,44,moto,83.03
idqn,44,moto,51.84
idqn,44,moto,42.57
idqn,44,moto,83.34
idqn,44,moto,7.12
idqn,44,moto,5.77
idqn,44,moto,5.29
idqn,44,moto,4.59
idqn,44,moto,4.76
idqn,44,auto,11.56
idqn,44,auto,2.65
idqn,44,car,35.94
idqn,44,moto,34.73
idqn,44,moto,21.25
idqn,44,moto,49.49
idqn,44,moto,53.65
idqn,44,moto,49.06
idqn,44,moto,23.22
idqn,44,moto,16.41
idqn,44,car,9.28
idqn,44,auto,22.42
idqn,44,moto,7.19
idqn,44,moto,20.22
idqn,44,auto,14.09
idqn,44,moto,15.45
idqn,44,auto,17.73
idqn,44,auto,21.45
idqn,44,car,19.34
idqn,44,moto,11.94
idqn,44,auto,9.46
idqn,44,car,14.83
idqn,44,moto,17.75
idqn,44,moto,17.51
idqn,44,moto,14.11
idqn,44,moto,10.18
idqn,44,auto,16.54
idqn,44,auto,9.6
idqn,44,auto,9.87
idqn,44,moto,7.12
idqn,44,car,6.8
idqn,44,auto,14.24
idqn,44,moto,4.25
idqn,44,moto,14.75
idqn,44,moto,6.74
idqn,44,moto,11.57
idqn,44,moto,6.81
idqn,44,auto,7.52
idqn,44,auto,13.21
idqn,44,moto,11.36
idqn,44,moto,7.32
idqn,44,moto,6.84
idqn,44,auto,20.25
idqn,44,moto,20.68
idqn,44,car,3.4
idqn,44,moto,4.17
idqn,44,moto,5.21
idqn,44,moto,5.91
idqn,44,moto,19.82
idqn,44,moto,17.92
idqn,44,moto,47.77
idqn,44,moto,52.35
idqn,44,moto,45.46
idqn,44,moto,28.97
idqn,44,moto,11.53
idqn,44,moto,28.3
idqn,44,moto,20.35
idqn,44,moto,12.97
idqn,44,moto,16.02
idqn,44,auto,7.19
idqn,44,moto,53.12
idqn,44,auto,8.06
idqn,44,moto,5.3
idqn,44,moto,21.47
idqn,44,moto,29.36
idqn,44,moto,56.87
idqn,44,car,20.55
idqn,44,car,11.72
idqn,44,moto,23.64
idqn,44,moto,16.29
idqn,44,moto,15.92
idqn,44,auto,16.83
idqn,44,auto,21.89
idqn,44,moto,20.24
idqn,44,auto,7.27
idqn,44,auto,11.52
idqn,44,moto,5.82
idqn,44,moto,6.52
idqn,44,moto,19.32
idqn,44,moto,21.87
idqn,44,moto,26.73
idqn,44,car,12.27
idqn,44,auto,21.95
idqn,44,car,37.62
idqn,44,moto,7.99
idqn,44,auto,20.75
idqn,44,moto,13.37
idqn,44,auto,10.29
idqn,44,auto,21.55
idqn,44,moto,6.08
idqn,44,auto,5.16
idqn,44,moto,6.87
idqn,44,auto,26.57
idqn,44,auto,22.63
idqn,44,moto,12.19
idqn,44,moto,9.59
idqn,44,moto,5.8
idqn,44,auto,6.8
idqn,44,auto,13.14
idqn,44,moto,5.49
idqn,44,car,9.6
idqn,44,moto,27.43
idqn,44,auto,3.65
idqn,44,moto,8.36
idqn,44,auto,30.71
idqn,44,moto,27.44
idqn,44,moto,32.19
idqn,44,car,40.84
idqn,44,moto,43.23
idqn,44,moto,21.21
idqn,44,moto,3.48
idqn,44,moto,16.36
idqn,44,auto,4.5
idqn,44,moto,22.2
idqn,44,moto,5.09
idqn,44,moto,20.63
idqn,44,moto,22.79
idqn,44,car,9.56
idqn,44,auto,12.34
idqn,44,moto,38.41
idqn,44,moto,5.1
idqn,44,car,2.58
idqn,44,moto,3.73
idqn,44,moto,6.59
idqn,44,moto,6.53
idqn,44,moto,23.17
idqn,44,auto,18.16
idqn,44,moto,21.31
idqn,44,auto,13.57
idqn,44,car,5.48
idqn,44,moto,11.74
idqn,44,auto,8.8
idqn,44,car,8.54
idqn,44,moto,26.03
idqn,44,car,22.89
idqn,44,auto,12.31
idqn,44,moto,5.89
idqn,44,auto,1.99
idqn,44,moto,4.52
idqn,44,moto,3.71
idqn,44,auto,40.55
idqn,44,moto,14.27
idqn,44,moto,44.44
idqn,44,moto,29.58
idqn,44,auto,10.35
idqn,44,moto,43.04
idqn,44,moto,16.57
idqn,44,auto,49.23
idqn,44,moto,39.37
idqn,44,moto,5.91
idqn,44,moto,17.39
idqn,44,auto,3.4
idqn,44,auto,3.55
idqn,44,moto,8.61
idqn,44,moto,12.88
idqn,44,moto,53.1
idqn,44,moto,14.95
idqn,44,auto,19.92
idqn,44,auto,8.5
idqn,44,auto,9.78
idqn,44,car,76.2
idqn,44,car,4.27
idqn,44,moto,20.42
idqn,44,car,14.51
idqn,44,moto,22.41
idqn,44,auto,18.23
idqn,44,moto,6.11
idqn,44,moto,5.47
idqn,44,moto,20.41
idqn,44,moto,9.8
idqn,44,auto,3.12
idqn,44,auto,3.18
idqn,44,moto,8.6
idqn,44,moto,21.97
idqn,44,car,16.97
idqn,44,car,20.02
idqn,44,auto,13.99
idqn,44,moto,11.36
idqn,44,auto,15.78
idqn,44,moto,9.58
idqn,44,car,6.36
idqn,44,car,7.67
idqn,44,moto,5.25
idqn,44,moto,6.13
idqn,44,moto,4.75
idqn,44,moto,7.47
idqn,44,moto,6.03
idqn,44,moto,9.9
idqn,44,auto,2.56
idqn,44,moto,4.93
idqn,44,moto,4.73
idqn,44,moto,29.44
idqn,44,moto,25.94
idqn,44,auto,24.4
idqn,44,auto,2.15
idqn,44,car,12.79
idqn,44,car,33.09
idqn,44,auto,69.73
idqn,44,moto,37.2
idqn,44,moto,23.57
idqn,44,moto,24.82
idqn,44,moto,4.87
idqn,44,auto,8.6
idqn,44,auto,3.72
idqn,44,auto,5.66
idqn,44,moto,4.47
idqn,44,auto,4.05
idqn,44,moto,6.99
idqn,44,moto,21.98
idqn,44,moto,6.73
idqn,44,moto,22.04
idqn,44,moto,18.38
idqn,44,moto,9.84
idqn,44,moto,10.92
idqn,44,moto,11.05
idqn,44,moto,10.04
idqn,44,moto,25.23
idqn,44,auto,17.38
idqn,44,auto,14.56
idqn,44,auto,3.84
idqn,44,auto,9.85
idqn,44,auto,2.89
idqn,44,moto,7.31
idqn,44,moto,5.8
idqn,44,moto,20.57
idqn,44,moto,12.01
idqn,44,moto,9.79
idqn,44,moto,15.5
idqn,44,car,18.67
idqn,44,auto,14.68
idqn,44,moto,5.82
idqn,44,moto,5.58
idqn,44,moto,7.72
idqn,44,auto,18.21
idqn,44,auto,15.49
idqn,44,moto,17.08
idqn,44,auto,20.1
idqn,44,moto,6.54
idqn,44,moto,11.76
idqn,44,auto,7.9
idqn,44,car,3.3
idqn,44,moto,18.69
idqn,44,moto,7.1
idqn,44,moto,21.51
idqn,44,auto,16.03
idqn,44,car,15.04
idqn,44,moto,86.12
idqn,44,moto,3.94
idqn,44,moto,77.96
idqn,44,car,49.43
idqn,44,moto,36.76
idqn,44,auto,108.81
idqn,44,moto,80.55
idqn,44,auto,30.15
idqn,44,auto,17.4
idqn,44,car,2.61
idqn,44,auto,3.0
idqn,44,moto,7.81
idqn,44,moto,43.22
idqn,44,moto,6.5
idqn,44,auto,61.27
idqn,44,moto,41.96
idqn,44,moto,4.02
idqn,44,moto,42.36
idqn,44,auto,31.13
idqn,44,moto,16.09
idqn,44,moto,10.61
idqn,44,auto,15.85
idqn,44,auto,22.2
idqn,44,car,19.94
idqn,44,moto,15.02
idqn,44,moto,23.76
idqn,44,moto,16.01
idqn,44,car,12.57
idqn,44,moto,24.89
idqn,44,auto,22.78
idqn,44,auto,20.73
idqn,44,auto,10.43
idqn,44,auto,20.28
idqn,44,moto,11.9
idqn,44,car,6.81
idqn,44,moto,20.45
idqn,44,moto,7.25
idqn,44,auto,8.13
idqn,44,moto,22.89
idqn,44,moto,5.71
idqn,44,moto,19.82
idqn,44,moto,4.89
idqn,44,auto,9.25
idqn,44,moto,14.84
idqn,44,moto,7.73
idqn,44,auto,14.77
idqn,44,moto,5.97
idqn,44,auto,16.15
idqn,44,moto,5.14
idqn,44,moto,23.77
idqn,44,moto,5.05
idqn,44,car,18.14
idqn,44,auto,14.17
idqn,44,moto,30.23
idqn,44,car,21.0
idqn,44,auto,15.01
idqn,44,moto,6.04
idqn,44,auto,3.1
idqn,44,moto,7.66
idqn,44,moto,38.1
idqn,44,moto,3.65
idqn,44,moto,44.48
idqn,44,auto,17.38
idqn,44,moto,23.32
idqn,44,car,15.7
idqn,44,moto,18.87
idqn,44,car,14.79
idqn,44,moto,13.76
idqn,44,moto,8.95
idqn,44,moto,12.63
idqn,44,moto,19.53
idqn,44,moto,13.7
idqn,44,moto,9.67
idqn,44,moto,7.2
idqn,44,moto,25.97
idqn,44,moto,20.78
idqn,44,moto,49.46
idqn,44,moto,12.21
idqn,44,moto,76.27
idqn,44,auto,19.19
idqn,44,moto,19.93
idqn,44,moto,9.65
idqn,44,moto,18.84
idqn,44,moto,53.3
idqn,44,car,2.69
idqn,44,moto,12.54
idqn,44,moto,3.35
idqn,44,auto,17.64
idqn,44,moto,3.69
idqn,44,auto,2.14
idqn,44,moto,2.99
idqn,44,moto,6.16
idqn,44,moto,21.56
idqn,44,moto,11.06
idqn,44,moto,29.11
idqn,44,auto,2.04
idqn,44,auto,13.55
idqn,44,moto,38.72
idqn,44,auto,34.27
idqn,44,moto,17.47
idqn,44,car,14.44
idqn,44,auto,2.18
idqn,44,auto,2.65
idqn,44,auto,32.58
idqn,44,moto,5.25
idqn,44,car,18.89
idqn,44,moto,18.25
idqn,44,moto,8.57
idqn,44,moto,30.76
idqn,44,moto,5.86
idqn,44,moto,28.45
idqn,44,moto,14.41
idqn,44,auto,37.95
idqn,44,moto,10.74
idqn,44,auto,29.09
idqn,44,auto,5.49
idqn,44,moto,23.24
idqn,44,moto,24.3
idqn,44,moto,20.49
idqn,44,moto,5.41
idqn,44,moto,15.84
idqn,44,moto,4.11
idqn,44,moto,5.39
idqn,44,auto,1.96
idqn,44,auto,10.6
idqn,44,auto,3.66
idqn,44,moto,5.1
idqn,44,moto,3.65
idqn,44,moto,5.27
idqn,44,moto,3.8
idqn,44,moto,17.91
idqn,44,moto,5.63
idqn,44,auto,2.36
idqn,44,auto,2.3
idqn,44,car,3.16
idqn,44,moto,5.68
idqn,44,moto,21.76
idqn,44,auto,13.02
idqn,44,moto,4.34
idqn,44,moto,20.54
idqn,44,car,3.38
idqn,44,car,6.57
idqn,44,moto,10.2
idqn,44,moto,7.21
idqn,44,auto,17.17
idqn,44,car,42.43
idqn,44,moto,9.1
idqn,44,moto,5.23
idqn,44,auto,3.48
idqn,44,moto,4.92
idqn,44,moto,17.99
idqn,44,car,5.86
idqn,44,moto,4.91
idqn,44,moto,6.84
idqn,44,moto,4.86
idqn,44,moto,10.39
idqn,44,moto,8.14
idqn,44,car,10.8
idqn,44,moto,6.72
idqn,44,moto,3.37
idqn,44,moto,17.2
idqn,44,car,9.86
idqn,44,auto,85.31
idqn,44,moto,44.02
idqn,44,auto,17.36
idqn,44,moto,23.75
idqn,44,moto,34.82
idqn,44,car,12.05
idqn,44,moto,21.79
idqn,44,auto,17.69
idqn,44,moto,17.29
idqn,44,moto,15.07
idqn,44,auto,13.51
idqn,44,auto,18.03
idqn,44,auto,44.23
idqn,44,moto,9.44
idqn,44,car,19.24
idqn,44,car,3.94
idqn,44,moto,10.82
idqn,44,auto,2.08
idqn,44,auto,2.27
idqn,44,moto,23.71
idqn,44,moto,5.19
idqn,44,auto,3.34
idqn,44,auto,22.75
idqn,44,moto,21.75
idqn,44,auto,16.75
idqn,44,auto,20.57
idqn,44,moto,21.63
idqn,44,car,12.02
idqn,44,car,9.45
idqn,44,moto,11.0
idqn,44,moto,10.96
idqn,44,auto,6.67
idqn,44,moto,13.52
idqn,44,moto,8.74
idqn,44,moto,6.99
idqn,44,moto,5.21
idqn,44,moto,22.44
idqn,44,moto,3.85
idqn,44,moto,5.16
idqn,44,moto,11.65
idqn,44,moto,12.84
idqn,44,moto,12.81
idqn,44,moto,19.62
idqn,44,moto,16.78
idqn,44,moto,4.48
idqn,44,car,22.92
idqn,44,moto,15.33
idqn,44,moto,12.68
idqn,44,moto,19.99
idqn,44,moto,17.58
idqn,44,moto,13.73
idqn,44,auto,11.73
idqn,44,auto,24.16
idqn,44,auto,2.85
idqn,44,auto,11.51
idqn,44,auto,3.35
idqn,44,auto,17.12
idqn,44,auto,7.75
idqn,44,auto,5.14
idqn,44,car,50.49
idqn,44,moto,3.68
idqn,44,moto,4.37
idqn,44,moto,16.93
idqn,44,car,3.71
idqn,44,moto,6.44
idqn,44,car,2.08
idqn,44,moto,37.61
idqn,44,moto,8.34
idqn,44,moto,22.2
idqn,44,moto,24.42
idqn,44,moto,18.7
idqn,44,auto,74.31
idqn,44,moto,62.27
idqn,44,car,14.76
idqn,44,auto,16.05
idqn,44,moto,12.08
idqn,44,auto,3.17
idqn,44,moto,13.16
idqn,44,moto,4.53
idqn,44,moto,4.44
idqn,44,moto,4.4
idqn,44,moto,4.46
idqn,44,moto,25.29
idqn,44,auto,32.6
idqn,44,moto,21.14
idqn,44,car,3.55
idqn,44,auto,27.99
idqn,44,moto,33.35
idqn,44,auto,3.97
idqn,44,moto,35.95
idqn,44,moto,32.89
idqn,44,auto,2.94
idqn,44,moto,18.43
idqn,44,car,2.91
idqn,44,moto,3.97
idqn,44,moto,6.11
idqn,44,auto,2.19
idqn,44,moto,6.21
idqn,44,moto,19.99
idqn,44,moto,7.37
idqn,44,moto,5.2
idqn,44,moto,12.06
idqn,44,moto,5.5
idqn,44,moto,26.15
idqn,44,auto,37.42
idqn,44,moto,31.3
idqn,44,car,23.79
idqn,44,auto,7.39
idqn,44,moto,5.93
idqn,44,moto,10.37
idqn,44,moto,18.74
idqn,44,moto,11.43
idqn,44,moto,20.6
idqn,44,moto,13.89
idqn,44,auto,10.12
idqn,44,moto,6.43
idqn,44,moto,4.51
idqn,44,moto,5.86
idqn,44,car,9.88
idqn,44,car,4.19
idqn,44,auto,2.84
idqn,44,moto,51.65
idqn,44,moto,52.92
idqn,44,moto,33.58
idqn,44,auto,5.71
idqn,44,moto,4.84
idqn,44,moto,3.88
idqn,44,auto,29.02
idqn,44,moto,3.49
idqn,44,moto,4.36
idqn,44,car,2.66
idqn,44,auto,82.71
idqn,44,moto,4.46
idqn,44,moto,6.94
idqn,44,car,23.81
idqn,44,moto,4.14
idqn,44,moto,29.78
idqn,44,moto,9.12
idqn,44,moto,25.64
idqn,44,car,3.1
idqn,44,moto,4.71
idqn,44,car,4.86
idqn,44,auto,20.33
idqn,44,moto,42.5
idqn,44,moto,38.36
idqn,44,auto,44.79
idqn,44,moto,10.98
idqn,44,moto,23.72
idqn,44,auto,16.86
idqn,44,moto,19.51
idqn,44,moto,25.55
idqn,44,moto,19.02
idqn,44,car,18.58
idqn,44,auto,14.35
idqn,44,auto,2.44
idqn,44,moto,15.43
idqn,44,auto,11.72
idqn,44,car,4.08
idqn,44,auto,19.95
idqn,44,car,3.96
idqn,44,moto,9.02
idqn,44,car,10.09
idqn,44,moto,5.86
idqn,44,moto,13.53
idqn,44,car,8.92
idqn,44,moto,16.39
idqn,44,car,22.56
idqn,44,moto,7.18
idqn,44,moto,6.16
idqn,44,moto,4.55
idqn,44,auto,3.15
idqn,44,car,3.69
idqn,44,car,19.77
idqn,44,moto,22.74
idqn,44,moto,16.28
idqn,44,car,18.37
idqn,44,moto,17.52
idqn,44,moto,6.06
idqn,44,moto,18.54
idqn,44,auto,18.02
idqn,44,auto,2.87
idqn,44,moto,41.56
idqn,44,moto,4.48
idqn,44,moto,4.79
idqn,44,auto,65.27
idqn,44,auto,30.24
idqn,44,moto,19.77
idqn,44,auto,27.77
idqn,44,auto,3.12
idqn,44,moto,17.24
idqn,44,moto,61.01
idqn,44,moto,57.39
idqn,44,moto,56.93
idqn,44,auto,44.83
idqn,44,moto,13.31
idqn,44,auto,6.31
idqn,44,moto,5.18
idqn,44,moto,19.45
idqn,44,car,16.53
idqn,44,moto,29.99
idqn,44,moto,22.96
idqn,44,auto,37.22
idqn,44,moto,19.79
idqn,44,moto,10.29
idqn,44,moto,9.65
idqn,44,moto,5.57
idqn,44,car,7.45
idqn,44,auto,2.85
idqn,44,moto,6.66
idqn,44,moto,17.53
idqn,44,moto,16.82
idqn,44,moto,18.04
idqn,44,auto,18.91
idqn,44,car,23.32
idqn,44,moto,20.05
idqn,44,moto,12.17
idqn,44,car,12.82
idqn,44,car,23.83
idqn,44,moto,20.82
idqn,44,auto,21.93
idqn,44,car,18.75
idqn,44,auto,2.42
idqn,44,moto,24.45
idqn,44,moto,5.51
idqn,44,moto,3.95
idqn,44,moto,12.99
idqn,44,auto,2.23
idqn,44,moto,28.83
idqn,44,moto,25.79
idqn,44,moto,32.59
idqn,44,auto,32.18
idqn,44,moto,37.98
idqn,44,moto,36.8
idqn,44,car,11.9
idqn,44,moto,4.78
idqn,44,moto,5.58
idqn,44,moto,5.42
idqn,44,moto,21.99
idqn,44,car,28.46
idqn,44,auto,22.74
idqn,44,car,15.52
idqn,44,moto,19.29
idqn,44,auto,21.51
idqn,44,auto,2.36
idqn,44,moto,6.76
idqn,44,moto,22.89
idqn,44,auto,10.41
idqn,44,moto,5.14
idqn,44,car,1.45
idqn,44,moto,15.18
idqn,44,auto,8.01
idqn,44,moto,11.67
idqn,44,moto,7.89
idqn,44,moto,6.7
idqn,44,auto,2.73
idqn,44,moto,15.55
idqn,44,auto,26.19
idqn,44,auto,21.84
idqn,44,car,13.88
idqn,44,moto,10.29
idqn,44,auto,13.43
idqn,44,moto,4.24
idqn,44,moto,10.56
idqn,44,car,3.33
idqn,44,moto,11.37
idqn,44,moto,10.58
idqn,44,car,19.15
idqn,44,moto,22.56
idqn,44,auto,10.27
idqn,44,moto,5.69
idqn,44,moto,14.59
idqn,44,auto,8.78
idqn,44,auto,8.44
idqn,44,moto,5.99
idqn,44,car,7.79
idqn,44,moto,6.38
idqn,44,auto,7.34
idqn,44,car,8.27
idqn,44,moto,3.08
idqn,44,moto,4.11
idqn,44,moto,4.2
idqn,44,moto,5.54
idqn,44,moto,20.79
idqn,44,moto,5.21
idqn,44,auto,14.91
idqn,44,car,13.01
idqn,44,moto,9.9
idqn,44,moto,4.23
idqn,44,moto,22.0
idqn,44,moto,11.16
idqn,44,moto,4.94
idqn,44,moto,31.77
idqn,44,moto,24.83
idqn,44,moto,75.25
idqn,44,auto,2.47
idqn,44,moto,33.76
idqn,44,moto,16.15
idqn,44,auto,52.73
idqn,44,auto,45.75
idqn,44,car,21.56
idqn,44,auto,16.39
idqn,44,moto,6.33
idqn,44,moto,11.56
idqn,44,moto,6.03
idqn,44,auto,3.19
idqn,44,moto,55.8
idqn,44,moto,44.93
idqn,44,auto,39.54
idqn,44,moto,43.08
idqn,44,moto,16.37
idqn,44,auto,8.73
idqn,44,auto,14.3
idqn,44,auto,24.26
idqn,44,auto,32.49
idqn,44,moto,16.94
idqn,44,auto,20.58
idqn,44,auto,23.41
idqn,44,moto,16.09
idqn,44,moto,12.91
idqn,44,moto,12.15
idqn,44,moto,8.31
idqn,44,auto,10.87
idqn,44,moto,13.2
idqn,44,auto,17.38
idqn,44,car,5.69
idqn,44,moto,20.87
idqn,44,moto,6.3
idqn,44,moto,15.07
idqn,44,moto,30.0
idqn,44,car,27.83
idqn,44,auto,22.52
idqn,44,auto,16.3
idqn,44,moto,13.7
idqn,44,auto,14.19
idqn,44,auto,9.92
idqn,44,moto,8.22
idqn,44,moto,22.08
idqn,44,moto,6.08
idqn,44,auto,5.71
idqn,44,car,26.66
idqn,44,auto,17.69
idqn,44,moto,36.69
idqn,44,moto,23.29
idqn,44,car,20.75
idqn,44,moto,4.6
idqn,44,moto,15.19
idqn,44,moto,27.96
idqn,44,car,21.14
idqn,44,car,21.91
idqn,44,car,21.08
idqn,44,car,18.64
idqn,44,auto,14.64
idqn,44,moto,22.66
idqn,44,moto,16.21
idqn,44,car,14.81
idqn,44,auto,6.97
idqn,44,moto,4.99
idqn,44,moto,12.19
idqn,44,moto,8.12
idqn,44,moto,5.24
idqn,44,moto,4.74
idqn,44,moto,11.82
idqn,44,car,3.12
idqn,44,auto,7.81
idqn,44,moto,4.54
idqn,44,moto,6.03
idqn,44,moto,5.07
idqn,44,auto,2.57
idqn,44,moto,3.59
idqn,44,car,13.4
idqn,44,auto,2.97
idqn,44,moto,11.66
idqn,44,moto,4.55
idqn,44,moto,30.66
idqn,44,moto,15.52
idqn,44,moto,49.17
idqn,44,auto,3.07
idqn,44,moto,19.87
idqn,44,auto,22.66
idqn,44,moto,8.29
idqn,44,auto,7.55
idqn,44,moto,10.27
idqn,44,moto,14.45
idqn,44,moto,4.49
idqn,44,car,2.52
idqn,44,car,5.95
idqn,44,car,48.33
idqn,44,auto,6.05
idqn,44,moto,34.77
idqn,44,moto,26.86
idqn,44,moto,56.73
idqn,44,moto,8.05
idqn,44,moto,46.21
idqn,44,car,4.06
idqn,44,moto,24.43
idqn,44,moto,12.28
idqn,44,car,23.97
idqn,44,auto,25.7
idqn,44,auto,15.63
idqn,44,moto,18.29
idqn,44,moto,21.93
idqn,44,auto,8.97
idqn,44,car,7.04
idqn,44,car,9.34
idqn,44,moto,12.65
idqn,44,auto,2.46
idqn,44,car,14.16
idqn,44,moto,9.46
idqn,44,auto,10.86
idqn,44,auto,8.13
idqn,44,auto,4.24
idqn,44,moto,27.31
idqn,44,moto,4.53
idqn,44,car,10.54
idqn,44,car,6.09
idqn,44,car,15.49
idqn,44,car,3.23
idqn,44,moto,2.9
idqn,44,moto,18.35
idqn,44,moto,4.81
idqn,44,moto,16.72
idqn,44,moto,5.48
idqn,44,moto,3.06
idqn,44,moto,14.41
idqn,44,moto,10.21
idqn,44,car,15.56
idqn,44,moto,4.88
idqn,44,moto,7.81
idqn,44,car,4.81
idqn,44,auto,3.48
idqn,44,moto,24.36
idqn,44,moto,4.84
idqn,44,moto,19.97
idqn,44,auto,10.7
idqn,44,auto,23.61
idqn,44,auto,35.08
idqn,44,moto,19.41
idqn,44,auto,19.46
idqn,44,moto,26.41
idqn,44,moto,12.29
idqn,44,moto,15.38
idqn,44,moto,18.15
idqn,44,moto,13.44
idqn,44,moto,4.06
idqn,44,car,2.84
idqn,44,auto,25.87
idqn,44,moto,9.68
idqn,44,auto,4.09
idqn,44,auto,2.35
idqn,44,auto,36.02
idqn,44,moto,67.15
idqn,44,car,26.56
idqn,44,auto,74.64
idqn,44,car,21.68
idqn,44,auto,20.53
idqn,44,moto,4.87
idqn,44,moto,4.75
idqn,44,auto,23.48
idqn,44,moto,19.22
idqn,44,auto,18.04
idqn,44,car,7.44
idqn,44,moto,16.19
idqn,44,moto,9.32
idqn,44,auto,18.54
idqn,44,car,7.89
idqn,44,auto,18.99
idqn,44,moto,20.8
idqn,44,moto,19.64
idqn,44,car,25.67
idqn,44,auto,20.94
idqn,44,moto,25.1
idqn,44,auto,9.43
idqn,44,auto,7.45
idqn,44,auto,3.88
idqn,44,moto,4.85
idqn,44,moto,5.49
idqn,44,auto,12.24
idqn,44,car,6.27
idqn,44,moto,23.11
idqn,44,auto,9.68
idqn,44,car,12.91
idqn,44,auto,14.8
idqn,44,moto,2.7
idqn,44,moto,4.33
idqn,44,moto,3.78
idqn,44,moto,29.31
idqn,44,moto,22.31
idqn,44,moto,7.75
idqn,44,moto,30.63
idqn,44,moto,17.84
idqn,44,car,15.24
idqn,44,moto,26.68
idqn,44,moto,16.49
idqn,44,moto,15.9
idqn,44,moto,20.47
idqn,44,auto,26.96
idqn,44,auto,23.14
idqn,44,moto,23.82
idqn,44,moto,24.11
idqn,44,auto,15.46
idqn,44,car,22.18
idqn,44,auto,19.49
idqn,44,moto,21.6
idqn,44,moto,23.5
idqn,44,auto,24.58
idqn,44,car,13.01
idqn,44,moto,12.85
idqn,44,moto,10.59
idqn,44,car,9.88
idqn,44,auto,4.73
idqn,44,moto,5.79
idqn,44,car,25.24
idqn,44,moto,27.65
idqn,44,moto,26.59
idqn,44,moto,18.2
idqn,44,moto,5.0
idqn,44,moto,5.58
idqn,44,moto,6.88
idqn,44,car,5.83
idqn,44,moto,27.47
idqn,44,moto,4.76
idqn,44,moto,13.18
idqn,44,auto,22.09
idqn,44,car,3.68
idqn,44,moto,5.26
idqn,44,moto,5.5
idqn,44,auto,2.04
idqn,44,auto,2.52
idqn,44,auto,3.31
idqn,44,car,3.59
idqn,44,moto,5.38
idqn,44,moto,6.8
idqn,44,car,4.45
idqn,44,moto,5.68
idqn,44,moto,4.07
idqn,44,moto,3.56
idqn,44,moto,3.97
idqn,44,moto,4.04
idqn,44,moto,5.49
idqn,44,moto,11.03
idqn,44,moto,12.59
idqn,44,moto,8.78
idqn,44,moto,5.19
idqn,44,moto,4.01
idqn,44,moto,19.56
idqn,44,moto,61.88
idqn,44,auto,7.69
idqn,44,moto,4.4
idqn,44,moto,11.64
idqn,44,moto,62.56
idqn,44,moto,4.2
idqn,44,moto,12.07
idqn,44,auto,17.26
idqn,44,car,6.05
idqn,44,moto,4.49
idqn,44,car,4.76
idqn,44,car,5.62
idqn,44,moto,43.54
idqn,44,moto,2.96
idqn,44,car,11.39
idqn,44,moto,63.42
idqn,44,car,11.09
idqn,44,car,17.6
idqn,44,moto,6.63
idqn,44,moto,14.68
idqn,44,moto,38.9
idqn,44,auto,77.96
idqn,44,auto,61.0
idqn,44,auto,56.27
idqn,44,auto,44.54
idqn,44,moto,38.03
idqn,44,auto,8.12
idqn,44,moto,9.32
idqn,44,moto,2.58
idqn,44,auto,4.12
idqn,44,moto,25.34
idqn,44,moto,22.22
idqn,44,moto,9.5
idqn,44,moto,20.57
idqn,44,moto,23.94
idqn,44,moto,15.78
idqn,44,car,21.94
idqn,44,moto,14.48
idqn,44,moto,24.57
idqn,44,auto,16.96
idqn,44,car,19.67
idqn,44,car,9.5
idqn,44,moto,14.02
idqn,44,moto,10.23
idqn,44,car,24.32
idqn,44,auto,20.17
idqn,44,auto,6.95
idqn,44,moto,26.66
idqn,44,moto,4.11
idqn,44,moto,23.79
idqn,44,moto,11.86
idqn,44,moto,13.08
idqn,44,car,29.14
idqn,44,auto,22.52
idqn,44,auto,14.51
idqn,44,moto,19.59
idqn,44,moto,27.0
idqn,44,car,19.58
idqn,44,moto,8.95
idqn,44,moto,6.79
idqn,44,moto,6.28
idqn,44,moto,24.6
idqn,44,car,3.96
idqn,44,car,32.97
idqn,44,moto,39.35
idqn,44,moto,35.03
idqn,44,moto,22.08
idqn,44,moto,22.47
idqn,44,car,21.47
idqn,44,auto,6.31
idqn,44,car,19.49
idqn,44,auto,4.82
idqn,44,moto,10.86
idqn,44,car,2.51
idqn,44,moto,5.63
idqn,44,car,4.9
idqn,44,moto,17.92
idqn,44,car,22.18
idqn,44,moto,19.48
idqn,44,car,17.78
idqn,44,moto,37.72
idqn,44,auto,57.23
idqn,44,auto,90.12
idqn,44,auto,78.9
idqn,44,moto,27.51
idqn,44,car,23.75
idqn,44,moto,36.36
idqn,44,moto,34.47
idqn,44,auto,5.05
idqn,44,moto,4.84
idqn,44,auto,29.33
idqn,44,car,41.29
idqn,44,car,22.49
idqn,44,moto,39.63
idqn,44,auto,41.83
idqn,44,auto,28.65
idqn,44,auto,29.89
idqn,44,car,6.12
idqn,44,auto,23.76
idqn,44,auto,18.52
idqn,44,moto,27.77
idqn,44,car,24.53
idqn,44,moto,14.09
idqn,44,moto,17.13
idqn,44,moto,24.25
idqn,44,auto,28.56
idqn,44,moto,22.09
idqn,44,moto,23.28
idqn,44,auto,33.99
idqn,44,moto,21.61
idqn,44,auto,20.05
idqn,44,car,16.34
idqn,44,auto,17.5
idqn,44,moto,23.14
idqn,44,moto,18.45
idqn,44,auto,22.61
idqn,44,moto,13.55
idqn,44,car,5.03
idqn,44,auto,22.93
idqn,44,moto,6.56
idqn,44,moto,24.04
idqn,44,moto,4.09
idqn,44,moto,4.89
idqn,44,moto,21.43
idqn,44,moto,10.79
idqn,44,moto,5.35
idqn,44,moto,22.07
idqn,44,moto,2.98
idqn,44,moto,8.25
idqn,44,car,14.14
idqn,44,auto,6.67
idqn,44,moto,22.9
idqn,44,moto,6.42
idqn,44,auto,23.28
idqn,44,auto,21.84
idqn,44,moto,6.79
idqn,44,moto,5.27
idqn,44,moto,23.43
idqn,44,moto,53.9
idqn,44,moto,37.78
idqn,44,moto,57.89
idqn,44,moto,24.09
idqn,44,moto,9.92
idqn,44,car,4.28
idqn,44,auto,17.31
idqn,44,car,3.76
idqn,44,auto,41.78
idqn,44,moto,4.48
idqn,44,auto,38.95
idqn,44,auto,22.54
idqn,44,moto,4.42
idqn,44,moto,9.86
idqn,44,moto,3.67
idqn,44,moto,5.05
idqn,44,moto,5.64
idqn,44,car,3.77
idqn,44,auto,1.65
idqn,44,moto,20.73
idqn,44,moto,19.96
idqn,44,car,28.02
idqn,44,auto,4.81
idqn,44,moto,59.62
idqn,44,auto,16.62
idqn,44,auto,20.49
idqn,44,moto,25.58
idqn,44,auto,11.85
idqn,44,moto,10.32
idqn,44,auto,13.77
idqn,44,auto,69.19
idqn,44,moto,5.59
idqn,44,auto,4.99
idqn,44,moto,53.77
idqn,44,car,16.25
idqn,44,auto,13.06
idqn,44,moto,25.43
idqn,44,car,15.24
idqn,44,moto,21.02
idqn,44,moto,23.8
idqn,44,car,16.44
idqn,44,moto,19.06
idqn,44,moto,19.64
idqn,44,auto,22.97
idqn,44,auto,13.31
idqn,44,moto,10.75
idqn,44,moto,20.4
idqn,44,car,5.76
idqn,44,moto,6.81
idqn,44,auto,11.57
idqn,44,moto,20.63
idqn,44,moto,6.8
idqn,44,car,7.27
idqn,44,moto,23.48
idqn,44,car,6.5
idqn,44,auto,21.13
idqn,44,auto,18.85
idqn,44,auto,4.47
idqn,44,moto,5.79
idqn,44,moto,5.36
idqn,44,auto,4.35
idqn,44,car,10.78
idqn,44,car,2.21
idqn,44,moto,14.1
idqn,44,moto,8.18
idqn,44,moto,8.23
idqn,44,moto,16.02
idqn,44,moto,6.71
idqn,44,moto,6.16
idqn,44,moto,6.09
idqn,44,moto,4.67
idqn,44,moto,4.96
idqn,44,moto,4.82
idqn,44,moto,5.47
idqn,44,moto,3.88
idqn,44,moto,4.17
idqn,44,auto,4.63
idqn,44,moto,60.29
idqn,44,moto,56.78
idqn,44,auto,44.13
idqn,44,moto,14.87
idqn,44,moto,14.63
idqn,44,auto,3.42
idqn,44,moto,6.12
idqn,44,moto,14.3
idqn,44,auto,1.87
idqn,44,moto,19.02
idqn,44,car,29.94
idqn,44,auto,3.44
idqn,44,car,3.34
idqn,44,moto,4.21
idqn,44,moto,15.23
idqn,44,car,17.83
idqn,44,car,9.49
idqn,44,auto,5.57
idqn,44,moto,27.31
idqn,44,auto,17.56
idqn,44,car,2.77
idqn,44,car,6.29
idqn,44,moto,11.62
idqn,44,moto,19.12
idqn,44,moto,7.18
idqn,44,moto,5.94
idqn,44,moto,4.26
idqn,44,moto,18.12
idqn,44,auto,2.02
idqn,44,car,18.61
idqn,44,moto,6.43
idqn,44,moto,21.34
idqn,44,moto,6.26
idqn,44,auto,2.62
idqn,44,moto,4.56
idqn,44,auto,2.97
idqn,44,moto,4.82
idqn,44,car,8.66
idqn,44,auto,3.06
idqn,44,moto,5.08
idqn,44,moto,5.55
idqn,44,moto,5.52
idqn,44,moto,82.68
idqn,44,moto,6.68
idqn,44,moto,115.39
idqn,44,moto,84.05
idqn,44,auto,43.76
idqn,44,auto,43.54
idqn,44,auto,31.27
idqn,44,moto,107.57
idqn,44,moto,42.86
idqn,44,moto,20.73
idqn,44,auto,20.04
idqn,44,moto,19.88
idqn,44,moto,9.74
idqn,44,car,11.26
idqn,44,moto,20.78
idqn,44,auto,34.18
idqn,44,car,17.47
idqn,44,moto,15.31
idqn,44,moto,19.65
idqn,44,car,9.09
idqn,44,moto,2.8
idqn,44,car,4.27
idqn,44,auto,16.04
idqn,44,moto,11.54
idqn,44,auto,16.23
idqn,44,auto,2.49
idqn,44,moto,6.51
idqn,44,auto,2.18
idqn,44,auto,19.72
idqn,44,moto,19.12
idqn,44,moto,12.59
idqn,44,moto,13.82
idqn,44,moto,20.56
idqn,44,moto,24.52
idqn,44,auto,7.77
idqn,44,moto,22.48
idqn,44,car,6.65
idqn,44,moto,20.19
idqn,44,moto,11.04
idqn,44,car,10.92
idqn,44,car,42.04
idqn,44,moto,33.61
idqn,44,car,23.08
idqn,44,moto,47.52
idqn,44,auto,21.37
idqn,44,moto,18.56
idqn,44,moto,18.0
idqn,44,car,12.89
idqn,44,moto,4.4
idqn,44,moto,3.21
idqn,44,moto,19.45
idqn,44,moto,22.18
idqn,44,moto,10.89
idqn,44,moto,25.85
idqn,44,moto,23.62
idqn,44,moto,20.85
idqn,44,moto,20.03
idqn,44,car,14.41
idqn,44,auto,17.84
idqn,44,auto,4.41
idqn,44,auto,10.1
idqn,44,moto,10.94
idqn,44,auto,7.33
idqn,44,moto,5.69
idqn,44,moto,10.36
idqn,44,auto,38.35
idqn,44,auto,14.11
idqn,44,moto,5.28
idqn,44,auto,12.45
idqn,44,moto,10.24
idqn,44,moto,6.86
idqn,44,moto,7.63
idqn,44,auto,6.79
idqn,44,auto,2.15
idqn,44,car,6.02
idqn,44,moto,6.72
idqn,44,moto,5.57
idqn,44,moto,7.28
idqn,44,moto,21.64
idqn,44,moto,16.77
idqn,44,car,4.15
idqn,44,moto,27.07
idqn,44,auto,5.15
idqn,44,auto,2.63
idqn,44,car,11.35
idqn,44,auto,2.04
idqn,44,car,17.01
idqn,44,moto,5.24
idqn,44,moto,10.7
idqn,44,auto,13.73
idqn,44,moto,5.23
idqn,44,moto,23.06
idqn,44,moto,39.09
idqn,44,moto,41.11
idqn,44,moto,7.02
idqn,44,car,24.64
idqn,44,moto,5.57
idqn,44,moto,4.62
idqn,44,moto,22.95
idqn,44,moto,22.22
idqn,44,moto,17.78
idqn,44,moto,25.31
idqn,44,moto,18.21
idqn,44,auto,30.36
idqn,44,moto,21.16
idqn,44,moto,21.27
idqn,44,moto,14.97
idqn,44,moto,22.44
idqn,44,moto,5.01
idqn,44,moto,16.35
idqn,44,moto,8.26
idqn,44,auto,19.43
idqn,44,auto,22.98
idqn,44,car,13.0
idqn,44,auto,17.39
idqn,44,moto,7.3
idqn,44,auto,9.27
idqn,44,moto,5.35
idqn,44,moto,5.38
idqn,44,auto,15.11
idqn,44,moto,10.72
idqn,44,auto,5.21
idqn,44,moto,24.24
idqn,44,moto,4.68
idqn,44,moto,18.45
idqn,44,moto,18.06
idqn,44,moto,20.58
idqn,44,moto,5.48
idqn,44,moto,5.87
idqn,44,auto,6.81
idqn,44,auto,9.25
idqn,44,moto,6.26
idqn,44,moto,15.98
idqn,44,car,10.07
idqn,44,auto,2.83
idqn,44,auto,2.74
idqn,44,moto,7.76
idqn,44,moto,86.2
idqn,44,auto,3.26
idqn,44,moto,75.89
idqn,44,moto,19.02
idqn,44,moto,11.09
idqn,44,moto,12.41
idqn,44,moto,5.85
idqn,44,auto,19.84
idqn,44,auto,47.16
idqn,44,auto,2.62
idqn,44,auto,44.71
idqn,44,moto,9.47
idqn,44,moto,5.98
idqn,44,auto,9.21
idqn,44,moto,11.13
idqn,44,moto,10.56
idqn,44,moto,12.68
idqn,44,moto,4.6
idqn,44,moto,10.39
idqn,44,moto,18.27
idqn,44,moto,5.48
idqn,44,auto,17.06
idqn,44,auto,9.81
idqn,44,moto,22.01
idqn,44,moto,37.51
idqn,44,car,56.7
idqn,44,moto,47.67
idqn,44,auto,24.25
idqn,44,moto,14.47
idqn,44,moto,11.6
idqn,44,moto,4.54
idqn,44,car,5.07
idqn,44,moto,17.28
idqn,44,moto,16.69
idqn,44,auto,15.8
idqn,44,moto,8.23
idqn,44,car,9.82
idqn,44,car,10.85
idqn,44,moto,6.53
idqn,44,moto,8.89
idqn,44,car,11.97
idqn,44,auto,24.64
idqn,44,auto,2.13
idqn,44,moto,5.9
idqn,44,moto,6.7
idqn,44,moto,11.34
idqn,44,auto,12.07
idqn,44,auto,2.43
idqn,44,moto,5.66
idqn,44,moto,5.12
idqn,44,car,4.83
idqn,44,moto,5.83
idqn,44,moto,4.84
idqn,44,moto,46.82
idqn,44,moto,28.68
idqn,44,moto,81.82
idqn,44,moto,82.05
idqn,44,auto,14.01
idqn,44,auto,9.29
idqn,44,moto,6.77
idqn,44,moto,17.37
idqn,44,moto,17.31
idqn,44,auto,20.63
idqn,44,auto,21.59
idqn,44,auto,3.22
idqn,44,moto,23.71
idqn,44,moto,14.06
idqn,44,moto,18.33
idqn,44,moto,14.14
idqn,44,moto,9.91
idqn,44,car,21.09
idqn,44,auto,5.18
idqn,44,moto,6.35
idqn,44,moto,4.19
idqn,44,moto,13.52
idqn,44,auto,2.89
idqn,44,moto,7.0
idqn,44,auto,4.33
idqn,44,car,2.78
idqn,44,moto,4.85
idqn,44,auto,1.93
idqn,44,moto,3.96
idqn,44,moto,6.15
idqn,44,auto,22.48
idqn,44,moto,7.49
idqn,44,moto,7.28
idqn,44,moto,8.15
idqn,44,car,20.31
idqn,44,moto,4.45
idqn,44,moto,16.51
idqn,44,auto,13.61
idqn,44,car,18.01
idqn,44,moto,7.74
idqn,44,moto,17.35
idqn,44,auto,3.4
idqn,44,moto,2.78
idqn,44,car,4.82
idqn,44,auto,2.62
idqn,44,moto,5.82
idqn,44,moto,5.19
idqn,44,car,4.37
idqn,44,moto,41.34
idqn,44,moto,27.87
idqn,44,moto,85.95
idqn,44,car,19.37
idqn,44,car,22.99
idqn,44,moto,22.25
idqn,44,auto,19.85
idqn,44,moto,64.87
idqn,44,moto,15.78
idqn,44,auto,32.03
idqn,44,auto,23.39
idqn,44,moto,16.88
idqn,44,car,69.51
idqn,44,auto,14.99
idqn,44,moto,16.77
idqn,44,moto,52.34
idqn,44,moto,16.48
idqn,44,moto,9.47
idqn,44,auto,7.83
idqn,44,moto,17.45
idqn,44,moto,9.77
idqn,44,car,17.68
idqn,44,auto,13.78
idqn,44,moto,5.88
idqn,44,car,4.18
idqn,44,car,4.3
idqn,44,moto,7.11
idqn,44,auto,4.21
idqn,44,moto,5.15
idqn,44,moto,5.33
idqn,44,moto,20.91
idqn,44,car,2.98
idqn,44,moto,23.89
idqn,44,moto,19.89
idqn,44,moto,17.5
idqn,44,moto,12.83
idqn,44,car,14.36
idqn,44,moto,11.14
idqn,44,car,8.18
idqn,44,moto,16.88
idqn,44,car,24.23
idqn,44,car,24.31
idqn,44,moto,25.37
idqn,44,moto,17.64
idqn,44,moto,11.11
idqn,44,moto,4.99
idqn,44,moto,24.77
idqn,44,moto,21.81
idqn,44,moto,5.66
idqn,44,moto,4.51
idqn,44,moto,16.82
idqn,44,auto,4.41
idqn,44,moto,14.87
idqn,44,moto,7.77
idqn,44,moto,3.76
idqn,44,car,3.33
idqn,44,car,17.01
idqn,44,moto,17.57
idqn,44,auto,18.43
idqn,44,moto,12.38
idqn,44,moto,5.68
idqn,44,moto,4.17
idqn,44,moto,25.61
idqn,44,moto,12.64
idqn,44,car,15.34
idqn,44,moto,13.23
idqn,44,moto,4.23
idqn,44,car,16.42
idqn,44,moto,14.04
idqn,44,moto,18.25
idqn,44,moto,24.81
idqn,44,moto,4.07
idqn,44,car,4.56
idqn,44,car,5.18
idqn,44,auto,2.8
idqn,44,moto,11.59
idqn,44,moto,5.72
idqn,44,car,5.67
idqn,44,auto,4.3
