span,t,ts,phase,halting,vehicles
400,0.0,C1,0,0,0
400,0.0,C2,0,0,0
400,0.0,C3,0,0,0
400,0.0,C3_E,-1,0,0
400,5.0,C1,0,0,1
400,5.0,C2,0,0,0
400,5.0,C3,0,0,0
400,5.0,C3_E,-1,0,0
400,10.0,C1,0,0,1
400,10.0,C2,0,0,0
400,10.0,C3,0,0,0
400,10.0,C3_E,-1,0,0
400,15.0,C1,0,0,3
400,15.0,C2,0,0,0
400,15.0,C3,0,0,0
400,15.0,C3_E,-1,0,0
400,20.0,C1,1,0,6
400,20.0,C2,0,0,0
400,20.0,C3,1,0,0
400,20.0,C3_E,-1,0,0
400,25.0,C1,1,0,6
400,25.0,C2,0,0,1
400,25.0,C3,1,0,0
400,25.0,C3_E,-1,0,0
400,30.0,C1,1,0,4
400,30.0,C2,0,0,3
400,30.0,C3,1,0,0
400,30.0,C3_E,-1,0,0
400,35.0,C1,0,1,5
400,35.0,C2,1,0,3
400,35.0,C3,0,0,0
400,35.0,C3_E,-1,0,0
400,40.0,C1,0,3,7
400,40.0,C2,1,0,3
400,40.0,C3,0,0,0
400,40.0,C3_E,-1,0,0
400,45.0,C1,0,4,9
400,45.0,C2,1,0,0
400,45.0,C3,0,0,3
400,45.0,C3_E,-1,0,0
400,50.0,C1,1,0,4
400,50.0,C2,0,0,0
400,50.0,C3,1,0,3
400,50.0,C3_E,-1,0,0
400,55.0,C1,1,0,2
400,55.0,C2,0,0,6
400,55.0,C3,1,0,3
400,55.0,C3_E,-1,0,0
400,60.0,C1,1,0,1
400,60.0,C2,0,0,9
400,60.0,C3,1,0,0
400,60.0,C3_E,-1,0,2
400,65.0,C1,0,0,1
400,65.0,C2,1,0,7
400,65.0,C3,0,0,0
400,65.0,C3_E,-1,0,3
400,70.0,C1,0,0,3
400,70.0,C2,1,0,2
400,70.0,C3,0,0,6
400,70.0,C3_E,-1,0,3
400,75.0,C1,0,1,3
400,75.0,C2,1,0,0
400,75.0,C3,0,0,9
400,75.0,C3_E,-1,0,1
400,80.0,C1,1,0,3
400,80.0,C2,0,0,0
400,80.0,C3,1,0,7
400,80.0,C3_E,-1,0,0
400,85.0,C1,1,0,3
400,85.0,C2,0,0,2
400,85.0,C3,1,0,2
400,85.0,C3_E,-1,0,5
400,90.0,C1,1,0,2
400,90.0,C2,0,0,3
400,90.0,C3,1,0,0
400,90.0,C3_E,-1,0,9
400,95.0,C1,0,0,3
400,95.0,C2,1,0,3
400,95.0,C3,0,0,0
400,95.0,C3_E,-1,0,7
400,100.0,C1,0,2,3
400,100.0,C2,1,0,2
400,100.0,C3,0,0,1
400,100.0,C3_E,-1,0,3
400,105.0,C1,0,2,6
400,105.0,C2,1,0,0
400,105.0,C3,0,0,2
400,105.0,C3_E,-1,0,0
400,110.0,C1,1,0,3
400,110.0,C2,0,0,0
400,110.0,C3,1,0,3
400,110.0,C3_E,-1,0,0
400,115.0,C1,1,0,3
400,115.0,C2,0,0,3
400,115.0,C3,1,0,2
400,115.0,C3_E,-1,0,1
400,120.0,C1,1,0,2
400,120.0,C2,0,0,4
400,120.0,C3,1,0,1
400,120.0,C3_E,-1,0,2
400,125.0,C1,0,0,3
400,125.0,C2,1,0,5
400,125.0,C3,0,0,0
400,125.0,C3_E,-1,0,3
400,130.0,C1,0,0,3
400,130.0,C2,1,0,3
400,130.0,C3,0,0,3
400,130.0,C3_E,-1,0,2
400,135.0,C1,0,0,4
400,135.0,C2,1,0,1
400,135.0,C3,0,0,4
400,135.0,C3_E,-1,0,2
400,140.0,C1,1,0,2
400,140.0,C2,0,1,1
400,140.0,C3,1,0,3
400,140.0,C3_E,-1,0,0
400,145.0,C1,1,0,4
400,145.0,C2,0,1,4
400,145.0,C3,1,0,2
400,145.0,C3_E,-1,0,3
400,150.0,C1,1,0,8
400,150.0,C2,0,1,5
400,150.0,C3,1,0,0
400,150.0,C3_E,-1,0,4
400,155.0,C1,0,0,9
400,155.0,C2,1,0,3
400,155.0,C3,0,0,0
400,155.0,C3_E,-1,0,4
400,160.0,C1,0,0,12
400,160.0,C2,1,0,1
400,160.0,C3,0,0,4
400,160.0,C3_E,-1,0,2
400,165.0,C1,0,3,14
400,165.0,C2,1,0,0
400,165.0,C3,0,0,5
400,165.0,C3_E,-1,0,1
400,170.0,C1,1,1,14
400,170.0,C2,0,0,0
400,170.0,C3,1,0,4
400,170.0,C3_E,-1,0,0
400,175.0,C1,1,0,9
400,175.0,C2,0,0,8
400,175.0,C3,1,0,0
400,175.0,C3_E,-1,0,2
400,180.0,C1,1,0,7
400,180.0,C2,0,0,14
400,180.0,C3,1,0,0
400,180.0,C3_E,-1,0,5
400,185.0,C1,0,0,7
400,185.0,C2,1,0,14
400,185.0,C3,0,0,0
400,185.0,C3_E,-1,0,4
400,190.0,C1,0,3,9
400,190.0,C2,1,0,9
400,190.0,C3,0,0,2
400,190.0,C3_E,-1,0,2
400,195.0,C1,0,6,10
400,195.0,C2,1,0,0
400,195.0,C3,0,0,12
400,195.0,C3_E,-1,0,0
400,200.0,C1,1,0,8
400,200.0,C2,0,0,0
400,200.0,C3,1,0,14
400,200.0,C3_E,-1,0,0
400,205.0,C1,1,0,5
400,205.0,C2,0,0,6
400,205.0,C3,1,0,11
400,205.0,C3_E,-1,0,3
400,210.0,C1,1,0,6
400,210.0,C2,0,0,10
400,210.0,C3,1,0,5
400,210.0,C3_E,-1,0,6
400,215.0,C1,0,0,7
400,215.0,C2,1,0,10
400,215.0,C3,0,4,4
400,215.0,C3_E,-1,0,9
400,220.0,C1,0,2,8
400,220.0,C2,1,0,4
400,220.0,C3,0,4,7
400,220.0,C3_E,-1,0,7
400,225.0,C1,0,4,8
400,225.0,C2,1,0,1
400,225.0,C3,0,4,13
400,225.0,C3_E,-1,0,4
400,230.0,C1,1,0,4
400,230.0,C2,0,0,0
400,230.0,C3,1,0,10
400,230.0,C3_E,-1,0,1
400,235.0,C1,1,0,4
400,235.0,C2,0,0,6
400,235.0,C3,1,0,6
400,235.0,C3_E,-1,0,6
400,240.0,C1,1,0,7
400,240.0,C2,0,0,8
400,240.0,C3,1,0,2
400,240.0,C3_E,-1,0,10
400,245.0,C1,0,0,11
400,245.0,C2,1,0,6
400,245.0,C3,0,1,2
400,245.0,C3_E,-1,0,12
400,250.0,C1,0,1,13
400,250.0,C2,1,0,1
400,250.0,C3,0,2,6
400,250.0,C3_E,-1,0,7
400,255.0,C1,0,5,15
400,255.0,C2,1,0,0
400,255.0,C3,0,2,10
400,255.0,C3_E,-1,0,3
400,260.0,C1,1,2,11
400,260.0,C2,0,0,0
400,260.0,C3,1,0,6
400,260.0,C3_E,-1,0,0
400,265.0,C1,1,0,4
400,265.0,C2,0,0,7
400,265.0,C3,1,0,3
400,265.0,C3_E,-1,0,4
400,270.0,C1,1,0,1
400,270.0,C2,0,0,14
400,270.0,C3,1,0,0
400,270.0,C3_E,-1,0,9
400,275.0,C1,0,0,3
400,275.0,C2,1,0,15
400,275.0,C3,0,0,0
400,275.0,C3_E,-1,0,9
400,280.0,C1,0,0,4
400,280.0,C2,1,0,6
400,280.0,C3,0,0,4
400,280.0,C3_E,-1,0,7
400,285.0,C1,0,1,6
400,285.0,C2,1,0,1
400,285.0,C3,0,0,13
400,285.0,C3_E,-1,0,2
400,290.0,C1,1,0,5
400,290.0,C2,0,0,0
400,290.0,C3,1,0,15
400,290.0,C3_E,-1,0,0
400,295.0,C1,1,0,3
400,295.0,C2,0,0,4
400,295.0,C3,1,0,13
400,295.0,C3_E,-1,0,0
400,300.0,C1,1,0,2
400,300.0,C2,0,0,5
400,300.0,C3,1,0,1
400,300.0,C3_E,-1,0,8
400,305.0,C1,0,0,5
400,305.0,C2,1,0,6
400,305.0,C3,0,0,1
400,305.0,C3_E,-1,0,14
400,310.0,C1,0,0,7
400,310.0,C2,1,0,2
400,310.0,C3,0,1,4
400,310.0,C3_E,-1,0,14
400,315.0,C1,0,2,10
400,315.0,C2,1,0,1
400,315.0,C3,0,1,6
400,315.0,C3_E,-1,0,8
400,320.0,C1,1,0,8
400,320.0,C2,0,1,1
400,320.0,C3,1,0,4
400,320.0,C3_E,-1,0,0
400,325.0,C1,1,0,7
400,325.0,C2,0,1,6
400,325.0,C3,1,0,1
400,325.0,C3_E,-1,0,3
400,330.0,C1,1,0,4
400,330.0,C2,0,1,9
400,330.0,C3,1,0,0
400,330.0,C3_E,-1,0,6
400,335.0,C1,0,0,6
400,335.0,C2,1,0,8
400,335.0,C3,0,0,0
400,335.0,C3_E,-1,0,5
400,340.0,C1,0,2,8
400,340.0,C2,1,0,5
400,340.0,C3,0,0,5
400,340.0,C3_E,-1,0,3
400,345.0,C1,0,4,9
400,345.0,C2,1,0,1
400,345.0,C3,0,0,8
400,345.0,C3_E,-1,0,0
400,350.0,C1,1,0,5
400,350.0,C2,0,1,1
400,350.0,C3,1,0,8
400,350.0,C3_E,-1,0,0
400,355.0,C1,1,0,3
400,355.0,C2,0,1,8
400,355.0,C3,1,0,5
400,355.0,C3_E,-1,0,4
400,360.0,C1,1,0,3
400,360.0,C2,0,1,9
400,360.0,C3,1,0,2
400,360.0,C3_E,-1,0,6
400,365.0,C1,0,0,4
400,365.0,C2,1,0,9
400,365.0,C3,0,1,1
400,365.0,C3_E,-1,0,8
400,370.0,C1,0,2,4
400,370.0,C2,1,0,2
400,370.0,C3,0,1,7
400,370.0,C3_E,-1,0,5
400,375.0,C1,0,3,6
400,375.0,C2,1,0,1
400,375.0,C3,0,1,10
400,375.0,C3_E,-1,0,4
400,380.0,C1,1,0,3
400,380.0,C2,0,0,1
400,380.0,C3,1,0,9
400,380.0,C3_E,-1,0,0
400,385.0,C1,1,0,4
400,385.0,C2,0,1,5
400,385.0,C3,1,0,3
400,385.0,C3_E,-1,0,6
400,390.0,C1,1,0,3
400,390.0,C2,0,1,6
400,390.0,C3,1,0,0
400,390.0,C3_E,-1,0,10
400,395.0,C1,0,1,3
400,395.0,C2,1,0,5
400,395.0,C3,0,0,0
400,395.0,C3_E,-1,0,10
400,400.0,C1,0,2,5
400,400.0,C2,1,0,2
400,400.0,C3,0,0,5
400,400.0,C3_E,-1,0,5
400,405.0,C1,0,3,7
400,405.0,C2,1,0,1
400,405.0,C3,0,0,6
400,405.0,C3_E,-1,0,0
400,410.0,C1,1,0,6
400,410.0,C2,0,0,0
400,410.0,C3,1,0,6
400,410.0,C3_E,-1,0,0
400,415.0,C1,1,0,4
400,415.0,C2,0,0,3
400,415.0,C3,1,0,2
400,415.0,C3_E,-1,0,3
400,420.0,C1,1,0,3
400,420.0,C2,0,0,5
400,420.0,C3,1,0,1
400,420.0,C3_E,-1,0,6
400,425.0,C1,0,0,5
400,425.0,C2,1,0,8
400,425.0,C3,0,1,1
400,425.0,C3_E,-1,0,5
400,430.0,C1,0,1,5
400,430.0,C2,1,0,3
400,430.0,C3,0,1,4
400,430.0,C3_E,-1,0,2
400,435.0,C1,0,2,8
400,435.0,C2,1,0,2
400,435.0,C3,0,1,7
400,435.0,C3_E,-1,0,0
400,440.0,C1,1,0,6
400,440.0,C2,0,1,2
400,440.0,C3,1,0,6
400,440.0,C3_E,-1,0,0
400,445.0,C1,1,0,7
400,445.0,C2,0,2,7
400,445.0,C3,1,0,2
400,445.0,C3_E,-1,0,3
400,450.0,C1,1,0,7
400,450.0,C2,0,2,7
400,450.0,C3,1,0,0
400,450.0,C3_E,-1,0,7
400,455.0,C1,0,2,7
400,455.0,C2,1,0,7
400,455.0,C3,0,0,0
400,455.0,C3_E,-1,0,7
400,460.0,C1,0,3,10
400,460.0,C2,1,0,3
400,460.0,C3,0,0,4
400,460.0,C3_E,-1,0,3
400,465.0,C1,0,6,12
400,465.0,C2,1,0,1
400,465.0,C3,0,0,7
400,465.0,C3_E,-1,0,0
400,470.0,C1,1,1,9
400,470.0,C2,0,0,1
400,470.0,C3,1,0,8
400,470.0,C3_E,-1,0,0
400,475.0,C1,1,0,5
400,475.0,C2,0,1,7
400,475.0,C3,1,0,3
400,475.0,C3_E,-1,0,3
400,480.0,C1,1,0,3
400,480.0,C2,0,1,13
400,480.0,C3,1,0,1
400,480.0,C3_E,-1,0,6
400,485.0,C1,0,0,5
400,485.0,C2,1,0,12
400,485.0,C3,0,1,1
400,485.0,C3_E,-1,0,6
400,490.0,C1,0,0,7
400,490.0,C2,1,0,5
400,490.0,C3,0,1,8
400,490.0,C3_E,-1,0,6
400,495.0,C1,0,1,12
400,495.0,C2,1,0,1
400,495.0,C3,0,1,13
400,495.0,C3_E,-1,0,2
400,500.0,C1,1,0,11
400,500.0,C2,0,1,1
400,500.0,C3,1,0,11
400,500.0,C3_E,-1,0,1
400,505.0,C1,1,0,8
400,505.0,C2,0,1,7
400,505.0,C3,1,0,5
400,505.0,C3_E,-1,0,7
400,510.0,C1,1,0,5
400,510.0,C2,0,1,10
400,510.0,C3,1,0,0
400,510.0,C3_E,-1,0,12
400,515.0,C1,0,1,5
400,515.0,C2,1,0,12
400,515.0,C3,0,0,0
400,515.0,C3_E,-1,0,12
400,520.0,C1,0,2,5
400,520.0,C2,1,0,6
400,520.0,C3,0,0,3
400,520.0,C3_E,-1,0,7
400,525.0,C1,0,3,8
400,525.0,C2,1,0,2
400,525.0,C3,0,0,10
400,525.0,C3_E,-1,0,2
400,530.0,C1,1,0,6
400,530.0,C2,0,0,1
400,530.0,C3,1,0,12
400,530.0,C3_E,-1,0,0
400,535.0,C1,1,0,6
400,535.0,C2,0,1,5
400,535.0,C3,1,0,10
400,535.0,C3_E,-1,0,1
400,540.0,C1,1,0,5
400,540.0,C2,0,1,7
400,540.0,C3,1,0,1
400,540.0,C3_E,-1,0,8
400,545.0,C1,0,0,6
400,545.0,C2,1,0,8
400,545.0,C3,0,1,1
400,545.0,C3_E,-1,0,11
400,550.0,C1,0,2,10
400,550.0,C2,1,0,6
400,550.0,C3,0,1,3
400,550.0,C3_E,-1,0,11
400,555.0,C1,0,4,12
400,555.0,C2,1,0,1
400,555.0,C3,0,1,8
400,555.0,C3_E,-1,0,7
400,560.0,C1,1,0,9
400,560.0,C2,0,0,0
400,560.0,C3,1,0,9
400,560.0,C3_E,-1,0,0
400,565.0,C1,1,0,8
400,565.0,C2,0,0,6
400,565.0,C3,1,0,7
400,565.0,C3_E,-1,0,2
400,570.0,C1,1,0,8
400,570.0,C2,0,0,11
400,570.0,C3,1,0,2
400,570.0,C3_E,-1,0,6
400,575.0,C1,0,0,10
400,575.0,C2,1,0,11
400,575.0,C3,0,1,1
400,575.0,C3_E,-1,0,9
400,580.0,C1,0,3,12
400,580.0,C2,1,0,6
400,580.0,C3,0,1,5
400,580.0,C3_E,-1,0,7
400,585.0,C1,0,4,13
400,585.0,C2,1,0,0
400,585.0,C3,0,1,11
400,585.0,C3_E,-1,0,4
400,590.0,C1,1,4,12
400,590.0,C2,0,0,0
400,590.0,C3,1,0,11
400,590.0,C3_E,-1,0,0
400,595.0,C1,1,0,11
400,595.0,C2,0,0,5
400,595.0,C3,1,0,6
400,595.0,C3_E,-1,0,5
400,600.0,C1,1,0,8
400,600.0,C2,0,0,12
400,600.0,C3,1,0,1
400,600.0,C3_E,-1,0,10
400,605.0,C1,0,0,9
400,605.0,C2,1,0,13
400,605.0,C3,0,0,0
400,605.0,C3_E,-1,0,12
400,610.0,C1,0,2,11
400,610.0,C2,1,0,7
400,610.0,C3,0,0,4
400,610.0,C3_E,-1,0,11
400,615.0,C1,0,6,13
400,615.0,C2,1,0,1
400,615.0,C3,0,0,10
400,615.0,C3_E,-1,0,3
400,620.0,C1,1,2,13
400,620.0,C2,0,1,1
400,620.0,C3,1,0,11
400,620.0,C3_E,-1,0,0
400,625.0,C1,1,0,8
400,625.0,C2,0,1,8
400,625.0,C3,1,0,7
400,625.0,C3_E,-1,0,3
400,630.0,C1,1,0,6
400,630.0,C2,0,1,13
400,630.0,C3,1,0,2
400,630.0,C3_E,-1,0,9
400,635.0,C1,0,1,9
400,635.0,C2,1,0,12
400,635.0,C3,0,1,1
400,635.0,C3_E,-1,0,10
400,640.0,C1,0,5,11
400,640.0,C2,1,0,7
400,640.0,C3,0,1,4
400,640.0,C3_E,-1,0,8
400,645.0,C1,0,6,13
400,645.0,C2,1,0,1
400,645.0,C3,0,1,10
400,645.0,C3_E,-1,0,2
400,650.0,C1,1,1,10
400,650.0,C2,0,0,0
400,650.0,C3,1,0,13
400,650.0,C3_E,-1,0,0
400,655.0,C1,1,0,6
400,655.0,C2,0,0,7
400,655.0,C3,1,0,10
400,655.0,C3_E,-1,0,1
400,660.0,C1,1,0,5
400,660.0,C2,0,0,12
400,660.0,C3,1,0,4
400,660.0,C3_E,-1,0,9
400,665.0,C1,0,1,7
400,665.0,C2,1,0,12
400,665.0,C3,0,2,4
400,665.0,C3_E,-1,0,10
400,670.0,C1,0,2,9
400,670.0,C2,1,0,5
400,670.0,C3,0,4,10
400,670.0,C3_E,-1,0,10
400,675.0,C1,0,4,12
400,675.0,C2,1,0,1
400,675.0,C3,0,4,15
400,675.0,C3_E,-1,0,2
400,680.0,C1,1,1,9
400,680.0,C2,0,0,1
400,680.0,C3,1,0,12
400,680.0,C3_E,-1,0,0
400,685.0,C1,1,0,6
400,685.0,C2,0,1,8
400,685.0,C3,1,0,6
400,685.0,C3_E,-1,0,7
400,690.0,C1,1,0,4
400,690.0,C2,0,1,13
400,690.0,C3,1,0,1
400,690.0,C3_E,-1,0,13
400,695.0,C1,0,1,5
400,695.0,C2,1,0,11
400,695.0,C3,0,1,1
400,695.0,C3_E,-1,0,13
400,700.0,C1,0,2,8
400,700.0,C2,1,0,5
400,700.0,C3,0,1,7
400,700.0,C3_E,-1,0,9
400,705.0,C1,0,3,10
400,705.0,C2,1,0,1
400,705.0,C3,0,1,13
400,705.0,C3_E,-1,0,3
400,710.0,C1,1,0,6
400,710.0,C2,0,0,0
400,710.0,C3,1,0,11
400,710.0,C3_E,-1,0,0
400,715.0,C1,1,0,4
400,715.0,C2,0,0,5
400,715.0,C3,1,0,8
400,715.0,C3_E,-1,0,5
400,720.0,C1,1,0,4
400,720.0,C2,0,0,10
400,720.0,C3,1,0,1
400,720.0,C3_E,-1,0,9
400,725.0,C1,0,0,6
400,725.0,C2,1,0,8
400,725.0,C3,0,0,1
400,725.0,C3_E,-1,0,12
400,730.0,C1,0,0,9
400,730.0,C2,1,0,3
400,730.0,C3,0,1,5
400,730.0,C3_E,-1,0,8
400,735.0,C1,0,3,9
400,735.0,C2,1,0,0
400,735.0,C3,0,1,10
400,735.0,C3_E,-1,0,5
400,740.0,C1,1,0,6
400,740.0,C2,0,0,0
400,740.0,C3,1,0,9
400,740.0,C3_E,-1,0,2
400,745.0,C1,1,0,3
400,745.0,C2,0,0,6
400,745.0,C3,1,0,3
400,745.0,C3_E,-1,0,6
400,750.0,C1,1,0,4
400,750.0,C2,0,0,9
400,750.0,C3,1,0,1
400,750.0,C3_E,-1,0,9
400,755.0,C1,0,0,4
400,755.0,C2,1,0,7
400,755.0,C3,0,0,0
400,755.0,C3_E,-1,0,10
400,760.0,C1,0,3,4
400,760.0,C2,1,0,2
400,760.0,C3,0,0,6
400,760.0,C3_E,-1,0,6
400,765.0,C1,0,3,5
400,765.0,C2,1,0,1
400,765.0,C3,0,0,8
400,765.0,C3_E,-1,0,2
400,770.0,C1,1,0,5
400,770.0,C2,0,1,1
400,770.0,C3,1,0,6
400,770.0,C3_E,-1,0,0
400,775.0,C1,1,0,7
400,775.0,C2,0,1,5
400,775.0,C3,1,0,2
400,775.0,C3_E,-1,0,5
400,780.0,C1,1,0,8
400,780.0,C2,0,1,5
400,780.0,C3,1,0,0
400,780.0,C3_E,-1,0,8
400,785.0,C1,0,2,9
400,785.0,C2,1,0,3
400,785.0,C3,0,0,0
400,785.0,C3_E,-1,0,6
400,790.0,C1,0,4,11
400,790.0,C2,1,0,0
400,790.0,C3,0,0,5
400,790.0,C3_E,-1,0,4
400,795.0,C1,0,6,12
400,795.0,C2,1,0,0
400,795.0,C3,0,0,5
400,795.0,C3_E,-1,0,0
400,800.0,C1,1,2,9
400,800.0,C2,0,0,0
400,800.0,C3,1,0,4
400,800.0,C3_E,-1,0,0
400,805.0,C1,1,0,4
400,805.0,C2,0,0,7
400,805.0,C3,1,0,2
400,805.0,C3_E,-1,0,3
400,810.0,C1,1,0,6
400,810.0,C2,0,0,11
400,810.0,C3,1,0,0
400,810.0,C3_E,-1,0,5
400,815.0,C1,0,1,7
400,815.0,C2,1,0,10
400,815.0,C3,0,0,0
400,815.0,C3_E,-1,0,4
400,820.0,C1,0,3,8
400,820.0,C2,1,0,6
400,820.0,C3,0,0,3
400,820.0,C3_E,-1,0,2
400,825.0,C1,0,5,8
400,825.0,C2,1,0,0
400,825.0,C3,0,0,10
400,825.0,C3_E,-1,0,1
400,830.0,C1,1,0,5
400,830.0,C2,0,0,0
400,830.0,C3,1,0,10
400,830.0,C3_E,-1,0,0
400,835.0,C1,1,0,1
400,835.0,C2,0,0,7
400,835.0,C3,1,0,8
400,835.0,C3_E,-1,0,1
400,840.0,C1,1,0,2
400,840.0,C2,0,0,8
400,840.0,C3,1,0,2
400,840.0,C3_E,-1,0,6
400,845.0,C1,0,0,3
400,845.0,C2,1,0,7
400,845.0,C3,0,0,2
400,845.0,C3_E,-1,0,8
400,850.0,C1,0,1,3
400,850.0,C2,1,0,1
400,850.0,C3,0,1,6
400,850.0,C3_E,-1,0,8
400,855.0,C1,0,1,4
400,855.0,C2,1,0,0
400,855.0,C3,0,2,10
400,855.0,C3_E,-1,0,4
400,860.0,C1,1,0,3
400,860.0,C2,0,0,0
400,860.0,C3,1,0,8
400,860.0,C3_E,-1,0,0
400,865.0,C1,1,0,4
400,865.0,C2,0,0,3
400,865.0,C3,1,0,2
400,865.0,C3_E,-1,0,6
400,870.0,C1,1,0,3
400,870.0,C2,0,0,4
400,870.0,C3,1,0,1
400,870.0,C3_E,-1,0,9
400,875.0,C1,0,1,5
400,875.0,C2,1,0,1
400,875.0,C3,0,0,0
400,875.0,C3_E,-1,0,10
400,880.0,C1,0,3,6
400,880.0,C2,1,0,1
400,880.0,C3,0,0,3
400,880.0,C3_E,-1,0,9
400,885.0,C1,0,3,9
400,885.0,C2,1,0,0
400,885.0,C3,0,0,3
400,885.0,C3_E,-1,0,2
400,890.0,C1,1,0,9
400,890.0,C2,0,0,0
400,890.0,C3,1,0,2
400,890.0,C3_E,-1,0,0
400,895.0,C1,1,0,6
400,895.0,C2,0,0,6
400,895.0,C3,1,0,1
400,895.0,C3_E,-1,0,3
400,900.0,C1,1,0,5
400,900.0,C2,0,0,7
400,900.0,C3,1,0,1
400,900.0,C3_E,-1,0,3
400,905.0,C1,0,0,4
400,905.0,C2,1,0,10
400,905.0,C3,0,1,1
400,905.0,C3_E,-1,0,1
400,910.0,C1,0,2,5
400,910.0,C2,1,0,4
400,910.0,C3,0,1,4
400,910.0,C3_E,-1,0,0
400,915.0,C1,0,4,6
400,915.0,C2,1,0,2
400,915.0,C3,0,1,8
400,915.0,C3_E,-1,0,0
400,920.0,C1,1,0,4
400,920.0,C2,0,0,0
400,920.0,C3,1,0,10
400,920.0,C3_E,-1,0,0
400,925.0,C1,1,0,2
400,925.0,C2,0,0,5
400,925.0,C3,1,0,5
400,925.0,C3_E,-1,0,5
400,930.0,C1,1,0,4
400,930.0,C2,0,0,5
400,930.0,C3,1,0,1
400,930.0,C3_E,-1,0,8
400,935.0,C1,0,1,5
400,935.0,C2,1,0,4
400,935.0,C3,0,1,1
400,935.0,C3_E,-1,0,9
400,940.0,C1,0,2,5
400,940.0,C2,1,0,0
400,940.0,C3,0,1,6
400,940.0,C3_E,-1,0,5
400,945.0,C1,0,3,6
400,945.0,C2,1,0,0
400,945.0,C3,0,1,6
400,945.0,C3_E,-1,0,3
400,950.0,C1,1,0,5
400,950.0,C2,0,0,0
400,950.0,C3,1,0,3
400,950.0,C3_E,-1,0,0
400,955.0,C1,1,0,6
400,955.0,C2,0,0,5
400,955.0,C3,1,0,0
400,955.0,C3_E,-1,0,6
400,960.0,C1,1,0,8
400,960.0,C2,0,0,5
400,960.0,C3,1,0,0
400,960.0,C3_E,-1,0,6
400,965.0,C1,0,0,10
400,965.0,C2,1,0,5
400,965.0,C3,0,0,0
400,965.0,C3_E,-1,0,4
400,970.0,C1,0,4,12
400,970.0,C2,1,0,1
400,970.0,C3,0,0,5
400,970.0,C3_E,-1,0,0
400,975.0,C1,0,6,15
400,975.0,C2,1,0,0
400,975.0,C3,0,0,6
400,975.0,C3_E,-1,0,0
400,980.0,C1,1,1,11
400,980.0,C2,0,0,0
400,980.0,C3,1,0,4
400,980.0,C3_E,-1,0,0
400,985.0,C1,1,0,6
400,985.0,C2,0,0,10
400,985.0,C3,1,0,1
400,985.0,C3_E,-1,0,5
400,990.0,C1,1,0,6
400,990.0,C2,0,0,14
400,990.0,C3,1,0,0
400,990.0,C3_E,-1,0,6
400,995.0,C1,0,0,7
400,995.0,C2,1,0,12
400,995.0,C3,0,0,0
400,995.0,C3_E,-1,0,5
400,1000.0,C1,0,2,7
400,1000.0,C2,1,0,5
400,1000.0,C3,0,0,6
400,1000.0,C3_E,-1,0,0
400,1005.0,C1,0,3,9
400,1005.0,C2,1,0,1
400,1005.0,C3,0,0,13
400,1005.0,C3_E,-1,0,0
400,1010.0,C1,1,0,6
400,1010.0,C2,0,0,0
400,1010.0,C3,1,0,12
400,1010.0,C3_E,-1,0,0
400,1015.0,C1,1,0,3
400,1015.0,C2,0,0,6
400,1015.0,C3,1,0,8
400,1015.0,C3_E,-1,0,4
400,1020.0,C1,1,0,4
400,1020.0,C2,0,0,8
400,1020.0,C3,1,0,1
400,1020.0,C3_E,-1,0,11
400,1025.0,C1,0,0,5
400,1025.0,C2,1,0,9
400,1025.0,C3,0,0,0
400,1025.0,C3_E,-1,0,12
400,1030.0,C1,0,2,6
400,1030.0,C2,1,0,3
400,1030.0,C3,0,0,5
400,1030.0,C3_E,-1,0,10
400,1035.0,C1,0,2,10
400,1035.0,C2,1,0,1
400,1035.0,C3,0,0,8
400,1035.0,C3_E,-1,0,5
400,1040.0,C1,1,0,7
400,1040.0,C2,0,0,0
400,1040.0,C3,1,0,8
400,1040.0,C3_E,-1,0,0
400,1045.0,C1,1,0,6
400,1045.0,C2,0,0,4
400,1045.0,C3,1,0,4
400,1045.0,C3_E,-1,0,3
400,1050.0,C1,1,0,3
400,1050.0,C2,0,0,7
400,1050.0,C3,1,0,2
400,1050.0,C3_E,-1,0,5
400,1055.0,C1,0,1,7
400,1055.0,C2,1,0,8
400,1055.0,C3,0,2,2
400,1055.0,C3_E,-1,0,7
400,1060.0,C1,0,1,7
400,1060.0,C2,1,0,4
400,1060.0,C3,0,2,5
400,1060.0,C3_E,-1,0,3
400,1065.0,C1,0,3,9
400,1065.0,C2,1,0,1
400,1065.0,C3,0,2,9
400,1065.0,C3_E,-1,0,1
400,1070.0,C1,1,0,6
400,1070.0,C2,0,0,0
400,1070.0,C3,1,0,8
400,1070.0,C3_E,-1,0,1
400,1075.0,C1,1,0,4
400,1075.0,C2,0,0,7
400,1075.0,C3,1,0,5
400,1075.0,C3_E,-1,0,5
400,1080.0,C1,1,0,6
400,1080.0,C2,0,0,8
400,1080.0,C3,1,0,2
400,1080.0,C3_E,-1,0,8
400,1085.0,C1,0,0,9
400,1085.0,C2,1,0,8
400,1085.0,C3,0,0,1
400,1085.0,C3_E,-1,0,9
400,1090.0,C1,0,2,10
400,1090.0,C2,1,0,3
400,1090.0,C3,0,1,5
400,1090.0,C3_E,-1,0,8
400,1095.0,C1,0,3,10
400,1095.0,C2,1,0,0
400,1095.0,C3,0,1,9
400,1095.0,C3_E,-1,0,1
400,1100.0,C1,1,2,9
400,1100.0,C2,0,0,0
400,1100.0,C3,1,0,8
400,1100.0,C3_E,-1,0,0
400,1105.0,C1,1,0,5
400,1105.0,C2,0,0,4
400,1105.0,C3,1,0,6
400,1105.0,C3_E,-1,0,3
400,1110.0,C1,1,0,4
400,1110.0,C2,0,0,10
400,1110.0,C3,1,0,0
400,1110.0,C3_E,-1,0,8
400,1115.0,C1,0,0,4
400,1115.0,C2,1,0,9
400,1115.0,C3,0,0,0
400,1115.0,C3_E,-1,0,9
400,1120.0,C1,0,2,5
400,1120.0,C2,1,0,4
400,1120.0,C3,0,0,3
400,1120.0,C3_E,-1,0,6
400,1125.0,C1,0,4,5
400,1125.0,C2,1,0,0
400,1125.0,C3,0,0,10
400,1125.0,C3_E,-1,0,1
400,1130.0,C1,1,0,4
400,1130.0,C2,0,0,0
400,1130.0,C3,1,0,9
400,1130.0,C3_E,-1,0,0
400,1135.0,C1,1,0,3
400,1135.0,C2,0,0,4
400,1135.0,C3,1,0,4
400,1135.0,C3_E,-1,0,3
400,1140.0,C1,1,0,3
400,1140.0,C2,0,0,5
400,1140.0,C3,1,0,1
400,1140.0,C3_E,-1,0,9
400,1145.0,C1,0,0,3
400,1145.0,C2,1,0,5
400,1145.0,C3,0,1,1
400,1145.0,C3_E,-1,0,8
400,1150.0,C1,0,2,3
400,1150.0,C2,1,0,1
400,1150.0,C3,0,1,3
400,1150.0,C3_E,-1,0,4
400,1155.0,C1,0,2,4
400,1155.0,C2,1,0,0
400,1155.0,C3,0,1,5
400,1155.0,C3_E,-1,0,0
400,1160.0,C1,1,0,3
400,1160.0,C2,0,0,0
400,1160.0,C3,1,0,5
400,1160.0,C3_E,-1,0,0
400,1165.0,C1,1,0,3
400,1165.0,C2,0,0,3
400,1165.0,C3,1,0,3
400,1165.0,C3_E,-1,0,1
400,1170.0,C1,1,0,4
400,1170.0,C2,0,0,3
400,1170.0,C3,1,0,1
400,1170.0,C3_E,-1,0,4
400,1175.0,C1,0,0,7
400,1175.0,C2,1,0,4
400,1175.0,C3,0,1,1
400,1175.0,C3_E,-1,0,5
400,1180.0,C1,0,1,9
400,1180.0,C2,1,0,1
400,1180.0,C3,0,1,4
400,1180.0,C3_E,-1,0,5
400,1185.0,C1,0,3,11
400,1185.0,C2,1,0,0
400,1185.0,C3,0,1,4
400,1185.0,C3_E,-1,0,1
400,1190.0,C1,1,0,7
400,1190.0,C2,0,0,0
400,1190.0,C3,1,0,4
400,1190.0,C3_E,-1,0,0
400,1195.0,C1,1,0,3
400,1195.0,C2,0,0,7
400,1195.0,C3,1,0,1
400,1195.0,C3_E,-1,0,2
400,1200.0,C1,1,0,2
400,1200.0,C2,0,0,11
400,1200.0,C3,1,0,0
400,1200.0,C3_E,-1,0,4
400,1205.0,C1,0,0,4
400,1205.0,C2,1,0,10
400,1205.0,C3,0,0,0
400,1205.0,C3_E,-1,0,5
400,1210.0,C1,0,1,4
400,1210.0,C2,1,0,3
400,1210.0,C3,0,0,5
400,1210.0,C3_E,-1,0,3
400,1215.0,C1,0,2,6
400,1215.0,C2,1,0,0
400,1215.0,C3,0,0,10
400,1215.0,C3_E,-1,0,0
400,1220.0,C1,1,0,5
400,1220.0,C2,0,0,0
400,1220.0,C3,1,0,10
400,1220.0,C3_E,-1,0,0
400,1225.0,C1,1,0,3
400,1225.0,C2,0,0,4
400,1225.0,C3,1,0,4
400,1225.0,C3_E,-1,0,5
400,1230.0,C1,1,0,6
400,1230.0,C2,0,0,5
400,1230.0,C3,1,0,1
400,1230.0,C3_E,-1,0,9
400,1235.0,C1,0,0,8
400,1235.0,C2,1,0,3
400,1235.0,C3,0,0,1
400,1235.0,C3_E,-1,0,10
400,1240.0,C1,0,2,8
400,1240.0,C2,1,0,3
400,1240.0,C3,0,0,3
400,1240.0,C3_E,-1,0,5
400,1245.0,C1,0,4,9
400,1245.0,C2,1,0,0
400,1245.0,C3,0,0,5
400,1245.0,C3_E,-1,0,3
400,1250.0,C1,1,3,6
400,1250.0,C2,0,0,0
400,1250.0,C3,1,0,3
400,1250.0,C3_E,-1,0,0
400,1255.0,C1,1,0,3
400,1255.0,C2,0,0,5
400,1255.0,C3,1,0,2
400,1255.0,C3_E,-1,0,3
400,1260.0,C1,1,0,4
400,1260.0,C2,0,0,9
400,1260.0,C3,1,0,2
400,1260.0,C3_E,-1,0,4
400,1265.0,C1,0,0,5
400,1265.0,C2,1,0,8
400,1265.0,C3,0,1,1
400,1265.0,C3_E,-1,0,2
400,1270.0,C1,0,0,5
400,1270.0,C2,1,0,5
400,1270.0,C3,0,1,5
400,1270.0,C3_E,-1,0,2
400,1275.0,C1,0,2,6
400,1275.0,C2,1,0,0
400,1275.0,C3,0,1,10
400,1275.0,C3_E,-1,0,1
400,1280.0,C1,1,0,3
400,1280.0,C2,0,0,0
400,1280.0,C3,1,0,8
400,1280.0,C3_E,-1,0,0
400,1285.0,C1,1,0,3
400,1285.0,C2,0,0,5
400,1285.0,C3,1,0,5
400,1285.0,C3_E,-1,0,5
400,1290.0,C1,1,0,6
400,1290.0,C2,0,0,6
400,1290.0,C3,1,0,1
400,1290.0,C3_E,-1,0,7
400,1295.0,C1,0,0,8
400,1295.0,C2,1,0,6
400,1295.0,C3,0,0,1
400,1295.0,C3_E,-1,0,8
400,1300.0,C1,0,1,8
400,1300.0,C2,1,0,1
400,1300.0,C3,0,1,4
400,1300.0,C3_E,-1,0,6
400,1305.0,C1,0,3,10
400,1305.0,C2,1,0,0
400,1305.0,C3,0,1,7
400,1305.0,C3_E,-1,0,3
400,1310.0,C1,1,1,9
400,1310.0,C2,0,0,0
400,1310.0,C3,1,0,6
400,1310.0,C3_E,-1,0,0
400,1315.0,C1,1,0,4
400,1315.0,C2,0,0,3
400,1315.0,C3,1,0,1
400,1315.0,C3_E,-1,0,3
400,1320.0,C1,1,0,3
400,1320.0,C2,0,0,10
400,1320.0,C3,1,0,0
400,1320.0,C3_E,-1,0,7
400,1325.0,C1,0,0,5
400,1325.0,C2,1,0,10
400,1325.0,C3,0,0,0
400,1325.0,C3_E,-1,0,7
400,1330.0,C1,0,1,10
400,1330.0,C2,1,0,6
400,1330.0,C3,0,0,2
400,1330.0,C3_E,-1,0,6
400,1335.0,C1,0,2,11
400,1335.0,C2,1,0,0
400,1335.0,C3,0,0,10
400,1335.0,C3_E,-1,0,0
400,1340.0,C1,1,0,8
400,1340.0,C2,0,0,0
400,1340.0,C3,1,0,10
400,1340.0,C3_E,-1,0,0
400,1345.0,C1,1,0,5
400,1345.0,C2,0,0,7
400,1345.0,C3,1,0,6
400,1345.0,C3_E,-1,0,2
400,1350.0,C1,1,0,6
400,1350.0,C2,0,0,11
400,1350.0,C3,1,0,0
400,1350.0,C3_E,-1,0,7
400,1355.0,C1,0,0,8
400,1355.0,C2,1,0,10
400,1355.0,C3,0,0,0
400,1355.0,C3_E,-1,0,10
400,1360.0,C1,0,2,10
400,1360.0,C2,1,0,1
400,1360.0,C3,0,0,8
400,1360.0,C3_E,-1,0,6
400,1365.0,C1,0,4,12
400,1365.0,C2,1,0,0
400,1365.0,C3,0,0,11
400,1365.0,C3_E,-1,0,2
400,1370.0,C1,1,0,9
400,1370.0,C2,0,0,0
400,1370.0,C3,1,0,10
400,1370.0,C3_E,-1,0,0
400,1375.0,C1,1,0,7
400,1375.0,C2,0,0,8
400,1375.0,C3,1,0,4
400,1375.0,C3_E,-1,0,5
400,1380.0,C1,1,0,9
400,1380.0,C2,0,0,12
400,1380.0,C3,1,0,0
400,1380.0,C3_E,-1,0,11
400,1385.0,C1,0,0,12
400,1385.0,C2,1,0,9
400,1385.0,C3,0,0,0
400,1385.0,C3_E,-1,0,10
400,1390.0,C1,0,4,14
400,1390.0,C2,1,0,2
400,1390.0,C3,0,0,7
400,1390.0,C3_E,-1,0,6
400,1395.0,C1,0,6,17
400,1395.0,C2,1,0,0
400,1395.0,C3,0,0,10
400,1395.0,C3_E,-1,0,0
400,1400.0,C1,1,6,15
400,1400.0,C2,0,0,0
400,1400.0,C3,1,0,9
400,1400.0,C3_E,-1,0,0
400,1405.0,C1,1,0,5
400,1405.0,C2,0,0,6
400,1405.0,C3,1,0,3
400,1405.0,C3_E,-1,0,7
400,1410.0,C1,1,0,4
400,1410.0,C2,0,0,14
400,1410.0,C3,1,0,1
400,1410.0,C3_E,-1,0,10
400,1415.0,C1,0,0,4
400,1415.0,C2,1,0,16
400,1415.0,C3,0,1,1
400,1415.0,C3_E,-1,0,9
400,1420.0,C1,0,1,4
400,1420.0,C2,1,0,10
400,1420.0,C3,0,1,4
400,1420.0,C3_E,-1,0,3
400,1425.0,C1,0,2,6
400,1425.0,C2,1,0,3
400,1425.0,C3,0,1,15
400,1425.0,C3_E,-1,0,1
400,1430.0,C1,1,0,4
400,1430.0,C2,0,0,1
400,1430.0,C3,1,0,15
400,1430.0,C3_E,-1,0,0
400,1435.0,C1,1,0,5
400,1435.0,C2,0,1,5
400,1435.0,C3,1,0,11
400,1435.0,C3_E,-1,0,4
400,1440.0,C1,1,0,4
400,1440.0,C2,0,1,6
400,1440.0,C3,1,0,2
400,1440.0,C3_E,-1,0,12
400,1445.0,C1,0,0,5
400,1445.0,C2,1,0,5
400,1445.0,C3,0,1,1
400,1445.0,C3_E,-1,0,15
400,1450.0,C1,0,1,6
400,1450.0,C2,1,0,2
400,1450.0,C3,0,1,6
400,1450.0,C3_E,-1,0,12
400,1455.0,C1,0,3,6
400,1455.0,C2,1,0,0
400,1455.0,C3,0,1,8
400,1455.0,C3_E,-1,0,5
400,1460.0,C1,1,0,4
400,1460.0,C2,0,0,0
400,1460.0,C3,1,0,6
400,1460.0,C3_E,-1,0,0
400,1465.0,C1,1,0,2
400,1465.0,C2,0,0,6
400,1465.0,C3,1,0,2
400,1465.0,C3_E,-1,0,4
400,1470.0,C1,1,0,4
400,1470.0,C2,0,0,6
400,1470.0,C3,1,0,0
400,1470.0,C3_E,-1,0,8
400,1475.0,C1,0,1,7
400,1475.0,C2,1,0,5
400,1475.0,C3,0,0,0
400,1475.0,C3_E,-1,0,7
400,1480.0,C1,0,2,7
400,1480.0,C2,1,0,1
400,1480.0,C3,0,0,3
400,1480.0,C3_E,-1,0,4
400,1485.0,C1,0,3,8
400,1485.0,C2,1,0,0
400,1485.0,C3,0,0,6
400,1485.0,C3_E,-1,0,0
400,1490.0,C1,1,1,5
400,1490.0,C2,0,0,0
400,1490.0,C3,1,0,5
400,1490.0,C3_E,-1,0,0
400,1495.0,C1,1,0,3
400,1495.0,C2,0,0,6
400,1495.0,C3,1,0,3
400,1495.0,C3_E,-1,0,3
400,1500.0,C1,1,0,2
400,1500.0,C2,0,0,7
400,1500.0,C3,1,0,0
400,1500.0,C3_E,-1,0,5
400,1505.0,C1,0,0,6
400,1505.0,C2,1,0,7
400,1505.0,C3,0,0,0
400,1505.0,C3_E,-1,0,5
400,1510.0,C1,0,0,8
400,1510.0,C2,1,0,1
400,1510.0,C3,0,0,4
400,1510.0,C3_E,-1,0,3
400,1515.0,C1,0,2,9
400,1515.0,C2,1,0,0
400,1515.0,C3,0,0,7
400,1515.0,C3_E,-1,0,3
400,1520.0,C1,1,0,6
400,1520.0,C2,0,0,0
400,1520.0,C3,1,0,7
400,1520.0,C3_E,-1,0,0
400,1525.0,C1,1,0,5
400,1525.0,C2,0,0,6
400,1525.0,C3,1,0,3
400,1525.0,C3_E,-1,0,4
400,1530.0,C1,1,0,6
400,1530.0,C2,0,0,9
400,1530.0,C3,1,0,0
400,1530.0,C3_E,-1,0,7
400,1535.0,C1,0,0,6
400,1535.0,C2,1,0,9
400,1535.0,C3,0,0,0
400,1535.0,C3_E,-1,0,7
400,1540.0,C1,0,1,7
400,1540.0,C2,1,0,4
400,1540.0,C3,0,0,3
400,1540.0,C3_E,-1,0,4
400,1545.0,C1,0,4,8
400,1545.0,C2,1,0,0
400,1545.0,C3,0,0,6
400,1545.0,C3_E,-1,0,1
400,1550.0,C1,1,0,3
400,1550.0,C2,0,0,0
400,1550.0,C3,1,0,9
400,1550.0,C3_E,-1,0,0
400,1555.0,C1,1,0,3
400,1555.0,C2,0,0,6
400,1555.0,C3,1,0,5
400,1555.0,C3_E,-1,0,2
400,1560.0,C1,1,0,1
400,1560.0,C2,0,0,8
400,1560.0,C3,1,0,2
400,1560.0,C3_E,-1,0,6
400,1565.0,C1,0,0,2
400,1565.0,C2,1,0,8
400,1565.0,C3,0,2,2
400,1565.0,C3_E,-1,0,7
400,1570.0,C1,0,1,2
400,1570.0,C2,1,0,2
400,1570.0,C3,0,2,8
400,1570.0,C3_E,-1,0,4
400,1575.0,C1,0,1,4
400,1575.0,C2,1,0,0
400,1575.0,C3,0,2,10
400,1575.0,C3_E,-1,0,1
400,1580.0,C1,1,0,3
400,1580.0,C2,0,0,0
400,1580.0,C3,1,0,8
400,1580.0,C3_E,-1,0,0
400,1585.0,C1,1,0,4
400,1585.0,C2,0,0,2
400,1585.0,C3,1,0,3
400,1585.0,C3_E,-1,0,6
400,1590.0,C1,1,0,4
400,1590.0,C2,0,0,3
400,1590.0,C3,1,0,0
400,1590.0,C3_E,-1,0,10
400,1595.0,C1,0,1,5
400,1595.0,C2,1,0,4
400,1595.0,C3,0,0,0
400,1595.0,C3_E,-1,0,10
400,1600.0,C1,0,1,7
400,1600.0,C2,1,0,2
400,1600.0,C3,0,0,2
400,1600.0,C3_E,-1,0,7
400,1605.0,C1,0,2,9
400,1605.0,C2,1,0,1
400,1605.0,C3,0,0,3
400,1605.0,C3_E,-1,0,1
400,1610.0,C1,1,0,6
400,1610.0,C2,0,1,1
400,1610.0,C3,1,0,3
400,1610.0,C3_E,-1,0,0
400,1615.0,C1,1,0,2
400,1615.0,C2,0,1,6
400,1615.0,C3,1,0,1
400,1615.0,C3_E,-1,0,1
400,1620.0,C1,1,0,4
400,1620.0,C2,0,1,10
400,1620.0,C3,1,0,0
400,1620.0,C3_E,-1,0,2
400,1625.0,C1,0,1,5
400,1625.0,C2,1,0,9
400,1625.0,C3,0,0,0
400,1625.0,C3_E,-1,0,3
400,1630.0,C1,0,1,6
400,1630.0,C2,1,0,2
400,1630.0,C3,0,0,6
400,1630.0,C3_E,-1,0,2
400,1635.0,C1,0,2,6
400,1635.0,C2,1,0,0
400,1635.0,C3,0,0,10
400,1635.0,C3_E,-1,0,1
400,1640.0,C1,1,0,4
400,1640.0,C2,0,0,0
400,1640.0,C3,1,0,10
400,1640.0,C3_E,-1,0,0
400,1645.0,C1,1,0,2
400,1645.0,C2,0,0,5
400,1645.0,C3,1,0,5
400,1645.0,C3_E,-1,0,4
400,1650.0,C1,1,0,2
400,1650.0,C2,0,0,6
400,1650.0,C3,1,0,0
400,1650.0,C3_E,-1,0,10
400,1655.0,C1,0,0,4
400,1655.0,C2,1,0,6
400,1655.0,C3,0,0,0
400,1655.0,C3_E,-1,0,10
400,1660.0,C1,0,2,4
400,1660.0,C2,1,0,1
400,1660.0,C3,0,0,3
400,1660.0,C3_E,-1,0,6
400,1665.0,C1,0,2,4
400,1665.0,C2,1,0,0
400,1665.0,C3,0,0,6
400,1665.0,C3_E,-1,0,1
400,1670.0,C1,1,0,1
400,1670.0,C2,0,0,0
400,1670.0,C3,1,0,6
400,1670.0,C3_E,-1,0,0
400,1675.0,C1,1,0,2
400,1675.0,C2,0,0,4
400,1675.0,C3,1,0,3
400,1675.0,C3_E,-1,0,2
400,1680.0,C1,1,0,5
400,1680.0,C2,0,0,4
400,1680.0,C3,1,0,0
400,1680.0,C3_E,-1,0,6
400,1685.0,C1,0,0,6
400,1685.0,C2,1,0,2
400,1685.0,C3,0,0,0
400,1685.0,C3_E,-1,0,6
400,1690.0,C1,0,2,7
400,1690.0,C2,1,0,0
400,1690.0,C3,0,0,3
400,1690.0,C3_E,-1,0,4
400,1695.0,C1,0,3,8
400,1695.0,C2,1,0,0
400,1695.0,C3,0,0,4
400,1695.0,C3_E,-1,0,0
400,1700.0,C1,1,0,7
400,1700.0,C2,0,0,0
400,1700.0,C3,1,0,2
400,1700.0,C3_E,-1,0,0
400,1705.0,C1,1,0,4
400,1705.0,C2,0,0,5
400,1705.0,C3,1,0,2
400,1705.0,C3_E,-1,0,2
400,1710.0,C1,1,0,4
400,1710.0,C2,0,0,8
400,1710.0,C3,1,0,0
400,1710.0,C3_E,-1,0,4
400,1715.0,C1,0,0,5
400,1715.0,C2,1,0,8
400,1715.0,C3,0,0,0
400,1715.0,C3_E,-1,0,3
400,1720.0,C1,0,3,6
400,1720.0,C2,1,0,3
400,1720.0,C3,0,0,3
400,1720.0,C3_E,-1,0,2
400,1725.0,C1,0,4,6
400,1725.0,C2,1,0,0
400,1725.0,C3,0,0,8
400,1725.0,C3_E,-1,0,1
400,1730.0,C1,1,0,4
400,1730.0,C2,0,0,0
400,1730.0,C3,1,0,8
400,1730.0,C3_E,-1,0,0
400,1735.0,C1,1,0,6
400,1735.0,C2,0,0,4
400,1735.0,C3,1,0,4
400,1735.0,C3_E,-1,0,2
400,1740.0,C1,1,0,7
400,1740.0,C2,0,0,6
400,1740.0,C3,1,0,0
400,1740.0,C3_E,-1,0,7
400,1745.0,C1,0,0,7
400,1745.0,C2,1,0,6
400,1745.0,C3,0,0,0
400,1745.0,C3_E,-1,0,8
400,1750.0,C1,0,4,10
400,1750.0,C2,1,0,3
400,1750.0,C3,0,0,4
400,1750.0,C3_E,-1,0,6
400,1755.0,C1,0,5,11
400,1755.0,C2,1,0,0
400,1755.0,C3,0,0,6
400,1755.0,C3_E,-1,0,1
400,1760.0,C1,1,1,7
400,1760.0,C2,0,0,0
400,1760.0,C3,1,0,6
400,1760.0,C3_E,-1,0,0
400,1765.0,C1,1,0,4
400,1765.0,C2,0,0,7
400,1765.0,C3,1,0,3
400,1765.0,C3_E,-1,0,4
400,1770.0,C1,1,0,4
400,1770.0,C2,0,0,10
400,1770.0,C3,1,0,0
400,1770.0,C3_E,-1,0,6
400,1775.0,C1,0,0,5
400,1775.0,C2,1,0,10
400,1775.0,C3,0,0,0
400,1775.0,C3_E,-1,0,6
400,1780.0,C1,0,1,6
400,1780.0,C2,1,0,2
400,1780.0,C3,0,0,7
400,1780.0,C3_E,-1,0,4
400,1785.0,C1,0,3,10
400,1785.0,C2,1,0,1
400,1785.0,C3,0,0,9
400,1785.0,C3_E,-1,0,0
400,1790.0,C1,1,0,10
400,1790.0,C2,0,0,1
400,1790.0,C3,1,0,9
400,1790.0,C3_E,-1,0,0
400,1795.0,C1,1,0,7
400,1795.0,C2,0,1,7
400,1795.0,C3,1,0,1
400,1795.0,C3_E,-1,0,8
400,1800.0,C1,1,0,6
400,1800.0,C2,0,1,9
400,1800.0,C3,1,0,0
400,1800.0,C3_E,-1,0,9
400,1805.0,C1,0,0,6
400,1805.0,C2,1,0,9
400,1805.0,C3,0,0,0
400,1805.0,C3_E,-1,0,9
400,1810.0,C1,0,2,7
400,1810.0,C2,1,0,4
400,1810.0,C3,0,0,5
400,1810.0,C3_E,-1,0,2
400,1815.0,C1,0,4,9
400,1815.0,C2,1,0,1
400,1815.0,C3,0,0,9
400,1815.0,C3_E,-1,0,1
400,1820.0,C1,1,1,6
400,1820.0,C2,0,1,1
400,1820.0,C3,1,0,9
400,1820.0,C3_E,-1,0,0
400,1825.0,C1,1,0,8
400,1825.0,C2,0,1,5
400,1825.0,C3,1,0,5
400,1825.0,C3_E,-1,0,3
400,1830.0,C1,1,0,9
400,1830.0,C2,0,1,7
400,1830.0,C3,1,0,0
400,1830.0,C3_E,-1,0,7
400,1835.0,C1,0,1,9
400,1835.0,C2,1,0,8
400,1835.0,C3,0,0,0
400,1835.0,C3_E,-1,0,9
400,1840.0,C1,0,3,10
400,1840.0,C2,1,0,2
400,1840.0,C3,0,0,4
400,1840.0,C3_E,-1,0,6
400,1845.0,C1,0,5,11
400,1845.0,C2,1,0,1
400,1845.0,C3,0,0,7
400,1845.0,C3_E,-1,0,3
400,1850.0,C1,1,0,9
400,1850.0,C2,0,0,1
400,1850.0,C3,1,0,7
400,1850.0,C3_E,-1,0,0
400,1855.0,C1,1,0,6
400,1855.0,C2,0,1,9
400,1855.0,C3,1,0,2
400,1855.0,C3_E,-1,0,3
400,1860.0,C1,1,0,5
400,1860.0,C2,0,1,11
400,1860.0,C3,1,0,1
400,1860.0,C3_E,-1,0,7
400,1865.0,C1,0,0,6
400,1865.0,C2,1,0,11
400,1865.0,C3,0,0,0
400,1865.0,C3_E,-1,0,7
400,1870.0,C1,0,4,6
400,1870.0,C2,1,0,7
400,1870.0,C3,0,0,3
400,1870.0,C3_E,-1,0,3
400,1875.0,C1,0,4,6
400,1875.0,C2,1,0,1
400,1875.0,C3,0,0,10
400,1875.0,C3_E,-1,0,2
400,1880.0,C1,1,0,2
400,1880.0,C2,0,0,0
400,1880.0,C3,1,0,12
400,1880.0,C3_E,-1,0,0
400,1885.0,C1,1,0,3
400,1885.0,C2,0,0,6
400,1885.0,C3,1,0,9
400,1885.0,C3_E,-1,0,1
400,1890.0,C1,1,0,6
400,1890.0,C2,0,0,6
400,1890.0,C3,1,0,6
400,1890.0,C3_E,-1,0,5
400,1895.0,C1,0,0,7
400,1895.0,C2,1,0,5
400,1895.0,C3,0,2,5
400,1895.0,C3_E,-1,0,7
400,1900.0,C1,0,0,10
400,1900.0,C2,1,0,0
400,1900.0,C3,0,5,9
400,1900.0,C3_E,-1,0,6
400,1905.0,C1,0,3,10
400,1905.0,C2,1,0,0
400,1905.0,C3,0,5,11
400,1905.0,C3_E,-1,0,3
400,1910.0,C1,1,1,10
400,1910.0,C2,0,0,0
400,1910.0,C3,1,0,7
400,1910.0,C3_E,-1,0,0
400,1915.0,C1,1,0,7
400,1915.0,C2,0,0,6
400,1915.0,C3,1,0,1
400,1915.0,C3_E,-1,0,9
400,1920.0,C1,1,0,6
400,1920.0,C2,0,0,10
400,1920.0,C3,1,0,0
400,1920.0,C3_E,-1,0,11
400,1925.0,C1,0,1,6
400,1925.0,C2,1,0,10
400,1925.0,C3,0,0,0
400,1925.0,C3_E,-1,0,11
400,1930.0,C1,0,2,8
400,1930.0,C2,1,0,6
400,1930.0,C3,0,0,2
400,1930.0,C3_E,-1,0,7
400,1935.0,C1,0,5,10
400,1935.0,C2,1,0,1
400,1935.0,C3,0,0,7
400,1935.0,C3_E,-1,0,1
400,1940.0,C1,1,0,6
400,1940.0,C2,0,0,0
400,1940.0,C3,1,0,10
400,1940.0,C3_E,-1,0,0
400,1945.0,C1,1,0,6
400,1945.0,C2,0,0,7
400,1945.0,C3,1,0,8
400,1945.0,C3_E,-1,0,2
400,1950.0,C1,1,0,7
400,1950.0,C2,0,0,8
400,1950.0,C3,1,0,4
400,1950.0,C3_E,-1,0,5
400,1955.0,C1,0,1,9
400,1955.0,C2,1,0,6
400,1955.0,C3,0,1,2
400,1955.0,C3_E,-1,0,8
400,1960.0,C1,0,4,9
400,1960.0,C2,1,0,1
400,1960.0,C3,0,2,8
400,1960.0,C3_E,-1,0,6
400,1965.0,C1,0,6,11
400,1965.0,C2,1,0,1
400,1965.0,C3,0,2,9
400,1965.0,C3_E,-1,0,4
400,1970.0,C1,1,2,7
400,1970.0,C2,0,0,0
400,1970.0,C3,1,0,7
400,1970.0,C3_E,-1,0,1
400,1975.0,C1,1,0,7
400,1975.0,C2,0,0,7
400,1975.0,C3,1,0,2
400,1975.0,C3_E,-1,0,6
400,1980.0,C1,1,0,8
400,1980.0,C2,0,0,10
400,1980.0,C3,1,0,1
400,1980.0,C3_E,-1,0,9
400,1985.0,C1,0,0,9
400,1985.0,C2,1,0,7
400,1985.0,C3,0,1,1
400,1985.0,C3_E,-1,0,7
400,1990.0,C1,0,4,11
400,1990.0,C2,1,0,3
400,1990.0,C3,0,1,6
400,1990.0,C3_E,-1,0,4
400,1995.0,C1,0,7,12
400,1995.0,C2,1,0,0
400,1995.0,C3,0,1,11
400,1995.0,C3_E,-1,0,1
400,2000.0,C1,1,3,11
400,2000.0,C2,0,0,0
400,2000.0,C3,1,0,7
400,2000.0,C3_E,-1,0,0
400,2005.0,C1,1,0,6
400,2005.0,C2,0,0,8
400,2005.0,C3,1,0,4
400,2005.0,C3_E,-1,0,6
400,2010.0,C1,1,0,5
400,2010.0,C2,0,0,11
400,2010.0,C3,1,0,0
400,2010.0,C3_E,-1,0,10
400,2015.0,C1,0,0,6
400,2015.0,C2,1,0,12
400,2015.0,C3,0,0,0
400,2015.0,C3_E,-1,0,9
400,2020.0,C1,0,3,7
400,2020.0,C2,1,0,4
400,2020.0,C3,0,0,4
400,2020.0,C3_E,-1,0,6
400,2025.0,C1,0,5,10
400,2025.0,C2,1,0,0
400,2025.0,C3,0,0,11
400,2025.0,C3_E,-1,0,1
400,2030.0,C1,1,0,5
400,2030.0,C2,0,0,0
400,2030.0,C3,1,0,12
400,2030.0,C3_E,-1,0,0
400,2035.0,C1,1,0,5
400,2035.0,C2,0,0,6
400,2035.0,C3,1,0,5
400,2035.0,C3_E,-1,0,4
400,2040.0,C1,1,0,4
400,2040.0,C2,0,0,8
400,2040.0,C3,1,0,0
400,2040.0,C3_E,-1,0,9
400,2045.0,C1,0,0,5
400,2045.0,C2,1,0,8
400,2045.0,C3,0,0,0
400,2045.0,C3_E,-1,0,12
400,2050.0,C1,0,1,7
400,2050.0,C2,1,0,3
400,2050.0,C3,0,0,5
400,2050.0,C3_E,-1,0,7
400,2055.0,C1,0,2,7
400,2055.0,C2,1,0,0
400,2055.0,C3,0,0,8
400,2055.0,C3_E,-1,0,3
400,2060.0,C1,1,0,4
400,2060.0,C2,0,0,0
400,2060.0,C3,1,0,9
400,2060.0,C3_E,-1,0,0
400,2065.0,C1,1,0,4
400,2065.0,C2,0,0,5
400,2065.0,C3,1,0,2
400,2065.0,C3_E,-1,0,5
400,2070.0,C1,1,0,5
400,2070.0,C2,0,0,7
400,2070.0,C3,1,0,0
400,2070.0,C3_E,-1,0,9
400,2075.0,C1,0,0,7
400,2075.0,C2,1,0,7
400,2075.0,C3,0,0,0
400,2075.0,C3_E,-1,0,9
400,2080.0,C1,0,1,7
400,2080.0,C2,1,0,2
400,2080.0,C3,0,0,4
400,2080.0,C3_E,-1,0,4
400,2085.0,C1,0,4,9
400,2085.0,C2,1,0,1
400,2085.0,C3,0,0,6
400,2085.0,C3_E,-1,0,1
400,2090.0,C1,1,0,5
400,2090.0,C2,0,1,1
400,2090.0,C3,1,0,5
400,2090.0,C3_E,-1,0,0
400,2095.0,C1,1,0,3
400,2095.0,C2,0,1,6
400,2095.0,C3,1,0,1
400,2095.0,C3_E,-1,0,4
400,2100.0,C1,1,0,3
400,2100.0,C2,0,1,10
400,2100.0,C3,1,0,0
400,2100.0,C3_E,-1,0,6
400,2105.0,C1,0,1,4
400,2105.0,C2,1,0,9
400,2105.0,C3,0,0,0
400,2105.0,C3_E,-1,0,5
400,2110.0,C1,0,4,5
400,2110.0,C2,1,0,3
400,2110.0,C3,0,0,7
400,2110.0,C3_E,-1,0,1
400,2115.0,C1,0,3,6
400,2115.0,C2,1,0,0
400,2115.0,C3,0,0,10
400,2115.0,C3_E,-1,0,0
400,2120.0,C1,1,0,4
400,2120.0,C2,0,0,0
400,2120.0,C3,1,0,8
400,2120.0,C3_E,-1,0,0
400,2125.0,C1,1,0,3
400,2125.0,C2,0,0,4
400,2125.0,C3,1,0,3
400,2125.0,C3_E,-1,0,6
400,2130.0,C1,1,0,2
400,2130.0,C2,0,0,6
400,2130.0,C3,1,0,1
400,2130.0,C3_E,-1,0,8
400,2135.0,C1,0,0,3
400,2135.0,C2,1,0,5
400,2135.0,C3,0,1,1
400,2135.0,C3_E,-1,0,7
400,2140.0,C1,0,0,7
400,2140.0,C2,1,0,1
400,2140.0,C3,0,1,5
400,2140.0,C3_E,-1,0,3
400,2145.0,C1,0,1,10
400,2145.0,C2,1,0,0
400,2145.0,C3,0,1,7
400,2145.0,C3_E,-1,0,1
400,2150.0,C1,1,0,7
400,2150.0,C2,0,0,0
400,2150.0,C3,1,0,5
400,2150.0,C3_E,-1,0,0
400,2155.0,C1,1,0,5
400,2155.0,C2,0,0,6
400,2155.0,C3,1,0,1
400,2155.0,C3_E,-1,0,5
400,2160.0,C1,1,0,3
400,2160.0,C2,0,0,8
400,2160.0,C3,1,0,0
400,2160.0,C3_E,-1,0,7
400,2165.0,C1,0,0,5
400,2165.0,C2,1,0,10
400,2165.0,C3,0,0,0
400,2165.0,C3_E,-1,0,6
400,2170.0,C1,0,1,8
400,2170.0,C2,1,0,3
400,2170.0,C3,0,0,4
400,2170.0,C3_E,-1,0,4
400,2175.0,C1,0,2,9
400,2175.0,C2,1,0,1
400,2175.0,C3,0,0,7
400,2175.0,C3_E,-1,0,0
400,2180.0,C1,1,0,7
400,2180.0,C2,0,0,1
400,2180.0,C3,1,0,9
400,2180.0,C3_E,-1,0,0
400,2185.0,C1,1,0,5
400,2185.0,C2,0,1,7
400,2185.0,C3,1,0,3
400,2185.0,C3_E,-1,0,3
400,2190.0,C1,1,0,4
400,2190.0,C2,0,1,8
400,2190.0,C3,1,0,0
400,2190.0,C3_E,-1,0,7
400,2195.0,C1,0,0,8
400,2195.0,C2,1,0,7
400,2195.0,C3,0,0,0
400,2195.0,C3_E,-1,0,9
400,2200.0,C1,0,2,10
400,2200.0,C2,1,0,3
400,2200.0,C3,0,0,7
400,2200.0,C3_E,-1,0,5
400,2205.0,C1,0,3,12
400,2205.0,C2,1,0,3
400,2205.0,C3,0,0,7
400,2205.0,C3_E,-1,0,2
400,2210.0,C1,1,0,8
400,2210.0,C2,0,2,3
400,2210.0,C3,1,0,7
400,2210.0,C3_E,-1,0,0
400,2215.0,C1,1,0,3
400,2215.0,C2,0,3,12
400,2215.0,C3,1,0,0
400,2215.0,C3_E,-1,0,6
400,2220.0,C1,1,0,2
400,2220.0,C2,0,3,14
400,2220.0,C3,1,0,0
400,2220.0,C3_E,-1,0,7
400,2225.0,C1,0,2,3
400,2225.0,C2,1,0,10
400,2225.0,C3,0,0,0
400,2225.0,C3_E,-1,0,7
400,2230.0,C1,0,3,6
400,2230.0,C2,1,0,3
400,2230.0,C3,0,0,9
400,2230.0,C3_E,-1,0,3
400,2235.0,C1,0,2,6
400,2235.0,C2,1,0,0
400,2235.0,C3,0,0,14
400,2235.0,C3_E,-1,0,0
400,2240.0,C1,1,0,6
400,2240.0,C2,0,0,0
400,2240.0,C3,1,0,13
400,2240.0,C3_E,-1,0,0
400,2245.0,C1,1,0,6
400,2245.0,C2,0,0,4
400,2245.0,C3,1,0,7
400,2245.0,C3_E,-1,0,4
400,2250.0,C1,1,0,5
400,2250.0,C2,0,0,6
400,2250.0,C3,1,0,0
400,2250.0,C3_E,-1,0,12
400,2255.0,C1,0,0,6
400,2255.0,C2,1,0,7
400,2255.0,C3,0,0,0
400,2255.0,C3_E,-1,0,13
400,2260.0,C1,0,2,7
400,2260.0,C2,1,0,3
400,2260.0,C3,0,0,2
400,2260.0,C3_E,-1,0,10
400,2265.0,C1,0,3,7
400,2265.0,C2,1,0,2
400,2265.0,C3,0,0,5
400,2265.0,C3_E,-1,0,5
400,2270.0,C1,1,0,6
400,2270.0,C2,0,1,1
400,2270.0,C3,1,0,5
400,2270.0,C3_E,-1,0,1
400,2275.0,C1,1,0,5
400,2275.0,C2,0,1,7
400,2275.0,C3,1,0,3
400,2275.0,C3_E,-1,0,2
400,2280.0,C1,1,0,8
400,2280.0,C2,0,1,8
400,2280.0,C3,1,0,1
400,2280.0,C3_E,-1,0,4
400,2285.0,C1,0,1,10
400,2285.0,C2,1,0,7
400,2285.0,C3,0,0,1
400,2285.0,C3_E,-1,0,5
400,2290.0,C1,0,3,10
400,2290.0,C2,1,0,0
400,2290.0,C3,0,1,7
400,2290.0,C3_E,-1,0,3
400,2295.0,C1,0,5,11
400,2295.0,C2,1,0,0
400,2295.0,C3,0,1,9
400,2295.0,C3_E,-1,0,1
400,2300.0,C1,1,2,6
400,2300.0,C2,0,0,0
400,2300.0,C3,1,0,8
400,2300.0,C3_E,-1,0,0
400,2305.0,C1,1,0,3
400,2305.0,C2,0,0,7
400,2305.0,C3,1,0,0
400,2305.0,C3_E,-1,0,4
400,2310.0,C1,1,0,2
400,2310.0,C2,0,0,10
400,2310.0,C3,1,0,0
400,2310.0,C3_E,-1,0,9
400,2315.0,C1,0,0,4
400,2315.0,C2,1,0,11
400,2315.0,C3,0,0,0
400,2315.0,C3_E,-1,0,9
400,2320.0,C1,0,1,8
400,2320.0,C2,1,0,2
400,2320.0,C3,0,0,6
400,2320.0,C3_E,-1,0,7
400,2325.0,C1,0,2,9
400,2325.0,C2,1,0,0
400,2325.0,C3,0,0,10
400,2325.0,C3_E,-1,0,0
400,2330.0,C1,1,0,9
400,2330.0,C2,0,0,0
400,2330.0,C3,1,0,11
400,2330.0,C3_E,-1,0,0
400,2335.0,C1,1,0,4
400,2335.0,C2,0,0,5
400,2335.0,C3,1,0,4
400,2335.0,C3_E,-1,0,6
400,2340.0,C1,1,0,3
400,2340.0,C2,0,0,9
400,2340.0,C3,1,0,0
400,2340.0,C3_E,-1,0,10
400,2345.0,C1,0,0,6
400,2345.0,C2,1,0,9
400,2345.0,C3,0,0,0
400,2345.0,C3_E,-1,0,11
400,2350.0,C1,0,3,6
400,2350.0,C2,1,0,4
400,2350.0,C3,0,0,2
400,2350.0,C3_E,-1,0,6
400,2355.0,C1,0,3,8
400,2355.0,C2,1,0,0
400,2355.0,C3,0,0,9
400,2355.0,C3_E,-1,0,2
400,2360.0,C1,1,1,7
400,2360.0,C2,0,0,0
400,2360.0,C3,1,0,9
400,2360.0,C3_E,-1,0,0
400,2365.0,C1,1,0,5
400,2365.0,C2,0,0,4
400,2365.0,C3,1,0,4
400,2365.0,C3_E,-1,0,3
400,2370.0,C1,1,0,4
400,2370.0,C2,0,0,7
400,2370.0,C3,1,0,0
400,2370.0,C3_E,-1,0,8
400,2375.0,C1,0,0,4
400,2375.0,C2,1,0,8
400,2375.0,C3,0,0,0
400,2375.0,C3_E,-1,0,9
400,2380.0,C1,0,4,5
400,2380.0,C2,1,0,2
400,2380.0,C3,0,0,2
400,2380.0,C3_E,-1,0,6
400,2385.0,C1,0,3,6
400,2385.0,C2,1,0,1
400,2385.0,C3,0,0,7
400,2385.0,C3_E,-1,0,1
400,2390.0,C1,1,0,3
400,2390.0,C2,0,0,0
400,2390.0,C3,1,0,8
400,2390.0,C3_E,-1,0,0
400,2395.0,C1,1,0,4
400,2395.0,C2,0,0,3
400,2395.0,C3,1,0,5
400,2395.0,C3_E,-1,0,0
400,2400.0,C1,1,0,3
400,2400.0,C2,0,0,5
400,2400.0,C3,1,0,1
400,2400.0,C3_E,-1,0,6
400,2405.0,C1,0,0,7
400,2405.0,C2,1,0,6
400,2405.0,C3,0,0,0
400,2405.0,C3_E,-1,0,8
400,2410.0,C1,0,2,12
400,2410.0,C2,1,0,2
400,2410.0,C3,0,0,2
400,2410.0,C3_E,-1,0,8
400,2415.0,C1,0,2,13
400,2415.0,C2,1,0,1
400,2415.0,C3,0,0,5
400,2415.0,C3_E,-1,0,2
400,2420.0,C1,1,0,9
400,2420.0,C2,0,1,1
400,2420.0,C3,1,0,5
400,2420.0,C3_E,-1,0,0
400,2425.0,C1,1,0,3
400,2425.0,C2,0,1,8
400,2425.0,C3,1,0,2
400,2425.0,C3_E,-1,0,2
400,2430.0,C1,1,0,4
400,2430.0,C2,0,1,14
400,2430.0,C3,1,0,0
400,2430.0,C3_E,-1,0,5
400,2435.0,C1,0,0,4
400,2435.0,C2,1,0,11
400,2435.0,C3,0,0,0
400,2435.0,C3_E,-1,0,5
400,2440.0,C1,0,0,6
400,2440.0,C2,1,0,4
400,2440.0,C3,0,0,6
400,2440.0,C3_E,-1,0,2
400,2445.0,C1,0,3,7
400,2445.0,C2,1,0,0
400,2445.0,C3,0,0,14
400,2445.0,C3_E,-1,0,1
400,2450.0,C1,1,0,5
400,2450.0,C2,0,0,0
400,2450.0,C3,1,0,12
400,2450.0,C3_E,-1,0,0
400,2455.0,C1,1,0,5
400,2455.0,C2,0,0,6
400,2455.0,C3,1,0,8
400,2455.0,C3_E,-1,0,3
400,2460.0,C1,1,0,5
400,2460.0,C2,0,0,6
400,2460.0,C3,1,0,0
400,2460.0,C3_E,-1,0,12
400,2465.0,C1,0,2,5
400,2465.0,C2,1,0,7
400,2465.0,C3,0,0,0
400,2465.0,C3_E,-1,0,12
400,2470.0,C1,0,3,5
400,2470.0,C2,1,0,1
400,2470.0,C3,0,0,4
400,2470.0,C3_E,-1,0,11
400,2475.0,C1,0,4,6
400,2475.0,C2,1,0,1
400,2475.0,C3,0,0,6
400,2475.0,C3_E,-1,0,4
400,2480.0,C1,1,0,4
400,2480.0,C2,0,1,1
400,2480.0,C3,1,0,6
400,2480.0,C3_E,-1,0,0
400,2485.0,C1,1,0,5
400,2485.0,C2,0,1,5
400,2485.0,C3,1,0,1
400,2485.0,C3_E,-1,0,2
400,2490.0,C1,1,0,6
400,2490.0,C2,0,1,6
400,2490.0,C3,1,0,0
400,2490.0,C3_E,-1,0,6
400,2495.0,C1,0,0,9
400,2495.0,C2,1,0,4
400,2495.0,C3,0,0,0
400,2495.0,C3_E,-1,0,6
400,2500.0,C1,0,3,9
400,2500.0,C2,1,0,1
400,2500.0,C3,0,0,4
400,2500.0,C3_E,-1,0,3
400,2505.0,C1,0,6,10
400,2505.0,C2,1,0,0
400,2505.0,C3,0,0,5
400,2505.0,C3_E,-1,0,0
400,2510.0,C1,1,2,7
400,2510.0,C2,0,0,0
400,2510.0,C3,1,0,5
400,2510.0,C3_E,-1,0,0
400,2515.0,C1,1,0,3
400,2515.0,C2,0,0,7
400,2515.0,C3,1,0,1
400,2515.0,C3_E,-1,0,4
400,2520.0,C1,1,0,2
400,2520.0,C2,0,0,9
400,2520.0,C3,1,0,1
400,2520.0,C3_E,-1,0,5
400,2525.0,C1,0,0,5
400,2525.0,C2,1,0,9
400,2525.0,C3,0,0,1
400,2525.0,C3_E,-1,0,4
400,2530.0,C1,0,2,7
400,2530.0,C2,1,0,5
400,2530.0,C3,0,1,5
400,2530.0,C3_E,-1,0,1
400,2535.0,C1,0,2,9
400,2535.0,C2,1,0,0
400,2535.0,C3,0,1,9
400,2535.0,C3_E,-1,0,0
400,2540.0,C1,1,0,7
400,2540.0,C2,0,0,0
400,2540.0,C3,1,0,9
400,2540.0,C3_E,-1,0,0
400,2545.0,C1,1,0,7
400,2545.0,C2,0,0,4
400,2545.0,C3,1,0,5
400,2545.0,C3_E,-1,0,5
400,2550.0,C1,1,0,5
400,2550.0,C2,0,0,7
400,2550.0,C3,1,0,4
400,2550.0,C3_E,-1,0,7
400,2555.0,C1,0,0,5
400,2555.0,C2,1,0,9
400,2555.0,C3,0,1,3
400,2555.0,C3_E,-1,0,7
400,2560.0,C1,0,2,6
400,2560.0,C2,1,0,4
400,2560.0,C3,0,3,6
400,2560.0,C3_E,-1,0,4
400,2565.0,C1,0,4,7
400,2565.0,C2,1,0,1
400,2565.0,C3,0,3,9
400,2565.0,C3_E,-1,0,1
400,2570.0,C1,1,0,6
400,2570.0,C2,0,0,1
400,2570.0,C3,1,0,8
400,2570.0,C3_E,-1,0,0
400,2575.0,C1,1,0,4
400,2575.0,C2,0,1,7
400,2575.0,C3,1,0,4
400,2575.0,C3_E,-1,0,6
400,2580.0,C1,1,0,4
400,2580.0,C2,0,1,8
400,2580.0,C3,1,0,1
400,2580.0,C3_E,-1,0,9
400,2585.0,C1,0,0,5
400,2585.0,C2,1,0,6
400,2585.0,C3,0,0,1
400,2585.0,C3_E,-1,0,10
400,2590.0,C1,0,3,6
400,2590.0,C2,1,0,1
400,2590.0,C3,0,1,7
400,2590.0,C3_E,-1,0,6
400,2595.0,C1,0,3,7
400,2595.0,C2,1,0,0
400,2595.0,C3,0,1,9
400,2595.0,C3_E,-1,0,1
400,2600.0,C1,1,0,4
400,2600.0,C2,0,0,0
400,2600.0,C3,1,0,7
400,2600.0,C3_E,-1,0,0
400,2605.0,C1,1,0,3
400,2605.0,C2,0,0,5
400,2605.0,C3,1,0,2
400,2605.0,C3_E,-1,0,5
400,2610.0,C1,1,0,4
400,2610.0,C2,0,0,7
400,2610.0,C3,1,0,0
400,2610.0,C3_E,-1,0,9
400,2615.0,C1,0,0,4
400,2615.0,C2,1,0,7
400,2615.0,C3,0,0,0
400,2615.0,C3_E,-1,0,8
400,2620.0,C1,0,1,6
400,2620.0,C2,1,0,3
400,2620.0,C3,0,0,3
400,2620.0,C3_E,-1,0,5
400,2625.0,C1,0,3,7
400,2625.0,C2,1,0,0
400,2625.0,C3,0,0,7
400,2625.0,C3_E,-1,0,2
400,2630.0,C1,1,0,5
400,2630.0,C2,0,0,0
400,2630.0,C3,1,0,7
400,2630.0,C3_E,-1,0,0
400,2635.0,C1,1,0,2
400,2635.0,C2,0,0,6
400,2635.0,C3,1,0,4
400,2635.0,C3_E,-1,0,3
400,2640.0,C1,1,0,2
400,2640.0,C2,0,0,7
400,2640.0,C3,1,0,0
400,2640.0,C3_E,-1,0,5
400,2645.0,C1,0,0,2
400,2645.0,C2,1,0,6
400,2645.0,C3,0,0,0
400,2645.0,C3_E,-1,0,7
400,2650.0,C1,0,1,3
400,2650.0,C2,1,0,1
400,2650.0,C3,0,0,6
400,2650.0,C3_E,-1,0,4
400,2655.0,C1,0,1,4
400,2655.0,C2,1,0,0
400,2655.0,C3,0,0,7
400,2655.0,C3_E,-1,0,2
400,2660.0,C1,1,0,4
400,2660.0,C2,0,0,0
400,2660.0,C3,1,0,5
400,2660.0,C3_E,-1,0,0
400,2665.0,C1,1,0,5
400,2665.0,C2,0,0,2
400,2665.0,C3,1,0,1
400,2665.0,C3_E,-1,0,6
400,2670.0,C1,1,0,3
400,2670.0,C2,0,0,4
400,2670.0,C3,1,0,0
400,2670.0,C3_E,-1,0,7
400,2675.0,C1,0,0,5
400,2675.0,C2,1,0,4
400,2675.0,C3,0,0,0
400,2675.0,C3_E,-1,0,5
400,2680.0,C1,0,3,6
400,2680.0,C2,1,0,2
400,2680.0,C3,0,0,2
400,2680.0,C3_E,-1,0,2
400,2685.0,C1,0,3,8
400,2685.0,C2,1,0,0
400,2685.0,C3,0,0,4
400,2685.0,C3_E,-1,0,0
400,2690.0,C1,1,0,5
400,2690.0,C2,0,0,0
400,2690.0,C3,1,0,4
400,2690.0,C3_E,-1,0,0
400,2695.0,C1,1,0,5
400,2695.0,C2,0,0,5
400,2695.0,C3,1,0,2
400,2695.0,C3_E,-1,0,2
400,2700.0,C1,1,0,3
400,2700.0,C2,0,0,8
400,2700.0,C3,1,0,0
400,2700.0,C3_E,-1,0,4
400,2705.0,C1,0,0,4
400,2705.0,C2,1,0,8
400,2705.0,C3,0,0,0
400,2705.0,C3_E,-1,0,4
400,2710.0,C1,0,1,4
400,2710.0,C2,1,0,3
400,2710.0,C3,0,0,4
400,2710.0,C3_E,-1,0,2
400,2715.0,C1,0,3,4
400,2715.0,C2,1,0,0
400,2715.0,C3,0,0,6
400,2715.0,C3_E,-1,0,0
400,2720.0,C1,1,0,1
400,2720.0,C2,0,0,0
400,2720.0,C3,1,0,8
400,2720.0,C3_E,-1,0,0
400,2725.0,C1,1,0,4
400,2725.0,C2,0,0,4
400,2725.0,C3,1,0,4
400,2725.0,C3_E,-1,0,2
400,2730.0,C1,1,0,4
400,2730.0,C2,0,0,4
400,2730.0,C3,1,0,2
400,2730.0,C3_E,-1,0,6
400,2735.0,C1,0,1,8
400,2735.0,C2,1,0,2
400,2735.0,C3,0,1,2
400,2735.0,C3_E,-1,0,6
400,2740.0,C1,0,3,11
400,2740.0,C2,1,0,0
400,2740.0,C3,0,2,5
400,2740.0,C3_E,-1,0,3
400,2745.0,C1,0,4,13
400,2745.0,C2,1,0,0
400,2745.0,C3,0,2,6
400,2745.0,C3_E,-1,0,0
400,2750.0,C1,1,0,8
400,2750.0,C2,0,0,0
400,2750.0,C3,1,0,2
400,2750.0,C3_E,-1,0,0
400,2755.0,C1,1,0,6
400,2755.0,C2,0,0,9
400,2755.0,C3,1,0,1
400,2755.0,C3_E,-1,0,5
400,2760.0,C1,1,0,7
400,2760.0,C2,0,0,11
400,2760.0,C3,1,0,0
400,2760.0,C3_E,-1,0,5
400,2765.0,C1,0,1,8
400,2765.0,C2,1,0,10
400,2765.0,C3,0,0,0
400,2765.0,C3_E,-1,0,4
400,2770.0,C1,0,3,8
400,2770.0,C2,1,0,2
400,2770.0,C3,0,0,8
400,2770.0,C3_E,-1,0,1
400,2775.0,C1,0,6,9
400,2775.0,C2,1,0,0
400,2775.0,C3,0,0,11
400,2775.0,C3_E,-1,0,1
400,2780.0,C1,1,0,5
400,2780.0,C2,0,0,0
400,2780.0,C3,1,0,11
400,2780.0,C3_E,-1,0,0
400,2785.0,C1,1,0,4
400,2785.0,C2,0,0,7
400,2785.0,C3,1,0,3
400,2785.0,C3_E,-1,0,7
400,2790.0,C1,1,0,6
400,2790.0,C2,0,0,8
400,2790.0,C3,1,0,0
400,2790.0,C3_E,-1,0,10
400,2795.0,C1,0,0,7
400,2795.0,C2,1,0,6
400,2795.0,C3,0,0,0
400,2795.0,C3_E,-1,0,11
400,2800.0,C1,0,3,11
400,2800.0,C2,1,0,2
400,2800.0,C3,0,0,4
400,2800.0,C3_E,-1,0,5
400,2805.0,C1,0,5,12
400,2805.0,C2,1,0,0
400,2805.0,C3,0,0,8
400,2805.0,C3_E,-1,0,1
400,2810.0,C1,1,0,9
400,2810.0,C2,0,0,0
400,2810.0,C3,1,0,6
400,2810.0,C3_E,-1,0,0
400,2815.0,C1,1,0,5
400,2815.0,C2,0,0,7
400,2815.0,C3,1,0,5
400,2815.0,C3_E,-1,0,3
400,2820.0,C1,1,0,5
400,2820.0,C2,0,0,11
400,2820.0,C3,1,0,0
400,2820.0,C3_E,-1,0,7
400,2825.0,C1,0,1,5
400,2825.0,C2,1,0,11
400,2825.0,C3,0,0,0
400,2825.0,C3_E,-1,0,6
400,2830.0,C1,0,4,7
400,2830.0,C2,1,0,5
400,2830.0,C3,0,0,4
400,2830.0,C3_E,-1,0,5
400,2835.0,C1,0,4,11
400,2835.0,C2,1,0,0
400,2835.0,C3,0,0,11
400,2835.0,C3_E,-1,0,2
400,2840.0,C1,1,0,7
400,2840.0,C2,0,0,0
400,2840.0,C3,1,0,11
400,2840.0,C3_E,-1,0,0
400,2845.0,C1,1,0,7
400,2845.0,C2,0,0,7
400,2845.0,C3,1,0,6
400,2845.0,C3_E,-1,0,4
400,2850.0,C1,1,0,6
400,2850.0,C2,0,0,10
400,2850.0,C3,1,0,0
400,2850.0,C3_E,-1,0,10
400,2855.0,C1,0,1,6
400,2855.0,C2,1,0,8
400,2855.0,C3,0,0,0
400,2855.0,C3_E,-1,0,11
400,2860.0,C1,0,2,9
400,2860.0,C2,1,0,2
400,2860.0,C3,0,0,8
400,2860.0,C3_E,-1,0,9
400,2865.0,C1,0,4,11
400,2865.0,C2,1,0,0
400,2865.0,C3,0,0,10
400,2865.0,C3_E,-1,0,2
400,2870.0,C1,1,0,6
400,2870.0,C2,0,0,0
400,2870.0,C3,1,0,8
400,2870.0,C3_E,-1,0,0
400,2875.0,C1,1,0,4
400,2875.0,C2,0,0,8
400,2875.0,C3,1,0,0
400,2875.0,C3_E,-1,0,7
400,2880.0,C1,1,0,5
400,2880.0,C2,0,0,9
400,2880.0,C3,1,0,0
400,2880.0,C3_E,-1,0,10
400,2885.0,C1,0,1,5
400,2885.0,C2,1,0,10
400,2885.0,C3,0,0,0
400,2885.0,C3_E,-1,0,8
400,2890.0,C1,0,1,5
400,2890.0,C2,1,0,3
400,2890.0,C3,0,0,5
400,2890.0,C3_E,-1,0,1
400,2895.0,C1,0,3,6
400,2895.0,C2,1,0,1
400,2895.0,C3,0,0,9
400,2895.0,C3_E,-1,0,0
400,2900.0,C1,1,0,4
400,2900.0,C2,0,0,1
400,2900.0,C3,1,0,9
400,2900.0,C3_E,-1,0,0
400,2905.0,C1,1,0,3
400,2905.0,C2,0,0,6
400,2905.0,C3,1,0,6
400,2905.0,C3_E,-1,0,1
400,2910.0,C1,1,0,4
400,2910.0,C2,0,1,6
400,2910.0,C3,1,0,0
400,2910.0,C3_E,-1,0,9
400,2915.0,C1,0,0,6
400,2915.0,C2,1,0,5
400,2915.0,C3,0,0,0
400,2915.0,C3_E,-1,0,9
400,2920.0,C1,0,1,7
400,2920.0,C2,1,0,1
400,2920.0,C3,0,0,5
400,2920.0,C3_E,-1,0,8
400,2925.0,C1,0,2,9
400,2925.0,C2,1,0,0
400,2925.0,C3,0,0,6
400,2925.0,C3_E,-1,0,1
400,2930.0,C1,1,0,7
400,2930.0,C2,0,0,0
400,2930.0,C3,1,0,6
400,2930.0,C3_E,-1,0,0
400,2935.0,C1,1,0,5
400,2935.0,C2,0,0,5
400,2935.0,C3,1,0,4
400,2935.0,C3_E,-1,0,2
400,2940.0,C1,1,0,6
400,2940.0,C2,0,0,9
400,2940.0,C3,1,0,0
400,2940.0,C3_E,-1,0,6
400,2945.0,C1,0,2,8
400,2945.0,C2,1,0,9
400,2945.0,C3,0,0,0
400,2945.0,C3_E,-1,0,6
400,2950.0,C1,0,3,11
400,2950.0,C2,1,0,4
400,2950.0,C3,0,0,4
400,2950.0,C3_E,-1,0,5
400,2955.0,C1,0,4,12
400,2955.0,C2,1,0,0
400,2955.0,C3,0,0,8
400,2955.0,C3_E,-1,0,3
400,2960.0,C1,1,1,9
400,2960.0,C2,0,0,0
400,2960.0,C3,1,0,9
400,2960.0,C3_E,-1,0,1
400,2965.0,C1,1,0,7
400,2965.0,C2,0,0,7
400,2965.0,C3,1,0,5
400,2965.0,C3_E,-1,0,2
400,2970.0,C1,1,0,6
400,2970.0,C2,0,0,12
400,2970.0,C3,1,0,0
400,2970.0,C3_E,-1,0,6
400,2975.0,C1,0,0,9
400,2975.0,C2,1,0,11
400,2975.0,C3,0,0,0
400,2975.0,C3_E,-1,0,9
400,2980.0,C1,0,2,9
400,2980.0,C2,1,0,4
400,2980.0,C3,0,0,5
400,2980.0,C3_E,-1,0,7
400,2985.0,C1,0,5,12
400,2985.0,C2,1,0,0
400,2985.0,C3,0,0,11
400,2985.0,C3_E,-1,0,3
400,2990.0,C1,1,0,7
400,2990.0,C2,0,0,0
400,2990.0,C3,1,0,11
400,2990.0,C3_E,-1,0,0
400,2995.0,C1,1,0,4
400,2995.0,C2,0,0,8
400,2995.0,C3,1,0,6
400,2995.0,C3_E,-1,0,4
400,3000.0,C1,1,0,1
400,3000.0,C2,0,0,12
400,3000.0,C3,1,0,1
400,3000.0,C3_E,-1,0,10
400,3005.0,C1,0,0,2
400,3005.0,C2,1,0,10
400,3005.0,C3,0,1,2
400,3005.0,C3_E,-1,0,10
400,3010.0,C1,0,1,3
400,3010.0,C2,1,0,4
400,3010.0,C3,0,1,7
400,3010.0,C3_E,-1,0,7
400,3015.0,C1,0,1,5
400,3015.0,C2,1,0,0
400,3015.0,C3,0,1,12
400,3015.0,C3_E,-1,0,1
400,3020.0,C1,1,0,5
400,3020.0,C2,0,0,0
400,3020.0,C3,1,0,10
400,3020.0,C3_E,-1,0,0
400,3025.0,C1,1,0,3
400,3025.0,C2,0,0,3
400,3025.0,C3,1,0,5
400,3025.0,C3_E,-1,0,7
400,3030.0,C1,1,0,4
400,3030.0,C2,0,0,4
400,3030.0,C3,1,0,1
400,3030.0,C3_E,-1,0,12
400,3035.0,C1,0,0,4
400,3035.0,C2,1,0,4
400,3035.0,C3,0,0,1
400,3035.0,C3_E,-1,0,10
400,3040.0,C1,0,1,5
400,3040.0,C2,1,0,2
400,3040.0,C3,0,1,3
400,3040.0,C3_E,-1,0,4
400,3045.0,C1,0,2,5
400,3045.0,C2,1,0,1
400,3045.0,C3,0,1,5
400,3045.0,C3_E,-1,0,1
400,3050.0,C1,1,0,2
400,3050.0,C2,0,0,1
400,3050.0,C3,1,0,3
400,3050.0,C3_E,-1,0,0
400,3055.0,C1,1,0,4
400,3055.0,C2,0,1,5
400,3055.0,C3,1,0,2
400,3055.0,C3_E,-1,0,3
400,3060.0,C1,1,0,8
400,3060.0,C2,0,1,6
400,3060.0,C3,1,0,0
400,3060.0,C3_E,-1,0,5
400,3065.0,C1,0,0,8
400,3065.0,C2,1,0,5
400,3065.0,C3,0,0,0
400,3065.0,C3_E,-1,0,4
400,3070.0,C1,0,2,10
400,3070.0,C2,1,0,1
400,3070.0,C3,0,0,4
400,3070.0,C3_E,-1,0,2
400,3075.0,C1,0,4,11
400,3075.0,C2,1,0,0
400,3075.0,C3,0,0,5
400,3075.0,C3_E,-1,0,1
400,3080.0,C1,1,1,8
400,3080.0,C2,0,0,0
400,3080.0,C3,1,0,5
400,3080.0,C3_E,-1,0,0
400,3085.0,C1,1,0,5
400,3085.0,C2,0,0,7
400,3085.0,C3,1,0,1
400,3085.0,C3_E,-1,0,4
400,3090.0,C1,1,0,6
400,3090.0,C2,0,0,10
400,3090.0,C3,1,0,1
400,3090.0,C3_E,-1,0,5
400,3095.0,C1,0,0,7
400,3095.0,C2,1,0,10
400,3095.0,C3,0,0,1
400,3095.0,C3_E,-1,0,5
400,3100.0,C1,0,2,8
400,3100.0,C2,1,0,3
400,3100.0,C3,0,1,6
400,3100.0,C3_E,-1,0,3
400,3105.0,C1,0,3,10
400,3105.0,C2,1,0,2
400,3105.0,C3,0,1,10
400,3105.0,C3_E,-1,0,0
400,3110.0,C1,1,0,6
400,3110.0,C2,0,1,2
400,3110.0,C3,1,0,7
400,3110.0,C3_E,-1,0,0
400,3115.0,C1,1,0,3
400,3115.0,C2,0,2,10
400,3115.0,C3,1,0,4
400,3115.0,C3_E,-1,0,5
400,3120.0,C1,1,0,3
400,3120.0,C2,0,2,10
400,3120.0,C3,1,0,0
400,3120.0,C3_E,-1,0,9
400,3125.0,C1,0,1,6
400,3125.0,C2,1,0,8
400,3125.0,C3,0,0,0
400,3125.0,C3_E,-1,0,8
400,3130.0,C1,0,2,8
400,3130.0,C2,1,0,2
400,3130.0,C3,0,0,7
400,3130.0,C3_E,-1,0,6
400,3135.0,C1,0,3,8
400,3135.0,C2,1,0,0
400,3135.0,C3,0,0,10
400,3135.0,C3_E,-1,0,2
400,3140.0,C1,1,0,8
400,3140.0,C2,0,0,0
400,3140.0,C3,1,0,8
400,3140.0,C3_E,-1,0,0
400,3145.0,C1,1,0,3
400,3145.0,C2,0,0,6
400,3145.0,C3,1,0,4
400,3145.0,C3_E,-1,0,5
400,3150.0,C1,1,0,3
400,3150.0,C2,0,0,8
400,3150.0,C3,1,0,1
400,3150.0,C3_E,-1,0,8
400,3155.0,C1,0,0,6
400,3155.0,C2,1,0,7
400,3155.0,C3,0,0,1
400,3155.0,C3_E,-1,0,9
400,3160.0,C1,0,2,9
400,3160.0,C2,1,0,2
400,3160.0,C3,0,1,6
400,3160.0,C3_E,-1,0,4
400,3165.0,C1,0,4,11
400,3165.0,C2,1,0,0
400,3165.0,C3,0,1,9
400,3165.0,C3_E,-1,0,2
400,3170.0,C1,1,0,7
400,3170.0,C2,0,0,0
400,3170.0,C3,1,0,7
400,3170.0,C3_E,-1,0,1
400,3175.0,C1,1,0,3
400,3175.0,C2,0,0,7
400,3175.0,C3,1,0,3
400,3175.0,C3_E,-1,0,4
400,3180.0,C1,1,0,1
400,3180.0,C2,0,0,11
400,3180.0,C3,1,0,1
400,3180.0,C3_E,-1,0,8
400,3185.0,C1,0,0,3
400,3185.0,C2,1,0,10
400,3185.0,C3,0,1,1
400,3185.0,C3_E,-1,0,7
400,3190.0,C1,0,1,5
400,3190.0,C2,1,0,2
400,3190.0,C3,0,1,6
400,3190.0,C3_E,-1,0,4
400,3195.0,C1,0,1,6
400,3195.0,C2,1,0,0
400,3195.0,C3,0,1,12
400,3195.0,C3_E,-1,0,0
400,3200.0,C1,1,0,4
400,3200.0,C2,0,0,0
400,3200.0,C3,1,0,9
400,3200.0,C3_E,-1,0,0
400,3205.0,C1,1,0,2
400,3205.0,C2,0,0,4
400,3205.0,C3,1,0,3
400,3205.0,C3_E,-1,0,6
400,3210.0,C1,1,0,2
400,3210.0,C2,0,0,6
400,3210.0,C3,1,0,0
400,3210.0,C3_E,-1,0,11
400,3215.0,C1,0,0,4
400,3215.0,C2,1,0,5
400,3215.0,C3,0,0,0
400,3215.0,C3_E,-1,0,12
400,3220.0,C1,0,1,6
400,3220.0,C2,1,0,1
400,3220.0,C3,0,0,4
400,3220.0,C3_E,-1,0,7
400,3225.0,C1,0,2,6
400,3225.0,C2,1,0,0
400,3225.0,C3,0,0,6
400,3225.0,C3_E,-1,0,2
400,3230.0,C1,1,0,4
400,3230.0,C2,0,0,0
400,3230.0,C3,1,0,5
400,3230.0,C3_E,-1,0,0
400,3235.0,C1,1,0,3
400,3235.0,C2,0,0,5
400,3235.0,C3,1,0,2
400,3235.0,C3_E,-1,0,4
400,3240.0,C1,1,0,8
400,3240.0,C2,0,0,6
400,3240.0,C3,1,0,0
400,3240.0,C3_E,-1,0,6
400,3245.0,C1,0,0,11
400,3245.0,C2,1,0,6
400,3245.0,C3,0,0,0
400,3245.0,C3_E,-1,0,6
400,3250.0,C1,0,2,12
400,3250.0,C2,1,0,1
400,3250.0,C3,0,0,5
400,3250.0,C3_E,-1,0,2
400,3255.0,C1,0,5,12
400,3255.0,C2,1,0,0
400,3255.0,C3,0,0,6
400,3255.0,C3_E,-1,0,0
400,3260.0,C1,1,2,9
400,3260.0,C2,0,0,0
400,3260.0,C3,1,0,5
400,3260.0,C3_E,-1,0,0
400,3265.0,C1,1,0,4
400,3265.0,C2,0,0,10
400,3265.0,C3,1,0,1
400,3265.0,C3_E,-1,0,4
400,3270.0,C1,1,0,5
400,3270.0,C2,0,0,12
400,3270.0,C3,1,0,0
400,3270.0,C3_E,-1,0,5
400,3275.0,C1,0,0,7
400,3275.0,C2,1,0,12
400,3275.0,C3,0,0,0
400,3275.0,C3_E,-1,0,6
400,3280.0,C1,0,2,7
400,3280.0,C2,1,0,2
400,3280.0,C3,0,0,8
400,3280.0,C3_E,-1,0,1
400,3285.0,C1,0,4,8
400,3285.0,C2,1,0,0
400,3285.0,C3,0,0,12
400,3285.0,C3_E,-1,0,1
400,3290.0,C1,1,0,5
400,3290.0,C2,0,0,0
400,3290.0,C3,1,0,11
400,3290.0,C3_E,-1,0,0
400,3295.0,C1,1,0,4
400,3295.0,C2,0,0,7
400,3295.0,C3,1,0,4
400,3295.0,C3_E,-1,0,7
400,3300.0,C1,1,0,6
400,3300.0,C2,0,0,8
400,3300.0,C3,1,0,0
400,3300.0,C3_E,-1,0,11
400,3305.0,C1,0,0,9
400,3305.0,C2,1,0,8
400,3305.0,C3,0,0,0
400,3305.0,C3_E,-1,0,12
400,3310.0,C1,0,2,10
400,3310.0,C2,1,0,1
400,3310.0,C3,0,0,4
400,3310.0,C3_E,-1,0,5
400,3315.0,C1,0,4,11
400,3315.0,C2,1,0,0
400,3315.0,C3,0,0,8
400,3315.0,C3_E,-1,0,2
400,3320.0,C1,1,0,10
400,3320.0,C2,0,0,0
400,3320.0,C3,1,0,8
400,3320.0,C3_E,-1,0,0
400,3325.0,C1,1,0,4
400,3325.0,C2,0,0,7
400,3325.0,C3,1,0,2
400,3325.0,C3_E,-1,0,3
400,3330.0,C1,1,0,3
400,3330.0,C2,0,0,10
400,3330.0,C3,1,0,0
400,3330.0,C3_E,-1,0,8
400,3335.0,C1,0,1,4
400,3335.0,C2,1,0,10
400,3335.0,C3,0,0,0
400,3335.0,C3_E,-1,0,8
400,3340.0,C1,0,4,5
400,3340.0,C2,1,0,2
400,3340.0,C3,0,0,6
400,3340.0,C3_E,-1,0,5
400,3345.0,C1,0,3,6
400,3345.0,C2,1,0,1
400,3345.0,C3,0,0,10
400,3345.0,C3_E,-1,0,1
400,3350.0,C1,1,0,5
400,3350.0,C2,0,0,1
400,3350.0,C3,1,0,8
400,3350.0,C3_E,-1,0,0
400,3355.0,C1,1,0,5
400,3355.0,C2,0,1,5
400,3355.0,C3,1,0,2
400,3355.0,C3_E,-1,0,7
400,3360.0,C1,1,0,6
400,3360.0,C2,0,1,6
400,3360.0,C3,1,0,1
400,3360.0,C3_E,-1,0,9
400,3365.0,C1,0,1,7
400,3365.0,C2,1,0,5
400,3365.0,C3,0,0,0
400,3365.0,C3_E,-1,0,8
400,3370.0,C1,0,2,7
400,3370.0,C2,1,0,2
400,3370.0,C3,0,0,4
400,3370.0,C3_E,-1,0,2
400,3375.0,C1,0,6,9
400,3375.0,C2,1,0,0
400,3375.0,C3,0,0,6
400,3375.0,C3_E,-1,0,1
400,3380.0,C1,1,1,7
400,3380.0,C2,0,0,0
400,3380.0,C3,1,0,6
400,3380.0,C3_E,-1,0,1
400,3385.0,C1,1,0,4
400,3385.0,C2,0,0,5
400,3385.0,C3,1,0,3
400,3385.0,C3_E,-1,0,4
400,3390.0,C1,1,0,6
400,3390.0,C2,0,0,7
400,3390.0,C3,1,0,0
400,3390.0,C3_E,-1,0,6
400,3395.0,C1,0,2,7
400,3395.0,C2,1,0,5
400,3395.0,C3,0,0,0
400,3395.0,C3_E,-1,0,6
400,3400.0,C1,0,4,7
400,3400.0,C2,1,0,0
400,3400.0,C3,0,0,4
400,3400.0,C3_E,-1,0,4
400,3405.0,C1,0,6,8
400,3405.0,C2,1,0,0
400,3405.0,C3,0,0,7
400,3405.0,C3_E,-1,0,1
400,3410.0,C1,1,1,5
400,3410.0,C2,0,0,0
400,3410.0,C3,1,0,5
400,3410.0,C3_E,-1,0,0
400,3415.0,C1,1,0,4
400,3415.0,C2,0,0,5
400,3415.0,C3,1,0,1
400,3415.0,C3_E,-1,0,4
400,3420.0,C1,1,0,3
400,3420.0,C2,0,0,7
400,3420.0,C3,1,0,0
400,3420.0,C3_E,-1,0,7
400,3425.0,C1,0,1,4
400,3425.0,C2,1,0,7
400,3425.0,C3,0,0,0
400,3425.0,C3_E,-1,0,5
400,3430.0,C1,0,2,6
400,3430.0,C2,1,0,2
400,3430.0,C3,0,0,3
400,3430.0,C3_E,-1,0,2
400,3435.0,C1,0,3,10
400,3435.0,C2,1,0,0
400,3435.0,C3,0,0,6
400,3435.0,C3_E,-1,0,0
400,3440.0,C1,1,0,7
400,3440.0,C2,0,0,0
400,3440.0,C3,1,0,6
400,3440.0,C3_E,-1,0,0
400,3445.0,C1,1,0,8
400,3445.0,C2,0,0,4
400,3445.0,C3,1,0,4
400,3445.0,C3_E,-1,0,2
400,3450.0,C1,1,0,7
400,3450.0,C2,0,0,7
400,3450.0,C3,1,0,1
400,3450.0,C3_E,-1,0,6
400,3455.0,C1,0,2,6
400,3455.0,C2,1,0,9
400,3455.0,C3,0,0,1
400,3455.0,C3_E,-1,0,6
400,3460.0,C1,0,2,6
400,3460.0,C2,1,0,3
400,3460.0,C3,0,1,6
400,3460.0,C3_E,-1,0,3
400,3465.0,C1,0,4,8
400,3465.0,C2,1,0,2
400,3465.0,C3,0,1,8
400,3465.0,C3_E,-1,0,2
400,3470.0,C1,1,0,3
400,3470.0,C2,0,0,0
400,3470.0,C3,1,0,9
400,3470.0,C3_E,-1,0,0
400,3475.0,C1,1,0,5
400,3475.0,C2,0,0,6
400,3475.0,C3,1,0,4
400,3475.0,C3_E,-1,0,6
400,3480.0,C1,1,0,4
400,3480.0,C2,0,0,8
400,3480.0,C3,1,0,2
400,3480.0,C3_E,-1,0,8
400,3485.0,C1,0,1,5
400,3485.0,C2,1,0,5
400,3485.0,C3,0,1,2
400,3485.0,C3_E,-1,0,9
400,3490.0,C1,0,1,9
400,3490.0,C2,1,0,2
400,3490.0,C3,0,1,7
400,3490.0,C3_E,-1,0,6
400,3495.0,C1,0,3,15
400,3495.0,C2,1,0,0
400,3495.0,C3,0,1,8
400,3495.0,C3_E,-1,0,2
400,3500.0,C1,1,0,15
400,3500.0,C2,0,0,0
400,3500.0,C3,1,0,4
400,3500.0,C3_E,-1,0,0
400,3505.0,C1,1,0,12
400,3505.0,C2,0,0,7
400,3505.0,C3,1,0,2
400,3505.0,C3_E,-1,0,6
400,3510.0,C1,1,0,10
400,3510.0,C2,0,0,13
400,3510.0,C3,1,0,1
400,3510.0,C3_E,-1,0,8
400,3515.0,C1,0,2,12
400,3515.0,C2,1,0,13
400,3515.0,C3,0,1,1
400,3515.0,C3_E,-1,0,5
400,3520.0,C1,0,4,12
400,3520.0,C2,1,0,7
400,3520.0,C3,0,1,7
400,3520.0,C3_E,-1,0,2
400,3525.0,C1,0,10,14
400,3525.0,C2,1,0,2
400,3525.0,C3,0,1,10
400,3525.0,C3_E,-1,0,1
400,3530.0,C1,1,5,11
400,3530.0,C2,0,1,1
400,3530.0,C3,1,0,12
400,3530.0,C3_E,-1,0,0
400,3535.0,C1,1,0,6
400,3535.0,C2,0,1,7
400,3535.0,C3,1,0,6
400,3535.0,C3_E,-1,0,6
400,3540.0,C1,1,0,6
400,3540.0,C2,0,1,14
400,3540.0,C3,1,0,2
400,3540.0,C3_E,-1,0,11
400,3545.0,C1,0,1,10
400,3545.0,C2,1,0,12
400,3545.0,C3,0,0,0
400,3545.0,C3_E,-1,0,13
400,3550.0,C1,0,2,12
400,3550.0,C2,1,0,5
400,3550.0,C3,0,0,6
400,3550.0,C3_E,-1,0,9
400,3555.0,C1,0,5,14
400,3555.0,C2,1,0,0
400,3555.0,C3,0,0,14
400,3555.0,C3_E,-1,0,2
400,3560.0,C1,1,1,12
400,3560.0,C2,0,0,0
400,3560.0,C3,1,0,13
400,3560.0,C3_E,-1,0,0
400,3565.0,C1,1,0,7
400,3565.0,C2,0,0,9
400,3565.0,C3,1,0,6
400,3565.0,C3_E,-1,0,7
400,3570.0,C1,1,0,6
400,3570.0,C2,0,0,13
400,3570.0,C3,1,0,1
400,3570.0,C3_E,-1,0,12
400,3575.0,C1,0,0,6
400,3575.0,C2,1,0,12
400,3575.0,C3,0,0,0
400,3575.0,C3_E,-1,0,13
400,3580.0,C1,0,3,6
400,3580.0,C2,1,0,5
400,3580.0,C3,0,0,5
400,3580.0,C3_E,-1,0,7
400,3585.0,C1,0,6,7
400,3585.0,C2,1,0,0
400,3585.0,C3,0,0,13
400,3585.0,C3_E,-1,0,3
400,3590.0,C1,1,0,5
400,3590.0,C2,0,0,0
400,3590.0,C3,1,0,10
400,3590.0,C3_E,-1,0,0
400,3595.0,C1,1,0,8
400,3595.0,C2,0,0,6
400,3595.0,C3,1,0,8
400,3595.0,C3_E,-1,0,6
550,0.0,C1,0,0,0
550,0.0,C2,0,0,0
550,0.0,C3,0,0,0
550,0.0,C3_E,-1,0,0
550,5.0,C1,0,0,1
550,5.0,C2,0,0,0
550,5.0,C3,0,0,0
550,5.0,C3_E,-1,0,0
550,10.0,C1,0,0,1
550,10.0,C2,0,0,0
550,10.0,C3,0,0,0
550,10.0,C3_E,-1,0,0
550,15.0,C1,0,0,3
550,15.0,C2,0,0,0
550,15.0,C3,0,0,0
550,15.0,C3_E,-1,0,0
550,20.0,C1,1,0,6
550,20.0,C2,1,0,0
550,20.0,C3,0,0,0
550,20.0,C3_E,-1,0,0
550,25.0,C1,1,0,6
550,25.0,C2,1,0,1
550,25.0,C3,0,0,0
550,25.0,C3_E,-1,0,0
550,30.0,C1,1,0,4
550,30.0,C2,1,0,3
550,30.0,C3,1,0,0
550,30.0,C3_E,-1,0,0
550,35.0,C1,0,1,5
550,35.0,C2,0,0,3
550,35.0,C3,1,0,0
550,35.0,C3_E,-1,0,0
550,40.0,C1,0,3,7
550,40.0,C2,0,0,3
550,40.0,C3,1,0,0
550,40.0,C3_E,-1,0,0
550,45.0,C1,0,4,9
550,45.0,C2,0,0,3
550,45.0,C3,0,0,0
550,45.0,C3_E,-1,0,0
550,50.0,C1,1,0,4
550,50.0,C2,1,0,0
550,50.0,C3,0,0,0
550,50.0,C3_E,-1,0,0
550,55.0,C1,1,0,2
550,55.0,C2,1,0,6
550,55.0,C3,0,0,3
550,55.0,C3_E,-1,0,0
550,60.0,C1,1,0,1
550,60.0,C2,1,0,9
550,60.0,C3,1,0,3
550,60.0,C3_E,-1,0,0
550,65.0,C1,0,0,1
550,65.0,C2,0,0,9
550,65.0,C3,1,0,3
550,65.0,C3_E,-1,0,0
550,70.0,C1,0,0,3
550,70.0,C2,0,0,9
550,70.0,C3,1,0,2
550,70.0,C3_E,-1,0,0
550,75.0,C1,0,1,3
550,75.0,C2,0,5,9
550,75.0,C3,0,0,1
550,75.0,C3_E,-1,0,2
550,80.0,C1,1,0,3
550,80.0,C2,1,1,4
550,80.0,C3,0,1,1
550,80.0,C3_E,-1,0,2
550,85.0,C1,1,0,3
550,85.0,C2,1,0,2
550,85.0,C3,0,1,9
550,85.0,C3_E,-1,0,2
550,90.0,C1,1,0,2
550,90.0,C2,1,0,3
550,90.0,C3,1,0,9
550,90.0,C3_E,-1,0,0
550,95.0,C1,0,0,3
550,95.0,C2,0,0,3
550,95.0,C3,1,0,9
550,95.0,C3_E,-1,0,1
550,100.0,C1,0,2,3
550,100.0,C2,0,0,3
550,100.0,C3,1,0,8
550,100.0,C3_E,-1,0,1
550,105.0,C1,0,2,6
550,105.0,C2,0,0,3
550,105.0,C3,0,1,6
550,105.0,C3_E,-1,0,4
550,110.0,C1,1,0,3
550,110.0,C2,1,0,0
550,110.0,C3,0,5,6
550,110.0,C3_E,-1,0,3
550,115.0,C1,1,0,3
550,115.0,C2,1,0,3
550,115.0,C3,0,6,9
550,115.0,C3_E,-1,0,1
550,120.0,C1,1,0,2
550,120.0,C2,1,0,4
550,120.0,C3,1,0,5
550,120.0,C3_E,-1,0,0
550,125.0,C1,0,0,3
550,125.0,C2,0,0,6
550,125.0,C3,1,0,3
550,125.0,C3_E,-1,0,6
550,130.0,C1,0,0,3
550,130.0,C2,0,0,6
550,130.0,C3,1,0,3
550,130.0,C3_E,-1,0,6
550,135.0,C1,0,0,4
550,135.0,C2,0,3,6
550,135.0,C3,0,1,3
550,135.0,C3_E,-1,0,6
550,140.0,C1,1,0,2
550,140.0,C2,1,0,3
550,140.0,C3,0,3,3
550,140.0,C3_E,-1,0,0
550,145.0,C1,1,0,4
550,145.0,C2,1,0,3
550,145.0,C3,0,3,8
550,145.0,C3_E,-1,0,0
550,150.0,C1,1,0,8
550,150.0,C2,1,0,4
550,150.0,C3,1,0,6
550,150.0,C3_E,-1,0,0
550,155.0,C1,0,0,9
550,155.0,C2,0,0,4
550,155.0,C3,1,0,6
550,155.0,C3_E,-1,0,3
550,160.0,C1,0,1,12
550,160.0,C2,0,0,4
550,160.0,C3,1,0,6
550,160.0,C3_E,-1,0,3
550,165.0,C1,0,7,14
550,165.0,C2,0,2,4
550,165.0,C3,0,1,4
550,165.0,C3_E,-1,0,5
550,170.0,C1,1,2,14
550,170.0,C2,1,0,0
550,170.0,C3,0,3,4
550,170.0,C3_E,-1,0,2
550,175.0,C1,1,0,10
550,175.0,C2,1,0,6
550,175.0,C3,0,4,8
550,175.0,C3_E,-1,0,2
550,180.0,C1,1,0,7
550,180.0,C2,1,0,14
550,180.0,C3,1,0,5
550,180.0,C3_E,-1,0,0
550,185.0,C1,0,0,7
550,185.0,C2,0,0,14
550,185.0,C3,1,0,4
550,185.0,C3_E,-1,0,4
550,190.0,C1,0,3,9
550,190.0,C2,0,0,14
550,190.0,C3,1,0,2
550,190.0,C3_E,-1,0,4
550,195.0,C1,0,6,10
550,195.0,C2,0,0,14
550,195.0,C3,0,0,2
550,195.0,C3_E,-1,0,6
550,200.0,C1,1,0,8
550,200.0,C2,1,0,11
550,200.0,C3,0,2,2
550,200.0,C3_E,-1,0,3
550,205.0,C1,1,0,6
550,205.0,C2,1,0,8
550,205.0,C3,0,2,9
550,205.0,C3_E,-1,0,0
550,210.0,C1,1,0,6
550,210.0,C2,1,0,9
550,210.0,C3,1,0,14
550,210.0,C3_E,-1,0,0
550,215.0,C1,0,0,7
550,215.0,C2,0,0,10
550,215.0,C3,1,0,14
550,215.0,C3_E,-1,0,2
550,220.0,C1,0,2,8
550,220.0,C2,0,0,10
550,220.0,C3,1,0,14
550,220.0,C3_E,-1,0,2
550,225.0,C1,0,6,8
550,225.0,C2,0,2,10
550,225.0,C3,0,1,14
550,225.0,C3_E,-1,0,2
550,230.0,C1,1,0,5
550,230.0,C2,1,1,6
550,230.0,C3,0,5,14
550,230.0,C3_E,-1,0,0
550,235.0,C1,1,0,4
550,235.0,C2,1,0,6
550,235.0,C3,0,11,21
550,235.0,C3_E,-1,0,0
550,240.0,C1,1,0,7
550,240.0,C2,1,0,8
550,240.0,C3,1,6,20
550,240.0,C3_E,-1,0,0
550,245.0,C1,0,0,11
550,245.0,C2,0,0,8
550,245.0,C3,1,0,13
550,245.0,C3_E,-1,0,6
550,250.0,C1,0,1,13
550,250.0,C2,0,0,8
550,250.0,C3,1,0,9
550,250.0,C3_E,-1,0,14
550,255.0,C1,0,5,15
550,255.0,C2,0,1,8
550,255.0,C3,0,1,8
550,255.0,C3_E,-1,0,16
550,260.0,C1,1,1,9
550,260.0,C2,1,0,3
550,260.0,C3,0,5,8
550,260.0,C3_E,-1,0,13
550,265.0,C1,1,0,5
550,265.0,C2,1,0,8
550,265.0,C3,0,8,14
550,265.0,C3_E,-1,0,2
550,270.0,C1,1,0,1
550,270.0,C2,1,0,14
550,270.0,C3,1,1,12
550,270.0,C3_E,-1,0,0
550,275.0,C1,0,0,3
550,275.0,C2,0,0,15
550,275.0,C3,1,0,8
550,275.0,C3_E,-1,0,7
550,280.0,C1,0,1,4
550,280.0,C2,0,0,15
550,280.0,C3,1,0,7
550,280.0,C3_E,-1,0,8
550,285.0,C1,0,1,6
550,285.0,C2,0,3,15
550,285.0,C3,0,1,7
550,285.0,C3_E,-1,0,9
550,290.0,C1,1,0,5
550,290.0,C2,1,1,10
550,290.0,C3,0,6,7
550,290.0,C3_E,-1,0,3
550,295.0,C1,1,0,3
550,295.0,C2,1,0,7
550,295.0,C3,0,5,16
550,295.0,C3_E,-1,0,0
550,300.0,C1,1,0,2
550,300.0,C2,1,0,5
550,300.0,C3,1,0,16
550,300.0,C3_E,-1,0,0
550,305.0,C1,0,0,5
550,305.0,C2,0,0,6
550,305.0,C3,1,0,15
550,305.0,C3_E,-1,0,7
550,310.0,C1,0,1,7
550,310.0,C2,0,0,6
550,310.0,C3,1,0,14
550,310.0,C3_E,-1,0,7
550,315.0,C1,0,2,10
550,315.0,C2,0,2,6
550,315.0,C3,0,1,13
550,315.0,C3_E,-1,0,9
550,320.0,C1,1,0,8
550,320.0,C2,1,0,2
550,320.0,C3,0,8,13
550,320.0,C3_E,-1,0,3
550,325.0,C1,1,0,7
550,325.0,C2,1,0,5
550,325.0,C3,0,13,19
550,325.0,C3_E,-1,0,0
550,330.0,C1,1,0,5
550,330.0,C2,1,0,8
550,330.0,C3,1,3,14
550,330.0,C3_E,-1,0,0
550,335.0,C1,0,0,6
550,335.0,C2,0,0,10
550,335.0,C3,1,0,7
550,335.0,C3_E,-1,0,10
550,340.0,C1,0,2,8
550,340.0,C2,0,0,10
550,340.0,C3,1,0,6
550,340.0,C3_E,-1,0,13
550,345.0,C1,0,4,9
550,345.0,C2,0,2,10
550,345.0,C3,0,1,5
550,345.0,C3_E,-1,0,14
550,350.0,C1,1,0,5
550,350.0,C2,1,0,6
550,350.0,C3,0,5,5
550,350.0,C3_E,-1,0,6
550,355.0,C1,1,0,3
550,355.0,C2,1,0,7
550,355.0,C3,0,5,13
550,355.0,C3_E,-1,0,1
550,360.0,C1,1,0,3
550,360.0,C2,1,0,8
550,360.0,C3,1,0,11
550,360.0,C3_E,-1,0,0
550,365.0,C1,0,0,4
550,365.0,C2,0,0,9
550,365.0,C3,1,0,10
550,365.0,C3_E,-1,0,5
550,370.0,C1,0,1,4
550,370.0,C2,0,0,9
550,370.0,C3,1,0,10
550,370.0,C3_E,-1,0,5
550,375.0,C1,0,3,6
550,375.0,C2,0,1,9
550,375.0,C3,0,1,10
550,375.0,C3_E,-1,0,5
550,380.0,C1,1,0,3
550,380.0,C2,1,0,4
550,380.0,C3,0,5,10
550,380.0,C3_E,-1,0,0
550,385.0,C1,1,0,4
550,385.0,C2,1,0,4
550,385.0,C3,0,10,18
550,385.0,C3_E,-1,0,0
550,390.0,C1,1,0,3
550,390.0,C2,1,0,5
550,390.0,C3,1,3,16
550,390.0,C3_E,-1,0,0
550,395.0,C1,0,0,3
550,395.0,C2,0,0,6
550,395.0,C3,1,0,9
550,395.0,C3_E,-1,0,7
550,400.0,C1,0,1,5
550,400.0,C2,0,0,6
550,400.0,C3,1,0,9
550,400.0,C3_E,-1,0,10
550,405.0,C1,0,2,7
550,405.0,C2,0,3,6
550,405.0,C3,0,0,9
550,405.0,C3_E,-1,0,10
550,410.0,C1,1,0,6
550,410.0,C2,1,0,2
550,410.0,C3,0,8,9
550,410.0,C3_E,-1,0,5
550,415.0,C1,1,0,5
550,415.0,C2,1,0,4
550,415.0,C3,0,9,15
550,415.0,C3_E,-1,0,0
550,420.0,C1,1,0,3
550,420.0,C2,1,0,5
550,420.0,C3,1,1,10
550,420.0,C3_E,-1,0,0
550,425.0,C1,0,1,6
550,425.0,C2,0,0,7
550,425.0,C3,1,0,6
550,425.0,C3_E,-1,0,9
550,430.0,C1,0,2,6
550,430.0,C2,0,0,7
550,430.0,C3,1,0,6
550,430.0,C3_E,-1,0,9
550,435.0,C1,0,3,9
550,435.0,C2,0,2,7
550,435.0,C3,0,1,5
550,435.0,C3_E,-1,0,10
550,440.0,C1,1,0,8
550,440.0,C2,1,0,2
550,440.0,C3,0,5,5
550,440.0,C3_E,-1,0,2
550,445.0,C1,1,0,7
550,445.0,C2,1,0,6
550,445.0,C3,0,5,11
550,445.0,C3_E,-1,0,0
550,450.0,C1,1,0,7
550,450.0,C2,1,0,6
550,450.0,C3,1,0,7
550,450.0,C3_E,-1,0,0
550,455.0,C1,0,1,7
550,455.0,C2,0,0,8
550,455.0,C3,1,0,7
550,455.0,C3_E,-1,0,5
550,460.0,C1,0,4,10
550,460.0,C2,0,0,8
550,460.0,C3,1,0,6
550,460.0,C3_E,-1,0,6
550,465.0,C1,0,5,12
550,465.0,C2,0,1,8
550,465.0,C3,0,1,6
550,465.0,C3_E,-1,0,6
550,470.0,C1,1,1,9
550,470.0,C2,1,0,4
550,470.0,C3,0,5,6
550,470.0,C3_E,-1,0,1
550,475.0,C1,1,0,5
550,475.0,C2,1,0,6
550,475.0,C3,0,6,13
550,475.0,C3_E,-1,0,0
550,480.0,C1,1,0,3
550,480.0,C2,1,0,12
550,480.0,C3,1,0,8
550,480.0,C3_E,-1,0,0
550,485.0,C1,0,0,5
550,485.0,C2,0,0,12
550,485.0,C3,1,0,8
550,485.0,C3_E,-1,0,6
550,490.0,C1,0,0,7
550,490.0,C2,0,0,12
550,490.0,C3,1,0,6
550,490.0,C3_E,-1,0,7
550,495.0,C1,0,2,12
550,495.0,C2,0,0,12
550,495.0,C3,0,0,6
550,495.0,C3_E,-1,0,8
550,500.0,C1,1,0,11
550,500.0,C2,1,0,8
550,500.0,C3,0,4,6
550,500.0,C3_E,-1,0,2
550,505.0,C1,1,0,8
550,505.0,C2,1,0,7
550,505.0,C3,0,6,14
550,505.0,C3_E,-1,0,0
550,510.0,C1,1,0,5
550,510.0,C2,1,0,9
550,510.0,C3,1,0,14
550,510.0,C3_E,-1,0,0
550,515.0,C1,0,3,5
550,515.0,C2,0,0,12
550,515.0,C3,1,0,12
550,515.0,C3_E,-1,0,6
550,520.0,C1,0,2,5
550,520.0,C2,0,0,12
550,520.0,C3,1,0,11
550,520.0,C3_E,-1,0,6
550,525.0,C1,0,3,8
550,525.0,C2,0,1,12
550,525.0,C3,0,1,9
550,525.0,C3_E,-1,0,9
550,530.0,C1,1,0,7
550,530.0,C2,1,1,8
550,530.0,C3,0,6,9
550,530.0,C3_E,-1,0,5
550,535.0,C1,1,0,6
550,535.0,C2,1,0,5
550,535.0,C3,0,9,17
550,535.0,C3_E,-1,0,1
550,540.0,C1,1,0,4
550,540.0,C2,1,0,6
550,540.0,C3,1,2,17
550,540.0,C3_E,-1,0,0
550,545.0,C1,0,0,6
550,545.0,C2,0,0,8
550,545.0,C3,1,0,12
550,545.0,C3_E,-1,0,7
550,550.0,C1,0,2,10
550,550.0,C2,0,0,8
550,550.0,C3,1,0,12
550,550.0,C3_E,-1,0,9
550,555.0,C1,0,4,12
550,555.0,C2,0,2,8
550,555.0,C3,0,0,12
550,555.0,C3_E,-1,0,9
550,560.0,C1,1,0,9
550,560.0,C2,1,0,3
550,560.0,C3,0,9,12
550,560.0,C3_E,-1,0,5
550,565.0,C1,1,0,8
550,565.0,C2,1,0,6
550,565.0,C3,0,12,20
550,565.0,C3_E,-1,0,0
550,570.0,C1,1,0,8
550,570.0,C2,1,0,11
550,570.0,C3,1,4,16
550,570.0,C3_E,-1,0,0
550,575.0,C1,0,1,10
550,575.0,C2,0,0,12
550,575.0,C3,1,0,9
550,575.0,C3_E,-1,0,9
550,580.0,C1,0,3,12
550,580.0,C2,0,0,12
550,580.0,C3,1,0,7
550,580.0,C3_E,-1,0,13
550,585.0,C1,0,6,13
550,585.0,C2,0,2,12
550,585.0,C3,0,1,7
550,585.0,C3_E,-1,0,13
550,590.0,C1,1,3,12
550,590.0,C2,1,2,8
550,590.0,C3,0,4,7
550,590.0,C3_E,-1,0,6
550,595.0,C1,1,0,9
550,595.0,C2,1,0,8
550,595.0,C3,0,7,13
550,595.0,C3_E,-1,0,1
550,600.0,C1,1,0,8
550,600.0,C2,1,0,12
550,600.0,C3,1,0,13
550,600.0,C3_E,-1,0,0
550,605.0,C1,0,0,9
550,605.0,C2,0,0,13
550,605.0,C3,1,0,12
550,605.0,C3_E,-1,0,7
550,610.0,C1,0,2,11
550,610.0,C2,0,0,13
550,610.0,C3,1,0,11
550,610.0,C3_E,-1,0,7
550,615.0,C1,0,6,13
550,615.0,C2,0,0,13
550,615.0,C3,0,2,11
550,615.0,C3_E,-1,0,8
550,620.0,C1,1,2,13
550,620.0,C2,1,2,10
550,620.0,C3,0,8,11
550,620.0,C3_E,-1,0,5
550,625.0,C1,1,0,9
550,625.0,C2,1,0,11
550,625.0,C3,0,11,17
550,625.0,C3_E,-1,0,0
550,630.0,C1,1,0,6
550,630.0,C2,1,0,12
550,630.0,C3,1,3,20
550,630.0,C3_E,-1,0,0
550,635.0,C1,0,1,9
550,635.0,C2,0,0,12
550,635.0,C3,1,0,13
550,635.0,C3_E,-1,0,7
550,640.0,C1,0,4,11
550,640.0,C2,0,0,12
550,640.0,C3,1,0,13
550,640.0,C3_E,-1,0,11
550,645.0,C1,0,6,13
550,645.0,C2,0,2,12
550,645.0,C3,0,0,12
550,645.0,C3_E,-1,0,12
550,650.0,C1,1,2,10
550,650.0,C2,1,0,8
550,650.0,C3,0,6,12
550,650.0,C3_E,-1,0,6
550,655.0,C1,1,0,6
550,655.0,C2,1,0,7
550,655.0,C3,0,12,20
550,655.0,C3_E,-1,0,1
550,660.0,C1,1,0,5
550,660.0,C2,1,0,12
550,660.0,C3,1,5,20
550,660.0,C3_E,-1,0,0
550,665.0,C1,0,1,7
550,665.0,C2,0,0,12
550,665.0,C3,1,0,13
550,665.0,C3_E,-1,0,7
550,670.0,C1,0,2,9
550,670.0,C2,0,0,12
550,670.0,C3,1,0,11
550,670.0,C3_E,-1,0,12
550,675.0,C1,0,4,12
550,675.0,C2,0,3,12
550,675.0,C3,0,1,11
550,675.0,C3_E,-1,0,12
550,680.0,C1,1,0,10
550,680.0,C2,1,3,8
550,680.0,C3,0,5,11
550,680.0,C3_E,-1,0,7
550,685.0,C1,1,0,6
550,685.0,C2,1,0,7
550,685.0,C3,0,11,18
550,685.0,C3_E,-1,0,1
550,690.0,C1,1,0,4
550,690.0,C2,1,0,12
550,690.0,C3,1,4,20
550,690.0,C3_E,-1,0,0
550,695.0,C1,0,1,5
550,695.0,C2,0,0,12
550,695.0,C3,1,0,13
550,695.0,C3_E,-1,0,7
550,700.0,C1,0,3,8
550,700.0,C2,0,0,12
550,700.0,C3,1,0,12
550,700.0,C3_E,-1,0,11
550,705.0,C1,0,3,10
550,705.0,C2,0,2,12
550,705.0,C3,0,2,12
550,705.0,C3_E,-1,0,11
550,710.0,C1,1,1,7
550,710.0,C2,1,0,8
550,710.0,C3,0,9,12
550,710.0,C3_E,-1,0,5
550,715.0,C1,1,0,4
550,715.0,C2,1,0,5
550,715.0,C3,0,11,19
550,715.0,C3_E,-1,0,1
550,720.0,C1,1,0,4
550,720.0,C2,1,0,9
550,720.0,C3,1,4,20
550,720.0,C3_E,-1,0,0
550,725.0,C1,0,0,6
550,725.0,C2,0,0,10
550,725.0,C3,1,0,13
550,725.0,C3_E,-1,0,9
550,730.0,C1,0,0,9
550,730.0,C2,0,0,10
550,730.0,C3,1,0,10
550,730.0,C3_E,-1,0,12
550,735.0,C1,0,2,9
550,735.0,C2,0,2,10
550,735.0,C3,0,1,10
550,735.0,C3_E,-1,0,14
550,740.0,C1,1,0,5
550,740.0,C2,1,2,6
550,740.0,C3,0,7,10
550,740.0,C3_E,-1,0,8
550,745.0,C1,1,0,4
550,745.0,C2,1,0,8
550,745.0,C3,0,10,15
550,745.0,C3_E,-1,0,1
550,750.0,C1,1,0,4
550,750.0,C2,1,0,9
550,750.0,C3,1,2,16
550,750.0,C3_E,-1,0,0
550,755.0,C1,0,0,4
550,755.0,C2,0,0,9
550,755.0,C3,1,0,10
550,755.0,C3_E,-1,0,6
550,760.0,C1,0,2,4
550,760.0,C2,0,0,9
550,760.0,C3,1,0,9
550,760.0,C3_E,-1,0,10
550,765.0,C1,0,3,5
550,765.0,C2,0,4,9
550,765.0,C3,0,1,9
550,765.0,C3_E,-1,0,11
550,770.0,C1,1,0,5
550,770.0,C2,1,0,4
550,770.0,C3,0,7,9
550,770.0,C3_E,-1,0,5
550,775.0,C1,1,0,7
550,775.0,C2,1,0,4
550,775.0,C3,0,9,16
550,775.0,C3_E,-1,0,0
550,780.0,C1,1,0,8
550,780.0,C2,1,0,4
550,780.0,C3,1,3,14
550,780.0,C3_E,-1,0,0
550,785.0,C1,0,2,9
550,785.0,C2,0,0,4
550,785.0,C3,1,0,9
550,785.0,C3_E,-1,0,5
550,790.0,C1,0,3,11
550,790.0,C2,0,0,4
550,790.0,C3,1,0,7
550,790.0,C3_E,-1,0,9
550,795.0,C1,0,7,12
550,795.0,C2,0,2,4
550,795.0,C3,0,0,7
550,795.0,C3_E,-1,0,11
550,800.0,C1,1,1,8
550,800.0,C2,1,0,0
550,800.0,C3,0,5,7
550,800.0,C3_E,-1,0,6
550,805.0,C1,1,0,6
550,805.0,C2,1,0,8
550,805.0,C3,0,5,11
550,805.0,C3_E,-1,0,1
550,810.0,C1,1,0,6
550,810.0,C2,1,0,11
550,810.0,C3,1,0,6
550,810.0,C3_E,-1,0,0
550,815.0,C1,0,1,7
550,815.0,C2,0,0,11
550,815.0,C3,1,0,4
550,815.0,C3_E,-1,0,6
550,820.0,C1,0,3,8
550,820.0,C2,0,0,11
550,820.0,C3,1,0,4
550,820.0,C3_E,-1,0,7
550,825.0,C1,0,5,8
550,825.0,C2,0,1,11
550,825.0,C3,0,1,3
550,825.0,C3_E,-1,0,8
550,830.0,C1,1,0,5
550,830.0,C2,1,0,6
550,830.0,C3,0,3,3
550,830.0,C3_E,-1,0,3
550,835.0,C1,1,0,1
550,835.0,C2,1,0,7
550,835.0,C3,0,3,11
550,835.0,C3_E,-1,0,1
550,840.0,C1,1,0,2
550,840.0,C2,1,0,8
550,840.0,C3,1,0,11
550,840.0,C3_E,-1,0,0
550,845.0,C1,0,0,3
550,845.0,C2,0,0,8
550,845.0,C3,1,0,11
550,845.0,C3_E,-1,0,3
550,850.0,C1,0,1,3
550,850.0,C2,0,0,8
550,850.0,C3,1,0,10
550,850.0,C3_E,-1,0,3
550,855.0,C1,0,1,4
550,855.0,C2,0,2,8
550,855.0,C3,0,1,9
550,855.0,C3_E,-1,0,5
550,860.0,C1,1,0,3
550,860.0,C2,1,0,4
550,860.0,C3,0,5,9
550,860.0,C3_E,-1,0,2
550,865.0,C1,1,0,4
550,865.0,C2,1,0,3
550,865.0,C3,0,8,17
550,865.0,C3_E,-1,0,2
550,870.0,C1,1,0,3
550,870.0,C2,1,0,4
550,870.0,C3,1,2,13
550,870.0,C3_E,-1,0,0
550,875.0,C1,0,0,5
550,875.0,C2,0,0,4
550,875.0,C3,1,0,8
550,875.0,C3_E,-1,0,7
550,880.0,C1,0,2,6
550,880.0,C2,0,0,4
550,880.0,C3,1,0,7
550,880.0,C3_E,-1,0,9
550,885.0,C1,0,3,9
550,885.0,C2,0,3,4
550,885.0,C3,0,1,7
550,885.0,C3_E,-1,0,10
550,890.0,C1,1,0,9
550,890.0,C2,1,0,1
550,890.0,C3,0,7,7
550,890.0,C3_E,-1,0,6
550,895.0,C1,1,0,6
550,895.0,C2,1,0,6
550,895.0,C3,0,7,11
550,895.0,C3_E,-1,0,2
550,900.0,C1,1,0,5
550,900.0,C2,1,0,7
550,900.0,C3,1,1,7
550,900.0,C3_E,-1,0,0
550,905.0,C1,0,1,4
550,905.0,C2,0,0,10
550,905.0,C3,1,0,4
550,905.0,C3_E,-1,0,7
550,910.0,C1,0,2,5
550,910.0,C2,0,0,10
550,910.0,C3,1,0,2
550,910.0,C3_E,-1,0,7
550,915.0,C1,0,3,6
550,915.0,C2,0,1,10
550,915.0,C3,0,0,2
550,915.0,C3_E,-1,0,9
550,920.0,C1,1,0,4
550,920.0,C2,1,0,5
550,920.0,C3,0,2,2
550,920.0,C3_E,-1,0,4
550,925.0,C1,1,0,2
550,925.0,C2,1,0,5
550,925.0,C3,0,2,9
550,925.0,C3_E,-1,0,1
550,930.0,C1,1,0,4
550,930.0,C2,1,0,5
550,930.0,C3,1,0,10
550,930.0,C3_E,-1,0,0
550,935.0,C1,0,1,5
550,935.0,C2,0,0,5
550,935.0,C3,1,0,10
550,935.0,C3_E,-1,0,2
550,940.0,C1,0,2,5
550,940.0,C2,0,0,5
550,940.0,C3,1,0,9
550,940.0,C3_E,-1,0,2
550,945.0,C1,0,3,6
550,945.0,C2,0,2,5
550,945.0,C3,0,1,9
550,945.0,C3_E,-1,0,3
550,950.0,C1,1,0,5
550,950.0,C2,1,0,1
550,950.0,C3,0,8,9
550,950.0,C3_E,-1,0,1
550,955.0,C1,1,0,6
550,955.0,C2,1,0,5
550,955.0,C3,0,9,14
550,955.0,C3_E,-1,0,0
550,960.0,C1,1,0,8
550,960.0,C2,1,0,5
550,960.0,C3,1,2,10
550,960.0,C3_E,-1,0,0
550,965.0,C1,0,1,10
550,965.0,C2,0,0,6
550,965.0,C3,1,0,5
550,965.0,C3_E,-1,0,6
550,970.0,C1,0,4,12
550,970.0,C2,0,0,6
550,970.0,C3,1,0,4
550,970.0,C3_E,-1,0,9
550,975.0,C1,0,6,15
550,975.0,C2,0,4,6
550,975.0,C3,0,2,3
550,975.0,C3_E,-1,0,11
550,980.0,C1,1,1,11
550,980.0,C2,1,0,2
550,980.0,C3,0,3,3
550,980.0,C3_E,-1,0,5
550,985.0,C1,1,0,5
550,985.0,C2,1,0,8
550,985.0,C3,0,3,9
550,985.0,C3_E,-1,0,1
550,990.0,C1,1,0,6
550,990.0,C2,1,0,14
550,990.0,C3,1,0,6
550,990.0,C3_E,-1,0,0
550,995.0,C1,0,0,7
550,995.0,C2,0,0,15
550,995.0,C3,1,0,6
550,995.0,C3_E,-1,0,3
550,1000.0,C1,0,2,7
550,1000.0,C2,0,0,15
550,1000.0,C3,1,0,5
550,1000.0,C3_E,-1,0,3
550,1005.0,C1,0,2,9
550,1005.0,C2,0,4,15
550,1005.0,C3,0,2,4
550,1005.0,C3_E,-1,0,4
550,1010.0,C1,1,0,7
550,1010.0,C2,1,2,11
550,1010.0,C3,0,4,4
550,1010.0,C3_E,-1,0,2
550,1015.0,C1,1,0,3
550,1015.0,C2,1,0,8
550,1015.0,C3,0,4,12
550,1015.0,C3_E,-1,0,1
550,1020.0,C1,1,0,4
550,1020.0,C2,1,0,8
550,1020.0,C3,1,0,16
550,1020.0,C3_E,-1,0,0
550,1025.0,C1,0,0,5
550,1025.0,C2,0,0,9
550,1025.0,C3,1,0,15
550,1025.0,C3_E,-1,0,4
550,1030.0,C1,0,2,6
550,1030.0,C2,0,0,9
550,1030.0,C3,1,0,12
550,1030.0,C3_E,-1,0,5
550,1035.0,C1,0,2,10
550,1035.0,C2,0,1,9
550,1035.0,C3,0,0,12
550,1035.0,C3_E,-1,0,7
550,1040.0,C1,1,0,7
550,1040.0,C2,1,0,5
550,1040.0,C3,0,6,12
550,1040.0,C3_E,-1,0,3
550,1045.0,C1,1,0,6
550,1045.0,C2,1,0,5
550,1045.0,C3,0,9,19
550,1045.0,C3_E,-1,0,0
550,1050.0,C1,1,0,3
550,1050.0,C2,1,0,9
550,1050.0,C3,1,5,17
550,1050.0,C3_E,-1,0,0
550,1055.0,C1,0,0,5
550,1055.0,C2,0,0,10
550,1055.0,C3,1,0,10
550,1055.0,C3_E,-1,0,8
550,1060.0,C1,0,0,6
550,1060.0,C2,0,0,10
550,1060.0,C3,1,0,9
550,1060.0,C3_E,-1,0,12
550,1065.0,C1,0,2,8
550,1065.0,C2,0,1,10
550,1065.0,C3,0,1,8
550,1065.0,C3_E,-1,0,12
550,1070.0,C1,1,0,6
550,1070.0,C2,1,1,6
550,1070.0,C3,0,6,8
550,1070.0,C3_E,-1,0,7
550,1075.0,C1,1,0,4
550,1075.0,C2,1,0,6
550,1075.0,C3,0,8,16
550,1075.0,C3_E,-1,0,1
550,1080.0,C1,1,0,6
550,1080.0,C2,1,0,7
550,1080.0,C3,1,2,14
550,1080.0,C3_E,-1,0,0
550,1085.0,C1,0,0,9
550,1085.0,C2,0,0,8
550,1085.0,C3,1,0,10
550,1085.0,C3_E,-1,0,7
550,1090.0,C1,0,2,10
550,1090.0,C2,0,0,8
550,1090.0,C3,1,0,9
550,1090.0,C3_E,-1,0,8
550,1095.0,C1,0,3,10
550,1095.0,C2,0,2,8
550,1095.0,C3,0,1,8
550,1095.0,C3_E,-1,0,10
550,1100.0,C1,1,2,9
550,1100.0,C2,1,0,4
550,1100.0,C3,0,7,8
550,1100.0,C3_E,-1,0,5
550,1105.0,C1,1,0,4
550,1105.0,C2,1,0,6
550,1105.0,C3,0,8,14
550,1105.0,C3_E,-1,0,0
550,1110.0,C1,1,0,4
550,1110.0,C2,1,0,10
550,1110.0,C3,1,0,11
550,1110.0,C3_E,-1,0,0
550,1115.0,C1,0,0,4
550,1115.0,C2,0,0,10
550,1115.0,C3,1,0,8
550,1115.0,C3_E,-1,0,7
550,1120.0,C1,0,2,5
550,1120.0,C2,0,0,10
550,1120.0,C3,1,0,8
550,1120.0,C3_E,-1,0,8
550,1125.0,C1,0,4,5
550,1125.0,C2,0,2,10
550,1125.0,C3,0,1,7
550,1125.0,C3_E,-1,0,9
550,1130.0,C1,1,0,4
550,1130.0,C2,1,0,5
550,1130.0,C3,0,7,7
550,1130.0,C3_E,-1,0,2
550,1135.0,C1,1,0,3
550,1135.0,C2,1,0,4
550,1135.0,C3,0,7,16
550,1135.0,C3_E,-1,0,1
550,1140.0,C1,1,0,3
550,1140.0,C2,1,0,5
550,1140.0,C3,1,0,12
550,1140.0,C3_E,-1,0,0
550,1145.0,C1,0,0,3
550,1145.0,C2,0,0,5
550,1145.0,C3,1,0,10
550,1145.0,C3_E,-1,0,7
550,1150.0,C1,0,2,3
550,1150.0,C2,0,0,5
550,1150.0,C3,1,0,10
550,1150.0,C3_E,-1,0,7
550,1155.0,C1,0,2,4
550,1155.0,C2,0,0,5
550,1155.0,C3,0,0,7
550,1155.0,C3_E,-1,0,9
550,1160.0,C1,1,0,3
550,1160.0,C2,1,0,2
550,1160.0,C3,0,6,7
550,1160.0,C3_E,-1,0,5
550,1165.0,C1,1,0,3
550,1165.0,C2,1,0,3
550,1165.0,C3,0,7,12
550,1165.0,C3_E,-1,0,3
550,1170.0,C1,1,0,4
550,1170.0,C2,1,0,3
550,1170.0,C3,1,0,8
550,1170.0,C3_E,-1,0,0
550,1175.0,C1,0,0,7
550,1175.0,C2,0,0,4
550,1175.0,C3,1,0,5
550,1175.0,C3_E,-1,0,6
550,1180.0,C1,0,2,9
550,1180.0,C2,0,0,4
550,1180.0,C3,1,0,5
550,1180.0,C3_E,-1,0,7
550,1185.0,C1,0,2,11
550,1185.0,C2,0,2,4
550,1185.0,C3,0,0,5
550,1185.0,C3_E,-1,0,7
550,1190.0,C1,1,0,7
550,1190.0,C2,1,0,0
550,1190.0,C3,0,4,5
550,1190.0,C3_E,-1,0,1
550,1195.0,C1,1,0,3
550,1195.0,C2,1,0,6
550,1195.0,C3,0,5,9
550,1195.0,C3_E,-1,0,0
550,1200.0,C1,1,0,2
550,1200.0,C2,1,0,11
550,1200.0,C3,1,0,6
550,1200.0,C3_E,-1,0,0
550,1205.0,C1,0,0,4
550,1205.0,C2,0,0,11
550,1205.0,C3,1,0,4
550,1205.0,C3_E,-1,0,5
550,1210.0,C1,0,1,4
550,1210.0,C2,0,0,11
550,1210.0,C3,1,0,3
550,1210.0,C3_E,-1,0,5
550,1215.0,C1,0,2,6
550,1215.0,C2,0,2,11
550,1215.0,C3,0,1,3
550,1215.0,C3_E,-1,0,6
550,1220.0,C1,1,0,4
550,1220.0,C2,1,1,7
550,1220.0,C3,0,3,3
550,1220.0,C3_E,-1,0,3
550,1225.0,C1,1,0,4
550,1225.0,C2,1,0,4
550,1225.0,C3,0,3,11
550,1225.0,C3_E,-1,0,0
550,1230.0,C1,1,0,7
550,1230.0,C2,1,0,5
550,1230.0,C3,1,0,11
550,1230.0,C3_E,-1,0,0
550,1235.0,C1,0,1,8
550,1235.0,C2,0,0,6
550,1235.0,C3,1,0,11
550,1235.0,C3_E,-1,0,3
550,1240.0,C1,0,2,8
550,1240.0,C2,0,0,6
550,1240.0,C3,1,0,10
550,1240.0,C3_E,-1,0,3
550,1245.0,C1,0,4,9
550,1245.0,C2,0,2,6
550,1245.0,C3,0,0,9
550,1245.0,C3_E,-1,0,5
550,1250.0,C1,1,2,5
550,1250.0,C2,1,0,2
550,1250.0,C3,0,7,9
550,1250.0,C3_E,-1,0,2
550,1255.0,C1,1,0,3
550,1255.0,C2,1,0,7
550,1255.0,C3,0,9,14
550,1255.0,C3_E,-1,0,0
550,1260.0,C1,1,0,4
550,1260.0,C2,1,0,9
550,1260.0,C3,1,0,10
550,1260.0,C3_E,-1,0,0
550,1265.0,C1,0,0,5
550,1265.0,C2,0,0,9
550,1265.0,C3,1,0,6
550,1265.0,C3_E,-1,0,9
550,1270.0,C1,0,0,5
550,1270.0,C2,0,0,9
550,1270.0,C3,1,0,4
550,1270.0,C3_E,-1,0,10
550,1275.0,C1,0,2,6
550,1275.0,C2,0,2,9
550,1275.0,C3,0,0,3
550,1275.0,C3_E,-1,0,12
550,1280.0,C1,1,0,3
550,1280.0,C2,1,0,5
550,1280.0,C3,0,3,3
550,1280.0,C3_E,-1,0,5
550,1285.0,C1,1,0,3
550,1285.0,C2,1,0,5
550,1285.0,C3,0,3,9
550,1285.0,C3_E,-1,0,1
550,1290.0,C1,1,0,6
550,1290.0,C2,1,0,6
550,1290.0,C3,1,0,9
550,1290.0,C3_E,-1,0,0
550,1295.0,C1,0,0,8
550,1295.0,C2,0,0,6
550,1295.0,C3,1,0,9
550,1295.0,C3_E,-1,0,3
550,1300.0,C1,0,0,8
550,1300.0,C2,0,0,6
550,1300.0,C3,1,0,8
550,1300.0,C3_E,-1,0,3
550,1305.0,C1,0,4,10
550,1305.0,C2,0,0,6
550,1305.0,C3,0,2,8
550,1305.0,C3_E,-1,0,4
550,1310.0,C1,1,1,9
550,1310.0,C2,1,0,3
550,1310.0,C3,0,7,8
550,1310.0,C3_E,-1,0,2
550,1315.0,C1,1,0,4
550,1315.0,C2,1,0,3
550,1315.0,C3,0,7,13
550,1315.0,C3_E,-1,0,0
550,1320.0,C1,1,0,3
550,1320.0,C2,1,0,10
550,1320.0,C3,1,0,10
550,1320.0,C3_E,-1,0,0
550,1325.0,C1,0,0,5
550,1325.0,C2,0,0,10
550,1325.0,C3,1,0,6
550,1325.0,C3_E,-1,0,6
550,1330.0,C1,0,1,10
550,1330.0,C2,0,0,10
550,1330.0,C3,1,0,6
550,1330.0,C3_E,-1,0,8
550,1335.0,C1,0,2,11
550,1335.0,C2,0,0,10
550,1335.0,C3,0,1,6
550,1335.0,C3_E,-1,0,8
550,1340.0,C1,1,0,8
550,1340.0,C2,1,1,7
550,1340.0,C3,0,5,6
550,1340.0,C3_E,-1,0,3
550,1345.0,C1,1,0,5
550,1345.0,C2,1,0,8
550,1345.0,C3,0,6,13
550,1345.0,C3_E,-1,0,0
550,1350.0,C1,1,0,6
550,1350.0,C2,1,0,11
550,1350.0,C3,1,0,12
550,1350.0,C3_E,-1,0,0
550,1355.0,C1,0,0,8
550,1355.0,C2,0,0,11
550,1355.0,C3,1,0,10
550,1355.0,C3_E,-1,0,6
550,1360.0,C1,0,2,10
550,1360.0,C2,0,0,11
550,1360.0,C3,1,0,10
550,1360.0,C3_E,-1,0,6
550,1365.0,C1,0,3,12
550,1365.0,C2,0,2,11
550,1365.0,C3,0,0,10
550,1365.0,C3_E,-1,0,6
550,1370.0,C1,1,0,10
550,1370.0,C2,1,3,7
550,1370.0,C3,0,8,10
550,1370.0,C3_E,-1,0,1
550,1375.0,C1,1,0,7
550,1375.0,C2,1,0,8
550,1375.0,C3,0,10,17
550,1375.0,C3_E,-1,0,0
550,1380.0,C1,1,0,9
550,1380.0,C2,1,0,11
550,1380.0,C3,1,4,18
550,1380.0,C3_E,-1,0,0
550,1385.0,C1,0,1,12
550,1385.0,C2,0,0,12
550,1385.0,C3,1,0,11
550,1385.0,C3_E,-1,0,3
550,1390.0,C1,0,3,14
550,1390.0,C2,0,0,12
550,1390.0,C3,1,0,10
550,1390.0,C3_E,-1,0,10
550,1395.0,C1,0,7,17
550,1395.0,C2,0,4,12
550,1395.0,C3,0,1,10
550,1395.0,C3_E,-1,0,11
550,1400.0,C1,1,5,15
550,1400.0,C2,1,1,7
550,1400.0,C3,0,7,10
550,1400.0,C3_E,-1,0,8
550,1405.0,C1,1,0,9
550,1405.0,C2,1,0,8
550,1405.0,C3,0,10,19
550,1405.0,C3_E,-1,0,1
550,1410.0,C1,1,0,4
550,1410.0,C2,1,0,13
550,1410.0,C3,1,4,18
550,1410.0,C3_E,-1,0,0
550,1415.0,C1,0,0,4
550,1415.0,C2,0,0,17
550,1415.0,C3,1,0,13
550,1415.0,C3_E,-1,0,6
550,1420.0,C1,0,1,4
550,1420.0,C2,0,0,17
550,1420.0,C3,1,0,11
550,1420.0,C3_E,-1,0,10
550,1425.0,C1,0,2,6
550,1425.0,C2,0,1,17
550,1425.0,C3,0,0,9
550,1425.0,C3_E,-1,0,13
550,1430.0,C1,1,0,4
550,1430.0,C2,1,0,13
550,1430.0,C3,0,7,9
550,1430.0,C3_E,-1,0,6
550,1435.0,C1,1,0,5
550,1435.0,C2,1,0,9
550,1435.0,C3,0,9,18
550,1435.0,C3_E,-1,0,2
550,1440.0,C1,1,0,4
550,1440.0,C2,1,0,5
550,1440.0,C3,1,1,20
550,1440.0,C3_E,-1,0,0
550,1445.0,C1,0,1,5
550,1445.0,C2,0,0,6
550,1445.0,C3,1,0,17
550,1445.0,C3_E,-1,0,7
550,1450.0,C1,0,1,6
550,1450.0,C2,0,0,6
550,1450.0,C3,1,0,16
550,1450.0,C3_E,-1,0,9
550,1455.0,C1,0,2,6
550,1455.0,C2,0,2,6
550,1455.0,C3,0,1,15
550,1455.0,C3_E,-1,0,11
550,1460.0,C1,1,0,5
550,1460.0,C2,1,0,2
550,1460.0,C3,0,10,15
550,1460.0,C3_E,-1,0,4
550,1465.0,C1,1,0,2
550,1465.0,C2,1,0,5
550,1465.0,C3,0,14,21
550,1465.0,C3_E,-1,0,1
550,1470.0,C1,1,0,4
550,1470.0,C2,1,0,6
550,1470.0,C3,1,6,17
550,1470.0,C3_E,-1,0,0
550,1475.0,C1,0,0,7
550,1475.0,C2,0,0,6
550,1475.0,C3,1,0,9
550,1475.0,C3_E,-1,0,9
550,1480.0,C1,0,2,7
550,1480.0,C2,0,0,6
550,1480.0,C3,1,0,6
550,1480.0,C3_E,-1,0,15
550,1485.0,C1,0,3,8
550,1485.0,C2,0,1,6
550,1485.0,C3,0,2,6
550,1485.0,C3_E,-1,0,15
550,1490.0,C1,1,1,4
550,1490.0,C2,1,2,4
550,1490.0,C3,0,6,6
550,1490.0,C3_E,-1,0,8
550,1495.0,C1,1,0,3
550,1495.0,C2,1,0,5
550,1495.0,C3,0,6,10
550,1495.0,C3_E,-1,0,1
550,1500.0,C1,1,0,2
550,1500.0,C2,1,0,7
550,1500.0,C3,1,0,7
550,1500.0,C3_E,-1,0,0
550,1505.0,C1,0,0,6
550,1505.0,C2,0,0,8
550,1505.0,C3,1,0,6
550,1505.0,C3_E,-1,0,6
550,1510.0,C1,0,1,8
550,1510.0,C2,0,0,8
550,1510.0,C3,1,0,6
550,1510.0,C3_E,-1,0,6
550,1515.0,C1,0,2,9
550,1515.0,C2,0,4,8
550,1515.0,C3,0,0,5
550,1515.0,C3_E,-1,0,7
550,1520.0,C1,1,0,6
550,1520.0,C2,1,0,4
550,1520.0,C3,0,4,5
550,1520.0,C3_E,-1,0,1
550,1525.0,C1,1,0,5
550,1525.0,C2,1,0,4
550,1525.0,C3,0,5,12
550,1525.0,C3_E,-1,0,1
550,1530.0,C1,1,0,6
550,1530.0,C2,1,0,9
550,1530.0,C3,1,0,10
550,1530.0,C3_E,-1,0,0
550,1535.0,C1,0,0,6
550,1535.0,C2,0,0,9
550,1535.0,C3,1,0,8
550,1535.0,C3_E,-1,0,5
550,1540.0,C1,0,2,7
550,1540.0,C2,0,0,9
550,1540.0,C3,1,0,8
550,1540.0,C3_E,-1,0,5
550,1545.0,C1,0,5,8
550,1545.0,C2,0,0,9
550,1545.0,C3,0,2,8
550,1545.0,C3_E,-1,0,5
550,1550.0,C1,1,0,4
550,1550.0,C2,1,0,6
550,1550.0,C3,0,8,8
550,1550.0,C3_E,-1,0,1
550,1555.0,C1,1,0,3
550,1555.0,C2,1,0,6
550,1555.0,C3,0,8,13
550,1555.0,C3_E,-1,0,0
550,1560.0,C1,1,0,1
550,1560.0,C2,1,0,7
550,1560.0,C3,1,2,13
550,1560.0,C3_E,-1,0,0
550,1565.0,C1,0,0,2
550,1565.0,C2,0,0,8
550,1565.0,C3,1,0,9
550,1565.0,C3_E,-1,0,6
550,1570.0,C1,0,1,2
550,1570.0,C2,0,0,8
550,1570.0,C3,1,0,9
550,1570.0,C3_E,-1,0,8
550,1575.0,C1,0,1,4
550,1575.0,C2,0,1,8
550,1575.0,C3,0,1,9
550,1575.0,C3_E,-1,0,8
550,1580.0,C1,1,0,4
550,1580.0,C2,1,1,5
550,1580.0,C3,0,5,9
550,1580.0,C3_E,-1,0,2
550,1585.0,C1,1,0,4
550,1585.0,C2,1,0,2
550,1585.0,C3,0,8,13
550,1585.0,C3_E,-1,0,0
550,1590.0,C1,1,0,4
550,1590.0,C2,1,0,3
550,1590.0,C3,1,2,14
550,1590.0,C3_E,-1,0,0
550,1595.0,C1,0,1,5
550,1595.0,C2,0,0,4
550,1595.0,C3,1,0,8
550,1595.0,C3_E,-1,0,7
550,1600.0,C1,0,1,7
550,1600.0,C2,0,0,4
550,1600.0,C3,1,0,8
550,1600.0,C3_E,-1,0,9
550,1605.0,C1,0,2,9
550,1605.0,C2,0,1,4
550,1605.0,C3,0,2,8
550,1605.0,C3_E,-1,0,9
550,1610.0,C1,1,0,6
550,1610.0,C2,1,0,1
550,1610.0,C3,0,7,8
550,1610.0,C3_E,-1,0,5
550,1615.0,C1,1,0,2
550,1615.0,C2,1,0,6
550,1615.0,C3,0,8,11
550,1615.0,C3_E,-1,0,0
550,1620.0,C1,1,0,4
550,1620.0,C2,1,0,9
550,1620.0,C3,1,0,7
550,1620.0,C3_E,-1,0,0
550,1625.0,C1,0,1,5
550,1625.0,C2,0,0,9
550,1625.0,C3,1,0,4
550,1625.0,C3_E,-1,0,7
550,1630.0,C1,0,2,6
550,1630.0,C2,0,0,9
550,1630.0,C3,1,0,4
550,1630.0,C3_E,-1,0,8
550,1635.0,C1,0,2,6
550,1635.0,C2,0,1,9
550,1635.0,C3,0,0,3
550,1635.0,C3_E,-1,0,9
550,1640.0,C1,1,0,5
550,1640.0,C2,1,0,5
550,1640.0,C3,0,2,3
550,1640.0,C3_E,-1,0,2
550,1645.0,C1,1,0,2
550,1645.0,C2,1,0,5
550,1645.0,C3,0,2,11
550,1645.0,C3_E,-1,0,1
550,1650.0,C1,1,0,2
550,1650.0,C2,1,0,6
550,1650.0,C3,1,0,9
550,1650.0,C3_E,-1,0,0
550,1655.0,C1,0,0,4
550,1655.0,C2,0,0,6
550,1655.0,C3,1,0,9
550,1655.0,C3_E,-1,0,3
550,1660.0,C1,0,2,4
550,1660.0,C2,0,0,6
550,1660.0,C3,1,0,9
550,1660.0,C3_E,-1,0,3
550,1665.0,C1,0,2,4
550,1665.0,C2,0,1,6
550,1665.0,C3,0,1,9
550,1665.0,C3_E,-1,0,3
550,1670.0,C1,1,0,1
550,1670.0,C2,1,0,2
550,1670.0,C3,0,8,9
550,1670.0,C3_E,-1,0,1
550,1675.0,C1,1,0,2
550,1675.0,C2,1,0,4
550,1675.0,C3,0,9,15
550,1675.0,C3_E,-1,0,0
550,1680.0,C1,1,0,5
550,1680.0,C2,1,0,4
550,1680.0,C3,1,2,11
550,1680.0,C3_E,-1,0,0
550,1685.0,C1,0,0,6
550,1685.0,C2,0,0,4
550,1685.0,C3,1,0,6
550,1685.0,C3_E,-1,0,7
550,1690.0,C1,0,1,7
550,1690.0,C2,0,0,4
550,1690.0,C3,1,0,6
550,1690.0,C3_E,-1,0,9
550,1695.0,C1,0,3,8
550,1695.0,C2,0,2,4
550,1695.0,C3,0,1,6
550,1695.0,C3_E,-1,0,9
550,1700.0,C1,1,0,6
550,1700.0,C2,1,0,0
550,1700.0,C3,0,6,6
550,1700.0,C3_E,-1,0,2
550,1705.0,C1,1,0,4
550,1705.0,C2,1,0,5
550,1705.0,C3,0,6,10
550,1705.0,C3_E,-1,0,0
550,1710.0,C1,1,0,4
550,1710.0,C2,1,0,8
550,1710.0,C3,1,0,6
550,1710.0,C3_E,-1,0,0
550,1715.0,C1,0,0,5
550,1715.0,C2,0,0,8
550,1715.0,C3,1,0,4
550,1715.0,C3_E,-1,0,5
550,1720.0,C1,0,2,6
550,1720.0,C2,0,0,8
550,1720.0,C3,1,0,3
550,1720.0,C3_E,-1,0,6
550,1725.0,C1,0,4,6
550,1725.0,C2,0,1,8
550,1725.0,C3,0,1,3
550,1725.0,C3_E,-1,0,7
550,1730.0,C1,1,0,4
550,1730.0,C2,1,1,4
550,1730.0,C3,0,3,3
550,1730.0,C3_E,-1,0,3
550,1735.0,C1,1,0,6
550,1735.0,C2,1,0,5
550,1735.0,C3,0,3,10
550,1735.0,C3_E,-1,0,0
550,1740.0,C1,1,0,7
550,1740.0,C2,1,0,6
550,1740.0,C3,1,0,8
550,1740.0,C3_E,-1,0,0
550,1745.0,C1,0,0,7
550,1745.0,C2,0,0,7
550,1745.0,C3,1,0,8
550,1745.0,C3_E,-1,0,3
550,1750.0,C1,0,4,10
550,1750.0,C2,0,0,7
550,1750.0,C3,1,0,8
550,1750.0,C3_E,-1,0,3
550,1755.0,C1,0,4,11
550,1755.0,C2,0,2,7
550,1755.0,C3,0,0,8
550,1755.0,C3_E,-1,0,3
550,1760.0,C1,1,0,7
550,1760.0,C2,1,0,3
550,1760.0,C3,0,8,8
550,1760.0,C3_E,-1,0,0
550,1765.0,C1,1,0,4
550,1765.0,C2,1,0,7
550,1765.0,C3,0,8,15
550,1765.0,C3_E,-1,0,0
550,1770.0,C1,1,0,4
550,1770.0,C2,1,0,10
550,1770.0,C3,1,1,11
550,1770.0,C3_E,-1,0,0
550,1775.0,C1,0,0,5
550,1775.0,C2,0,0,11
550,1775.0,C3,1,0,7
550,1775.0,C3_E,-1,0,7
550,1780.0,C1,0,1,6
550,1780.0,C2,0,0,11
550,1780.0,C3,1,0,6
550,1780.0,C3_E,-1,0,8
550,1785.0,C1,0,3,10
550,1785.0,C2,0,3,11
550,1785.0,C3,0,1,6
550,1785.0,C3_E,-1,0,9
550,1790.0,C1,1,0,10
550,1790.0,C2,1,2,7
550,1790.0,C3,0,6,6
550,1790.0,C3_E,-1,0,2
550,1795.0,C1,1,0,7
550,1795.0,C2,1,0,7
550,1795.0,C3,0,6,13
550,1795.0,C3_E,-1,0,0
550,1800.0,C1,1,0,6
550,1800.0,C2,1,0,8
550,1800.0,C3,1,1,13
550,1800.0,C3_E,-1,0,0
550,1805.0,C1,0,0,6
550,1805.0,C2,0,0,10
550,1805.0,C3,1,0,11
550,1805.0,C3_E,-1,0,5
550,1810.0,C1,0,3,7
550,1810.0,C2,0,0,10
550,1810.0,C3,1,0,10
550,1810.0,C3_E,-1,0,6
550,1815.0,C1,0,6,9
550,1815.0,C2,0,1,10
550,1815.0,C3,0,5,10
550,1815.0,C3_E,-1,0,7
550,1820.0,C1,1,1,6
550,1820.0,C2,1,0,7
550,1820.0,C3,0,8,10
550,1820.0,C3_E,-1,0,2
550,1825.0,C1,1,0,8
550,1825.0,C2,1,0,4
550,1825.0,C3,0,10,17
550,1825.0,C3_E,-1,0,0
550,1830.0,C1,1,0,9
550,1830.0,C2,1,0,7
550,1830.0,C3,1,1,15
550,1830.0,C3_E,-1,0,0
550,1835.0,C1,0,1,9
550,1835.0,C2,0,0,8
550,1835.0,C3,1,0,10
550,1835.0,C3_E,-1,0,9
550,1840.0,C1,0,4,10
550,1840.0,C2,0,0,8
550,1840.0,C3,1,0,9
550,1840.0,C3_E,-1,0,11
550,1845.0,C1,0,6,11
550,1845.0,C2,0,1,8
550,1845.0,C3,0,0,9
550,1845.0,C3_E,-1,0,10
550,1850.0,C1,1,0,9
550,1850.0,C2,1,0,5
550,1850.0,C3,0,7,9
550,1850.0,C3_E,-1,0,3
550,1855.0,C1,1,0,6
550,1855.0,C2,1,0,8
550,1855.0,C3,0,9,15
550,1855.0,C3_E,-1,0,0
550,1860.0,C1,1,0,5
550,1860.0,C2,1,0,10
550,1860.0,C3,1,2,13
550,1860.0,C3_E,-1,0,0
550,1865.0,C1,0,0,6
550,1865.0,C2,0,0,11
550,1865.0,C3,1,0,8
550,1865.0,C3_E,-1,0,7
550,1870.0,C1,0,4,6
550,1870.0,C2,0,0,11
550,1870.0,C3,1,0,7
550,1870.0,C3_E,-1,0,9
550,1875.0,C1,0,4,6
550,1875.0,C2,0,0,11
550,1875.0,C3,0,2,7
550,1875.0,C3_E,-1,0,10
550,1880.0,C1,1,0,2
550,1880.0,C2,1,0,6
550,1880.0,C3,0,5,7
550,1880.0,C3_E,-1,0,4
550,1885.0,C1,1,0,3
550,1885.0,C2,1,0,6
550,1885.0,C3,0,6,17
550,1885.0,C3_E,-1,0,1
550,1890.0,C1,1,0,6
550,1890.0,C2,1,0,6
550,1890.0,C3,1,1,15
550,1890.0,C3_E,-1,0,0
550,1895.0,C1,0,0,7
550,1895.0,C2,0,0,6
550,1895.0,C3,1,0,11
550,1895.0,C3_E,-1,0,5
550,1900.0,C1,0,0,10
550,1900.0,C2,0,0,6
550,1900.0,C3,1,0,11
550,1900.0,C3_E,-1,0,7
550,1905.0,C1,0,4,10
550,1905.0,C2,0,2,6
550,1905.0,C3,0,1,11
550,1905.0,C3_E,-1,0,7
550,1910.0,C1,1,1,10
550,1910.0,C2,1,0,2
550,1910.0,C3,0,6,11
550,1910.0,C3_E,-1,0,2
550,1915.0,C1,1,0,7
550,1915.0,C2,1,0,5
550,1915.0,C3,0,11,16
550,1915.0,C3_E,-1,0,1
550,1920.0,C1,1,0,6
550,1920.0,C2,1,0,10
550,1920.0,C3,1,2,12
550,1920.0,C3_E,-1,0,0
550,1925.0,C1,0,1,6
550,1925.0,C2,0,0,10
550,1925.0,C3,1,0,6
550,1925.0,C3_E,-1,0,7
550,1930.0,C1,0,3,8
550,1930.0,C2,0,0,10
550,1930.0,C3,1,0,6
550,1930.0,C3_E,-1,0,11
550,1935.0,C1,0,6,10
550,1935.0,C2,0,1,10
550,1935.0,C3,0,1,6
550,1935.0,C3_E,-1,0,11
550,1940.0,C1,1,0,6
550,1940.0,C2,1,0,5
550,1940.0,C3,0,6,6
550,1940.0,C3_E,-1,0,6
550,1945.0,C1,1,0,6
550,1945.0,C2,1,0,7
550,1945.0,C3,0,6,14
550,1945.0,C3_E,-1,0,0
550,1950.0,C1,1,0,7
550,1950.0,C2,1,0,8
550,1950.0,C3,1,1,12
550,1950.0,C3_E,-1,0,0
550,1955.0,C1,0,1,9
550,1955.0,C2,0,0,8
550,1955.0,C3,1,0,10
550,1955.0,C3_E,-1,0,4
550,1960.0,C1,0,5,9
550,1960.0,C2,0,0,8
550,1960.0,C3,1,0,10
550,1960.0,C3_E,-1,0,6
550,1965.0,C1,0,6,11
550,1965.0,C2,0,3,8
550,1965.0,C3,0,2,10
550,1965.0,C3_E,-1,0,6
550,1970.0,C1,1,3,8
550,1970.0,C2,1,0,5
550,1970.0,C3,0,8,10
550,1970.0,C3_E,-1,0,2
550,1975.0,C1,1,0,7
550,1975.0,C2,1,0,5
550,1975.0,C3,0,10,17
550,1975.0,C3_E,-1,0,0
550,1980.0,C1,1,0,8
550,1980.0,C2,1,0,10
550,1980.0,C3,1,1,13
550,1980.0,C3_E,-1,0,0
550,1985.0,C1,0,1,9
550,1985.0,C2,0,0,10
550,1985.0,C3,1,0,8
550,1985.0,C3_E,-1,0,8
550,1990.0,C1,0,3,11
550,1990.0,C2,0,0,10
550,1990.0,C3,1,0,6
550,1990.0,C3_E,-1,0,10
550,1995.0,C1,0,7,12
550,1995.0,C2,0,3,10
550,1995.0,C3,0,2,6
550,1995.0,C3_E,-1,0,12
550,2000.0,C1,1,3,11
550,2000.0,C2,1,1,5
550,2000.0,C3,0,5,6
550,2000.0,C3_E,-1,0,7
550,2005.0,C1,1,0,6
550,2005.0,C2,1,0,7
550,2005.0,C3,0,6,14
550,2005.0,C3_E,-1,0,0
550,2010.0,C1,1,0,5
550,2010.0,C2,1,0,11
550,2010.0,C3,1,1,12
550,2010.0,C3_E,-1,0,0
550,2015.0,C1,0,2,6
550,2015.0,C2,0,0,12
550,2015.0,C3,1,0,10
550,2015.0,C3_E,-1,0,5
550,2020.0,C1,0,3,7
550,2020.0,C2,0,0,12
550,2020.0,C3,1,0,8
550,2020.0,C3_E,-1,0,6
550,2025.0,C1,0,5,10
550,2025.0,C2,0,2,12
550,2025.0,C3,0,1,7
550,2025.0,C3_E,-1,0,8
550,2030.0,C1,1,0,5
550,2030.0,C2,1,2,8
550,2030.0,C3,0,6,7
550,2030.0,C3_E,-1,0,5
550,2035.0,C1,1,0,5
550,2035.0,C2,1,0,7
550,2035.0,C3,0,7,15
550,2035.0,C3_E,-1,0,1
550,2040.0,C1,1,0,4
550,2040.0,C2,1,0,8
550,2040.0,C3,1,0,15
550,2040.0,C3_E,-1,0,0
550,2045.0,C1,0,0,5
550,2045.0,C2,0,0,10
550,2045.0,C3,1,0,12
550,2045.0,C3_E,-1,0,4
550,2050.0,C1,0,1,7
550,2050.0,C2,0,0,10
550,2050.0,C3,1,0,12
550,2050.0,C3_E,-1,0,7
550,2055.0,C1,0,2,7
550,2055.0,C2,0,4,10
550,2055.0,C3,0,2,11
550,2055.0,C3_E,-1,0,8
550,2060.0,C1,1,0,4
550,2060.0,C2,1,1,5
550,2060.0,C3,0,9,11
550,2060.0,C3_E,-1,0,3
550,2065.0,C1,1,0,4
550,2065.0,C2,1,0,6
550,2065.0,C3,0,9,19
550,2065.0,C3_E,-1,0,1
550,2070.0,C1,1,0,5
550,2070.0,C2,1,0,7
550,2070.0,C3,1,3,17
550,2070.0,C3_E,-1,0,0
550,2075.0,C1,0,0,7
550,2075.0,C2,0,0,7
550,2075.0,C3,1,0,11
550,2075.0,C3_E,-1,0,8
550,2080.0,C1,0,1,7
550,2080.0,C2,0,0,7
550,2080.0,C3,1,0,9
550,2080.0,C3_E,-1,0,11
550,2085.0,C1,0,4,9
550,2085.0,C2,0,2,7
550,2085.0,C3,0,1,8
550,2085.0,C3_E,-1,0,13
550,2090.0,C1,1,0,5
550,2090.0,C2,1,1,4
550,2090.0,C3,0,8,8
550,2090.0,C3_E,-1,0,7
550,2095.0,C1,1,0,4
550,2095.0,C2,1,0,5
550,2095.0,C3,0,8,12
550,2095.0,C3_E,-1,0,1
550,2100.0,C1,1,0,3
550,2100.0,C2,1,0,9
550,2100.0,C3,1,1,10
550,2100.0,C3_E,-1,0,0
550,2105.0,C1,0,0,4
550,2105.0,C2,0,0,9
550,2105.0,C3,1,0,7
550,2105.0,C3_E,-1,0,7
550,2110.0,C1,0,3,5
550,2110.0,C2,0,0,9
550,2110.0,C3,1,0,7
550,2110.0,C3_E,-1,0,8
550,2115.0,C1,0,2,6
550,2115.0,C2,0,4,9
550,2115.0,C3,0,3,6
550,2115.0,C3_E,-1,0,9
550,2120.0,C1,1,0,3
550,2120.0,C2,1,0,4
550,2120.0,C3,0,5,6
550,2120.0,C3_E,-1,0,2
550,2125.0,C1,1,0,2
550,2125.0,C2,1,0,4
550,2125.0,C3,0,6,14
550,2125.0,C3_E,-1,0,1
550,2130.0,C1,1,0,2
550,2130.0,C2,1,0,6
550,2130.0,C3,1,0,12
550,2130.0,C3_E,-1,0,0
550,2135.0,C1,0,0,3
550,2135.0,C2,0,0,6
550,2135.0,C3,1,0,9
550,2135.0,C3_E,-1,0,5
550,2140.0,C1,0,0,7
550,2140.0,C2,0,0,6
550,2140.0,C3,1,0,9
550,2140.0,C3_E,-1,0,6
550,2145.0,C1,0,1,10
550,2145.0,C2,0,1,6
550,2145.0,C3,0,1,8
550,2145.0,C3_E,-1,0,7
550,2150.0,C1,1,0,7
550,2150.0,C2,1,0,2
550,2150.0,C3,0,6,8
550,2150.0,C3_E,-1,0,3
550,2155.0,C1,1,0,5
550,2155.0,C2,1,0,6
550,2155.0,C3,0,7,13
550,2155.0,C3_E,-1,0,1
550,2160.0,C1,1,0,3
550,2160.0,C2,1,0,9
550,2160.0,C3,1,0,9
550,2160.0,C3_E,-1,0,0
550,2165.0,C1,0,0,5
550,2165.0,C2,0,0,10
550,2165.0,C3,1,0,6
550,2165.0,C3_E,-1,0,8
550,2170.0,C1,0,1,8
550,2170.0,C2,0,0,10
550,2170.0,C3,1,0,3
550,2170.0,C3_E,-1,0,8
550,2175.0,C1,0,2,9
550,2175.0,C2,0,1,10
550,2175.0,C3,0,1,3
550,2175.0,C3_E,-1,0,11
550,2180.0,C1,1,0,7
550,2180.0,C2,1,1,7
550,2180.0,C3,0,3,3
550,2180.0,C3_E,-1,0,5
550,2185.0,C1,1,0,5
550,2185.0,C2,1,0,6
550,2185.0,C3,0,3,9
550,2185.0,C3_E,-1,0,0
550,2190.0,C1,1,0,4
550,2190.0,C2,1,0,7
550,2190.0,C3,1,0,10
550,2190.0,C3_E,-1,0,0
550,2195.0,C1,0,0,8
550,2195.0,C2,0,0,9
550,2195.0,C3,1,0,10
550,2195.0,C3_E,-1,0,3
550,2200.0,C1,0,2,10
550,2200.0,C2,0,0,9
550,2200.0,C3,1,0,10
550,2200.0,C3_E,-1,0,3
550,2205.0,C1,0,3,12
550,2205.0,C2,0,2,9
550,2205.0,C3,0,1,10
550,2205.0,C3_E,-1,0,3
550,2210.0,C1,1,0,8
550,2210.0,C2,1,0,4
550,2210.0,C3,0,7,10
550,2210.0,C3_E,-1,0,0
550,2215.0,C1,1,0,3
550,2215.0,C2,1,0,11
550,2215.0,C3,0,10,17
550,2215.0,C3_E,-1,0,0
550,2220.0,C1,1,0,2
550,2220.0,C2,1,0,11
550,2220.0,C3,1,4,16
550,2220.0,C3_E,-1,0,0
550,2225.0,C1,0,0,3
550,2225.0,C2,0,0,11
550,2225.0,C3,1,0,9
550,2225.0,C3_E,-1,0,6
550,2230.0,C1,0,3,6
550,2230.0,C2,0,0,11
550,2230.0,C3,1,0,9
550,2230.0,C3_E,-1,0,10
550,2235.0,C1,0,2,6
550,2235.0,C2,0,3,11
550,2235.0,C3,0,3,9
550,2235.0,C3_E,-1,0,10
550,2240.0,C1,1,0,6
550,2240.0,C2,1,0,6
550,2240.0,C3,0,7,9
550,2240.0,C3_E,-1,0,4
550,2245.0,C1,1,0,6
550,2245.0,C2,1,0,4
550,2245.0,C3,0,7,19
550,2245.0,C3_E,-1,0,0
550,2250.0,C1,1,0,5
550,2250.0,C2,1,0,6
550,2250.0,C3,1,0,15
550,2250.0,C3_E,-1,0,0
550,2255.0,C1,0,1,7
550,2255.0,C2,0,0,6
550,2255.0,C3,1,0,11
550,2255.0,C3_E,-1,0,9
550,2260.0,C1,0,2,8
550,2260.0,C2,0,0,6
550,2260.0,C3,1,0,11
550,2260.0,C3_E,-1,0,9
550,2265.0,C1,0,4,8
550,2265.0,C2,0,2,6
550,2265.0,C3,0,2,10
550,2265.0,C3_E,-1,0,10
550,2270.0,C1,1,1,8
550,2270.0,C2,1,0,2
550,2270.0,C3,0,9,10
550,2270.0,C3_E,-1,0,3
550,2275.0,C1,1,0,5
550,2275.0,C2,1,0,6
550,2275.0,C3,0,10,16
550,2275.0,C3_E,-1,0,2
550,2280.0,C1,1,0,8
550,2280.0,C2,1,0,8
550,2280.0,C3,1,1,11
550,2280.0,C3_E,-1,0,0
550,2285.0,C1,0,0,10
550,2285.0,C2,0,0,8
550,2285.0,C3,1,0,6
550,2285.0,C3_E,-1,0,9
550,2290.0,C1,0,4,10
550,2290.0,C2,0,0,8
550,2290.0,C3,1,0,6
550,2290.0,C3_E,-1,0,10
550,2295.0,C1,0,5,11
550,2295.0,C2,0,1,8
550,2295.0,C3,0,1,5
550,2295.0,C3_E,-1,0,11
550,2300.0,C1,1,1,6
550,2300.0,C2,1,0,5
550,2300.0,C3,0,5,5
550,2300.0,C3_E,-1,0,4
550,2305.0,C1,1,0,3
550,2305.0,C2,1,0,9
550,2305.0,C3,0,5,11
550,2305.0,C3_E,-1,0,1
550,2310.0,C1,1,0,2
550,2310.0,C2,1,0,10
550,2310.0,C3,1,0,10
550,2310.0,C3_E,-1,0,0
550,2315.0,C1,0,0,4
550,2315.0,C2,0,0,11
550,2315.0,C3,1,0,8
550,2315.0,C3_E,-1,0,5
550,2320.0,C1,0,1,8
550,2320.0,C2,0,0,11
550,2320.0,C3,1,0,8
550,2320.0,C3_E,-1,0,5
550,2325.0,C1,0,2,9
550,2325.0,C2,0,5,11
550,2325.0,C3,0,1,8
550,2325.0,C3_E,-1,0,5
550,2330.0,C1,1,0,9
550,2330.0,C2,1,0,6
550,2330.0,C3,0,8,8
550,2330.0,C3_E,-1,0,1
550,2335.0,C1,1,0,3
550,2335.0,C2,1,0,5
550,2335.0,C3,0,7,16
550,2335.0,C3_E,-1,0,0
550,2340.0,C1,1,0,3
550,2340.0,C2,1,0,9
550,2340.0,C3,1,0,15
550,2340.0,C3_E,-1,0,0
550,2345.0,C1,0,0,6
550,2345.0,C2,0,0,9
550,2345.0,C3,1,0,11
550,2345.0,C3_E,-1,0,8
550,2350.0,C1,0,3,6
550,2350.0,C2,0,0,9
550,2350.0,C3,1,0,10
550,2350.0,C3_E,-1,0,8
550,2355.0,C1,0,3,8
550,2355.0,C2,0,1,9
550,2355.0,C3,0,2,10
550,2355.0,C3_E,-1,0,9
550,2360.0,C1,1,1,7
550,2360.0,C2,1,1,6
550,2360.0,C3,0,9,10
550,2360.0,C3_E,-1,0,3
550,2365.0,C1,1,0,5
550,2365.0,C2,1,0,3
550,2365.0,C3,0,10,15
550,2365.0,C3_E,-1,0,0
550,2370.0,C1,1,0,3
550,2370.0,C2,1,0,8
550,2370.0,C3,1,1,15
550,2370.0,C3_E,-1,0,0
550,2375.0,C1,0,0,4
550,2375.0,C2,0,0,8
550,2375.0,C3,1,0,9
550,2375.0,C3_E,-1,0,9
550,2380.0,C1,0,4,5
550,2380.0,C2,0,0,8
550,2380.0,C3,1,0,9
550,2380.0,C3_E,-1,0,10
550,2385.0,C1,0,3,6
550,2385.0,C2,0,0,8
550,2385.0,C3,0,0,9
550,2385.0,C3_E,-1,0,10
550,2390.0,C1,1,0,3
550,2390.0,C2,1,0,5
550,2390.0,C3,0,8,9
550,2390.0,C3_E,-1,0,4
550,2395.0,C1,1,0,4
550,2395.0,C2,1,0,3
550,2395.0,C3,0,9,16
550,2395.0,C3_E,-1,0,0
550,2400.0,C1,1,0,3
550,2400.0,C2,1,0,5
550,2400.0,C3,1,3,14
550,2400.0,C3_E,-1,0,0
550,2405.0,C1,0,0,7
550,2405.0,C2,0,0,6
550,2405.0,C3,1,0,9
550,2405.0,C3_E,-1,0,6
550,2410.0,C1,0,1,12
550,2410.0,C2,0,0,6
550,2410.0,C3,1,0,8
550,2410.0,C3_E,-1,0,9
550,2415.0,C1,0,2,13
550,2415.0,C2,0,0,6
550,2415.0,C3,0,2,8
550,2415.0,C3_E,-1,0,9
550,2420.0,C1,1,0,9
550,2420.0,C2,1,0,3
550,2420.0,C3,0,5,8
550,2420.0,C3_E,-1,0,4
550,2425.0,C1,1,0,4
550,2425.0,C2,1,0,7
550,2425.0,C3,0,8,11
550,2425.0,C3_E,-1,0,0
550,2430.0,C1,1,0,4
550,2430.0,C2,1,0,13
550,2430.0,C3,1,1,10
550,2430.0,C3_E,-1,0,0
550,2435.0,C1,0,0,4
550,2435.0,C2,0,0,13
550,2435.0,C3,1,0,6
550,2435.0,C3_E,-1,0,7
550,2440.0,C1,0,0,6
550,2440.0,C2,0,0,13
550,2440.0,C3,1,0,6
550,2440.0,C3_E,-1,0,8
550,2445.0,C1,0,3,7
550,2445.0,C2,0,3,13
550,2445.0,C3,0,0,6
550,2445.0,C3_E,-1,0,7
550,2450.0,C1,1,0,5
550,2450.0,C2,1,2,9
550,2450.0,C3,0,5,6
550,2450.0,C3_E,-1,0,2
550,2455.0,C1,1,0,5
550,2455.0,C2,1,0,8
550,2455.0,C3,0,6,13
550,2455.0,C3_E,-1,0,0
550,2460.0,C1,1,0,5
550,2460.0,C2,1,0,6
550,2460.0,C3,1,0,15
550,2460.0,C3_E,-1,0,0
550,2465.0,C1,0,2,6
550,2465.0,C2,0,0,6
550,2465.0,C3,1,0,13
550,2465.0,C3_E,-1,0,5
550,2470.0,C1,0,3,6
550,2470.0,C2,0,0,6
550,2470.0,C3,1,0,11
550,2470.0,C3_E,-1,0,6
550,2475.0,C1,0,5,7
550,2475.0,C2,0,1,6
550,2475.0,C3,0,0,10
550,2475.0,C3_E,-1,0,9
550,2480.0,C1,1,0,4
550,2480.0,C2,1,0,2
550,2480.0,C3,0,8,10
550,2480.0,C3_E,-1,0,3
550,2485.0,C1,1,0,5
550,2485.0,C2,1,0,5
550,2485.0,C3,0,10,16
550,2485.0,C3_E,-1,0,1
550,2490.0,C1,1,0,6
550,2490.0,C2,1,0,6
550,2490.0,C3,1,2,12
550,2490.0,C3_E,-1,0,0
550,2495.0,C1,0,0,9
550,2495.0,C2,0,0,6
550,2495.0,C3,1,0,6
550,2495.0,C3_E,-1,0,8
550,2500.0,C1,0,2,9
550,2500.0,C2,0,0,6
550,2500.0,C3,1,0,6
550,2500.0,C3_E,-1,0,10
550,2505.0,C1,0,6,10
550,2505.0,C2,0,2,6
550,2505.0,C3,0,3,6
550,2505.0,C3_E,-1,0,10
550,2510.0,C1,1,2,7
550,2510.0,C2,1,0,2
550,2510.0,C3,0,6,6
550,2510.0,C3_E,-1,0,3
550,2515.0,C1,1,0,4
550,2515.0,C2,1,0,5
550,2515.0,C3,0,6,12
550,2515.0,C3_E,-1,0,0
550,2520.0,C1,1,0,3
550,2520.0,C2,1,0,9
550,2520.0,C3,1,0,6
550,2520.0,C3_E,-1,0,0
550,2525.0,C1,0,1,6
550,2525.0,C2,0,0,9
550,2525.0,C3,1,0,6
550,2525.0,C3_E,-1,0,6
550,2530.0,C1,0,2,8
550,2530.0,C2,0,0,9
550,2530.0,C3,1,0,5
550,2530.0,C3_E,-1,0,6
550,2535.0,C1,0,3,10
550,2535.0,C2,0,2,9
550,2535.0,C3,0,0,5
550,2535.0,C3_E,-1,0,7
550,2540.0,C1,1,0,7
550,2540.0,C2,1,1,5
550,2540.0,C3,0,4,5
550,2540.0,C3_E,-1,0,1
550,2545.0,C1,1,0,6
550,2545.0,C2,1,0,6
550,2545.0,C3,0,5,11
550,2545.0,C3_E,-1,0,0
550,2550.0,C1,1,0,6
550,2550.0,C2,1,0,9
550,2550.0,C3,1,0,10
550,2550.0,C3_E,-1,0,0
550,2555.0,C1,0,0,5
550,2555.0,C2,0,0,10
550,2555.0,C3,1,0,9
550,2555.0,C3_E,-1,0,5
550,2560.0,C1,0,3,6
550,2560.0,C2,0,0,10
550,2560.0,C3,1,0,8
550,2560.0,C3_E,-1,0,5
550,2565.0,C1,0,4,7
550,2565.0,C2,0,3,10
550,2565.0,C3,0,1,8
550,2565.0,C3_E,-1,0,6
550,2570.0,C1,1,0,6
550,2570.0,C2,1,1,6
550,2570.0,C3,0,5,8
550,2570.0,C3_E,-1,0,2
550,2575.0,C1,1,0,4
550,2575.0,C2,1,0,7
550,2575.0,C3,0,7,15
550,2575.0,C3_E,-1,0,0
550,2580.0,C1,1,0,4
550,2580.0,C2,1,0,7
550,2580.0,C3,1,0,13
550,2580.0,C3_E,-1,0,0
550,2585.0,C1,0,0,5
550,2585.0,C2,0,0,7
550,2585.0,C3,1,0,10
550,2585.0,C3_E,-1,0,8
550,2590.0,C1,0,3,6
550,2590.0,C2,0,0,7
550,2590.0,C3,1,0,10
550,2590.0,C3_E,-1,0,8
550,2595.0,C1,0,3,7
550,2595.0,C2,0,3,7
550,2595.0,C3,0,1,8
550,2595.0,C3_E,-1,0,10
550,2600.0,C1,1,0,4
550,2600.0,C2,1,0,3
550,2600.0,C3,0,6,8
550,2600.0,C3_E,-1,0,5
550,2605.0,C1,1,0,3
550,2605.0,C2,1,0,5
550,2605.0,C3,0,7,15
550,2605.0,C3_E,-1,0,2
550,2610.0,C1,1,0,4
550,2610.0,C2,1,0,7
550,2610.0,C3,1,1,11
550,2610.0,C3_E,-1,0,0
550,2615.0,C1,0,0,4
550,2615.0,C2,0,0,7
550,2615.0,C3,1,0,7
550,2615.0,C3_E,-1,0,6
550,2620.0,C1,0,1,6
550,2620.0,C2,0,0,7
550,2620.0,C3,1,0,7
550,2620.0,C3_E,-1,0,8
550,2625.0,C1,0,3,7
550,2625.0,C2,0,2,7
550,2625.0,C3,0,1,5
550,2625.0,C3_E,-1,0,10
550,2630.0,C1,1,0,4
550,2630.0,C2,1,0,3
550,2630.0,C3,0,5,5
550,2630.0,C3_E,-1,0,4
550,2635.0,C1,1,0,2
550,2635.0,C2,1,0,6
550,2635.0,C3,0,5,12
550,2635.0,C3_E,-1,0,3
550,2640.0,C1,1,0,2
550,2640.0,C2,1,0,7
550,2640.0,C3,1,0,8
550,2640.0,C3_E,-1,0,0
550,2645.0,C1,0,0,2
550,2645.0,C2,0,0,7
550,2645.0,C3,1,0,7
550,2645.0,C3_E,-1,0,5
550,2650.0,C1,0,1,3
550,2650.0,C2,0,0,7
550,2650.0,C3,1,0,7
550,2650.0,C3_E,-1,0,5
550,2655.0,C1,0,1,4
550,2655.0,C2,0,4,7
550,2655.0,C3,0,2,7
550,2655.0,C3_E,-1,0,5
550,2660.0,C1,1,0,4
550,2660.0,C2,1,0,2
550,2660.0,C3,0,6,7
550,2660.0,C3_E,-1,0,0
550,2665.0,C1,1,0,5
550,2665.0,C2,1,0,2
550,2665.0,C3,0,7,14
550,2665.0,C3_E,-1,0,0
550,2670.0,C1,1,0,3
550,2670.0,C2,1,0,4
550,2670.0,C3,1,0,10
550,2670.0,C3_E,-1,0,0
550,2675.0,C1,0,1,5
550,2675.0,C2,0,0,4
550,2675.0,C3,1,0,7
550,2675.0,C3_E,-1,0,7
550,2680.0,C1,0,3,6
550,2680.0,C2,0,0,4
550,2680.0,C3,1,0,5
550,2680.0,C3_E,-1,0,7
550,2685.0,C1,0,2,8
550,2685.0,C2,0,0,4
550,2685.0,C3,0,1,5
550,2685.0,C3_E,-1,0,9
550,2690.0,C1,1,0,5
550,2690.0,C2,1,0,0
550,2690.0,C3,0,5,5
550,2690.0,C3_E,-1,0,4
550,2695.0,C1,1,0,5
550,2695.0,C2,1,0,4
550,2695.0,C3,0,5,9
550,2695.0,C3_E,-1,0,0
550,2700.0,C1,1,0,3
550,2700.0,C2,1,0,8
550,2700.0,C3,1,0,5
550,2700.0,C3_E,-1,0,0
550,2705.0,C1,0,0,4
550,2705.0,C2,0,0,8
550,2705.0,C3,1,0,4
550,2705.0,C3_E,-1,0,4
550,2710.0,C1,0,1,4
550,2710.0,C2,0,0,8
550,2710.0,C3,1,0,3
550,2710.0,C3_E,-1,0,5
550,2715.0,C1,0,3,4
550,2715.0,C2,0,0,8
550,2715.0,C3,0,2,3
550,2715.0,C3_E,-1,0,6
550,2720.0,C1,1,0,2
550,2720.0,C2,1,1,6
550,2720.0,C3,0,3,3
550,2720.0,C3_E,-1,0,2
550,2725.0,C1,1,0,4
550,2725.0,C2,1,0,5
550,2725.0,C3,0,3,7
550,2725.0,C3_E,-1,0,1
550,2730.0,C1,1,0,4
550,2730.0,C2,1,0,4
550,2730.0,C3,1,0,8
550,2730.0,C3_E,-1,0,0
550,2735.0,C1,0,0,8
550,2735.0,C2,0,0,4
550,2735.0,C3,1,0,8
550,2735.0,C3_E,-1,0,3
550,2740.0,C1,0,3,11
550,2740.0,C2,0,0,4
550,2740.0,C3,1,0,8
550,2740.0,C3_E,-1,0,3
550,2745.0,C1,0,4,13
550,2745.0,C2,0,2,4
550,2745.0,C3,0,1,8
550,2745.0,C3_E,-1,0,3
550,2750.0,C1,1,0,8
550,2750.0,C2,1,0,0
550,2750.0,C3,0,6,8
550,2750.0,C3_E,-1,0,0
550,2755.0,C1,1,0,6
550,2755.0,C2,1,0,8
550,2755.0,C3,0,8,12
550,2755.0,C3_E,-1,0,0
550,2760.0,C1,1,0,7
550,2760.0,C2,1,0,11
550,2760.0,C3,1,1,8
550,2760.0,C3_E,-1,0,0
550,2765.0,C1,0,1,8
550,2765.0,C2,0,0,11
550,2765.0,C3,1,0,4
550,2765.0,C3_E,-1,0,7
550,2770.0,C1,0,4,8
550,2770.0,C2,0,0,11
550,2770.0,C3,1,0,3
550,2770.0,C3_E,-1,0,8
550,2775.0,C1,0,6,9
550,2775.0,C2,0,3,11
550,2775.0,C3,0,0,2
550,2775.0,C3_E,-1,0,10
550,2780.0,C1,1,0,4
550,2780.0,C2,1,0,6
550,2780.0,C3,0,1,2
550,2780.0,C3_E,-1,0,6
550,2785.0,C1,1,0,4
550,2785.0,C2,1,0,7
550,2785.0,C3,0,2,11
550,2785.0,C3_E,-1,0,0
550,2790.0,C1,1,0,6
550,2790.0,C2,1,0,8
550,2790.0,C3,1,0,11
550,2790.0,C3_E,-1,0,0
550,2795.0,C1,0,1,7
550,2795.0,C2,0,0,8
550,2795.0,C3,1,0,11
550,2795.0,C3_E,-1,0,2
550,2800.0,C1,0,1,11
550,2800.0,C2,0,0,8
550,2800.0,C3,1,0,11
550,2800.0,C3_E,-1,0,2
550,2805.0,C1,0,4,12
550,2805.0,C2,0,3,8
550,2805.0,C3,0,1,10
550,2805.0,C3_E,-1,0,3
550,2810.0,C1,1,1,10
550,2810.0,C2,1,1,3
550,2810.0,C3,0,7,10
550,2810.0,C3_E,-1,0,1
550,2815.0,C1,1,0,6
550,2815.0,C2,1,0,7
550,2815.0,C3,0,10,17
550,2815.0,C3_E,-1,0,1
550,2820.0,C1,1,0,5
550,2820.0,C2,1,0,12
550,2820.0,C3,1,2,13
550,2820.0,C3_E,-1,0,0
550,2825.0,C1,0,0,5
550,2825.0,C2,0,0,12
550,2825.0,C3,1,0,8
550,2825.0,C3_E,-1,0,7
550,2830.0,C1,0,2,7
550,2830.0,C2,0,0,12
550,2830.0,C3,1,0,6
550,2830.0,C3_E,-1,0,10
550,2835.0,C1,0,4,11
550,2835.0,C2,0,2,12
550,2835.0,C3,0,0,6
550,2835.0,C3_E,-1,0,12
550,2840.0,C1,1,0,7
550,2840.0,C2,1,2,8
550,2840.0,C3,0,4,6
550,2840.0,C3_E,-1,0,5
550,2845.0,C1,1,0,7
550,2845.0,C2,1,0,6
550,2845.0,C3,0,6,14
550,2845.0,C3_E,-1,0,1
550,2850.0,C1,1,0,6
550,2850.0,C2,1,0,10
550,2850.0,C3,1,0,13
550,2850.0,C3_E,-1,0,0
550,2855.0,C1,0,1,6
550,2855.0,C2,0,0,10
550,2855.0,C3,1,0,12
550,2855.0,C3_E,-1,0,5
550,2860.0,C1,0,2,9
550,2860.0,C2,0,0,10
550,2860.0,C3,1,0,12
550,2860.0,C3_E,-1,0,6
550,2865.0,C1,0,4,11
550,2865.0,C2,0,3,10
550,2865.0,C3,0,1,11
550,2865.0,C3_E,-1,0,7
550,2870.0,C1,1,0,6
550,2870.0,C2,1,0,5
550,2870.0,C3,0,8,11
550,2870.0,C3_E,-1,0,2
550,2875.0,C1,1,0,4
550,2875.0,C2,1,0,8
550,2875.0,C3,0,11,19
550,2875.0,C3_E,-1,0,0
550,2880.0,C1,1,0,4
550,2880.0,C2,1,0,9
550,2880.0,C3,1,3,17
550,2880.0,C3_E,-1,0,0
550,2885.0,C1,0,1,5
550,2885.0,C2,0,0,10
550,2885.0,C3,1,0,10
550,2885.0,C3_E,-1,0,8
550,2890.0,C1,0,2,5
550,2890.0,C2,0,0,10
550,2890.0,C3,1,0,9
550,2890.0,C3_E,-1,0,11
550,2895.0,C1,0,3,6
550,2895.0,C2,0,0,10
550,2895.0,C3,0,3,9
550,2895.0,C3_E,-1,0,12
550,2900.0,C1,1,0,4
550,2900.0,C2,1,0,5
550,2900.0,C3,0,8,9
550,2900.0,C3_E,-1,0,5
550,2905.0,C1,1,0,3
550,2905.0,C2,1,0,6
550,2905.0,C3,0,9,16
550,2905.0,C3_E,-1,0,0
550,2910.0,C1,1,0,5
550,2910.0,C2,1,0,6
550,2910.0,C3,1,1,13
550,2910.0,C3_E,-1,0,0
550,2915.0,C1,0,0,6
550,2915.0,C2,0,1,7
550,2915.0,C3,1,0,9
550,2915.0,C3_E,-1,0,7
550,2920.0,C1,0,1,7
550,2920.0,C2,0,1,7
550,2920.0,C3,1,0,9
550,2920.0,C3_E,-1,0,9
550,2925.0,C1,0,2,9
550,2925.0,C2,0,2,7
550,2925.0,C3,0,1,9
550,2925.0,C3_E,-1,0,9
550,2930.0,C1,1,0,7
550,2930.0,C2,1,0,3
550,2930.0,C3,0,9,9
550,2930.0,C3_E,-1,0,0
550,2935.0,C1,1,0,5
550,2935.0,C2,1,0,5
550,2935.0,C3,0,9,15
550,2935.0,C3_E,-1,0,0
550,2940.0,C1,1,0,6
550,2940.0,C2,1,0,9
550,2940.0,C3,1,0,11
550,2940.0,C3_E,-1,0,0
550,2945.0,C1,0,1,8
550,2945.0,C2,0,0,9
550,2945.0,C3,1,0,7
550,2945.0,C3_E,-1,0,9
550,2950.0,C1,0,3,11
550,2950.0,C2,0,0,9
550,2950.0,C3,1,0,6
550,2950.0,C3_E,-1,0,9
550,2955.0,C1,0,4,12
550,2955.0,C2,0,1,9
550,2955.0,C3,0,1,6
550,2955.0,C3_E,-1,0,10
550,2960.0,C1,1,1,8
550,2960.0,C2,1,0,5
550,2960.0,C3,0,4,6
550,2960.0,C3_E,-1,0,4
550,2965.0,C1,1,0,7
550,2965.0,C2,1,0,8
550,2965.0,C3,0,6,14
550,2965.0,C3_E,-1,0,0
550,2970.0,C1,1,0,6
550,2970.0,C2,1,0,12
550,2970.0,C3,1,0,11
550,2970.0,C3_E,-1,0,0
550,2975.0,C1,0,0,9
550,2975.0,C2,0,0,12
550,2975.0,C3,1,0,9
550,2975.0,C3_E,-1,0,6
550,2980.0,C1,0,1,9
550,2980.0,C2,0,0,12
550,2980.0,C3,1,0,9
550,2980.0,C3_E,-1,0,6
550,2985.0,C1,0,5,12
550,2985.0,C2,0,3,12
550,2985.0,C3,0,1,9
550,2985.0,C3_E,-1,0,6
550,2990.0,C1,1,0,7
550,2990.0,C2,1,0,7
550,2990.0,C3,0,8,9
550,2990.0,C3_E,-1,0,1
550,2995.0,C1,1,0,4
550,2995.0,C2,1,0,6
550,2995.0,C3,0,9,18
550,2995.0,C3_E,-1,0,1
550,3000.0,C1,1,0,1
550,3000.0,C2,1,0,12
550,3000.0,C3,1,1,17
550,3000.0,C3_E,-1,0,0
550,3005.0,C1,0,0,2
550,3005.0,C2,0,0,12
550,3005.0,C3,1,0,12
550,3005.0,C3_E,-1,0,8
550,3010.0,C1,0,1,3
550,3010.0,C2,0,0,12
550,3010.0,C3,1,0,11
550,3010.0,C3_E,-1,0,9
550,3015.0,C1,0,1,5
550,3015.0,C2,0,3,12
550,3015.0,C3,0,0,11
550,3015.0,C3_E,-1,0,10
550,3020.0,C1,1,0,4
550,3020.0,C2,1,2,8
550,3020.0,C3,0,9,11
550,3020.0,C3_E,-1,0,3
550,3025.0,C1,1,0,3
550,3025.0,C2,1,0,3
550,3025.0,C3,0,10,20
550,3025.0,C3_E,-1,0,0
550,3030.0,C1,1,0,4
550,3030.0,C2,1,0,4
550,3030.0,C3,1,2,18
550,3030.0,C3_E,-1,0,0
550,3035.0,C1,0,1,5
550,3035.0,C2,0,0,4
550,3035.0,C3,1,0,12
550,3035.0,C3_E,-1,0,8
550,3040.0,C1,0,2,6
550,3040.0,C2,0,0,4
550,3040.0,C3,1,0,9
550,3040.0,C3_E,-1,0,12
550,3045.0,C1,0,4,6
550,3045.0,C2,0,2,4
550,3045.0,C3,0,0,9
550,3045.0,C3_E,-1,0,14
550,3050.0,C1,1,0,2
550,3050.0,C2,1,0,1
550,3050.0,C3,0,5,9
550,3050.0,C3_E,-1,0,9
550,3055.0,C1,1,0,3
550,3055.0,C2,1,0,5
550,3055.0,C3,0,9,13
550,3055.0,C3_E,-1,0,1
550,3060.0,C1,1,0,8
550,3060.0,C2,1,0,6
550,3060.0,C3,1,1,8
550,3060.0,C3_E,-1,0,0
550,3065.0,C1,0,0,8
550,3065.0,C2,0,0,6
550,3065.0,C3,1,0,4
550,3065.0,C3_E,-1,0,8
550,3070.0,C1,0,2,10
550,3070.0,C2,0,0,6
550,3070.0,C3,1,0,3
550,3070.0,C3_E,-1,0,10
550,3075.0,C1,0,4,11
550,3075.0,C2,0,1,6
550,3075.0,C3,0,1,3
550,3075.0,C3_E,-1,0,10
550,3080.0,C1,1,0,8
550,3080.0,C2,1,0,2
550,3080.0,C3,0,3,3
550,3080.0,C3_E,-1,0,2
550,3085.0,C1,1,0,5
550,3085.0,C2,1,0,8
550,3085.0,C3,0,3,8
550,3085.0,C3_E,-1,0,0
550,3090.0,C1,1,0,6
550,3090.0,C2,1,0,9
550,3090.0,C3,1,0,6
550,3090.0,C3_E,-1,0,0
550,3095.0,C1,0,0,7
550,3095.0,C2,0,0,11
550,3095.0,C3,1,0,6
550,3095.0,C3_E,-1,0,3
550,3100.0,C1,0,3,8
550,3100.0,C2,0,0,11
550,3100.0,C3,1,0,6
550,3100.0,C3_E,-1,0,3
550,3105.0,C1,0,3,10
550,3105.0,C2,0,2,11
550,3105.0,C3,0,1,6
550,3105.0,C3_E,-1,0,3
550,3110.0,C1,1,0,6
550,3110.0,C2,1,1,7
550,3110.0,C3,0,5,6
550,3110.0,C3_E,-1,0,1
550,3115.0,C1,1,0,3
550,3115.0,C2,1,0,10
550,3115.0,C3,0,6,13
550,3115.0,C3_E,-1,0,0
550,3120.0,C1,1,0,3
550,3120.0,C2,1,0,8
550,3120.0,C3,1,0,11
550,3120.0,C3_E,-1,0,0
550,3125.0,C1,0,0,5
550,3125.0,C2,0,0,9
550,3125.0,C3,1,0,11
550,3125.0,C3_E,-1,0,5
550,3130.0,C1,0,1,7
550,3130.0,C2,0,0,9
550,3130.0,C3,1,0,10
550,3130.0,C3_E,-1,0,6
550,3135.0,C1,0,2,7
550,3135.0,C2,0,3,9
550,3135.0,C3,0,1,9
550,3135.0,C3_E,-1,0,8
550,3140.0,C1,1,0,7
550,3140.0,C2,1,0,4
550,3140.0,C3,0,4,9
550,3140.0,C3_E,-1,0,3
550,3145.0,C1,1,0,3
550,3145.0,C2,1,0,7
550,3145.0,C3,0,8,17
550,3145.0,C3_E,-1,0,1
550,3150.0,C1,1,0,3
550,3150.0,C2,1,0,7
550,3150.0,C3,1,1,13
550,3150.0,C3_E,-1,0,0
550,3155.0,C1,0,0,6
550,3155.0,C2,0,0,7
550,3155.0,C3,1,0,9
550,3155.0,C3_E,-1,0,7
550,3160.0,C1,0,2,9
550,3160.0,C2,0,0,7
550,3160.0,C3,1,0,8
550,3160.0,C3_E,-1,0,10
550,3165.0,C1,0,3,11
550,3165.0,C2,0,2,7
550,3165.0,C3,0,1,7
550,3165.0,C3_E,-1,0,11
550,3170.0,C1,1,0,8
550,3170.0,C2,1,0,2
550,3170.0,C3,0,6,7
550,3170.0,C3_E,-1,0,6
550,3175.0,C1,1,0,4
550,3175.0,C2,1,0,6
550,3175.0,C3,0,7,13
550,3175.0,C3_E,-1,0,3
550,3180.0,C1,1,0,1
550,3180.0,C2,1,0,11
550,3180.0,C3,1,1,10
550,3180.0,C3_E,-1,0,0
550,3185.0,C1,0,0,3
550,3185.0,C2,0,0,11
550,3185.0,C3,1,0,7
550,3185.0,C3_E,-1,0,5
550,3190.0,C1,0,0,5
550,3190.0,C2,0,0,11
550,3190.0,C3,1,0,5
550,3190.0,C3_E,-1,0,7
550,3195.0,C1,0,1,6
550,3195.0,C2,0,1,11
550,3195.0,C3,0,1,5
550,3195.0,C3_E,-1,0,9
550,3200.0,C1,1,0,4
550,3200.0,C2,1,0,7
550,3200.0,C3,0,4,5
550,3200.0,C3_E,-1,0,5
550,3205.0,C1,1,0,2
550,3205.0,C2,1,0,4
550,3205.0,C3,0,5,13
550,3205.0,C3_E,-1,0,1
550,3210.0,C1,1,0,2
550,3210.0,C2,1,0,6
550,3210.0,C3,1,0,12
550,3210.0,C3_E,-1,0,0
550,3215.0,C1,0,1,4
550,3215.0,C2,0,0,6
550,3215.0,C3,1,0,11
550,3215.0,C3_E,-1,0,4
550,3220.0,C1,0,1,6
550,3220.0,C2,0,0,6
550,3220.0,C3,1,0,10
550,3220.0,C3_E,-1,0,5
550,3225.0,C1,0,2,6
550,3225.0,C2,0,3,6
550,3225.0,C3,0,2,9
550,3225.0,C3_E,-1,0,7
550,3230.0,C1,1,0,4
550,3230.0,C2,1,1,3
550,3230.0,C3,0,7,9
550,3230.0,C3_E,-1,0,2
550,3235.0,C1,1,0,3
550,3235.0,C2,1,0,5
550,3235.0,C3,0,9,14
550,3235.0,C3_E,-1,0,1
550,3240.0,C1,1,0,8
550,3240.0,C2,1,0,6
550,3240.0,C3,1,2,11
550,3240.0,C3_E,-1,0,0
550,3245.0,C1,0,0,11
550,3245.0,C2,0,0,6
550,3245.0,C3,1,0,7
550,3245.0,C3_E,-1,0,7
550,3250.0,C1,0,1,12
550,3250.0,C2,0,0,6
550,3250.0,C3,1,0,6
550,3250.0,C3_E,-1,0,9
550,3255.0,C1,0,5,12
550,3255.0,C2,0,1,6
550,3255.0,C3,0,4,6
550,3255.0,C3_E,-1,0,9
550,3260.0,C1,1,2,9
550,3260.0,C2,1,0,2
550,3260.0,C3,0,6,6
550,3260.0,C3_E,-1,0,3
550,3265.0,C1,1,0,4
550,3265.0,C2,1,0,9
550,3265.0,C3,0,6,12
550,3265.0,C3_E,-1,0,0
550,3270.0,C1,1,0,5
550,3270.0,C2,1,0,12
550,3270.0,C3,1,0,8
550,3270.0,C3_E,-1,0,0
550,3275.0,C1,0,0,7
550,3275.0,C2,0,0,12
550,3275.0,C3,1,0,6
550,3275.0,C3_E,-1,0,5
550,3280.0,C1,0,1,7
550,3280.0,C2,0,0,12
550,3280.0,C3,1,0,5
550,3280.0,C3_E,-1,0,6
550,3285.0,C1,0,4,8
550,3285.0,C2,0,4,12
550,3285.0,C3,0,1,5
550,3285.0,C3_E,-1,0,7
550,3290.0,C1,1,0,5
550,3290.0,C2,1,2,7
550,3290.0,C3,0,3,5
550,3290.0,C3_E,-1,0,2
550,3295.0,C1,1,0,4
550,3295.0,C2,1,0,6
550,3295.0,C3,0,5,14
550,3295.0,C3_E,-1,0,0
550,3300.0,C1,1,0,6
550,3300.0,C2,1,0,8
550,3300.0,C3,1,0,13
550,3300.0,C3_E,-1,0,0
550,3305.0,C1,0,0,9
550,3305.0,C2,0,0,8
550,3305.0,C3,1,0,12
550,3305.0,C3_E,-1,0,5
550,3310.0,C1,0,2,10
550,3310.0,C2,0,0,8
550,3310.0,C3,1,0,12
550,3310.0,C3_E,-1,0,5
550,3315.0,C1,0,5,11
550,3315.0,C2,0,2,8
550,3315.0,C3,0,4,11
550,3315.0,C3_E,-1,0,6
550,3320.0,C1,1,0,9
550,3320.0,C2,1,1,4
550,3320.0,C3,0,10,11
550,3320.0,C3_E,-1,0,2
550,3325.0,C1,1,0,4
550,3325.0,C2,1,0,9
550,3325.0,C3,0,11,18
550,3325.0,C3_E,-1,0,1
550,3330.0,C1,1,0,4
550,3330.0,C2,1,0,10
550,3330.0,C3,1,2,14
550,3330.0,C3_E,-1,0,0
550,3335.0,C1,0,0,4
550,3335.0,C2,0,0,11
550,3335.0,C3,1,0,8
550,3335.0,C3_E,-1,0,9
550,3340.0,C1,0,3,5
550,3340.0,C2,0,0,11
550,3340.0,C3,1,0,8
550,3340.0,C3_E,-1,0,11
550,3345.0,C1,0,3,6
550,3345.0,C2,0,2,11
550,3345.0,C3,0,2,8
550,3345.0,C3_E,-1,0,11
550,3350.0,C1,1,0,5
550,3350.0,C2,1,2,6
550,3350.0,C3,0,7,8
550,3350.0,C3_E,-1,0,3
550,3355.0,C1,1,0,5
550,3355.0,C2,1,0,5
550,3355.0,C3,0,8,16
550,3355.0,C3_E,-1,0,0
550,3360.0,C1,1,0,6
550,3360.0,C2,1,0,6
550,3360.0,C3,1,1,15
550,3360.0,C3_E,-1,0,0
550,3365.0,C1,0,1,7
550,3365.0,C2,0,0,6
550,3365.0,C3,1,0,11
550,3365.0,C3_E,-1,0,6
550,3370.0,C1,0,3,7
550,3370.0,C2,0,0,6
550,3370.0,C3,1,0,9
550,3370.0,C3_E,-1,0,8
550,3375.0,C1,0,6,9
550,3375.0,C2,0,1,6
550,3375.0,C3,0,4,8
550,3375.0,C3_E,-1,0,11
550,3380.0,C1,1,3,8
550,3380.0,C2,1,0,1
550,3380.0,C3,0,6,8
550,3380.0,C3_E,-1,0,5
550,3385.0,C1,1,0,4
550,3385.0,C2,1,0,4
550,3385.0,C3,0,7,14
550,3385.0,C3_E,-1,0,0
550,3390.0,C1,1,0,6
550,3390.0,C2,1,0,7
550,3390.0,C3,1,0,8
550,3390.0,C3_E,-1,0,0
550,3395.0,C1,0,2,7
550,3395.0,C2,0,0,7
550,3395.0,C3,1,0,6
550,3395.0,C3_E,-1,0,8
550,3400.0,C1,0,4,7
550,3400.0,C2,0,0,7
550,3400.0,C3,1,0,3
550,3400.0,C3_E,-1,0,8
550,3405.0,C1,0,6,8
550,3405.0,C2,0,2,7
550,3405.0,C3,0,0,3
550,3405.0,C3_E,-1,0,10
550,3410.0,C1,1,0,4
550,3410.0,C2,1,1,4
550,3410.0,C3,0,3,3
550,3410.0,C3_E,-1,0,5
550,3415.0,C1,1,0,3
550,3415.0,C2,1,0,6
550,3415.0,C3,0,3,8
550,3415.0,C3_E,-1,0,1
550,3420.0,C1,1,0,3
550,3420.0,C2,1,0,7
550,3420.0,C3,1,0,7
550,3420.0,C3_E,-1,0,0
550,3425.0,C1,0,0,4
550,3425.0,C2,0,0,7
550,3425.0,C3,1,0,7
550,3425.0,C3_E,-1,0,3
550,3430.0,C1,0,2,6
550,3430.0,C2,0,0,7
550,3430.0,C3,1,0,5
550,3430.0,C3_E,-1,0,3
550,3435.0,C1,0,3,8
550,3435.0,C2,0,1,7
550,3435.0,C3,0,0,5
550,3435.0,C3_E,-1,0,5
550,3440.0,C1,1,0,7
550,3440.0,C2,1,0,3
550,3440.0,C3,0,5,5
550,3440.0,C3_E,-1,0,2
550,3445.0,C1,1,0,8
550,3445.0,C2,1,0,5
550,3445.0,C3,0,5,11
550,3445.0,C3_E,-1,0,1
550,3450.0,C1,1,0,7
550,3450.0,C2,1,0,7
550,3450.0,C3,1,0,8
550,3450.0,C3_E,-1,0,0
550,3455.0,C1,0,2,7
550,3455.0,C2,0,0,9
550,3455.0,C3,1,0,7
550,3455.0,C3_E,-1,0,4
550,3460.0,C1,0,3,7
550,3460.0,C2,0,0,9
550,3460.0,C3,1,0,7
550,3460.0,C3_E,-1,0,5
550,3465.0,C1,0,5,9
550,3465.0,C2,0,2,9
550,3465.0,C3,0,2,6
550,3465.0,C3_E,-1,0,6
550,3470.0,C1,1,1,6
550,3470.0,C2,1,1,4
550,3470.0,C3,0,5,6
550,3470.0,C3_E,-1,0,2
550,3475.0,C1,1,0,5
550,3475.0,C2,1,0,7
550,3475.0,C3,0,6,13
550,3475.0,C3_E,-1,0,1
550,3480.0,C1,1,0,4
550,3480.0,C2,1,0,9
550,3480.0,C3,1,0,11
550,3480.0,C3_E,-1,0,0
550,3485.0,C1,0,1,5
550,3485.0,C2,0,0,9
550,3485.0,C3,1,0,9
550,3485.0,C3_E,-1,0,6
550,3490.0,C1,0,1,9
550,3490.0,C2,0,0,9
550,3490.0,C3,1,0,7
550,3490.0,C3_E,-1,0,6
550,3495.0,C1,0,4,15
550,3495.0,C2,0,4,9
550,3495.0,C3,0,0,6
550,3495.0,C3_E,-1,0,9
550,3500.0,C1,1,0,15
550,3500.0,C2,1,0,5
550,3500.0,C3,0,5,6
550,3500.0,C3_E,-1,0,5
550,3505.0,C1,1,0,12
550,3505.0,C2,1,0,6
550,3505.0,C3,0,6,13
550,3505.0,C3_E,-1,0,0
550,3510.0,C1,1,0,10
550,3510.0,C2,1,0,12
550,3510.0,C3,1,0,11
550,3510.0,C3_E,-1,0,0
550,3515.0,C1,0,2,11
550,3515.0,C2,0,0,15
550,3515.0,C3,1,0,9
550,3515.0,C3_E,-1,0,6
550,3520.0,C1,0,2,11
550,3520.0,C2,0,0,15
550,3520.0,C3,1,0,7
550,3520.0,C3_E,-1,0,7
550,3525.0,C1,0,9,13
550,3525.0,C2,0,2,15
550,3525.0,C3,0,2,7
550,3525.0,C3_E,-1,0,8
550,3530.0,C1,1,2,10
550,3530.0,C2,1,2,11
550,3530.0,C3,0,6,7
550,3530.0,C3_E,-1,0,2
550,3535.0,C1,1,0,5
550,3535.0,C2,1,0,12
550,3535.0,C3,0,7,14
550,3535.0,C3_E,-1,0,1
550,3540.0,C1,1,0,6
550,3540.0,C2,1,0,12
550,3540.0,C3,1,0,17
550,3540.0,C3_E,-1,0,0
550,3545.0,C1,0,1,10
550,3545.0,C2,0,0,12
550,3545.0,C3,1,0,15
550,3545.0,C3_E,-1,0,7
550,3550.0,C1,0,3,12
550,3550.0,C2,0,0,12
550,3550.0,C3,1,0,14
550,3550.0,C3_E,-1,0,7
550,3555.0,C1,0,5,13
550,3555.0,C2,0,5,12
550,3555.0,C3,0,2,14
550,3555.0,C3_E,-1,0,8
550,3560.0,C1,1,1,12
550,3560.0,C2,1,1,8
550,3560.0,C3,0,8,14
550,3560.0,C3_E,-1,0,2
550,3565.0,C1,1,0,7
550,3565.0,C2,1,0,8
550,3565.0,C3,0,14,22
550,3565.0,C3_E,-1,0,0
550,3570.0,C1,1,0,7
550,3570.0,C2,1,0,13
550,3570.0,C3,1,7,23
550,3570.0,C3_E,-1,0,0
550,3575.0,C1,0,0,6
550,3575.0,C2,0,0,14
550,3575.0,C3,1,0,16
550,3575.0,C3_E,-1,0,7
550,3580.0,C1,0,2,6
550,3580.0,C2,0,0,14
550,3580.0,C3,1,0,11
550,3580.0,C3_E,-1,0,13
550,3585.0,C1,0,5,7
550,3585.0,C2,0,3,14
550,3585.0,C3,0,2,11
550,3585.0,C3_E,-1,0,15
550,3590.0,C1,1,0,6
550,3590.0,C2,1,1,8
550,3590.0,C3,0,9,11
550,3590.0,C3_E,-1,0,9
550,3595.0,C1,1,0,8
550,3595.0,C2,1,0,7
550,3595.0,C3,0,10,21
550,3595.0,C3_E,-1,0,1
700,0.0,C1,0,0,0
700,0.0,C2,0,0,0
700,0.0,C3,0,0,0
700,0.0,C3_E,-1,0,0
700,5.0,C1,0,0,1
700,5.0,C2,0,0,0
700,5.0,C3,0,0,0
700,5.0,C3_E,-1,0,0
700,10.0,C1,0,0,1
700,10.0,C2,0,0,0
700,10.0,C3,0,0,0
700,10.0,C3_E,-1,0,0
700,15.0,C1,0,0,3
700,15.0,C2,0,0,0
700,15.0,C3,0,0,0
700,15.0,C3_E,-1,0,0
700,20.0,C1,1,0,6
700,20.0,C2,1,0,0
700,20.0,C3,1,0,0
700,20.0,C3_E,-1,0,0
700,25.0,C1,1,0,6
700,25.0,C2,1,0,1
700,25.0,C3,1,0,0
700,25.0,C3_E,-1,0,0
700,30.0,C1,1,0,4
700,30.0,C2,1,0,3
700,30.0,C3,1,0,0
700,30.0,C3_E,-1,0,0
700,35.0,C1,0,1,5
700,35.0,C2,0,0,3
700,35.0,C3,0,0,0
700,35.0,C3_E,-1,0,0
700,40.0,C1,0,3,7
700,40.0,C2,0,0,3
700,40.0,C3,0,0,0
700,40.0,C3_E,-1,0,0
700,45.0,C1,0,4,9
700,45.0,C2,0,0,3
700,45.0,C3,0,0,0
700,45.0,C3_E,-1,0,0
700,50.0,C1,1,0,4
700,50.0,C2,1,0,3
700,50.0,C3,1,0,0
700,50.0,C3_E,-1,0,0
700,55.0,C1,1,0,2
700,55.0,C2,1,0,6
700,55.0,C3,1,0,1
700,55.0,C3_E,-1,0,0
700,60.0,C1,1,0,1
700,60.0,C2,1,0,9
700,60.0,C3,1,0,3
700,60.0,C3_E,-1,0,0
700,65.0,C1,0,0,1
700,65.0,C2,0,0,9
700,65.0,C3,0,0,3
700,65.0,C3_E,-1,0,0
700,70.0,C1,0,0,3
700,70.0,C2,0,0,9
700,70.0,C3,0,0,3
700,70.0,C3_E,-1,0,0
700,75.0,C1,0,1,3
700,75.0,C2,0,1,9
700,75.0,C3,0,0,3
700,75.0,C3_E,-1,0,0
700,80.0,C1,1,0,3
700,80.0,C2,1,0,4
700,80.0,C3,1,0,3
700,80.0,C3_E,-1,0,0
700,85.0,C1,1,0,3
700,85.0,C2,1,0,2
700,85.0,C3,1,0,9
700,85.0,C3_E,-1,0,2
700,90.0,C1,1,0,2
700,90.0,C2,1,0,3
700,90.0,C3,1,0,9
700,90.0,C3_E,-1,0,3
700,95.0,C1,0,0,3
700,95.0,C2,0,0,3
700,95.0,C3,0,0,9
700,95.0,C3_E,-1,0,3
700,100.0,C1,0,2,3
700,100.0,C2,0,0,3
700,100.0,C3,0,0,9
700,100.0,C3_E,-1,0,1
700,105.0,C1,0,2,6
700,105.0,C2,0,0,3
700,105.0,C3,0,0,9
700,105.0,C3_E,-1,0,0
700,110.0,C1,1,0,3
700,110.0,C2,1,0,2
700,110.0,C3,1,0,3
700,110.0,C3_E,-1,0,0
700,115.0,C1,1,0,3
700,115.0,C2,1,0,4
700,115.0,C3,1,0,1
700,115.0,C3_E,-1,0,9
700,120.0,C1,1,0,2
700,120.0,C2,1,0,4
700,120.0,C3,1,0,3
700,120.0,C3_E,-1,0,9
700,125.0,C1,0,0,3
700,125.0,C2,0,0,6
700,125.0,C3,0,0,3
700,125.0,C3_E,-1,0,6
700,130.0,C1,0,0,3
700,130.0,C2,0,0,6
700,130.0,C3,0,0,3
700,130.0,C3_E,-1,0,0
700,135.0,C1,0,0,4
700,135.0,C2,0,0,6
700,135.0,C3,0,0,3
700,135.0,C3_E,-1,0,0
700,140.0,C1,1,0,3
700,140.0,C2,1,0,3
700,140.0,C3,1,0,2
700,140.0,C3_E,-1,0,0
700,145.0,C1,1,0,4
700,145.0,C2,1,0,5
700,145.0,C3,1,0,5
700,145.0,C3_E,-1,0,1
700,150.0,C1,1,0,8
700,150.0,C2,1,0,5
700,150.0,C3,1,0,5
700,150.0,C3_E,-1,0,3
700,155.0,C1,0,0,9
700,155.0,C2,0,0,4
700,155.0,C3,0,0,6
700,155.0,C3_E,-1,0,3
700,160.0,C1,0,2,12
700,160.0,C2,0,0,4
700,160.0,C3,0,0,6
700,160.0,C3_E,-1,0,2
700,165.0,C1,0,5,14
700,165.0,C2,0,0,4
700,165.0,C3,0,0,6
700,165.0,C3_E,-1,0,0
700,170.0,C1,1,2,14
700,170.0,C2,1,0,2
700,170.0,C3,1,0,3
700,170.0,C3_E,-1,0,0
700,175.0,C1,1,0,9
700,175.0,C2,1,0,6
700,175.0,C3,1,0,5
700,175.0,C3_E,-1,0,4
700,180.0,C1,1,0,7
700,180.0,C2,1,0,14
700,180.0,C3,1,0,4
700,180.0,C3_E,-1,0,5
700,185.0,C1,0,0,7
700,185.0,C2,0,0,14
700,185.0,C3,0,0,4
700,185.0,C3_E,-1,0,6
700,190.0,C1,0,3,9
700,190.0,C2,0,0,14
700,190.0,C3,0,0,4
700,190.0,C3_E,-1,0,2
700,195.0,C1,0,6,10
700,195.0,C2,0,0,14
700,195.0,C3,0,0,4
700,195.0,C3_E,-1,0,1
700,200.0,C1,1,1,8
700,200.0,C2,1,0,13
700,200.0,C3,1,0,1
700,200.0,C3_E,-1,0,0
700,205.0,C1,1,0,6
700,205.0,C2,1,0,12
700,205.0,C3,1,0,5
700,205.0,C3_E,-1,0,4
700,210.0,C1,1,0,6
700,210.0,C2,1,0,9
700,210.0,C3,1,0,14
700,210.0,C3_E,-1,0,4
700,215.0,C1,0,0,7
700,215.0,C2,0,0,10
700,215.0,C3,0,0,14
700,215.0,C3_E,-1,0,3
700,220.0,C1,0,1,8
700,220.0,C2,0,0,10
700,220.0,C3,0,0,14
700,220.0,C3_E,-1,0,0
700,225.0,C1,0,5,8
700,225.0,C2,0,0,10
700,225.0,C3,0,0,14
700,225.0,C3_E,-1,0,0
700,230.0,C1,1,0,5
700,230.0,C2,1,0,7
700,230.0,C3,1,0,12
700,230.0,C3_E,-1,0,0
700,235.0,C1,1,0,4
700,235.0,C2,1,0,9
700,235.0,C3,1,0,12
700,235.0,C3_E,-1,0,5
700,240.0,C1,1,0,7
700,240.0,C2,1,0,8
700,240.0,C3,1,0,10
700,240.0,C3_E,-1,0,10
700,245.0,C1,0,0,11
700,245.0,C2,0,0,8
700,245.0,C3,0,0,11
700,245.0,C3_E,-1,0,13
700,250.0,C1,0,0,13
700,250.0,C2,0,0,8
700,250.0,C3,0,1,11
700,250.0,C3_E,-1,0,9
700,255.0,C1,0,5,15
700,255.0,C2,0,0,8
700,255.0,C3,0,1,11
700,255.0,C3_E,-1,0,3
700,260.0,C1,1,1,9
700,260.0,C2,1,0,5
700,260.0,C3,1,0,7
700,260.0,C3_E,-1,0,1
700,265.0,C1,1,0,4
700,265.0,C2,1,0,10
700,265.0,C3,1,0,8
700,265.0,C3_E,-1,0,6
700,270.0,C1,1,0,1
700,270.0,C2,1,0,14
700,270.0,C3,1,0,9
700,270.0,C3_E,-1,0,9
700,275.0,C1,0,0,3
700,275.0,C2,0,0,15
700,275.0,C3,0,1,9
700,275.0,C3_E,-1,0,8
700,280.0,C1,0,1,4
700,280.0,C2,0,0,15
700,280.0,C3,0,1,9
700,280.0,C3_E,-1,0,5
700,285.0,C1,0,1,6
700,285.0,C2,0,0,15
700,285.0,C3,0,1,9
700,285.0,C3_E,-1,0,1
700,290.0,C1,1,0,5
700,290.0,C2,1,0,10
700,290.0,C3,1,0,4
700,290.0,C3_E,-1,0,0
700,295.0,C1,1,0,3
700,295.0,C2,1,0,7
700,295.0,C3,1,0,10
700,295.0,C3_E,-1,0,7
700,300.0,C1,1,0,2
700,300.0,C2,1,0,5
700,300.0,C3,1,0,14
700,300.0,C3_E,-1,0,8
700,305.0,C1,0,0,5
700,305.0,C2,0,0,6
700,305.0,C3,0,0,15
700,305.0,C3_E,-1,0,8
700,310.0,C1,0,1,7
700,310.0,C2,0,0,6
700,310.0,C3,0,0,15
700,310.0,C3_E,-1,0,4
700,315.0,C1,0,2,10
700,315.0,C2,0,0,6
700,315.0,C3,0,0,15
700,315.0,C3_E,-1,0,1
700,320.0,C1,1,0,8
700,320.0,C2,1,0,4
700,320.0,C3,1,0,11
700,320.0,C3_E,-1,0,0
700,325.0,C1,1,0,7
700,325.0,C2,1,0,7
700,325.0,C3,1,0,8
700,325.0,C3_E,-1,0,9
700,330.0,C1,1,0,4
700,330.0,C2,1,0,8
700,330.0,C3,1,0,6
700,330.0,C3_E,-1,0,13
700,335.0,C1,0,0,6
700,335.0,C2,0,0,10
700,335.0,C3,0,0,6
700,335.0,C3_E,-1,0,14
700,340.0,C1,0,2,8
700,340.0,C2,0,0,10
700,340.0,C3,0,0,6
700,340.0,C3_E,-1,0,5
700,345.0,C1,0,4,9
700,345.0,C2,0,0,10
700,345.0,C3,0,0,6
700,345.0,C3_E,-1,0,2
700,350.0,C1,1,0,6
700,350.0,C2,1,0,7
700,350.0,C3,1,0,3
700,350.0,C3_E,-1,0,0
700,355.0,C1,1,0,3
700,355.0,C2,1,0,11
700,355.0,C3,1,0,6
700,355.0,C3_E,-1,0,5
700,360.0,C1,1,0,3
700,360.0,C2,1,0,8
700,360.0,C3,1,0,9
700,360.0,C3_E,-1,0,6
700,365.0,C1,0,0,4
700,365.0,C2,0,0,9
700,365.0,C3,0,0,10
700,365.0,C3_E,-1,0,6
700,370.0,C1,0,2,4
700,370.0,C2,0,0,9
700,370.0,C3,0,0,10
700,370.0,C3_E,-1,0,1
700,375.0,C1,0,3,6
700,375.0,C2,0,0,9
700,375.0,C3,0,0,10
700,375.0,C3_E,-1,0,0
700,380.0,C1,1,0,3
700,380.0,C2,1,0,6
700,380.0,C3,1,0,7
700,380.0,C3_E,-1,0,0
700,385.0,C1,1,0,4
700,385.0,C2,1,0,5
700,385.0,C3,1,0,10
700,385.0,C3_E,-1,0,4
700,390.0,C1,1,0,3
700,390.0,C2,1,0,6
700,390.0,C3,1,0,8
700,390.0,C3_E,-1,0,9
700,395.0,C1,0,0,3
700,395.0,C2,0,0,7
700,395.0,C3,0,0,8
700,395.0,C3_E,-1,0,9
700,400.0,C1,0,2,5
700,400.0,C2,0,1,7
700,400.0,C3,0,0,8
700,400.0,C3_E,-1,0,6
700,405.0,C1,0,3,7
700,405.0,C2,0,1,7
700,405.0,C3,0,0,8
700,405.0,C3_E,-1,0,1
700,410.0,C1,1,0,6
700,410.0,C2,1,0,4
700,410.0,C3,1,0,5
700,410.0,C3_E,-1,0,0
700,415.0,C1,1,0,5
700,415.0,C2,1,0,5
700,415.0,C3,1,0,6
700,415.0,C3_E,-1,0,7
700,420.0,C1,1,0,3
700,420.0,C2,1,0,5
700,420.0,C3,1,0,7
700,420.0,C3_E,-1,0,8
700,425.0,C1,0,1,6
700,425.0,C2,0,0,7
700,425.0,C3,0,0,7
700,425.0,C3_E,-1,0,8
700,430.0,C1,0,2,6
700,430.0,C2,0,0,7
700,430.0,C3,0,0,7
700,430.0,C3_E,-1,0,2
700,435.0,C1,0,3,9
700,435.0,C2,0,0,7
700,435.0,C3,0,0,7
700,435.0,C3_E,-1,0,1
700,440.0,C1,1,0,8
700,440.0,C2,1,0,4
700,440.0,C3,1,0,4
700,440.0,C3_E,-1,0,0
700,445.0,C1,1,0,7
700,445.0,C2,1,0,6
700,445.0,C3,1,0,6
700,445.0,C3_E,-1,0,6
700,450.0,C1,1,0,7
700,450.0,C2,1,0,6
700,450.0,C3,1,0,6
700,450.0,C3_E,-1,0,7
700,455.0,C1,0,2,7
700,455.0,C2,0,0,8
700,455.0,C3,0,0,7
700,455.0,C3_E,-1,0,6
700,460.0,C1,0,3,10
700,460.0,C2,0,0,8
700,460.0,C3,0,0,7
700,460.0,C3_E,-1,0,2
700,465.0,C1,0,6,12
700,465.0,C2,0,0,8
700,465.0,C3,0,0,7
700,465.0,C3_E,-1,0,0
700,470.0,C1,1,1,8
700,470.0,C2,1,0,6
700,470.0,C3,1,0,3
700,470.0,C3_E,-1,0,0
700,475.0,C1,1,0,5
700,475.0,C2,1,0,10
700,475.0,C3,1,0,5
700,475.0,C3_E,-1,0,6
700,480.0,C1,1,0,3
700,480.0,C2,1,0,12
700,480.0,C3,1,0,8
700,480.0,C3_E,-1,0,6
700,485.0,C1,0,0,5
700,485.0,C2,0,0,12
700,485.0,C3,0,1,9
700,485.0,C3_E,-1,0,5
700,490.0,C1,0,0,7
700,490.0,C2,0,0,12
700,490.0,C3,0,1,9
700,490.0,C3_E,-1,0,1
700,495.0,C1,0,2,12
700,495.0,C2,0,0,12
700,495.0,C3,0,2,9
700,495.0,C3_E,-1,0,0
700,500.0,C1,1,0,11
700,500.0,C2,1,0,9
700,500.0,C3,1,0,5
700,500.0,C3_E,-1,0,0
700,505.0,C1,1,0,8
700,505.0,C2,1,0,7
700,505.0,C3,1,0,13
700,505.0,C3_E,-1,0,5
700,510.0,C1,1,0,4
700,510.0,C2,1,0,8
700,510.0,C3,1,0,11
700,510.0,C3_E,-1,0,7
700,515.0,C1,0,2,5
700,515.0,C2,0,0,12
700,515.0,C3,0,0,12
700,515.0,C3_E,-1,0,7
700,520.0,C1,0,2,5
700,520.0,C2,0,0,12
700,520.0,C3,0,0,12
700,520.0,C3_E,-1,0,4
700,525.0,C1,0,3,8
700,525.0,C2,0,0,12
700,525.0,C3,0,0,12
700,525.0,C3_E,-1,0,2
700,530.0,C1,1,0,6
700,530.0,C2,1,0,10
700,530.0,C3,1,0,7
700,530.0,C3_E,-1,0,0
700,535.0,C1,1,0,6
700,535.0,C2,1,0,7
700,535.0,C3,1,0,6
700,535.0,C3_E,-1,0,9
700,540.0,C1,1,0,4
700,540.0,C2,1,0,7
700,540.0,C3,1,0,12
700,540.0,C3_E,-1,0,11
700,545.0,C1,0,0,6
700,545.0,C2,0,0,9
700,545.0,C3,0,1,12
700,545.0,C3_E,-1,0,9
700,550.0,C1,0,2,10
700,550.0,C2,0,1,9
700,550.0,C3,0,1,12
700,550.0,C3_E,-1,0,3
700,555.0,C1,0,3,12
700,555.0,C2,0,1,9
700,555.0,C3,0,1,12
700,555.0,C3_E,-1,0,0
700,560.0,C1,1,0,9
700,560.0,C2,1,0,6
700,560.0,C3,1,0,9
700,560.0,C3_E,-1,0,0
700,565.0,C1,1,0,7
700,565.0,C2,1,0,10
700,565.0,C3,1,0,9
700,565.0,C3_E,-1,0,6
700,570.0,C1,1,0,8
700,570.0,C2,1,0,11
700,570.0,C3,1,0,9
700,570.0,C3_E,-1,0,12
700,575.0,C1,0,1,10
700,575.0,C2,0,0,12
700,575.0,C3,0,0,9
700,575.0,C3_E,-1,0,12
700,580.0,C1,0,3,12
700,580.0,C2,0,0,12
700,580.0,C3,0,0,9
700,580.0,C3_E,-1,0,7
700,585.0,C1,0,5,13
700,585.0,C2,0,0,12
700,585.0,C3,0,0,9
700,585.0,C3_E,-1,0,3
700,590.0,C1,1,3,12
700,590.0,C2,1,0,8
700,590.0,C3,1,0,6
700,590.0,C3_E,-1,0,0
700,595.0,C1,1,0,8
700,595.0,C2,1,0,7
700,595.0,C3,1,0,10
700,595.0,C3_E,-1,0,5
700,600.0,C1,1,0,8
700,600.0,C2,1,0,12
700,600.0,C3,1,0,13
700,600.0,C3_E,-1,0,8
700,605.0,C1,0,0,9
700,605.0,C2,0,0,13
700,605.0,C3,0,0,13
700,605.0,C3_E,-1,0,7
700,610.0,C1,0,2,11
700,610.0,C2,0,0,13
700,610.0,C3,0,1,13
700,610.0,C3_E,-1,0,2
700,615.0,C1,0,5,13
700,615.0,C2,0,0,13
700,615.0,C3,0,1,13
700,615.0,C3_E,-1,0,1
700,620.0,C1,1,3,13
700,620.0,C2,1,0,10
700,620.0,C3,1,0,8
700,620.0,C3_E,-1,0,0
700,625.0,C1,1,0,8
700,625.0,C2,1,0,9
700,625.0,C3,1,0,12
700,625.0,C3_E,-1,0,7
700,630.0,C1,1,0,6
700,630.0,C2,1,0,12
700,630.0,C3,1,0,12
700,630.0,C3_E,-1,0,13
700,635.0,C1,0,1,9
700,635.0,C2,0,0,12
700,635.0,C3,0,0,13
700,635.0,C3_E,-1,0,13
700,640.0,C1,0,4,11
700,640.0,C2,0,0,12
700,640.0,C3,0,0,13
700,640.0,C3_E,-1,0,8
700,645.0,C1,0,6,13
700,645.0,C2,0,0,12
700,645.0,C3,0,0,13
700,645.0,C3_E,-1,0,1
700,650.0,C1,1,1,10
700,650.0,C2,1,0,9
700,650.0,C3,1,0,9
700,650.0,C3_E,-1,0,0
700,655.0,C1,1,0,6
700,655.0,C2,1,0,10
700,655.0,C3,1,0,9
700,655.0,C3_E,-1,0,9
700,660.0,C1,1,0,5
700,660.0,C2,1,0,13
700,660.0,C3,1,0,12
700,660.0,C3_E,-1,0,11
700,665.0,C1,0,0,7
700,665.0,C2,0,0,12
700,665.0,C3,0,1,13
700,665.0,C3_E,-1,0,10
700,670.0,C1,0,2,9
700,670.0,C2,0,0,12
700,670.0,C3,0,1,13
700,670.0,C3_E,-1,0,2
700,675.0,C1,0,4,12
700,675.0,C2,0,0,12
700,675.0,C3,0,1,13
700,675.0,C3_E,-1,0,1
700,680.0,C1,1,1,10
700,680.0,C2,1,0,8
700,680.0,C3,1,0,10
700,680.0,C3_E,-1,0,0
700,685.0,C1,1,0,6
700,685.0,C2,1,0,8
700,685.0,C3,1,0,11
700,685.0,C3_E,-1,0,6
700,690.0,C1,1,0,4
700,690.0,C2,1,0,13
700,690.0,C3,1,0,13
700,690.0,C3_E,-1,0,11
700,695.0,C1,0,0,5
700,695.0,C2,0,0,13
700,695.0,C3,0,0,13
700,695.0,C3_E,-1,0,11
700,700.0,C1,0,2,8
700,700.0,C2,0,1,13
700,700.0,C3,0,1,13
700,700.0,C3_E,-1,0,6
700,705.0,C1,0,2,10
700,705.0,C2,0,1,13
700,705.0,C3,0,2,13
700,705.0,C3_E,-1,0,1
700,710.0,C1,1,0,7
700,710.0,C2,1,0,9
700,710.0,C3,1,0,10
700,710.0,C3_E,-1,0,0
700,715.0,C1,1,0,4
700,715.0,C2,1,0,10
700,715.0,C3,1,0,10
700,715.0,C3_E,-1,0,5
700,720.0,C1,1,0,4
700,720.0,C2,1,0,9
700,720.0,C3,1,0,13
700,720.0,C3_E,-1,0,13
700,725.0,C1,0,0,6
700,725.0,C2,0,0,10
700,725.0,C3,0,0,13
700,725.0,C3_E,-1,0,12
700,730.0,C1,0,0,9
700,730.0,C2,0,0,10
700,730.0,C3,0,0,13
700,730.0,C3_E,-1,0,10
700,735.0,C1,0,2,9
700,735.0,C2,0,0,10
700,735.0,C3,0,0,13
700,735.0,C3_E,-1,0,5
700,740.0,C1,1,0,6
700,740.0,C2,1,0,7
700,740.0,C3,1,0,10
700,740.0,C3_E,-1,0,0
700,745.0,C1,1,0,4
700,745.0,C2,1,0,7
700,745.0,C3,1,0,16
700,745.0,C3_E,-1,0,4
700,750.0,C1,1,0,4
700,750.0,C2,1,0,9
700,750.0,C3,1,0,11
700,750.0,C3_E,-1,0,10
700,755.0,C1,0,0,4
700,755.0,C2,0,0,9
700,755.0,C3,0,0,10
700,755.0,C3_E,-1,0,12
700,760.0,C1,0,2,4
700,760.0,C2,0,0,9
700,760.0,C3,0,0,10
700,760.0,C3_E,-1,0,10
700,765.0,C1,0,3,5
700,765.0,C2,0,0,9
700,765.0,C3,0,0,10
700,765.0,C3_E,-1,0,4
700,770.0,C1,1,0,4
700,770.0,C2,1,0,4
700,770.0,C3,1,0,7
700,770.0,C3_E,-1,0,1
700,775.0,C1,1,0,7
700,775.0,C2,1,0,5
700,775.0,C3,1,0,10
700,775.0,C3_E,-1,0,5
700,780.0,C1,1,0,8
700,780.0,C2,1,0,5
700,780.0,C3,1,0,8
700,780.0,C3_E,-1,0,10
700,785.0,C1,0,1,9
700,785.0,C2,0,1,5
700,785.0,C3,0,0,8
700,785.0,C3_E,-1,0,10
700,790.0,C1,0,3,11
700,790.0,C2,0,1,5
700,790.0,C3,0,0,8
700,790.0,C3_E,-1,0,5
700,795.0,C1,0,7,12
700,795.0,C2,0,1,5
700,795.0,C3,0,0,8
700,795.0,C3_E,-1,0,0
700,800.0,C1,1,1,8
700,800.0,C2,1,0,2
700,800.0,C3,1,0,2
700,800.0,C3_E,-1,0,0
700,805.0,C1,1,0,6
700,805.0,C2,1,0,8
700,805.0,C3,1,0,5
700,805.0,C3_E,-1,0,8
700,810.0,C1,1,0,6
700,810.0,C2,1,0,11
700,810.0,C3,1,0,5
700,810.0,C3_E,-1,0,8
700,815.0,C1,0,0,7
700,815.0,C2,0,0,11
700,815.0,C3,0,0,5
700,815.0,C3_E,-1,0,5
700,820.0,C1,0,3,8
700,820.0,C2,0,0,11
700,820.0,C3,0,0,5
700,820.0,C3_E,-1,0,0
700,825.0,C1,0,4,8
700,825.0,C2,0,0,11
700,825.0,C3,0,0,5
700,825.0,C3_E,-1,0,0
700,830.0,C1,1,0,6
700,830.0,C2,1,0,9
700,830.0,C3,1,0,2
700,830.0,C3_E,-1,0,0
700,835.0,C1,1,0,1
700,835.0,C2,1,0,8
700,835.0,C3,1,0,7
700,835.0,C3_E,-1,0,4
700,840.0,C1,1,0,2
700,840.0,C2,1,0,9
700,840.0,C3,1,0,10
700,840.0,C3_E,-1,0,5
700,845.0,C1,0,0,3
700,845.0,C2,0,1,9
700,845.0,C3,0,0,10
700,845.0,C3_E,-1,0,4
700,850.0,C1,0,1,3
700,850.0,C2,0,1,9
700,850.0,C3,0,0,10
700,850.0,C3_E,-1,0,2
700,855.0,C1,0,1,4
700,855.0,C2,0,1,9
700,855.0,C3,0,0,10
700,855.0,C3_E,-1,0,1
700,860.0,C1,1,0,3
700,860.0,C2,1,0,5
700,860.0,C3,1,0,7
700,860.0,C3_E,-1,0,0
700,865.0,C1,1,0,4
700,865.0,C2,1,0,3
700,865.0,C3,1,0,10
700,865.0,C3_E,-1,0,7
700,870.0,C1,1,0,3
700,870.0,C2,1,0,4
700,870.0,C3,1,0,10
700,870.0,C3_E,-1,0,9
700,875.0,C1,0,0,4
700,875.0,C2,0,0,5
700,875.0,C3,0,0,10
700,875.0,C3_E,-1,0,8
700,880.0,C1,0,2,5
700,880.0,C2,0,0,5
700,880.0,C3,0,1,10
700,880.0,C3_E,-1,0,4
700,885.0,C1,0,2,8
700,885.0,C2,0,0,5
700,885.0,C3,0,1,10
700,885.0,C3_E,-1,0,0
700,890.0,C1,1,0,7
700,890.0,C2,1,0,2
700,890.0,C3,1,0,6
700,890.0,C3_E,-1,0,0
700,895.0,C1,1,0,6
700,895.0,C2,1,0,7
700,895.0,C3,1,0,7
700,895.0,C3_E,-1,0,6
700,900.0,C1,1,0,5
700,900.0,C2,1,0,6
700,900.0,C3,1,0,5
700,900.0,C3_E,-1,0,10
700,905.0,C1,0,0,4
700,905.0,C2,0,0,9
700,905.0,C3,0,0,5
700,905.0,C3_E,-1,0,9
700,910.0,C1,0,2,5
700,910.0,C2,0,0,9
700,910.0,C3,0,0,5
700,910.0,C3_E,-1,0,6
700,915.0,C1,0,3,6
700,915.0,C2,0,0,9
700,915.0,C3,0,0,5
700,915.0,C3_E,-1,0,3
700,920.0,C1,1,0,4
700,920.0,C2,1,0,6
700,920.0,C3,1,0,2
700,920.0,C3_E,-1,0,0
700,925.0,C1,1,0,2
700,925.0,C2,1,0,8
700,925.0,C3,1,0,7
700,925.0,C3_E,-1,0,4
700,930.0,C1,1,0,4
700,930.0,C2,1,0,5
700,930.0,C3,1,0,8
700,930.0,C3_E,-1,0,5
700,935.0,C1,0,1,5
700,935.0,C2,0,0,5
700,935.0,C3,0,0,9
700,935.0,C3_E,-1,0,4
700,940.0,C1,0,2,5
700,940.0,C2,0,0,5
700,940.0,C3,0,0,9
700,940.0,C3_E,-1,0,1
700,945.0,C1,0,3,6
700,945.0,C2,0,0,5
700,945.0,C3,0,0,9
700,945.0,C3_E,-1,0,0
700,950.0,C1,1,0,5
700,950.0,C2,1,0,1
700,950.0,C3,1,0,5
700,950.0,C3_E,-1,0,0
700,955.0,C1,1,0,6
700,955.0,C2,1,0,5
700,955.0,C3,1,0,7
700,955.0,C3_E,-1,0,5
700,960.0,C1,1,0,8
700,960.0,C2,1,0,5
700,960.0,C3,1,0,5
700,960.0,C3_E,-1,0,8
700,965.0,C1,0,0,10
700,965.0,C2,0,0,6
700,965.0,C3,0,0,5
700,965.0,C3_E,-1,0,7
700,970.0,C1,0,4,12
700,970.0,C2,0,0,6
700,970.0,C3,0,0,5
700,970.0,C3_E,-1,0,3
700,975.0,C1,0,6,15
700,975.0,C2,0,0,6
700,975.0,C3,0,0,5
700,975.0,C3_E,-1,0,1
700,980.0,C1,1,2,11
700,980.0,C2,1,0,3
700,980.0,C3,1,0,1
700,980.0,C3_E,-1,0,0
700,985.0,C1,1,0,5
700,985.0,C2,1,0,8
700,985.0,C3,1,0,5
700,985.0,C3_E,-1,0,5
700,990.0,C1,1,0,6
700,990.0,C2,1,0,14
700,990.0,C3,1,0,6
700,990.0,C3_E,-1,0,5
700,995.0,C1,0,0,7
700,995.0,C2,0,0,15
700,995.0,C3,0,0,6
700,995.0,C3_E,-1,0,3
700,1000.0,C1,0,2,7
700,1000.0,C2,0,0,15
700,1000.0,C3,0,0,6
700,1000.0,C3_E,-1,0,0
700,1005.0,C1,0,4,9
700,1005.0,C2,0,0,15
700,1005.0,C3,0,0,6
700,1005.0,C3_E,-1,0,0
700,1010.0,C1,1,0,6
700,1010.0,C2,1,0,11
700,1010.0,C3,1,1,3
700,1010.0,C3_E,-1,0,0
700,1015.0,C1,1,0,3
700,1015.0,C2,1,0,11
700,1015.0,C3,1,0,9
700,1015.0,C3_E,-1,0,5
700,1020.0,C1,1,0,3
700,1020.0,C2,1,0,8
700,1020.0,C3,1,0,15
700,1020.0,C3_E,-1,0,6
700,1025.0,C1,0,0,5
700,1025.0,C2,0,0,9
700,1025.0,C3,0,0,15
700,1025.0,C3_E,-1,0,6
700,1030.0,C1,0,2,6
700,1030.0,C2,0,0,9
700,1030.0,C3,0,0,15
700,1030.0,C3_E,-1,0,0
700,1035.0,C1,0,2,10
700,1035.0,C2,0,0,9
700,1035.0,C3,0,0,15
700,1035.0,C3_E,-1,0,0
700,1040.0,C1,1,0,6
700,1040.0,C2,1,0,5
700,1040.0,C3,1,0,10
700,1040.0,C3_E,-1,0,0
700,1045.0,C1,1,0,6
700,1045.0,C2,1,0,8
700,1045.0,C3,1,0,9
700,1045.0,C3_E,-1,0,8
700,1050.0,C1,1,0,3
700,1050.0,C2,1,0,9
700,1050.0,C3,1,0,9
700,1050.0,C3_E,-1,0,15
700,1055.0,C1,0,0,5
700,1055.0,C2,0,0,10
700,1055.0,C3,0,0,9
700,1055.0,C3_E,-1,0,14
700,1060.0,C1,0,0,6
700,1060.0,C2,0,0,10
700,1060.0,C3,0,0,9
700,1060.0,C3_E,-1,0,6
700,1065.0,C1,0,2,8
700,1065.0,C2,0,0,10
700,1065.0,C3,0,0,9
700,1065.0,C3_E,-1,0,1
700,1070.0,C1,1,0,6
700,1070.0,C2,1,0,7
700,1070.0,C3,1,0,5
700,1070.0,C3_E,-1,0,0
700,1075.0,C1,1,0,4
700,1075.0,C2,1,0,9
700,1075.0,C3,1,0,9
700,1075.0,C3_E,-1,0,5
700,1080.0,C1,1,0,5
700,1080.0,C2,1,0,7
700,1080.0,C3,1,0,10
700,1080.0,C3_E,-1,0,7
700,1085.0,C1,0,0,9
700,1085.0,C2,0,0,8
700,1085.0,C3,0,1,11
700,1085.0,C3_E,-1,0,8
700,1090.0,C1,0,2,10
700,1090.0,C2,0,0,8
700,1090.0,C3,0,1,11
700,1090.0,C3_E,-1,0,3
700,1095.0,C1,0,4,10
700,1095.0,C2,0,0,8
700,1095.0,C3,0,1,11
700,1095.0,C3_E,-1,0,1
700,1100.0,C1,1,1,9
700,1100.0,C2,1,0,5
700,1100.0,C3,1,0,7
700,1100.0,C3_E,-1,0,0
700,1105.0,C1,1,0,4
700,1105.0,C2,1,0,6
700,1105.0,C3,1,0,8
700,1105.0,C3_E,-1,0,8
700,1110.0,C1,1,0,4
700,1110.0,C2,1,0,10
700,1110.0,C3,1,0,8
700,1110.0,C3_E,-1,0,11
700,1115.0,C1,0,0,4
700,1115.0,C2,0,0,10
700,1115.0,C3,0,0,8
700,1115.0,C3_E,-1,0,10
700,1120.0,C1,0,3,5
700,1120.0,C2,0,0,10
700,1120.0,C3,0,0,8
700,1120.0,C3_E,-1,0,5
700,1125.0,C1,0,4,5
700,1125.0,C2,0,0,10
700,1125.0,C3,0,0,8
700,1125.0,C3_E,-1,0,0
700,1130.0,C1,1,0,4
700,1130.0,C2,1,0,8
700,1130.0,C3,1,0,5
700,1130.0,C3_E,-1,0,0
700,1135.0,C1,1,0,3
700,1135.0,C2,1,0,7
700,1135.0,C3,1,0,5
700,1135.0,C3_E,-1,0,6
700,1140.0,C1,1,0,3
700,1140.0,C2,1,0,4
700,1140.0,C3,1,0,10
700,1140.0,C3_E,-1,0,8
700,1145.0,C1,0,0,3
700,1145.0,C2,0,0,5
700,1145.0,C3,0,0,10
700,1145.0,C3_E,-1,0,8
700,1150.0,C1,0,2,3
700,1150.0,C2,0,0,5
700,1150.0,C3,0,0,10
700,1150.0,C3_E,-1,0,3
700,1155.0,C1,0,2,4
700,1155.0,C2,0,0,5
700,1155.0,C3,0,0,10
700,1155.0,C3_E,-1,0,0
700,1160.0,C1,1,0,3
700,1160.0,C2,1,0,4
700,1160.0,C3,1,0,7
700,1160.0,C3_E,-1,0,0
700,1165.0,C1,1,0,3
700,1165.0,C2,1,0,4
700,1165.0,C3,1,0,4
700,1165.0,C3_E,-1,0,8
700,1170.0,C1,1,0,4
700,1170.0,C2,1,0,3
700,1170.0,C3,1,0,6
700,1170.0,C3_E,-1,0,9
700,1175.0,C1,0,0,7
700,1175.0,C2,0,0,4
700,1175.0,C3,0,0,6
700,1175.0,C3_E,-1,0,6
700,1180.0,C1,0,2,9
700,1180.0,C2,0,0,4
700,1180.0,C3,0,1,6
700,1180.0,C3_E,-1,0,1
700,1185.0,C1,0,4,11
700,1185.0,C2,0,0,4
700,1185.0,C3,0,1,6
700,1185.0,C3_E,-1,0,0
700,1190.0,C1,1,0,7
700,1190.0,C2,1,0,1
700,1190.0,C3,1,0,4
700,1190.0,C3_E,-1,0,0
700,1195.0,C1,1,0,3
700,1195.0,C2,1,0,9
700,1195.0,C3,1,0,5
700,1195.0,C3_E,-1,0,4
700,1200.0,C1,1,0,2
700,1200.0,C2,1,0,11
700,1200.0,C3,1,0,4
700,1200.0,C3_E,-1,0,6
700,1205.0,C1,0,0,4
700,1205.0,C2,0,0,11
700,1205.0,C3,0,0,4
700,1205.0,C3_E,-1,0,6
700,1210.0,C1,0,1,4
700,1210.0,C2,0,0,11
700,1210.0,C3,0,0,4
700,1210.0,C3_E,-1,0,4
700,1215.0,C1,0,2,6
700,1215.0,C2,0,0,11
700,1215.0,C3,0,0,4
700,1215.0,C3_E,-1,0,2
700,1220.0,C1,1,0,5
700,1220.0,C2,1,0,7
700,1220.0,C3,1,0,2
700,1220.0,C3_E,-1,0,0
700,1225.0,C1,1,0,3
700,1225.0,C2,1,0,5
700,1225.0,C3,1,0,9
700,1225.0,C3_E,-1,0,4
700,1230.0,C1,1,0,6
700,1230.0,C2,1,0,5
700,1230.0,C3,1,0,11
700,1230.0,C3_E,-1,0,4
700,1235.0,C1,0,0,8
700,1235.0,C2,0,0,6
700,1235.0,C3,0,0,11
700,1235.0,C3_E,-1,0,4
700,1240.0,C1,0,2,8
700,1240.0,C2,0,0,6
700,1240.0,C3,0,0,11
700,1240.0,C3_E,-1,0,0
700,1245.0,C1,0,3,9
700,1245.0,C2,0,0,6
700,1245.0,C3,0,0,11
700,1245.0,C3_E,-1,0,0
700,1250.0,C1,1,1,6
700,1250.0,C2,1,0,3
700,1250.0,C3,1,0,8
700,1250.0,C3_E,-1,0,0
700,1255.0,C1,1,0,2
700,1255.0,C2,1,0,8
700,1255.0,C3,1,0,6
700,1255.0,C3_E,-1,0,6
700,1260.0,C1,1,0,4
700,1260.0,C2,1,0,9
700,1260.0,C3,1,0,6
700,1260.0,C3_E,-1,0,11
700,1265.0,C1,0,0,5
700,1265.0,C2,0,0,9
700,1265.0,C3,0,0,6
700,1265.0,C3_E,-1,0,10
700,1270.0,C1,0,0,5
700,1270.0,C2,0,0,9
700,1270.0,C3,0,0,6
700,1270.0,C3_E,-1,0,5
700,1275.0,C1,0,1,6
700,1275.0,C2,0,0,9
700,1275.0,C3,0,0,6
700,1275.0,C3_E,-1,0,1
700,1280.0,C1,1,0,3
700,1280.0,C2,1,0,6
700,1280.0,C3,1,0,3
700,1280.0,C3_E,-1,0,0
700,1285.0,C1,1,0,3
700,1285.0,C2,1,0,7
700,1285.0,C3,1,0,4
700,1285.0,C3_E,-1,0,4
700,1290.0,C1,1,0,6
700,1290.0,C2,1,0,5
700,1290.0,C3,1,0,8
700,1290.0,C3_E,-1,0,5
700,1295.0,C1,0,0,8
700,1295.0,C2,0,0,6
700,1295.0,C3,0,0,9
700,1295.0,C3_E,-1,0,4
700,1300.0,C1,0,0,8
700,1300.0,C2,0,0,6
700,1300.0,C3,0,0,9
700,1300.0,C3_E,-1,0,2
700,1305.0,C1,0,3,10
700,1305.0,C2,0,0,6
700,1305.0,C3,0,0,9
700,1305.0,C3_E,-1,0,1
700,1310.0,C1,1,0,7
700,1310.0,C2,1,0,3
700,1310.0,C3,1,0,6
700,1310.0,C3_E,-1,0,1
700,1315.0,C1,1,0,4
700,1315.0,C2,1,0,7
700,1315.0,C3,1,0,6
700,1315.0,C3_E,-1,0,5
700,1320.0,C1,1,0,3
700,1320.0,C2,1,0,10
700,1320.0,C3,1,0,7
700,1320.0,C3_E,-1,0,8
700,1325.0,C1,0,0,5
700,1325.0,C2,0,0,10
700,1325.0,C3,0,0,7
700,1325.0,C3_E,-1,0,7
700,1330.0,C1,0,1,10
700,1330.0,C2,0,0,10
700,1330.0,C3,0,0,7
700,1330.0,C3_E,-1,0,3
700,1335.0,C1,0,2,11
700,1335.0,C2,0,0,10
700,1335.0,C3,0,1,7
700,1335.0,C3_E,-1,0,0
700,1340.0,C1,1,0,8
700,1340.0,C2,1,0,7
700,1340.0,C3,1,0,4
700,1340.0,C3_E,-1,0,0
700,1345.0,C1,1,0,5
700,1345.0,C2,1,0,7
700,1345.0,C3,1,0,9
700,1345.0,C3_E,-1,0,5
700,1350.0,C1,1,0,6
700,1350.0,C2,1,0,11
700,1350.0,C3,1,0,10
700,1350.0,C3_E,-1,0,7
700,1355.0,C1,0,0,8
700,1355.0,C2,0,0,11
700,1355.0,C3,0,0,10
700,1355.0,C3_E,-1,0,7
700,1360.0,C1,0,3,10
700,1360.0,C2,0,0,11
700,1360.0,C3,0,0,10
700,1360.0,C3_E,-1,0,3
700,1365.0,C1,0,3,12
700,1365.0,C2,0,0,11
700,1365.0,C3,0,0,10
700,1365.0,C3_E,-1,0,0
700,1370.0,C1,1,0,9
700,1370.0,C2,1,0,6
700,1370.0,C3,1,0,7
700,1370.0,C3_E,-1,0,0
700,1375.0,C1,1,0,7
700,1375.0,C2,1,0,9
700,1375.0,C3,1,0,12
700,1375.0,C3_E,-1,0,6
700,1380.0,C1,1,0,10
700,1380.0,C2,1,0,11
700,1380.0,C3,1,0,11
700,1380.0,C3_E,-1,0,10
700,1385.0,C1,0,0,12
700,1385.0,C2,0,0,12
700,1385.0,C3,0,0,11
700,1385.0,C3_E,-1,0,10
700,1390.0,C1,0,4,14
700,1390.0,C2,0,0,12
700,1390.0,C3,0,0,11
700,1390.0,C3_E,-1,0,4
700,1395.0,C1,0,7,17
700,1395.0,C2,0,0,12
700,1395.0,C3,0,0,11
700,1395.0,C3_E,-1,0,1
700,1400.0,C1,1,4,15
700,1400.0,C2,1,0,7
700,1400.0,C3,1,0,7
700,1400.0,C3_E,-1,0,0
700,1405.0,C1,1,0,7
700,1405.0,C2,1,0,8
700,1405.0,C3,1,0,9
700,1405.0,C3_E,-1,0,9
700,1410.0,C1,1,0,4
700,1410.0,C2,1,0,14
700,1410.0,C3,1,0,12
700,1410.0,C3_E,-1,0,11
700,1415.0,C1,0,0,4
700,1415.0,C2,0,0,17
700,1415.0,C3,0,0,12
700,1415.0,C3_E,-1,0,10
700,1420.0,C1,0,1,4
700,1420.0,C2,0,0,17
700,1420.0,C3,0,0,12
700,1420.0,C3_E,-1,0,2
700,1425.0,C1,0,2,6
700,1425.0,C2,0,0,17
700,1425.0,C3,0,0,12
700,1425.0,C3_E,-1,0,0
700,1430.0,C1,1,0,4
700,1430.0,C2,1,0,14
700,1430.0,C3,1,0,8
700,1430.0,C3_E,-1,0,0
700,1435.0,C1,1,0,5
700,1435.0,C2,1,0,9
700,1435.0,C3,1,0,10
700,1435.0,C3_E,-1,0,7
700,1440.0,C1,1,0,4
700,1440.0,C2,1,0,7
700,1440.0,C3,1,0,16
700,1440.0,C3_E,-1,0,11
700,1445.0,C1,0,1,5
700,1445.0,C2,0,0,7
700,1445.0,C3,0,0,16
700,1445.0,C3_E,-1,0,11
700,1450.0,C1,0,2,6
700,1450.0,C2,0,1,7
700,1450.0,C3,0,0,16
700,1450.0,C3_E,-1,0,4
700,1455.0,C1,0,2,6
700,1455.0,C2,0,1,7
700,1455.0,C3,0,0,16
700,1455.0,C3_E,-1,0,1
700,1460.0,C1,1,0,5
700,1460.0,C2,1,0,4
700,1460.0,C3,1,0,12
700,1460.0,C3_E,-1,0,0
700,1465.0,C1,1,0,2
700,1465.0,C2,1,0,5
700,1465.0,C3,1,0,9
700,1465.0,C3_E,-1,0,10
700,1470.0,C1,1,0,4
700,1470.0,C2,1,0,6
700,1470.0,C3,1,0,7
700,1470.0,C3_E,-1,0,16
700,1475.0,C1,0,1,7
700,1475.0,C2,0,0,6
700,1475.0,C3,0,0,7
700,1475.0,C3_E,-1,0,15
700,1480.0,C1,0,2,7
700,1480.0,C2,0,0,6
700,1480.0,C3,0,0,7
700,1480.0,C3_E,-1,0,6
700,1485.0,C1,0,3,8
700,1485.0,C2,0,0,6
700,1485.0,C3,0,0,7
700,1485.0,C3_E,-1,0,0
700,1490.0,C1,1,1,5
700,1490.0,C2,1,0,5
700,1490.0,C3,1,0,3
700,1490.0,C3_E,-1,0,0
700,1495.0,C1,1,0,3
700,1495.0,C2,1,0,5
700,1495.0,C3,1,0,3
700,1495.0,C3_E,-1,0,7
700,1500.0,C1,1,0,2
700,1500.0,C2,1,0,7
700,1500.0,C3,1,0,6
700,1500.0,C3_E,-1,0,7
700,1505.0,C1,0,0,6
700,1505.0,C2,0,0,8
700,1505.0,C3,0,0,6
700,1505.0,C3_E,-1,0,6
700,1510.0,C1,0,1,8
700,1510.0,C2,0,0,8
700,1510.0,C3,0,0,6
700,1510.0,C3_E,-1,0,1
700,1515.0,C1,0,2,9
700,1515.0,C2,0,0,8
700,1515.0,C3,0,0,6
700,1515.0,C3_E,-1,0,0
700,1520.0,C1,1,0,6
700,1520.0,C2,1,0,4
700,1520.0,C3,1,0,5
700,1520.0,C3_E,-1,0,0
700,1525.0,C1,1,0,5
700,1525.0,C2,1,0,8
700,1525.0,C3,1,0,7
700,1525.0,C3_E,-1,0,3
700,1530.0,C1,1,0,6
700,1530.0,C2,1,0,9
700,1530.0,C3,1,0,8
700,1530.0,C3_E,-1,0,6
700,1535.0,C1,0,0,6
700,1535.0,C2,0,0,9
700,1535.0,C3,0,0,8
700,1535.0,C3_E,-1,0,6
700,1540.0,C1,0,2,7
700,1540.0,C2,0,0,9
700,1540.0,C3,0,0,8
700,1540.0,C3_E,-1,0,2
700,1545.0,C1,0,3,8
700,1545.0,C2,0,0,9
700,1545.0,C3,0,0,8
700,1545.0,C3_E,-1,0,1
700,1550.0,C1,1,1,4
700,1550.0,C2,1,0,7
700,1550.0,C3,1,0,4
700,1550.0,C3_E,-1,0,0
700,1555.0,C1,1,0,3
700,1555.0,C2,1,0,7
700,1555.0,C3,1,0,7
700,1555.0,C3_E,-1,0,6
700,1560.0,C1,1,0,1
700,1560.0,C2,1,0,8
700,1560.0,C3,1,0,7
700,1560.0,C3_E,-1,0,8
700,1565.0,C1,0,0,2
700,1565.0,C2,0,0,8
700,1565.0,C3,0,0,9
700,1565.0,C3_E,-1,0,8
700,1570.0,C1,0,1,2
700,1570.0,C2,0,0,8
700,1570.0,C3,0,0,9
700,1570.0,C3_E,-1,0,2
700,1575.0,C1,0,1,4
700,1575.0,C2,0,0,8
700,1575.0,C3,0,0,9
700,1575.0,C3_E,-1,0,1
700,1580.0,C1,1,0,4
700,1580.0,C2,1,0,5
700,1580.0,C3,1,0,6
700,1580.0,C3_E,-1,0,0
700,1585.0,C1,1,0,4
700,1585.0,C2,1,0,2
700,1585.0,C3,1,0,8
700,1585.0,C3_E,-1,0,6
700,1590.0,C1,1,0,4
700,1590.0,C2,1,0,3
700,1590.0,C3,1,0,10
700,1590.0,C3_E,-1,0,7
700,1595.0,C1,0,1,5
700,1595.0,C2,0,0,4
700,1595.0,C3,0,0,10
700,1595.0,C3_E,-1,0,7
700,1600.0,C1,0,1,7
700,1600.0,C2,0,0,4
700,1600.0,C3,0,2,10
700,1600.0,C3_E,-1,0,1
700,1605.0,C1,0,2,9
700,1605.0,C2,0,0,4
700,1605.0,C3,0,2,10
700,1605.0,C3_E,-1,0,0
700,1610.0,C1,1,0,6
700,1610.0,C2,1,0,3
700,1610.0,C3,1,0,6
700,1610.0,C3_E,-1,0,0
700,1615.0,C1,1,0,2
700,1615.0,C2,1,0,6
700,1615.0,C3,1,0,2
700,1615.0,C3_E,-1,0,7
700,1620.0,C1,1,0,4
700,1620.0,C2,1,0,10
700,1620.0,C3,1,0,3
700,1620.0,C3_E,-1,0,10
700,1625.0,C1,0,0,5
700,1625.0,C2,0,0,9
700,1625.0,C3,0,0,4
700,1625.0,C3_E,-1,0,10
700,1630.0,C1,0,1,6
700,1630.0,C2,0,0,9
700,1630.0,C3,0,0,4
700,1630.0,C3_E,-1,0,7
700,1635.0,C1,0,2,6
700,1635.0,C2,0,0,9
700,1635.0,C3,0,0,4
700,1635.0,C3_E,-1,0,0
700,1640.0,C1,1,0,4
700,1640.0,C2,1,0,5
700,1640.0,C3,1,0,3
700,1640.0,C3_E,-1,0,0
700,1645.0,C1,1,0,2
700,1645.0,C2,1,0,6
700,1645.0,C3,1,0,10
700,1645.0,C3_E,-1,0,3
700,1650.0,C1,1,0,2
700,1650.0,C2,1,0,6
700,1650.0,C3,1,0,10
700,1650.0,C3_E,-1,0,3
700,1655.0,C1,0,1,4
700,1655.0,C2,0,0,6
700,1655.0,C3,0,0,10
700,1655.0,C3_E,-1,0,3
700,1660.0,C1,0,2,4
700,1660.0,C2,0,0,6
700,1660.0,C3,0,1,10
700,1660.0,C3_E,-1,0,0
700,1665.0,C1,0,2,4
700,1665.0,C2,0,0,6
700,1665.0,C3,0,1,10
700,1665.0,C3_E,-1,0,0
700,1670.0,C1,1,0,2
700,1670.0,C2,1,0,2
700,1670.0,C3,1,0,6
700,1670.0,C3_E,-1,0,0
700,1675.0,C1,1,0,2
700,1675.0,C2,1,0,4
700,1675.0,C3,1,0,6
700,1675.0,C3_E,-1,0,8
700,1680.0,C1,1,0,5
700,1680.0,C2,1,0,4
700,1680.0,C3,1,0,6
700,1680.0,C3_E,-1,0,10
700,1685.0,C1,0,0,6
700,1685.0,C2,0,0,4
700,1685.0,C3,0,0,6
700,1685.0,C3_E,-1,0,9
700,1690.0,C1,0,1,7
700,1690.0,C2,0,0,4
700,1690.0,C3,0,0,6
700,1690.0,C3_E,-1,0,3
700,1695.0,C1,0,2,8
700,1695.0,C2,0,0,4
700,1695.0,C3,0,0,6
700,1695.0,C3_E,-1,0,0
700,1700.0,C1,1,0,7
700,1700.0,C2,1,0,2
700,1700.0,C3,1,0,2
700,1700.0,C3_E,-1,0,0
700,1705.0,C1,1,0,5
700,1705.0,C2,1,0,5
700,1705.0,C3,1,0,3
700,1705.0,C3_E,-1,0,6
700,1710.0,C1,1,0,4
700,1710.0,C2,1,0,8
700,1710.0,C3,1,0,4
700,1710.0,C3_E,-1,0,6
700,1715.0,C1,0,0,5
700,1715.0,C2,0,0,8
700,1715.0,C3,0,0,4
700,1715.0,C3_E,-1,0,6
700,1720.0,C1,0,3,6
700,1720.0,C2,0,0,8
700,1720.0,C3,0,0,4
700,1720.0,C3_E,-1,0,1
700,1725.0,C1,0,4,6
700,1725.0,C2,0,0,8
700,1725.0,C3,0,0,4
700,1725.0,C3_E,-1,0,0
700,1730.0,C1,1,0,4
700,1730.0,C2,1,0,5
700,1730.0,C3,1,0,2
700,1730.0,C3_E,-1,0,0
700,1735.0,C1,1,0,6
700,1735.0,C2,1,0,5
700,1735.0,C3,1,0,8
700,1735.0,C3_E,-1,0,3
700,1740.0,C1,1,0,7
700,1740.0,C2,1,0,6
700,1740.0,C3,1,0,8
700,1740.0,C3_E,-1,0,4
700,1745.0,C1,0,0,7
700,1745.0,C2,0,0,7
700,1745.0,C3,0,0,8
700,1745.0,C3_E,-1,0,3
700,1750.0,C1,0,4,10
700,1750.0,C2,0,0,7
700,1750.0,C3,0,0,8
700,1750.0,C3_E,-1,0,2
700,1755.0,C1,0,5,11
700,1755.0,C2,0,0,7
700,1755.0,C3,0,0,8
700,1755.0,C3_E,-1,0,1
700,1760.0,C1,1,0,6
700,1760.0,C2,1,0,3
700,1760.0,C3,1,0,6
700,1760.0,C3_E,-1,0,0
700,1765.0,C1,1,0,4
700,1765.0,C2,1,0,9
700,1765.0,C3,1,0,6
700,1765.0,C3_E,-1,0,6
700,1770.0,C1,1,0,4
700,1770.0,C2,1,0,10
700,1770.0,C3,1,0,7
700,1770.0,C3_E,-1,0,8
700,1775.0,C1,0,0,5
700,1775.0,C2,0,0,11
700,1775.0,C3,0,0,7
700,1775.0,C3_E,-1,0,8
700,1780.0,C1,0,0,6
700,1780.0,C2,0,0,11
700,1780.0,C3,0,0,7
700,1780.0,C3_E,-1,0,2
700,1785.0,C1,0,3,10
700,1785.0,C2,0,0,11
700,1785.0,C3,0,0,7
700,1785.0,C3_E,-1,0,0
700,1790.0,C1,1,0,11
700,1790.0,C2,1,0,6
700,1790.0,C3,1,0,3
700,1790.0,C3_E,-1,0,0
700,1795.0,C1,1,0,7
700,1795.0,C2,1,0,7
700,1795.0,C3,1,0,8
700,1795.0,C3_E,-1,0,6
700,1800.0,C1,1,0,7
700,1800.0,C2,1,0,9
700,1800.0,C3,1,0,10
700,1800.0,C3_E,-1,0,7
700,1805.0,C1,0,1,6
700,1805.0,C2,0,0,11
700,1805.0,C3,0,0,10
700,1805.0,C3_E,-1,0,7
700,1810.0,C1,0,4,7
700,1810.0,C2,0,1,11
700,1810.0,C3,0,0,10
700,1810.0,C3_E,-1,0,1
700,1815.0,C1,0,4,9
700,1815.0,C2,0,1,11
700,1815.0,C3,0,0,10
700,1815.0,C3_E,-1,0,0
700,1820.0,C1,1,1,7
700,1820.0,C2,1,0,8
700,1820.0,C3,1,1,5
700,1820.0,C3_E,-1,0,0
700,1825.0,C1,1,0,8
700,1825.0,C2,1,0,8
700,1825.0,C3,1,0,8
700,1825.0,C3_E,-1,0,7
700,1830.0,C1,1,0,9
700,1830.0,C2,1,0,7
700,1830.0,C3,1,0,10
700,1830.0,C3_E,-1,0,10
700,1835.0,C1,0,1,9
700,1835.0,C2,0,1,9
700,1835.0,C3,0,0,10
700,1835.0,C3_E,-1,0,9
700,1840.0,C1,0,3,10
700,1840.0,C2,0,1,9
700,1840.0,C3,0,0,10
700,1840.0,C3_E,-1,0,3
700,1845.0,C1,0,5,11
700,1845.0,C2,0,1,9
700,1845.0,C3,0,0,10
700,1845.0,C3_E,-1,0,0
700,1850.0,C1,1,0,9
700,1850.0,C2,1,0,6
700,1850.0,C3,1,0,6
700,1850.0,C3_E,-1,0,0
700,1855.0,C1,1,0,6
700,1855.0,C2,1,0,10
700,1855.0,C3,1,0,10
700,1855.0,C3_E,-1,0,7
700,1860.0,C1,1,0,6
700,1860.0,C2,1,0,11
700,1860.0,C3,1,0,8
700,1860.0,C3_E,-1,0,10
700,1865.0,C1,0,0,6
700,1865.0,C2,0,0,12
700,1865.0,C3,0,0,8
700,1865.0,C3_E,-1,0,8
700,1870.0,C1,0,2,6
700,1870.0,C2,0,1,12
700,1870.0,C3,0,0,8
700,1870.0,C3_E,-1,0,3
700,1875.0,C1,0,4,6
700,1875.0,C2,0,1,12
700,1875.0,C3,0,0,8
700,1875.0,C3_E,-1,0,1
700,1880.0,C1,1,0,3
700,1880.0,C2,1,0,10
700,1880.0,C3,1,0,6
700,1880.0,C3_E,-1,0,0
700,1885.0,C1,1,0,3
700,1885.0,C2,1,0,12
700,1885.0,C3,1,0,5
700,1885.0,C3_E,-1,0,4
700,1890.0,C1,1,0,6
700,1890.0,C2,1,0,6
700,1890.0,C3,1,0,10
700,1890.0,C3_E,-1,0,8
700,1895.0,C1,0,0,7
700,1895.0,C2,0,0,6
700,1895.0,C3,0,0,12
700,1895.0,C3_E,-1,0,8
700,1900.0,C1,0,0,10
700,1900.0,C2,0,0,6
700,1900.0,C3,0,0,12
700,1900.0,C3_E,-1,0,3
700,1905.0,C1,0,4,10
700,1905.0,C2,0,0,6
700,1905.0,C3,0,0,12
700,1905.0,C3_E,-1,0,0
700,1910.0,C1,1,0,11
700,1910.0,C2,1,0,3
700,1910.0,C3,1,0,10
700,1910.0,C3_E,-1,0,0
700,1915.0,C1,1,0,7
700,1915.0,C2,1,0,6
700,1915.0,C3,1,0,12
700,1915.0,C3_E,-1,0,4
700,1920.0,C1,1,0,6
700,1920.0,C2,1,0,10
700,1920.0,C3,1,0,11
700,1920.0,C3_E,-1,0,7
700,1925.0,C1,0,0,6
700,1925.0,C2,0,0,10
700,1925.0,C3,0,1,9
700,1925.0,C3_E,-1,0,9
700,1930.0,C1,0,2,8
700,1930.0,C2,0,0,10
700,1930.0,C3,0,3,9
700,1930.0,C3_E,-1,0,6
700,1935.0,C1,0,5,10
700,1935.0,C2,0,0,10
700,1935.0,C3,0,3,9
700,1935.0,C3_E,-1,0,3
700,1940.0,C1,1,0,6
700,1940.0,C2,1,0,8
700,1940.0,C3,1,0,6
700,1940.0,C3_E,-1,0,0
700,1945.0,C1,1,0,6
700,1945.0,C2,1,0,9
700,1945.0,C3,1,0,5
700,1945.0,C3_E,-1,0,6
700,1950.0,C1,1,0,7
700,1950.0,C2,1,0,8
700,1950.0,C3,1,0,9
700,1950.0,C3_E,-1,0,9
700,1955.0,C1,0,1,9
700,1955.0,C2,0,0,8
700,1955.0,C3,0,0,10
700,1955.0,C3_E,-1,0,9
700,1960.0,C1,0,4,9
700,1960.0,C2,0,0,8
700,1960.0,C3,0,0,10
700,1960.0,C3_E,-1,0,7
700,1965.0,C1,0,6,11
700,1965.0,C2,0,0,8
700,1965.0,C3,0,0,10
700,1965.0,C3_E,-1,0,0
700,1970.0,C1,1,2,8
700,1970.0,C2,1,0,4
700,1970.0,C3,1,0,7
700,1970.0,C3_E,-1,0,0
700,1975.0,C1,1,0,7
700,1975.0,C2,1,0,8
700,1975.0,C3,1,0,9
700,1975.0,C3_E,-1,0,6
700,1980.0,C1,1,0,8
700,1980.0,C2,1,0,10
700,1980.0,C3,1,0,9
700,1980.0,C3_E,-1,0,8
700,1985.0,C1,0,0,9
700,1985.0,C2,0,0,10
700,1985.0,C3,0,1,9
700,1985.0,C3_E,-1,0,9
700,1990.0,C1,0,3,11
700,1990.0,C2,0,0,10
700,1990.0,C3,0,1,9
700,1990.0,C3_E,-1,0,4
700,1995.0,C1,0,7,12
700,1995.0,C2,0,0,10
700,1995.0,C3,0,1,9
700,1995.0,C3_E,-1,0,1
700,2000.0,C1,1,3,11
700,2000.0,C2,1,0,5
700,2000.0,C3,1,0,5
700,2000.0,C3_E,-1,0,0
700,2005.0,C1,1,0,6
700,2005.0,C2,1,0,9
700,2005.0,C3,1,0,9
700,2005.0,C3_E,-1,0,7
700,2010.0,C1,1,0,5
700,2010.0,C2,1,0,11
700,2010.0,C3,1,0,10
700,2010.0,C3_E,-1,0,8
700,2015.0,C1,0,0,6
700,2015.0,C2,0,0,12
700,2015.0,C3,0,0,10
700,2015.0,C3_E,-1,0,8
700,2020.0,C1,0,3,7
700,2020.0,C2,0,0,12
700,2020.0,C3,0,0,10
700,2020.0,C3_E,-1,0,3
700,2025.0,C1,0,5,10
700,2025.0,C2,0,0,12
700,2025.0,C3,0,0,10
700,2025.0,C3_E,-1,0,1
700,2030.0,C1,1,0,5
700,2030.0,C2,1,0,8
700,2030.0,C3,1,0,6
700,2030.0,C3_E,-1,0,0
700,2035.0,C1,1,0,5
700,2035.0,C2,1,0,9
700,2035.0,C3,1,0,10
700,2035.0,C3_E,-1,0,8
700,2040.0,C1,1,0,4
700,2040.0,C2,1,0,8
700,2040.0,C3,1,0,12
700,2040.0,C3_E,-1,0,10
700,2045.0,C1,0,0,5
700,2045.0,C2,0,0,10
700,2045.0,C3,0,0,12
700,2045.0,C3_E,-1,0,7
700,2050.0,C1,0,0,7
700,2050.0,C2,0,0,10
700,2050.0,C3,0,0,12
700,2050.0,C3_E,-1,0,1
700,2055.0,C1,0,2,7
700,2055.0,C2,0,0,10
700,2055.0,C3,0,0,12
700,2055.0,C3_E,-1,0,1
700,2060.0,C1,1,0,4
700,2060.0,C2,1,0,5
700,2060.0,C3,1,0,8
700,2060.0,C3_E,-1,0,0
700,2065.0,C1,1,0,4
700,2065.0,C2,1,0,6
700,2065.0,C3,1,0,10
700,2065.0,C3_E,-1,0,7
700,2070.0,C1,1,0,5
700,2070.0,C2,1,0,7
700,2070.0,C3,1,0,10
700,2070.0,C3_E,-1,0,12
700,2075.0,C1,0,0,7
700,2075.0,C2,0,0,7
700,2075.0,C3,0,0,10
700,2075.0,C3_E,-1,0,11
700,2080.0,C1,0,1,7
700,2080.0,C2,0,0,7
700,2080.0,C3,0,0,10
700,2080.0,C3_E,-1,0,4
700,2085.0,C1,0,4,9
700,2085.0,C2,0,0,7
700,2085.0,C3,0,0,10
700,2085.0,C3_E,-1,0,1
700,2090.0,C1,1,0,5
700,2090.0,C2,1,0,4
700,2090.0,C3,1,0,5
700,2090.0,C3_E,-1,0,0
700,2095.0,C1,1,0,4
700,2095.0,C2,1,0,7
700,2095.0,C3,1,0,5
700,2095.0,C3_E,-1,0,8
700,2100.0,C1,1,0,3
700,2100.0,C2,1,0,10
700,2100.0,C3,1,0,6
700,2100.0,C3_E,-1,0,10
700,2105.0,C1,0,0,4
700,2105.0,C2,0,0,10
700,2105.0,C3,0,0,6
700,2105.0,C3_E,-1,0,9
700,2110.0,C1,0,3,5
700,2110.0,C2,0,1,10
700,2110.0,C3,0,0,6
700,2110.0,C3_E,-1,0,1
700,2115.0,C1,0,3,6
700,2115.0,C2,0,1,10
700,2115.0,C3,0,0,6
700,2115.0,C3_E,-1,0,0
700,2120.0,C1,1,0,3
700,2120.0,C2,1,0,3
700,2120.0,C3,1,0,3
700,2120.0,C3_E,-1,0,0
700,2125.0,C1,1,0,2
700,2125.0,C2,1,0,6
700,2125.0,C3,1,0,8
700,2125.0,C3_E,-1,0,4
700,2130.0,C1,1,0,2
700,2130.0,C2,1,0,6
700,2130.0,C3,1,0,10
700,2130.0,C3_E,-1,0,6
700,2135.0,C1,0,0,3
700,2135.0,C2,0,0,6
700,2135.0,C3,0,0,10
700,2135.0,C3_E,-1,0,6
700,2140.0,C1,0,0,7
700,2140.0,C2,0,0,6
700,2140.0,C3,0,0,10
700,2140.0,C3_E,-1,0,1
700,2145.0,C1,0,1,10
700,2145.0,C2,0,0,6
700,2145.0,C3,0,0,10
700,2145.0,C3_E,-1,0,0
700,2150.0,C1,1,0,7
700,2150.0,C2,1,0,3
700,2150.0,C3,1,0,5
700,2150.0,C3_E,-1,0,0
700,2155.0,C1,1,0,5
700,2155.0,C2,1,0,5
700,2155.0,C3,1,0,8
700,2155.0,C3_E,-1,0,7
700,2160.0,C1,1,0,3
700,2160.0,C2,1,0,9
700,2160.0,C3,1,0,7
700,2160.0,C3_E,-1,0,9
700,2165.0,C1,0,0,5
700,2165.0,C2,0,0,10
700,2165.0,C3,0,1,7
700,2165.0,C3_E,-1,0,8
700,2170.0,C1,0,1,8
700,2170.0,C2,0,0,10
700,2170.0,C3,0,1,7
700,2170.0,C3_E,-1,0,3
700,2175.0,C1,0,2,9
700,2175.0,C2,0,0,10
700,2175.0,C3,0,1,7
700,2175.0,C3_E,-1,0,0
700,2180.0,C1,1,0,7
700,2180.0,C2,1,0,6
700,2180.0,C3,1,0,4
700,2180.0,C3_E,-1,0,0
700,2185.0,C1,1,0,5
700,2185.0,C2,1,0,8
700,2185.0,C3,1,0,7
700,2185.0,C3_E,-1,0,7
700,2190.0,C1,1,0,4
700,2190.0,C2,1,0,8
700,2190.0,C3,1,0,9
700,2190.0,C3_E,-1,0,7
700,2195.0,C1,0,0,8
700,2195.0,C2,0,1,10
700,2195.0,C3,0,0,9
700,2195.0,C3_E,-1,0,6
700,2200.0,C1,0,2,10
700,2200.0,C2,0,1,10
700,2200.0,C3,0,0,9
700,2200.0,C3_E,-1,0,2
700,2205.0,C1,0,4,12
700,2205.0,C2,0,1,10
700,2205.0,C3,0,0,9
700,2205.0,C3_E,-1,0,0
700,2210.0,C1,1,0,8
700,2210.0,C2,1,0,6
700,2210.0,C3,1,0,6
700,2210.0,C3_E,-1,0,0
700,2215.0,C1,1,0,3
700,2215.0,C2,1,0,12
700,2215.0,C3,1,0,7
700,2215.0,C3_E,-1,0,7
700,2220.0,C1,1,0,2
700,2220.0,C2,1,0,13
700,2220.0,C3,1,0,8
700,2220.0,C3_E,-1,0,9
700,2225.0,C1,0,1,3
700,2225.0,C2,0,0,13
700,2225.0,C3,0,0,8
700,2225.0,C3_E,-1,0,8
700,2230.0,C1,0,3,6
700,2230.0,C2,0,2,13
700,2230.0,C3,0,0,8
700,2230.0,C3_E,-1,0,3
700,2235.0,C1,0,2,6
700,2235.0,C2,0,2,13
700,2235.0,C3,0,0,8
700,2235.0,C3_E,-1,0,0
700,2240.0,C1,1,0,6
700,2240.0,C2,1,0,7
700,2240.0,C3,1,0,4
700,2240.0,C3_E,-1,0,0
700,2245.0,C1,1,0,6
700,2245.0,C2,1,0,5
700,2245.0,C3,1,0,11
700,2245.0,C3_E,-1,0,7
700,2250.0,C1,1,0,5
700,2250.0,C2,1,0,6
700,2250.0,C3,1,0,13
700,2250.0,C3_E,-1,0,8
700,2255.0,C1,0,1,7
700,2255.0,C2,0,0,6
700,2255.0,C3,0,0,13
700,2255.0,C3_E,-1,0,8
700,2260.0,C1,0,3,8
700,2260.0,C2,0,0,6
700,2260.0,C3,0,0,13
700,2260.0,C3_E,-1,0,1
700,2265.0,C1,0,4,8
700,2265.0,C2,0,0,6
700,2265.0,C3,0,0,13
700,2265.0,C3_E,-1,0,0
700,2270.0,C1,1,0,7
700,2270.0,C2,1,0,4
700,2270.0,C3,1,0,8
700,2270.0,C3_E,-1,0,0
700,2275.0,C1,1,0,5
700,2275.0,C2,1,0,8
700,2275.0,C3,1,0,8
700,2275.0,C3_E,-1,0,8
700,2280.0,C1,1,0,8
700,2280.0,C2,1,0,8
700,2280.0,C3,1,0,5
700,2280.0,C3_E,-1,0,12
700,2285.0,C1,0,1,10
700,2285.0,C2,0,0,8
700,2285.0,C3,0,0,6
700,2285.0,C3_E,-1,0,11
700,2290.0,C1,0,3,10
700,2290.0,C2,0,0,8
700,2290.0,C3,0,0,6
700,2290.0,C3_E,-1,0,5
700,2295.0,C1,0,5,11
700,2295.0,C2,0,0,8
700,2295.0,C3,0,0,6
700,2295.0,C3_E,-1,0,3
700,2300.0,C1,1,1,6
700,2300.0,C2,1,0,4
700,2300.0,C3,1,0,3
700,2300.0,C3_E,-1,0,1
700,2305.0,C1,1,0,3
700,2305.0,C2,1,0,10
700,2305.0,C3,1,0,10
700,2305.0,C3_E,-1,0,4
700,2310.0,C1,1,0,2
700,2310.0,C2,1,0,10
700,2310.0,C3,1,0,9
700,2310.0,C3_E,-1,0,5
700,2315.0,C1,0,0,4
700,2315.0,C2,0,0,11
700,2315.0,C3,0,0,9
700,2315.0,C3_E,-1,0,5
700,2320.0,C1,0,1,8
700,2320.0,C2,0,0,11
700,2320.0,C3,0,1,9
700,2320.0,C3_E,-1,0,1
700,2325.0,C1,0,2,9
700,2325.0,C2,0,0,11
700,2325.0,C3,0,1,9
700,2325.0,C3_E,-1,0,1
700,2330.0,C1,1,0,9
700,2330.0,C2,1,0,8
700,2330.0,C3,1,0,5
700,2330.0,C3_E,-1,0,0
700,2335.0,C1,1,0,4
700,2335.0,C2,1,0,5
700,2335.0,C3,1,0,10
700,2335.0,C3_E,-1,0,9
700,2340.0,C1,1,0,3
700,2340.0,C2,1,0,9
700,2340.0,C3,1,0,11
700,2340.0,C3_E,-1,0,9
700,2345.0,C1,0,0,6
700,2345.0,C2,0,0,9
700,2345.0,C3,0,0,11
700,2345.0,C3_E,-1,0,9
700,2350.0,C1,0,3,6
700,2350.0,C2,0,0,9
700,2350.0,C3,0,0,11
700,2350.0,C3_E,-1,0,2
700,2355.0,C1,0,3,8
700,2355.0,C2,0,0,9
700,2355.0,C3,0,0,11
700,2355.0,C3_E,-1,0,0
700,2360.0,C1,1,1,7
700,2360.0,C2,1,0,6
700,2360.0,C3,1,0,7
700,2360.0,C3_E,-1,0,0
700,2365.0,C1,1,0,5
700,2365.0,C2,1,0,6
700,2365.0,C3,1,0,8
700,2365.0,C3_E,-1,0,10
700,2370.0,C1,1,0,4
700,2370.0,C2,1,0,7
700,2370.0,C3,1,0,9
700,2370.0,C3_E,-1,0,11
700,2375.0,C1,0,0,4
700,2375.0,C2,0,0,8
700,2375.0,C3,0,0,9
700,2375.0,C3_E,-1,0,10
700,2380.0,C1,0,4,5
700,2380.0,C2,0,0,8
700,2380.0,C3,0,0,9
700,2380.0,C3_E,-1,0,3
700,2385.0,C1,0,3,6
700,2385.0,C2,0,0,8
700,2385.0,C3,0,0,9
700,2385.0,C3_E,-1,0,0
700,2390.0,C1,1,0,3
700,2390.0,C2,1,0,7
700,2390.0,C3,1,0,6
700,2390.0,C3_E,-1,0,0
700,2395.0,C1,1,0,4
700,2395.0,C2,1,0,5
700,2395.0,C3,1,0,6
700,2395.0,C3_E,-1,0,7
700,2400.0,C1,1,0,3
700,2400.0,C2,1,0,5
700,2400.0,C3,1,0,8
700,2400.0,C3_E,-1,0,9
700,2405.0,C1,0,0,7
700,2405.0,C2,0,0,6
700,2405.0,C3,0,0,8
700,2405.0,C3_E,-1,0,9
700,2410.0,C1,0,1,12
700,2410.0,C2,0,0,6
700,2410.0,C3,0,0,8
700,2410.0,C3_E,-1,0,2
700,2415.0,C1,0,2,13
700,2415.0,C2,0,0,6
700,2415.0,C3,0,0,8
700,2415.0,C3_E,-1,0,0
700,2420.0,C1,1,0,9
700,2420.0,C2,1,0,4
700,2420.0,C3,1,0,4
700,2420.0,C3_E,-1,0,0
700,2425.0,C1,1,0,4
700,2425.0,C2,1,0,8
700,2425.0,C3,1,0,6
700,2425.0,C3_E,-1,0,6
700,2430.0,C1,1,0,4
700,2430.0,C2,1,0,14
700,2430.0,C3,1,0,5
700,2430.0,C3_E,-1,0,8
700,2435.0,C1,0,0,4
700,2435.0,C2,0,1,14
700,2435.0,C3,0,0,5
700,2435.0,C3_E,-1,0,7
700,2440.0,C1,0,0,6
700,2440.0,C2,0,1,14
700,2440.0,C3,0,0,5
700,2440.0,C3_E,-1,0,2
700,2445.0,C1,0,3,7
700,2445.0,C2,0,1,14
700,2445.0,C3,0,0,5
700,2445.0,C3_E,-1,0,1
700,2450.0,C1,1,0,5
700,2450.0,C2,1,0,11
700,2450.0,C3,1,0,3
700,2450.0,C3_E,-1,0,0
700,2455.0,C1,1,0,5
700,2455.0,C2,1,0,8
700,2455.0,C3,1,0,6
700,2455.0,C3_E,-1,0,3
700,2460.0,C1,1,0,5
700,2460.0,C2,1,0,6
700,2460.0,C3,1,0,14
700,2460.0,C3_E,-1,0,5
700,2465.0,C1,0,3,6
700,2465.0,C2,0,0,6
700,2465.0,C3,0,0,14
700,2465.0,C3_E,-1,0,5
700,2470.0,C1,0,3,6
700,2470.0,C2,0,0,6
700,2470.0,C3,0,0,14
700,2470.0,C3_E,-1,0,1
700,2475.0,C1,0,5,7
700,2475.0,C2,0,0,6
700,2475.0,C3,0,0,14
700,2475.0,C3_E,-1,0,0
700,2480.0,C1,1,0,4
700,2480.0,C2,1,0,3
700,2480.0,C3,1,0,11
700,2480.0,C3_E,-1,0,0
700,2485.0,C1,1,0,5
700,2485.0,C2,1,0,5
700,2485.0,C3,1,0,10
700,2485.0,C3_E,-1,0,6
700,2490.0,C1,1,0,6
700,2490.0,C2,1,0,6
700,2490.0,C3,1,0,6
700,2490.0,C3_E,-1,0,14
700,2495.0,C1,0,0,9
700,2495.0,C2,0,0,6
700,2495.0,C3,0,0,6
700,2495.0,C3_E,-1,0,13
700,2500.0,C1,0,4,9
700,2500.0,C2,0,0,6
700,2500.0,C3,0,0,6
700,2500.0,C3_E,-1,0,7
700,2505.0,C1,0,5,10
700,2505.0,C2,0,0,6
700,2505.0,C3,0,0,6
700,2505.0,C3_E,-1,0,2
700,2510.0,C1,1,0,7
700,2510.0,C2,1,0,3
700,2510.0,C3,1,0,2
700,2510.0,C3_E,-1,0,0
700,2515.0,C1,1,0,3
700,2515.0,C2,1,0,7
700,2515.0,C3,1,0,5
700,2515.0,C3_E,-1,0,6
700,2520.0,C1,1,0,2
700,2520.0,C2,1,0,9
700,2520.0,C3,1,0,5
700,2520.0,C3_E,-1,0,6
700,2525.0,C1,0,0,5
700,2525.0,C2,0,0,10
700,2525.0,C3,0,0,6
700,2525.0,C3_E,-1,0,6
700,2530.0,C1,0,1,7
700,2530.0,C2,0,0,10
700,2530.0,C3,0,0,6
700,2530.0,C3_E,-1,0,1
700,2535.0,C1,0,2,9
700,2535.0,C2,0,0,10
700,2535.0,C3,0,0,6
700,2535.0,C3_E,-1,0,0
700,2540.0,C1,1,0,7
700,2540.0,C2,1,0,7
700,2540.0,C3,1,0,3
700,2540.0,C3_E,-1,0,0
700,2545.0,C1,1,0,7
700,2545.0,C2,1,0,7
700,2545.0,C3,1,0,6
700,2545.0,C3_E,-1,0,5
700,2550.0,C1,1,0,5
700,2550.0,C2,1,0,7
700,2550.0,C3,1,0,10
700,2550.0,C3_E,-1,0,5
700,2555.0,C1,0,0,5
700,2555.0,C2,0,0,9
700,2555.0,C3,0,1,11
700,2555.0,C3_E,-1,0,4
700,2560.0,C1,0,2,6
700,2560.0,C2,0,0,9
700,2560.0,C3,0,1,11
700,2560.0,C3_E,-1,0,0
700,2565.0,C1,0,4,7
700,2565.0,C2,0,0,9
700,2565.0,C3,0,1,11
700,2565.0,C3_E,-1,0,0
700,2570.0,C1,1,0,6
700,2570.0,C2,1,0,6
700,2570.0,C3,1,0,7
700,2570.0,C3_E,-1,0,0
700,2575.0,C1,1,0,4
700,2575.0,C2,1,0,9
700,2575.0,C3,1,0,8
700,2575.0,C3_E,-1,0,8
700,2580.0,C1,1,0,4
700,2580.0,C2,1,0,8
700,2580.0,C3,1,0,9
700,2580.0,C3_E,-1,0,9
700,2585.0,C1,0,1,5
700,2585.0,C2,0,0,8
700,2585.0,C3,0,0,9
700,2585.0,C3_E,-1,0,8
700,2590.0,C1,0,3,6
700,2590.0,C2,0,1,8
700,2590.0,C3,0,1,9
700,2590.0,C3_E,-1,0,5
700,2595.0,C1,0,3,7
700,2595.0,C2,0,1,8
700,2595.0,C3,0,1,9
700,2595.0,C3_E,-1,0,1
700,2600.0,C1,1,0,4
700,2600.0,C2,1,0,4
700,2600.0,C3,1,0,6
700,2600.0,C3_E,-1,0,0
700,2605.0,C1,1,0,3
700,2605.0,C2,1,0,4
700,2605.0,C3,1,0,8
700,2605.0,C3_E,-1,0,6
700,2610.0,C1,1,0,3
700,2610.0,C2,1,0,7
700,2610.0,C3,1,0,9
700,2610.0,C3_E,-1,0,8
700,2615.0,C1,0,0,4
700,2615.0,C2,0,0,7
700,2615.0,C3,0,0,9
700,2615.0,C3_E,-1,0,8
700,2620.0,C1,0,1,6
700,2620.0,C2,0,0,7
700,2620.0,C3,0,1,9
700,2620.0,C3_E,-1,0,3
700,2625.0,C1,0,2,7
700,2625.0,C2,0,0,7
700,2625.0,C3,0,1,9
700,2625.0,C3_E,-1,0,0
700,2630.0,C1,1,0,4
700,2630.0,C2,1,0,4
700,2630.0,C3,1,0,3
700,2630.0,C3_E,-1,0,0
700,2635.0,C1,1,0,2
700,2635.0,C2,1,0,6
700,2635.0,C3,1,0,5
700,2635.0,C3_E,-1,0,8
700,2640.0,C1,1,0,2
700,2640.0,C2,1,0,7
700,2640.0,C3,1,0,7
700,2640.0,C3_E,-1,0,9
700,2645.0,C1,0,0,2
700,2645.0,C2,0,0,7
700,2645.0,C3,0,0,7
700,2645.0,C3_E,-1,0,7
700,2650.0,C1,0,1,3
700,2650.0,C2,0,0,7
700,2650.0,C3,0,0,7
700,2650.0,C3_E,-1,0,3
700,2655.0,C1,0,1,4
700,2655.0,C2,0,0,7
700,2655.0,C3,0,0,7
700,2655.0,C3_E,-1,0,0
700,2660.0,C1,1,0,4
700,2660.0,C2,1,0,3
700,2660.0,C3,1,0,4
700,2660.0,C3_E,-1,0,0
700,2665.0,C1,1,0,5
700,2665.0,C2,1,0,2
700,2665.0,C3,1,0,7
700,2665.0,C3_E,-1,0,6
700,2670.0,C1,1,0,3
700,2670.0,C2,1,0,4
700,2670.0,C3,1,0,7
700,2670.0,C3_E,-1,0,7
700,2675.0,C1,0,1,5
700,2675.0,C2,0,0,4
700,2675.0,C3,0,0,7
700,2675.0,C3_E,-1,0,6
700,2680.0,C1,0,3,6
700,2680.0,C2,0,0,4
700,2680.0,C3,0,0,7
700,2680.0,C3_E,-1,0,2
700,2685.0,C1,0,3,8
700,2685.0,C2,0,0,4
700,2685.0,C3,0,0,7
700,2685.0,C3_E,-1,0,1
700,2690.0,C1,1,0,5
700,2690.0,C2,1,0,2
700,2690.0,C3,1,0,2
700,2690.0,C3_E,-1,0,0
700,2695.0,C1,1,0,5
700,2695.0,C2,1,0,5
700,2695.0,C3,1,0,4
700,2695.0,C3_E,-1,0,7
700,2700.0,C1,1,0,3
700,2700.0,C2,1,0,8
700,2700.0,C3,1,0,4
700,2700.0,C3_E,-1,0,7
700,2705.0,C1,0,0,4
700,2705.0,C2,0,0,8
700,2705.0,C3,0,0,4
700,2705.0,C3_E,-1,0,6
700,2710.0,C1,0,1,4
700,2710.0,C2,0,0,8
700,2710.0,C3,0,0,4
700,2710.0,C3_E,-1,0,0
700,2715.0,C1,0,2,4
700,2715.0,C2,0,0,8
700,2715.0,C3,0,0,4
700,2715.0,C3_E,-1,0,0
700,2720.0,C1,1,0,1
700,2720.0,C2,1,0,5
700,2720.0,C3,1,0,2
700,2720.0,C3_E,-1,0,0
700,2725.0,C1,1,0,4
700,2725.0,C2,1,0,7
700,2725.0,C3,1,0,5
700,2725.0,C3_E,-1,0,4
700,2730.0,C1,1,0,4
700,2730.0,C2,1,0,4
700,2730.0,C3,1,0,8
700,2730.0,C3_E,-1,0,4
700,2735.0,C1,0,0,8
700,2735.0,C2,0,0,4
700,2735.0,C3,0,0,8
700,2735.0,C3_E,-1,0,4
700,2740.0,C1,0,2,11
700,2740.0,C2,0,0,4
700,2740.0,C3,0,0,8
700,2740.0,C3_E,-1,0,0
700,2745.0,C1,0,4,13
700,2745.0,C2,0,0,4
700,2745.0,C3,0,0,8
700,2745.0,C3_E,-1,0,0
700,2750.0,C1,1,0,9
700,2750.0,C2,1,0,1
700,2750.0,C3,1,0,5
700,2750.0,C3_E,-1,0,0
700,2755.0,C1,1,0,6
700,2755.0,C2,1,0,8
700,2755.0,C3,1,0,6
700,2755.0,C3_E,-1,0,6
700,2760.0,C1,1,0,7
700,2760.0,C2,1,0,11
700,2760.0,C3,1,0,4
700,2760.0,C3_E,-1,0,8
700,2765.0,C1,0,1,8
700,2765.0,C2,0,0,11
700,2765.0,C3,0,0,4
700,2765.0,C3_E,-1,0,8
700,2770.0,C1,0,4,8
700,2770.0,C2,0,0,11
700,2770.0,C3,0,0,4
700,2770.0,C3_E,-1,0,2
700,2775.0,C1,0,6,9
700,2775.0,C2,0,0,11
700,2775.0,C3,0,0,4
700,2775.0,C3_E,-1,0,2
700,2780.0,C1,1,0,5
700,2780.0,C2,1,0,7
700,2780.0,C3,1,0,1
700,2780.0,C3_E,-1,0,0
700,2785.0,C1,1,0,4
700,2785.0,C2,1,0,7
700,2785.0,C3,1,0,10
700,2785.0,C3_E,-1,0,3
700,2790.0,C1,1,0,6
700,2790.0,C2,1,0,8
700,2790.0,C3,1,0,11
700,2790.0,C3_E,-1,0,4
700,2795.0,C1,0,1,7
700,2795.0,C2,0,0,8
700,2795.0,C3,0,0,11
700,2795.0,C3_E,-1,0,3
700,2800.0,C1,0,3,11
700,2800.0,C2,0,0,8
700,2800.0,C3,0,0,11
700,2800.0,C3_E,-1,0,1
700,2805.0,C1,0,5,12
700,2805.0,C2,0,0,8
700,2805.0,C3,0,0,11
700,2805.0,C3_E,-1,0,1
700,2810.0,C1,1,0,10
700,2810.0,C2,1,0,4
700,2810.0,C3,1,0,6
700,2810.0,C3_E,-1,0,0
700,2815.0,C1,1,0,5
700,2815.0,C2,1,0,7
700,2815.0,C3,1,0,7
700,2815.0,C3_E,-1,0,9
700,2820.0,C1,1,0,5
700,2820.0,C2,1,0,12
700,2820.0,C3,1,0,8
700,2820.0,C3_E,-1,0,11
700,2825.0,C1,0,1,5
700,2825.0,C2,0,0,12
700,2825.0,C3,0,0,8
700,2825.0,C3_E,-1,0,11
700,2830.0,C1,0,3,7
700,2830.0,C2,0,0,12
700,2830.0,C3,0,0,8
700,2830.0,C3_E,-1,0,3
700,2835.0,C1,0,5,11
700,2835.0,C2,0,0,12
700,2835.0,C3,0,0,8
700,2835.0,C3_E,-1,0,0
700,2840.0,C1,1,0,7
700,2840.0,C2,1,0,9
700,2840.0,C3,1,0,4
700,2840.0,C3_E,-1,0,0
700,2845.0,C1,1,0,6
700,2845.0,C2,1,0,5
700,2845.0,C3,1,0,11
700,2845.0,C3_E,-1,0,5
700,2850.0,C1,1,0,6
700,2850.0,C2,1,0,10
700,2850.0,C3,1,0,12
700,2850.0,C3_E,-1,0,8
700,2855.0,C1,0,1,6
700,2855.0,C2,0,0,10
700,2855.0,C3,0,0,12
700,2855.0,C3_E,-1,0,8
700,2860.0,C1,0,2,9
700,2860.0,C2,0,0,10
700,2860.0,C3,0,0,12
700,2860.0,C3_E,-1,0,3
700,2865.0,C1,0,4,11
700,2865.0,C2,0,0,10
700,2865.0,C3,0,0,12
700,2865.0,C3_E,-1,0,0
700,2870.0,C1,1,0,6
700,2870.0,C2,1,0,5
700,2870.0,C3,1,0,9
700,2870.0,C3_E,-1,0,0
700,2875.0,C1,1,0,4
700,2875.0,C2,1,0,8
700,2875.0,C3,1,0,12
700,2875.0,C3_E,-1,0,7
700,2880.0,C1,1,0,5
700,2880.0,C2,1,0,9
700,2880.0,C3,1,0,10
700,2880.0,C3_E,-1,0,12
700,2885.0,C1,0,2,6
700,2885.0,C2,0,0,9
700,2885.0,C3,0,0,10
700,2885.0,C3_E,-1,0,12
700,2890.0,C1,0,2,6
700,2890.0,C2,0,0,9
700,2890.0,C3,0,0,10
700,2890.0,C3_E,-1,0,5
700,2895.0,C1,0,3,7
700,2895.0,C2,0,0,9
700,2895.0,C3,0,0,10
700,2895.0,C3_E,-1,0,0
700,2900.0,C1,1,0,4
700,2900.0,C2,1,0,8
700,2900.0,C3,1,0,7
700,2900.0,C3_E,-1,0,0
700,2905.0,C1,1,0,3
700,2905.0,C2,1,0,5
700,2905.0,C3,1,0,8
700,2905.0,C3_E,-1,0,7
700,2910.0,C1,1,0,4
700,2910.0,C2,1,0,6
700,2910.0,C3,1,0,9
700,2910.0,C3_E,-1,0,10
700,2915.0,C1,0,0,6
700,2915.0,C2,0,0,7
700,2915.0,C3,0,0,9
700,2915.0,C3_E,-1,0,10
700,2920.0,C1,0,1,7
700,2920.0,C2,0,0,7
700,2920.0,C3,0,0,9
700,2920.0,C3_E,-1,0,2
700,2925.0,C1,0,2,9
700,2925.0,C2,0,0,7
700,2925.0,C3,0,0,9
700,2925.0,C3_E,-1,0,0
700,2930.0,C1,1,0,7
700,2930.0,C2,1,0,6
700,2930.0,C3,1,0,6
700,2930.0,C3_E,-1,0,0
700,2935.0,C1,1,0,6
700,2935.0,C2,1,0,7
700,2935.0,C3,1,0,3
700,2935.0,C3_E,-1,0,8
700,2940.0,C1,1,0,6
700,2940.0,C2,1,0,9
700,2940.0,C3,1,0,6
700,2940.0,C3_E,-1,0,9
700,2945.0,C1,0,2,8
700,2945.0,C2,0,0,9
700,2945.0,C3,0,0,7
700,2945.0,C3_E,-1,0,8
700,2950.0,C1,0,2,11
700,2950.0,C2,0,0,9
700,2950.0,C3,0,0,7
700,2950.0,C3_E,-1,0,2
700,2955.0,C1,0,3,12
700,2955.0,C2,0,0,9
700,2955.0,C3,0,0,7
700,2955.0,C3_E,-1,0,0
700,2960.0,C1,1,2,9
700,2960.0,C2,1,0,7
700,2960.0,C3,1,0,5
700,2960.0,C3_E,-1,0,0
700,2965.0,C1,1,0,7
700,2965.0,C2,1,0,10
700,2965.0,C3,1,0,6
700,2965.0,C3_E,-1,0,6
700,2970.0,C1,1,0,6
700,2970.0,C2,1,0,12
700,2970.0,C3,1,0,10
700,2970.0,C3_E,-1,0,6
700,2975.0,C1,0,0,9
700,2975.0,C2,0,0,12
700,2975.0,C3,0,0,10
700,2975.0,C3_E,-1,0,6
700,2980.0,C1,0,2,9
700,2980.0,C2,0,0,12
700,2980.0,C3,0,0,10
700,2980.0,C3_E,-1,0,1
700,2985.0,C1,0,5,12
700,2985.0,C2,0,0,12
700,2985.0,C3,0,1,10
700,2985.0,C3_E,-1,0,0
700,2990.0,C1,1,0,7
700,2990.0,C2,1,0,9
700,2990.0,C3,1,0,6
700,2990.0,C3_E,-1,0,0
700,2995.0,C1,1,0,4
700,2995.0,C2,1,0,7
700,2995.0,C3,1,0,11
700,2995.0,C3_E,-1,0,7
700,3000.0,C1,1,0,1
700,3000.0,C2,1,0,12
700,3000.0,C3,1,0,12
700,3000.0,C3_E,-1,0,10
700,3005.0,C1,0,0,2
700,3005.0,C2,0,0,12
700,3005.0,C3,0,0,12
700,3005.0,C3_E,-1,0,10
700,3010.0,C1,0,1,3
700,3010.0,C2,0,0,12
700,3010.0,C3,0,0,12
700,3010.0,C3_E,-1,0,4
700,3015.0,C1,0,1,5
700,3015.0,C2,0,0,12
700,3015.0,C3,0,0,12
700,3015.0,C3_E,-1,0,1
700,3020.0,C1,1,0,4
700,3020.0,C2,1,0,8
700,3020.0,C3,1,0,8
700,3020.0,C3_E,-1,0,0
700,3025.0,C1,1,0,3
700,3025.0,C2,1,0,4
700,3025.0,C3,1,0,11
700,3025.0,C3_E,-1,0,9
700,3030.0,C1,1,0,4
700,3030.0,C2,1,0,4
700,3030.0,C3,1,0,12
700,3030.0,C3_E,-1,0,11
700,3035.0,C1,0,0,5
700,3035.0,C2,0,0,4
700,3035.0,C3,0,0,12
700,3035.0,C3_E,-1,0,12
700,3040.0,C1,0,2,6
700,3040.0,C2,0,0,4
700,3040.0,C3,0,0,12
700,3040.0,C3_E,-1,0,3
700,3045.0,C1,0,3,6
700,3045.0,C2,0,0,4
700,3045.0,C3,0,0,12
700,3045.0,C3_E,-1,0,2
700,3050.0,C1,1,0,2
700,3050.0,C2,1,0,2
700,3050.0,C3,1,0,8
700,3050.0,C3_E,-1,0,0
700,3055.0,C1,1,0,3
700,3055.0,C2,1,0,4
700,3055.0,C3,1,0,6
700,3055.0,C3_E,-1,0,6
700,3060.0,C1,1,0,7
700,3060.0,C2,1,0,6
700,3060.0,C3,1,0,5
700,3060.0,C3_E,-1,0,11
700,3065.0,C1,0,0,8
700,3065.0,C2,0,0,6
700,3065.0,C3,0,1,5
700,3065.0,C3_E,-1,0,9
700,3070.0,C1,0,2,10
700,3070.0,C2,0,0,6
700,3070.0,C3,0,1,5
700,3070.0,C3_E,-1,0,4
700,3075.0,C1,0,4,11
700,3075.0,C2,0,0,6
700,3075.0,C3,0,2,5
700,3075.0,C3_E,-1,0,0
700,3080.0,C1,1,0,8
700,3080.0,C2,1,0,2
700,3080.0,C3,1,0,2
700,3080.0,C3_E,-1,0,0
700,3085.0,C1,1,0,5
700,3085.0,C2,1,0,9
700,3085.0,C3,1,0,5
700,3085.0,C3_E,-1,0,4
700,3090.0,C1,1,0,6
700,3090.0,C2,1,0,9
700,3090.0,C3,1,0,5
700,3090.0,C3_E,-1,0,5
700,3095.0,C1,0,0,7
700,3095.0,C2,0,0,11
700,3095.0,C3,0,0,6
700,3095.0,C3_E,-1,0,4
700,3100.0,C1,0,3,8
700,3100.0,C2,0,0,11
700,3100.0,C3,0,0,6
700,3100.0,C3_E,-1,0,1
700,3105.0,C1,0,3,10
700,3105.0,C2,0,0,11
700,3105.0,C3,0,0,6
700,3105.0,C3_E,-1,0,0
700,3110.0,C1,1,0,6
700,3110.0,C2,1,0,7
700,3110.0,C3,1,0,3
700,3110.0,C3_E,-1,0,0
700,3115.0,C1,1,0,3
700,3115.0,C2,1,0,10
700,3115.0,C3,1,0,8
700,3115.0,C3_E,-1,0,5
700,3120.0,C1,1,0,3
700,3120.0,C2,1,0,9
700,3120.0,C3,1,0,10
700,3120.0,C3_E,-1,0,5
700,3125.0,C1,0,0,5
700,3125.0,C2,0,0,10
700,3125.0,C3,0,0,11
700,3125.0,C3_E,-1,0,5
700,3130.0,C1,0,1,7
700,3130.0,C2,0,0,10
700,3130.0,C3,0,1,11
700,3130.0,C3_E,-1,0,0
700,3135.0,C1,0,2,7
700,3135.0,C2,0,1,10
700,3135.0,C3,0,1,11
700,3135.0,C3_E,-1,0,0
700,3140.0,C1,1,0,7
700,3140.0,C2,1,0,5
700,3140.0,C3,1,0,7
700,3140.0,C3_E,-1,0,0
700,3145.0,C1,1,0,3
700,3145.0,C2,1,0,8
700,3145.0,C3,1,0,8
700,3145.0,C3_E,-1,0,7
700,3150.0,C1,1,0,3
700,3150.0,C2,1,0,7
700,3150.0,C3,1,0,11
700,3150.0,C3_E,-1,0,10
700,3155.0,C1,0,1,6
700,3155.0,C2,0,0,7
700,3155.0,C3,0,1,11
700,3155.0,C3_E,-1,0,10
700,3160.0,C1,0,3,9
700,3160.0,C2,0,0,7
700,3160.0,C3,0,1,11
700,3160.0,C3_E,-1,0,6
700,3165.0,C1,0,4,11
700,3165.0,C2,0,0,7
700,3165.0,C3,0,1,11
700,3165.0,C3_E,-1,0,0
700,3170.0,C1,1,0,8
700,3170.0,C2,1,0,4
700,3170.0,C3,1,0,6
700,3170.0,C3_E,-1,0,0
700,3175.0,C1,1,0,4
700,3175.0,C2,1,0,8
700,3175.0,C3,1,0,9
700,3175.0,C3_E,-1,0,8
700,3180.0,C1,1,0,1
700,3180.0,C2,1,0,11
700,3180.0,C3,1,0,7
700,3180.0,C3_E,-1,0,8
700,3185.0,C1,0,0,3
700,3185.0,C2,0,0,11
700,3185.0,C3,0,0,7
700,3185.0,C3_E,-1,0,11
700,3190.0,C1,0,0,5
700,3190.0,C2,0,0,11
700,3190.0,C3,0,0,7
700,3190.0,C3_E,-1,0,5
700,3195.0,C1,0,1,6
700,3195.0,C2,0,0,11
700,3195.0,C3,0,0,7
700,3195.0,C3_E,-1,0,3
700,3200.0,C1,1,0,4
700,3200.0,C2,1,0,7
700,3200.0,C3,1,0,3
700,3200.0,C3_E,-1,0,3
700,3205.0,C1,1,0,2
700,3205.0,C2,1,0,5
700,3205.0,C3,1,0,8
700,3205.0,C3_E,-1,0,5
700,3210.0,C1,1,0,2
700,3210.0,C2,1,0,6
700,3210.0,C3,1,0,11
700,3210.0,C3_E,-1,0,7
700,3215.0,C1,0,1,4
700,3215.0,C2,0,0,6
700,3215.0,C3,0,0,11
700,3215.0,C3_E,-1,0,5
700,3220.0,C1,0,1,6
700,3220.0,C2,0,0,6
700,3220.0,C3,0,0,11
700,3220.0,C3_E,-1,0,2
700,3225.0,C1,0,2,6
700,3225.0,C2,0,0,6
700,3225.0,C3,0,0,11
700,3225.0,C3_E,-1,0,1
700,3230.0,C1,1,0,4
700,3230.0,C2,1,0,3
700,3230.0,C3,1,0,7
700,3230.0,C3_E,-1,0,0
700,3235.0,C1,1,0,3
700,3235.0,C2,1,0,5
700,3235.0,C3,1,0,6
700,3235.0,C3_E,-1,0,8
700,3240.0,C1,1,0,8
700,3240.0,C2,1,0,6
700,3240.0,C3,1,0,6
700,3240.0,C3_E,-1,0,11
700,3245.0,C1,0,0,11
700,3245.0,C2,0,0,6
700,3245.0,C3,0,0,6
700,3245.0,C3_E,-1,0,11
700,3250.0,C1,0,1,12
700,3250.0,C2,0,0,6
700,3250.0,C3,0,0,6
700,3250.0,C3_E,-1,0,3
700,3255.0,C1,0,6,12
700,3255.0,C2,0,0,6
700,3255.0,C3,0,0,6
700,3255.0,C3_E,-1,0,0
700,3260.0,C1,1,1,9
700,3260.0,C2,1,0,2
700,3260.0,C3,1,0,3
700,3260.0,C3_E,-1,0,0
700,3265.0,C1,1,0,4
700,3265.0,C2,1,0,8
700,3265.0,C3,1,0,5
700,3265.0,C3_E,-1,0,6
700,3270.0,C1,1,0,5
700,3270.0,C2,1,0,12
700,3270.0,C3,1,0,6
700,3270.0,C3_E,-1,0,6
700,3275.0,C1,0,0,7
700,3275.0,C2,0,0,12
700,3275.0,C3,0,0,6
700,3275.0,C3_E,-1,0,6
700,3280.0,C1,0,1,7
700,3280.0,C2,0,0,12
700,3280.0,C3,0,0,6
700,3280.0,C3_E,-1,0,0
700,3285.0,C1,0,4,8
700,3285.0,C2,0,0,12
700,3285.0,C3,0,0,6
700,3285.0,C3_E,-1,0,0
700,3290.0,C1,1,0,5
700,3290.0,C2,1,0,7
700,3290.0,C3,1,0,3
700,3290.0,C3_E,-1,0,0
700,3295.0,C1,1,0,4
700,3295.0,C2,1,0,5
700,3295.0,C3,1,0,9
700,3295.0,C3_E,-1,0,5
700,3300.0,C1,1,0,6
700,3300.0,C2,1,0,8
700,3300.0,C3,1,0,12
700,3300.0,C3_E,-1,0,6
700,3305.0,C1,0,0,9
700,3305.0,C2,0,0,8
700,3305.0,C3,0,0,12
700,3305.0,C3_E,-1,0,5
700,3310.0,C1,0,2,10
700,3310.0,C2,0,0,8
700,3310.0,C3,0,0,12
700,3310.0,C3_E,-1,0,1
700,3315.0,C1,0,5,11
700,3315.0,C2,0,0,8
700,3315.0,C3,0,0,12
700,3315.0,C3_E,-1,0,0
700,3320.0,C1,1,0,11
700,3320.0,C2,1,0,5
700,3320.0,C3,1,0,7
700,3320.0,C3_E,-1,0,0
700,3325.0,C1,1,0,4
700,3325.0,C2,1,0,6
700,3325.0,C3,1,0,8
700,3325.0,C3_E,-1,0,9
700,3330.0,C1,1,0,3
700,3330.0,C2,1,0,10
700,3330.0,C3,1,0,8
700,3330.0,C3_E,-1,0,12
700,3335.0,C1,0,1,4
700,3335.0,C2,0,0,11
700,3335.0,C3,0,0,8
700,3335.0,C3_E,-1,0,11
700,3340.0,C1,0,4,5
700,3340.0,C2,0,0,11
700,3340.0,C3,0,0,8
700,3340.0,C3_E,-1,0,3
700,3345.0,C1,0,3,6
700,3345.0,C2,0,0,11
700,3345.0,C3,0,0,8
700,3345.0,C3_E,-1,0,1
700,3350.0,C1,1,0,5
700,3350.0,C2,1,0,6
700,3350.0,C3,1,0,5
700,3350.0,C3_E,-1,0,0
700,3355.0,C1,1,0,5
700,3355.0,C2,1,0,6
700,3355.0,C3,1,0,8
700,3355.0,C3_E,-1,0,7
700,3360.0,C1,1,0,6
700,3360.0,C2,1,0,7
700,3360.0,C3,1,0,10
700,3360.0,C3_E,-1,0,8
700,3365.0,C1,0,0,7
700,3365.0,C2,0,1,7
700,3365.0,C3,0,0,10
700,3365.0,C3_E,-1,0,8
700,3370.0,C1,0,3,7
700,3370.0,C2,0,1,7
700,3370.0,C3,0,0,10
700,3370.0,C3_E,-1,0,1
700,3375.0,C1,0,6,9
700,3375.0,C2,0,1,7
700,3375.0,C3,0,0,10
700,3375.0,C3_E,-1,0,0
700,3380.0,C1,1,2,8
700,3380.0,C2,1,0,3
700,3380.0,C3,1,0,5
700,3380.0,C3_E,-1,0,0
700,3385.0,C1,1,0,4
700,3385.0,C2,1,0,5
700,3385.0,C3,1,0,6
700,3385.0,C3_E,-1,0,9
700,3390.0,C1,1,0,6
700,3390.0,C2,1,0,7
700,3390.0,C3,1,0,8
700,3390.0,C3_E,-1,0,9
700,3395.0,C1,0,1,7
700,3395.0,C2,0,0,7
700,3395.0,C3,0,0,7
700,3395.0,C3_E,-1,0,9
700,3400.0,C1,0,4,7
700,3400.0,C2,0,0,7
700,3400.0,C3,0,0,7
700,3400.0,C3_E,-1,0,2
700,3405.0,C1,0,6,8
700,3405.0,C2,0,0,7
700,3405.0,C3,0,0,7
700,3405.0,C3_E,-1,0,1
700,3410.0,C1,1,0,5
700,3410.0,C2,1,0,4
700,3410.0,C3,1,0,4
700,3410.0,C3_E,-1,0,0
700,3415.0,C1,1,0,3
700,3415.0,C2,1,0,6
700,3415.0,C3,1,0,7
700,3415.0,C3_E,-1,0,6
700,3420.0,C1,1,0,3
700,3420.0,C2,1,0,7
700,3420.0,C3,1,0,7
700,3420.0,C3_E,-1,0,7
700,3425.0,C1,0,1,4
700,3425.0,C2,0,0,7
700,3425.0,C3,0,0,7
700,3425.0,C3_E,-1,0,6
700,3430.0,C1,0,3,6
700,3430.0,C2,0,0,7
700,3430.0,C3,0,0,7
700,3430.0,C3_E,-1,0,2
700,3435.0,C1,0,3,10
700,3435.0,C2,0,0,7
700,3435.0,C3,0,0,7
700,3435.0,C3_E,-1,0,0
700,3440.0,C1,1,0,7
700,3440.0,C2,1,0,5
700,3440.0,C3,1,0,4
700,3440.0,C3_E,-1,0,0
700,3445.0,C1,1,0,8
700,3445.0,C2,1,0,6
700,3445.0,C3,1,0,6
700,3445.0,C3_E,-1,0,7
700,3450.0,C1,1,0,6
700,3450.0,C2,1,0,7
700,3450.0,C3,1,0,7
700,3450.0,C3_E,-1,0,7
700,3455.0,C1,0,1,6
700,3455.0,C2,0,0,10
700,3455.0,C3,0,0,7
700,3455.0,C3_E,-1,0,6
700,3460.0,C1,0,2,6
700,3460.0,C2,0,0,10
700,3460.0,C3,0,0,7
700,3460.0,C3_E,-1,0,0
700,3465.0,C1,0,5,8
700,3465.0,C2,0,0,10
700,3465.0,C3,0,0,7
700,3465.0,C3_E,-1,0,0
700,3470.0,C1,1,0,3
700,3470.0,C2,1,0,5
700,3470.0,C3,1,0,5
700,3470.0,C3_E,-1,0,0
700,3475.0,C1,1,0,5
700,3475.0,C2,1,0,8
700,3475.0,C3,1,0,9
700,3475.0,C3_E,-1,0,4
700,3480.0,C1,1,0,4
700,3480.0,C2,1,0,7
700,3480.0,C3,1,0,10
700,3480.0,C3_E,-1,0,6
700,3485.0,C1,0,0,5
700,3485.0,C2,0,0,8
700,3485.0,C3,0,0,10
700,3485.0,C3_E,-1,0,7
700,3490.0,C1,0,1,9
700,3490.0,C2,0,0,8
700,3490.0,C3,0,0,10
700,3490.0,C3_E,-1,0,3
700,3495.0,C1,0,3,15
700,3495.0,C2,0,0,8
700,3495.0,C3,0,0,10
700,3495.0,C3_E,-1,0,1
700,3500.0,C1,1,0,15
700,3500.0,C2,1,0,3
700,3500.0,C3,1,0,5
700,3500.0,C3_E,-1,0,0
700,3505.0,C1,1,0,12
700,3505.0,C2,1,0,6
700,3505.0,C3,1,0,6
700,3505.0,C3_E,-1,0,9
700,3510.0,C1,1,0,10
700,3510.0,C2,1,0,12
700,3510.0,C3,1,0,8
700,3510.0,C3_E,-1,0,10
700,3515.0,C1,0,1,12
700,3515.0,C2,0,0,14
700,3515.0,C3,0,0,8
700,3515.0,C3_E,-1,0,10
700,3520.0,C1,0,6,12
700,3520.0,C2,0,0,14
700,3520.0,C3,0,0,8
700,3520.0,C3_E,-1,0,1
700,3525.0,C1,0,9,14
700,3525.0,C2,0,0,14
700,3525.0,C3,0,1,8
700,3525.0,C3_E,-1,0,0
700,3530.0,C1,1,3,11
700,3530.0,C2,1,0,10
700,3530.0,C3,1,0,4
700,3530.0,C3_E,-1,0,0
700,3535.0,C1,1,0,5
700,3535.0,C2,1,0,12
700,3535.0,C3,1,0,10
700,3535.0,C3_E,-1,0,7
700,3540.0,C1,1,0,6
700,3540.0,C2,1,0,13
700,3540.0,C3,1,0,14
700,3540.0,C3_E,-1,0,8
700,3545.0,C1,0,1,9
700,3545.0,C2,0,0,14
700,3545.0,C3,0,0,14
700,3545.0,C3_E,-1,0,6
700,3550.0,C1,0,1,11
700,3550.0,C2,0,0,14
700,3550.0,C3,0,0,14
700,3550.0,C3_E,-1,0,2
700,3555.0,C1,0,4,13
700,3555.0,C2,0,0,14
700,3555.0,C3,0,0,14
700,3555.0,C3_E,-1,0,1
700,3560.0,C1,1,1,11
700,3560.0,C2,1,0,10
700,3560.0,C3,1,0,10
700,3560.0,C3_E,-1,0,0
700,3565.0,C1,1,0,7
700,3565.0,C2,1,0,10
700,3565.0,C3,1,0,10
700,3565.0,C3_E,-1,0,7
700,3570.0,C1,1,0,6
700,3570.0,C2,1,0,12
700,3570.0,C3,1,0,14
700,3570.0,C3_E,-1,0,14
700,3575.0,C1,0,0,6
700,3575.0,C2,0,0,13
700,3575.0,C3,0,0,14
700,3575.0,C3_E,-1,0,14
700,3580.0,C1,0,4,6
700,3580.0,C2,0,0,13
700,3580.0,C3,0,0,14
700,3580.0,C3_E,-1,0,6
700,3585.0,C1,0,6,7
700,3585.0,C2,0,0,13
700,3585.0,C3,0,0,14
700,3585.0,C3_E,-1,0,0
700,3590.0,C1,1,0,6
700,3590.0,C2,1,0,8
700,3590.0,C3,1,0,9
700,3590.0,C3_E,-1,0,0
700,3595.0,C1,1,0,8
700,3595.0,C2,1,0,7
700,3595.0,C3,1,0,12
700,3595.0,C3_E,-1,0,9
